station,fold,horizon_steps,method_base,condition,ramp_group,attempted_n_base,usable_n_base,covered_n_base,mean_width_base,median_width_base,interval_score_base,mae_base,n_base,unavailable_n_base,availability_rate_base,coverage_base,issued_coverage_base,service_coverage_base,coverage_error_base,undercoverage_error_base,overcoverage_error_base,service_coverage_error_base,service_undercoverage_error_base,service_overcoverage_error_base,normalized_width_base,normalized_interval_score_base,rmse_base,metric_denominator_base,service_denominator_base,ramp_prevalence_base,eligible_for_conditional_metrics_base,method_local,attempted_n_local,usable_n_local,covered_n_local,mean_width_local,median_width_local,interval_score_local,mae_local,n_local,unavailable_n_local,availability_rate_local,coverage_local,issued_coverage_local,service_coverage_local,coverage_error_local,undercoverage_error_local,overcoverage_error_local,service_coverage_error_local,service_undercoverage_error_local,service_overcoverage_error_local,normalized_width_local,normalized_interval_score_local,rmse_local,metric_denominator_local,service_denominator_local,ramp_prevalence_local,eligible_for_conditional_metrics_local,undercoverage_improvement,coverage_error_improvement,interval_score_change,width_change
CSGS2,q1_2020,1,robust_condition_cqr,clean,non_ramp,5641,5641,5233,10.791072234437411,7.643857002258301,12.659200358384997,1.9398600376747512,5641,0,1.0,0.9276723985109023,0.9276723985109023,0.9276723985109023,0.027672398510902307,0.0,0.027672398510902307,0.027672398510902307,0.0,0.027672398510902307,0.08300824795721086,0.09737846429526921,3.5249208568268475,usable_predictions,attempted_predictions,0.9685782967032966,True,robust_local_cqr,5641,5641,5282,12.481768599432836,9.455728530883789,13.419752119158234,1.9398600376747512,5641,0,1.0,0.9363588016309166,0.9363588016309166,0.9363588016309166,0.03635880163091654,0.0,0.03635880163091654,0.03635880163091654,0.0,0.03635880163091654,0.09601360461102182,0.10322886245506334,3.5249208568268475,usable_predictions,attempted_predictions,0.9685782967032966,True,0.0,-0.00868640312001423,0.7605517607732377,1.690696364995425
CSGS2,q1_2020,1,robust_condition_cqr,clean,ramp,183,183,75,23.809249976293636,23.203392028808594,108.87601529509644,14.545340506105475,183,0,1.0,0.4098360655737705,0.4098360655737705,0.4098360655737705,0.4901639344262295,0.4901639344262295,0.0,0.4901639344262295,0.4901639344262295,0.0,0.18314807674072028,0.8375078099622802,16.47607681354227,usable_predictions,attempted_predictions,0.031421703296703296,True,robust_local_cqr,183,183,94,28.20612051838734,27.98740577697754,89.01316187160262,14.545340506105475,183,0,1.0,0.5136612021857924,0.5136612021857924,0.5136612021857924,0.38633879781420766,0.38633879781420766,0.0,0.38633879781420766,0.38633879781420766,0.0,0.21697015783374876,0.6847166297815586,16.47607681354227,usable_predictions,attempted_predictions,0.031421703296703296,True,0.10382513661202186,0.10382513661202186,-19.862853423493817,4.396870542093705
CSGS2,q1_2020,1,robust_condition_cqr,combined_outage,non_ramp,5641,5641,5011,17.47040672741858,15.543926239013672,29.51084962120305,4.95141095714041,5641,0,1.0,0.8883176741712462,0.8883176741712462,0.8883176741712462,0.011682325828753837,0.011682325828753837,0.0,0.011682325828753837,0.011682325828753837,0.0,0.134387744057066,0.22700653554771577,8.755722967212648,usable_predictions,attempted_predictions,0.9685782967032966,True,robust_local_cqr,5641,5641,5080,19.5981769177008,16.679790496826172,25.849460174822728,4.95141095714041,5641,0,1.0,0.9005495479524906,0.9005495479524906,0.9005495479524906,0.0005495479524906255,0.0,0.0005495479524906255,0.0005495479524906255,0.0,0.0005495479524906255,0.15075520705923692,0.19884200134479021,8.755722967212648,usable_predictions,attempted_predictions,0.9685782967032966,True,0.011682325828753837,0.011132777876263211,-3.6613894463803227,2.12777019028222
CSGS2,q1_2020,1,robust_condition_cqr,combined_outage,ramp,183,183,100,30.496225816630275,29.57093906402588,101.36134333004716,13.689840993594602,183,0,1.0,0.546448087431694,0.546448087431694,0.546448087431694,0.353551912568306,0.353551912568306,0.0,0.353551912568306,0.353551912568306,0.0,0.2345863524356175,0.7797026410003628,16.308888995140773,usable_predictions,attempted_predictions,0.031421703296703296,True,robust_local_cqr,183,183,113,35.59500841926682,36.25260543823242,85.28820152922732,13.689840993594602,183,0,1.0,0.6174863387978142,0.6174863387978142,0.6174863387978142,0.2825136612021858,0.2825136612021858,0.0,0.2825136612021858,0.2825136612021858,0.0,0.27380775707128324,0.656063088686364,16.308888995140773,usable_predictions,attempted_predictions,0.031421703296703296,True,0.07103825136612019,0.07103825136612019,-16.07314180081984,5.098782602636543
CSGS2,q1_2020,1,robust_condition_cqr,irradiance_outage,non_ramp,5641,5641,5295,12.12980099444249,9.203203201293945,13.570938907506893,2.085194602499055,5641,0,1.0,0.9386633575607162,0.9386633575607162,0.9386633575607162,0.03866335756071615,0.0,0.03866335756071615,0.03866335756071615,0.0,0.03866335756071615,0.09330616149571147,0.10439183775005302,3.736067513473636,usable_predictions,attempted_predictions,0.9685782967032966,True,robust_local_cqr,5641,5641,5386,13.823882343231684,10.991768836975098,14.5231756011879,2.085194602499055,5641,0,1.0,0.9547952490693139,0.9547952490693139,0.9547952490693139,0.05479524906931388,0.0,0.05479524906931388,0.05479524906931388,0.0,0.05479524906931388,0.10633755648639757,0.11171673539375307,3.736067513473636,usable_predictions,attempted_predictions,0.9685782967032966,True,0.0,-0.01613189150859773,0.9522366936810069,1.6940813487891937
CSGS2,q1_2020,1,robust_condition_cqr,irradiance_outage,ramp,183,183,74,25.243783967091087,25.271596908569336,100.10703169517829,14.559465600493176,183,0,1.0,0.40437158469945356,0.40437158469945356,0.40437158469945356,0.49562841530054647,0.49562841530054647,0.0,0.49562841530054647,0.49562841530054647,0.0,0.19418295359300836,0.7700540899629099,16.415826926030466,usable_predictions,attempted_predictions,0.031421703296703296,True,robust_local_cqr,183,183,96,29.26869527498881,29.06702423095703,81.84729089762995,14.559465600493176,183,0,1.0,0.5245901639344263,0.5245901639344263,0.5245901639344263,0.37540983606557377,0.37540983606557377,0.0,0.37540983606557377,0.37540983606557377,0.0,0.22514380980760623,0.6295945453663842,16.415826926030466,usable_predictions,attempted_predictions,0.031421703296703296,True,0.1202185792349727,0.1202185792349727,-18.259740797548346,4.0249113078977246
CSGS2,q1_2020,1,robust_condition_cqr,recent_power_outage,non_ramp,5641,5641,4858,16.107795468381145,13.521429061889648,26.767565373547257,4.470741960824466,5641,0,1.0,0.8611948236128346,0.8611948236128346,0.8611948236128346,0.03880517638716541,0.03880517638716541,0.0,0.03880517638716541,0.03880517638716541,0.0,0.12390611898754726,0.20590434902728658,8.11835773636027,usable_predictions,attempted_predictions,0.9685782967032966,True,robust_local_cqr,5641,5641,4949,18.038890614075175,15.557863235473633,24.606501930506465,4.470741960824466,5641,0,1.0,0.8773267151214323,0.8773267151214323,0.8773267151214323,0.02267328487856768,0.02267328487856768,0.0,0.02267328487856768,0.02267328487856768,0.0,0.1387606970313475,0.18928078408081897,8.11835773636027,usable_predictions,attempted_predictions,0.9685782967032966,True,0.01613189150859773,0.01613189150859773,-2.161063443040792,1.9310951456940302
CSGS2,q1_2020,1,robust_condition_cqr,recent_power_outage,ramp,183,183,105,30.496283136430336,28.822847366333008,91.802899640766,13.629796439181261,183,0,1.0,0.5737704918032787,0.5737704918032787,0.5737704918032787,0.32622950819672136,0.32622950819672136,0.0,0.32622950819672136,0.32622950819672136,0.0,0.23458679335715643,0.7061761510828154,16.439891987070922,usable_predictions,attempted_predictions,0.031421703296703296,True,robust_local_cqr,183,183,119,34.071426798085696,33.26935577392578,78.77328995407605,13.629796439181261,183,0,1.0,0.6502732240437158,0.6502732240437158,0.6502732240437158,0.24972677595628423,0.24972677595628423,0.0,0.24972677595628423,0.24972677595628423,0.0,0.2620878984468131,0.6059483842621235,16.439891987070922,usable_predictions,attempted_predictions,0.031421703296703296,True,0.07650273224043713,0.07650273224043713,-13.029609686689952,3.5751436616553605
CSGS2,q1_2020,1,robust_condition_cqr,weather_outage,non_ramp,5641,5641,5284,10.637692499173447,7.434832572937012,12.66853366760239,1.9696704858603302,5641,0,1.0,0.9367133486970395,0.9367133486970395,0.9367133486970395,0.03671334869703946,0.0,0.03671334869703946,0.03671334869703946,0.0,0.03671334869703946,0.08182840383979574,0.09745025898155685,3.558276109340657,usable_predictions,attempted_predictions,0.9685782967032966,True,robust_local_cqr,5641,5641,5342,12.393791680925249,9.188243985176086,13.319564421022926,1.9696704858603302,5641,0,1.0,0.9469952136146074,0.9469952136146074,0.9469952136146074,0.046995213614607345,0.0,0.046995213614607345,0.046995213614607345,0.0,0.046995213614607345,0.09533685908404038,0.10245818785402251,3.558276109340657,usable_predictions,attempted_predictions,0.9685782967032966,True,0.0,-0.010281864917567884,0.6510307534205371,1.756099181751802
CSGS2,q1_2020,1,robust_condition_cqr,weather_outage,ramp,183,183,70,23.229971514699237,22.995357513427734,114.36087389103051,14.749676891363384,183,0,1.0,0.3825136612021858,0.3825136612021858,0.3825136612021858,0.5174863387978142,0.5174863387978142,0.0,0.5174863387978142,0.5174863387978142,0.0,0.17869208857460953,0.8796990299310039,16.598929422314416,usable_predictions,attempted_predictions,0.031421703296703296,True,robust_local_cqr,183,183,86,27.620324652051664,27.333171844482422,92.83247699503039,14.749676891363384,183,0,1.0,0.46994535519125685,0.46994535519125685,0.46994535519125685,0.43005464480874317,0.43005464480874317,0.0,0.43005464480874317,0.43005464480874317,0.0,0.2124640357850128,0.7140959768848492,16.598929422314416,usable_predictions,attempted_predictions,0.031421703296703296,True,0.08743169398907108,0.08743169398907108,-21.528396896000118,4.390353137352427
CSGS2,q1_2020,4,robust_condition_cqr,clean,non_ramp,5351,5351,4802,19.23245889633905,14.770758628845215,31.787015024638748,5.25950573018072,5351,0,1.0,0.897402354700056,0.897402354700056,0.897402354700056,0.002597645299943996,0.002597645299943996,0.0,0.002597645299943996,0.002597645299943996,0.0,0.14794199151030038,0.24451550018952883,9.512717653623644,usable_predictions,attempted_predictions,0.9187843406593407,True,robust_local_cqr,5351,5351,4895,21.888009225716704,19.050841331481934,29.467219202973578,5.25950573018072,5351,0,1.0,0.9147822836852925,0.9147822836852925,0.9147822836852925,0.014782283685292441,0.0,0.014782283685292441,0.014782283685292441,0.0,0.014782283685292441,0.16836930173628234,0.2266709169459506,9.512717653623644,usable_predictions,attempted_predictions,0.9187843406593407,True,0.002597645299943996,-0.012184638385348445,-2.3197958216651706,2.655550329377654
CSGS2,q1_2020,4,robust_condition_cqr,clean,ramp,473,473,312,29.33444665526739,27.205102920532227,72.85616128918484,11.816003727547463,473,0,1.0,0.6596194503171248,0.6596194503171248,0.6596194503171248,0.24038054968287526,0.24038054968287526,0.0,0.24038054968287526,0.24038054968287526,0.0,0.22564958965590298,0.5604320099168064,15.424915637740009,usable_predictions,attempted_predictions,0.08121565934065934,True,robust_local_cqr,473,473,378,36.01280594368251,34.0670223236084,60.296428918255685,11.816003727547463,473,0,1.0,0.7991543340380549,0.7991543340380549,0.7991543340380549,0.10084566596194511,0.10084566596194511,0.0,0.10084566596194511,0.10084566596194511,0.0,0.27702158418217315,0.4638186839865822,15.424915637740009,usable_predictions,attempted_predictions,0.08121565934065934,True,0.13953488372093015,0.13953488372093015,-12.559732370929154,6.67835928841512
CSGS2,q1_2020,4,robust_condition_cqr,combined_outage,non_ramp,5351,5351,4757,22.932541970630986,22.365402221679688,37.11363055093379,6.650490200017804,5351,0,1.0,0.8889927116426836,0.8889927116426836,0.8889927116426836,0.011007288357316458,0.011007288357316458,0.0,0.011007288357316458,0.011007288357316458,0.0,0.17640416900485373,0.28548946577641376,10.995114491358077,usable_predictions,attempted_predictions,0.9187843406593407,True,robust_local_cqr,5351,5351,4832,24.077724071131996,23.920398712158203,33.268976204061914,6.650490200017804,5351,0,1.0,0.903008783404971,0.903008783404971,0.903008783404971,0.003008783404971016,0.0,0.003008783404971016,0.003008783404971016,0.0,0.003008783404971016,0.18521326208563074,0.25591520156970704,10.995114491358077,usable_predictions,attempted_predictions,0.9187843406593407,True,0.011007288357316458,0.007998504952345442,-3.8446543468718772,1.1451821005010103
CSGS2,q1_2020,4,robust_condition_cqr,combined_outage,ramp,473,473,382,35.98699527996224,35.6816520690918,64.48765475583316,12.311973865831126,473,0,1.0,0.8076109936575053,0.8076109936575053,0.8076109936575053,0.0923890063424947,0.0923890063424947,0.0,0.0923890063424947,0.0923890063424947,0.0,0.2768230406150941,0.4960588827371782,15.593343494435528,usable_predictions,attempted_predictions,0.08121565934065934,True,robust_local_cqr,473,473,400,40.11551216115533,39.9584858417511,58.976041779489144,12.311973865831126,473,0,1.0,0.8456659619450317,0.8456659619450317,0.8456659619450317,0.05433403805496828,0.05433403805496828,0.0,0.05433403805496828,0.05433403805496828,0.0,0.3085808627781179,0.4536618598422242,15.593343494435528,usable_predictions,attempted_predictions,0.08121565934065934,True,0.038054968287526414,0.038054968287526414,-5.5116129763440185,4.128516881193093
CSGS2,q1_2020,4,robust_condition_cqr,irradiance_outage,non_ramp,5351,5351,4815,20.50076420904647,15.799769043922424,32.4536410585137,5.658267592021545,5351,0,1.0,0.8998318071388526,0.8998318071388526,0.8998318071388526,0.00016819286114744258,0.00016819286114744258,0.0,0.00016819286114744258,0.00016819286114744258,0.0,0.15769818622343437,0.2496433927577977,10.035455432347003,usable_predictions,attempted_predictions,0.9187843406593407,True,robust_local_cqr,5351,5351,4943,23.30257350941739,19.879302263259888,30.243947595678314,5.658267592021545,5351,0,1.0,0.9237525696131564,0.9237525696131564,0.9237525696131564,0.023752569613156416,0.0,0.023752569613156416,0.023752569613156416,0.0,0.023752569613156416,0.17925056545705684,0.23264575073598703,10.035455432347003,usable_predictions,attempted_predictions,0.9187843406593407,True,0.00016819286114744258,-0.023584376752008973,-2.2096934628353893,2.8018093003709197
CSGS2,q1_2020,4,robust_condition_cqr,irradiance_outage,ramp,473,473,343,31.57474043840901,30.77523422241211,70.09501130669427,12.099650575734092,473,0,1.0,0.7251585623678647,0.7251585623678647,0.7251585623678647,0.17484143763213533,0.17484143763213533,0.0,0.17484143763213533,0.17484143763213533,0.0,0.24288261875699238,0.5391923946668791,15.889187505964914,usable_predictions,attempted_predictions,0.08121565934065934,True,robust_local_cqr,473,473,392,38.36021337230802,37.51317882537842,59.00348453727269,12.099650575734092,473,0,1.0,0.828752642706131,0.828752642706131,0.828752642706131,0.071247357293869,0.071247357293869,0.0,0.071247357293869,0.071247357293869,0.0,0.29507856440236935,0.4538729579790207,15.889187505964914,usable_predictions,attempted_predictions,0.08121565934065934,True,0.10359408033826634,0.10359408033826634,-11.091526769421584,6.785472933899008
CSGS2,q1_2020,4,robust_condition_cqr,recent_power_outage,non_ramp,5351,5351,4721,21.015425167318,16.411415100097656,35.6474715231155,6.364082760233683,5351,0,1.0,0.8822649971967856,0.8822649971967856,0.8822649971967856,0.017735002803214384,0.017735002803214384,0.0,0.017735002803214384,0.017735002803214384,0.0,0.16165711667167693,0.27421131940858073,11.015437623558118,usable_predictions,attempted_predictions,0.9187843406593407,True,robust_local_cqr,5351,5351,4868,24.12959933398322,19.54729461669922,31.407793609605736,6.364082760233683,5351,0,1.0,0.909736497850869,0.909736497850869,0.909736497850869,0.009736497850868941,0.0,0.009736497850868941,0.009736497850868941,0.0,0.009736497850868941,0.1856123025691017,0.24159841238158258,11.015437623558118,usable_predictions,attempted_predictions,0.9187843406593407,True,0.017735002803214384,0.007998504952345442,-4.239677913509762,3.1141741666652187
CSGS2,q1_2020,4,robust_condition_cqr,recent_power_outage,ramp,473,473,348,33.05719564836984,33.919859886169434,68.19291521281981,12.444039014315756,473,0,1.0,0.7357293868921776,0.7357293868921776,0.7357293868921776,0.16427061310782243,0.16427061310782243,0.0,0.16427061310782243,0.16427061310782243,0.0,0.2542861203720757,0.5245608862524601,15.768237522618374,usable_predictions,attempted_predictions,0.08121565934065934,True,robust_local_cqr,473,473,392,39.67941872073617,40.851881980895996,56.62346583000536,12.444039014315756,473,0,1.0,0.828752642706131,0.828752642706131,0.828752642706131,0.071247357293869,0.071247357293869,0.0,0.071247357293869,0.071247357293869,0.0,0.3052262978518167,0.435565121769272,15.768237522618374,usable_predictions,attempted_predictions,0.08121565934065934,True,0.09302325581395343,0.09302325581395343,-11.569449382814454,6.622223072366332
CSGS2,q1_2020,4,robust_condition_cqr,weather_outage,non_ramp,5351,5351,4868,20.235881158561657,17.74527883529663,31.3970642269223,5.2147288206860125,5351,0,1.0,0.909736497850869,0.909736497850869,0.909736497850869,0.009736497850868941,0.0,0.009736497850868941,0.009736497850868941,0.0,0.009736497850868941,0.15566062429662814,0.24151587866863308,9.247979734342298,usable_predictions,attempted_predictions,0.9187843406593407,True,robust_local_cqr,5351,5351,4944,21.663658938683408,20.66849136352539,28.356678669576393,5.2147288206860125,5351,0,1.0,0.9239394505699869,0.9239394505699869,0.9239394505699869,0.02393945056998692,0.0,0.02393945056998692,0.02393945056998692,0.0,0.02393945056998692,0.16664353029756468,0.21812829745827994,9.247979734342298,usable_predictions,attempted_predictions,0.9187843406593407,True,0.0,-0.014202952719117978,-3.040385557345907,1.427777780121751
CSGS2,q1_2020,4,robust_condition_cqr,weather_outage,ramp,473,473,292,30.696318520362986,28.425527811050415,84.95589064524744,13.226056821439533,473,0,1.0,0.6173361522198731,0.6173361522198731,0.6173361522198731,0.2826638477801269,0.2826638477801269,0.0,0.2826638477801269,0.2826638477801269,0.0,0.2361255270797153,0.653506851117288,16.709557336122987,usable_predictions,attempted_predictions,0.08121565934065934,True,robust_local_cqr,473,473,357,36.70581295575167,35.69486427307129,70.30000080416337,13.226056821439533,473,0,1.0,0.7547568710359408,0.7547568710359408,0.7547568710359408,0.14524312896405922,0.14524312896405922,0.0,0.14524312896405922,0.14524312896405922,0.0,0.2823524073519359,0.5407692369551029,16.709557336122987,usable_predictions,attempted_predictions,0.08121565934065934,True,0.13742071881606766,0.13742071881606766,-14.655889841084061,6.009494435388682
CSGS2,q2_2020,1,robust_condition_cqr,clean,non_ramp,5487,5487,4934,12.370265016844861,11.456674575805664,15.171902967472983,2.4125809561110203,5487,0,1.0,0.8992163295061053,0.8992163295061053,0.8992163295061053,0.000783670493894717,0.000783670493894717,0.0,0.000783670493894717,0.000783670493894717,0.0,0.09515588474496048,0.11670694590363832,4.182784780170259,usable_predictions,attempted_predictions,0.942135989010989,True,robust_local_cqr,5487,5487,5127,14.929308692051064,14.686988830566406,16.119411898726646,2.4125809561110203,5487,0,1.0,0.9343903772553308,0.9343903772553308,0.9343903772553308,0.034390377255330784,0.0,0.034390377255330784,0.034390377255330784,0.0,0.034390377255330784,0.11484083609270049,0.12399547614405113,4.182784780170259,usable_predictions,attempted_predictions,0.942135989010989,True,0.000783670493894717,-0.03360670676143607,0.9475089312536635,2.559043675206203
CSGS2,q2_2020,1,robust_condition_cqr,clean,ramp,337,337,135,27.003433951991955,26.521652221679688,129.08557034387786,17.053640567938015,337,0,1.0,0.40059347181008903,0.40059347181008903,0.40059347181008903,0.499406528189911,0.499406528189911,0.0,0.499406528189911,0.499406528189911,0.0,0.20771872270763042,0.9929659257221374,19.367724342621894,usable_predictions,attempted_predictions,0.05786401098901099,True,robust_local_cqr,337,337,166,33.03449932404017,30.499462127685547,105.69639702862024,17.053640567938015,337,0,1.0,0.49258160237388726,0.49258160237388726,0.49258160237388726,0.40741839762611276,0.40741839762611276,0.0,0.40741839762611276,0.40741839762611276,0.0,0.25411153326184743,0.8130492079124634,19.367724342621894,usable_predictions,attempted_predictions,0.05786401098901099,True,0.09198813056379823,0.09198813056379823,-23.389173315257622,6.031065372048214
CSGS2,q2_2020,1,robust_condition_cqr,combined_outage,non_ramp,5487,5487,4962,22.120120385538325,23.072668075561523,34.06859303401172,5.706328038045438,5487,0,1.0,0.9043193001640241,0.9043193001640241,0.9043193001640241,0.0043193001640240425,0.0,0.0043193001640240425,0.0043193001640240425,0.0,0.0043193001640240425,0.17015477219644864,0.26206610026162863,9.8488072482857,usable_predictions,attempted_predictions,0.942135989010989,True,robust_local_cqr,5487,5487,4824,24.96278657563721,25.1143798828125,34.39493760577458,5.706328038045438,5487,0,1.0,0.8791689447785676,0.8791689447785676,0.8791689447785676,0.02083105522143247,0.02083105522143247,0.0,0.02083105522143247,0.02083105522143247,0.0,0.19202143519720932,0.26457644312134293,9.8488072482857,usable_predictions,attempted_predictions,0.942135989010989,True,-0.02083105522143247,-0.016511755057408428,0.3263445717628599,2.8426661900988854
CSGS2,q2_2020,1,robust_condition_cqr,combined_outage,ramp,337,337,211,35.64926286797849,36.231319427490234,108.13318355111764,16.181474756416296,337,0,1.0,0.6261127596439169,0.6261127596439169,0.6261127596439169,0.27388724035608314,0.27388724035608314,0.0,0.27388724035608314,0.27388724035608314,0.0,0.27422509898444997,0.8317937196239819,20.16296595996652,usable_predictions,attempted_predictions,0.05786401098901099,True,robust_local_cqr,337,337,240,41.582754048643196,41.374114990234375,97.52039194938337,16.181474756416296,337,0,1.0,0.712166172106825,0.712166172106825,0.712166172106825,0.18783382789317504,0.18783382789317504,0.0,0.18783382789317504,0.18783382789317504,0.0,0.3198673388357169,0.7501568611491028,20.16296595996652,usable_predictions,attempted_predictions,0.05786401098901099,True,0.0860534124629081,0.0860534124629081,-10.612791601734273,5.933491180664703
CSGS2,q2_2020,1,robust_condition_cqr,irradiance_outage,non_ramp,5487,5487,4974,13.998152585716788,13.427032470703125,16.58074128856984,2.604792780882243,5487,0,1.0,0.9065062875888463,0.9065062875888463,0.9065062875888463,0.0065062875888463045,0.0,0.0065062875888463045,0.0065062875888463045,0.0,0.0065062875888463045,0.10767809681320606,0.12754416375822952,4.405007439782012,usable_predictions,attempted_predictions,0.942135989010989,True,robust_local_cqr,5487,5487,5182,16.207962688580732,16.851219177246094,17.466156512565412,2.604792780882243,5487,0,1.0,0.9444140696190997,0.9444140696190997,0.9444140696190997,0.04441406961909966,0.0,0.04441406961909966,0.04441406961909966,0.0,0.04441406961909966,0.12467663606600564,0.13435505009665702,4.405007439782012,usable_predictions,attempted_predictions,0.942135989010989,True,0.0,-0.037907782030253356,0.8854152239955724,2.209810102863944
CSGS2,q2_2020,1,robust_condition_cqr,irradiance_outage,ramp,337,337,148,28.774283522314416,28.377735137939453,117.91728803878014,16.978520830590224,337,0,1.0,0.4391691394658754,0.4391691394658754,0.4391691394658754,0.46083086053412464,0.46083086053412464,0.0,0.46083086053412464,0.46083086053412464,0.0,0.22134064247934165,0.9070560618367703,19.403814920544427,usable_predictions,attempted_predictions,0.05786401098901099,True,robust_local_cqr,337,337,174,32.92336027700045,30.589672088623047,101.40928511379028,16.978520830590224,337,0,1.0,0.516320474777448,0.516320474777448,0.516320474777448,0.383679525222552,0.383679525222552,0.0,0.383679525222552,0.383679525222552,0.0,0.2532566175153881,0.7800714239522328,19.403814920544427,usable_predictions,attempted_predictions,0.05786401098901099,True,0.07715133531157264,0.07715133531157264,-16.508002924989867,4.149076754686032
CSGS2,q2_2020,1,robust_condition_cqr,recent_power_outage,non_ramp,5487,5487,4968,20.471432031461053,20.049421310424805,29.42150959735884,5.044974878533564,5487,0,1.0,0.9054127938764353,0.9054127938764353,0.9054127938764353,0.005412793876435229,0.0,0.005412793876435229,0.005412793876435229,0.0,0.005412793876435229,0.15747255408816194,0.226319304595068,8.528353424116734,usable_predictions,attempted_predictions,0.942135989010989,True,robust_local_cqr,5487,5487,5070,24.649778197707544,23.205516815185547,29.807601787622612,5.044974878533564,5487,0,1.0,0.9240021869874249,0.9240021869874249,0.9240021869874249,0.024002186987424845,0.0,0.024002186987424845,0.024002186987424845,0.0,0.024002186987424845,0.1896136784439042,0.22928924452017393,8.528353424116734,usable_predictions,attempted_predictions,0.942135989010989,True,0.0,-0.018589393110989616,0.38609219026377417,4.178346166246492
CSGS2,q2_2020,1,robust_condition_cqr,recent_power_outage,ramp,337,337,194,35.35106153764074,35.66973304748535,106.88885692991205,15.458195735863479,337,0,1.0,0.5756676557863502,0.5756676557863502,0.5756676557863502,0.32433234421364987,0.32433234421364987,0.0,0.32433234421364987,0.32433234421364987,0.0,0.27193124259723644,0.8222219763839389,19.095992143342972,usable_predictions,attempted_predictions,0.05786401098901099,True,robust_local_cqr,337,337,235,42.81264590332699,43.37062072753906,90.14693774632248,15.458195735863479,337,0,1.0,0.6973293768545994,0.6973293768545994,0.6973293768545994,0.20267062314540063,0.20267062314540063,0.0,0.20267062314540063,0.20267062314540063,0.0,0.3293280454102076,0.693437982664019,19.095992143342972,usable_predictions,attempted_predictions,0.05786401098901099,True,0.12166172106824924,0.12166172106824924,-16.741919183589573,7.4615843656862495
CSGS2,q2_2020,1,robust_condition_cqr,weather_outage,non_ramp,5487,5487,4919,12.562900643855135,11.684030532836914,15.397608233355047,2.4300446723037368,5487,0,1.0,0.8964825952250774,0.8964825952250774,0.8964825952250774,0.0035174047749225723,0.0035174047749225723,0.0,0.0035174047749225723,0.0035174047749225723,0.0,0.09663769726042412,0.11844314025657729,4.206505154576133,usable_predictions,attempted_predictions,0.942135989010989,True,robust_local_cqr,5487,5487,5122,15.061249294472375,15.231737613677979,16.302311547517917,2.4300446723037368,5487,0,1.0,0.9334791324949882,0.9334791324949882,0.9334791324949882,0.03347913249498813,0.0,0.03347913249498813,0.03347913249498813,0.0,0.03347913249498813,0.11585576380363366,0.1254023965193686,4.206505154576133,usable_predictions,attempted_predictions,0.942135989010989,True,0.0035174047749225723,-0.029961727720065556,0.9047033141628695,2.49834865061724
CSGS2,q2_2020,1,robust_condition_cqr,weather_outage,ramp,337,337,139,26.911600831708142,26.6827392578125,130.17999838650758,17.102803186422285,337,0,1.0,0.4124629080118694,0.4124629080118694,0.4124629080118694,0.4875370919881306,0.4875370919881306,0.0,0.4875370919881306,0.4875370919881306,0.0,0.20701231409006263,1.0013846029731353,19.445832146716562,usable_predictions,attempted_predictions,0.05786401098901099,True,robust_local_cqr,337,337,173,32.81306678251272,29.837703704833984,107.9154946018751,17.102803186422285,337,0,1.0,0.5133531157270029,0.5133531157270029,0.5133531157270029,0.3866468842729971,0.3866468842729971,0.0,0.3866468842729971,0.3866468842729971,0.0,0.2524082060193286,0.830119189245193,19.445832146716562,usable_predictions,attempted_predictions,0.05786401098901099,True,0.10089020771513352,0.10089020771513352,-22.26450378463248,5.901465950804578
CSGS2,q2_2020,4,robust_condition_cqr,clean,non_ramp,5267,5267,4841,21.754180797772527,22.724884033203125,28.226877194177163,5.030853594602207,5267,0,1.0,0.9191190430985381,0.9191190430985381,0.9191190430985381,0.01911904309853807,0.0,0.01911904309853807,0.01911904309853807,0.0,0.01911904309853807,0.1673398522905579,0.21712982457059357,8.121774115454043,usable_predictions,attempted_predictions,0.9043612637362637,True,robust_local_cqr,5267,5267,4946,26.842559730504526,28.041427612304688,30.36933775475398,5.030853594602207,5267,0,1.0,0.9390544902221378,0.9390544902221378,0.9390544902221378,0.039054490222137805,0.0,0.039054490222137805,0.039054490222137805,0.0,0.039054490222137805,0.20648122869618865,0.23361029042118445,8.121774115454043,usable_predictions,attempted_predictions,0.9043612637362637,True,0.0,-0.019935447123599737,2.142460560576815,5.088378932731999
CSGS2,q2_2020,4,robust_condition_cqr,clean,ramp,557,557,356,33.05811955278181,31.853656768798828,112.14328394608181,15.588629710075029,557,0,1.0,0.6391382405745063,0.6391382405745063,0.6391382405745063,0.2608617594254937,0.2608617594254937,0.0,0.2608617594254937,0.2608617594254937,0.0,0.2542932273290909,0.8626406457390908,21.406102879782882,usable_predictions,attempted_predictions,0.09563873626373626,True,robust_local_cqr,557,557,411,39.68514740884411,37.409196853637695,96.20560330473542,15.588629710075029,557,0,1.0,0.7378815080789947,0.7378815080789947,0.7378815080789947,0.16211849192100536,0.16211849192100536,0.0,0.16211849192100536,0.16211849192100536,0.0,0.30527036468341623,0.7400431023441186,21.406102879782882,usable_predictions,attempted_predictions,0.09563873626373626,True,0.09874326750448836,0.09874326750448836,-15.93768064134639,6.627027856062298
CSGS2,q2_2020,4,robust_condition_cqr,combined_outage,non_ramp,5267,5267,4870,28.017951350245013,30.565868377685547,37.47069023334789,6.847373198151295,5267,0,1.0,0.9246250237326752,0.9246250237326752,0.9246250237326752,0.024625023732675166,0.0,0.024625023732675166,0.024625023732675166,0.0,0.024625023732675166,0.2155227026941924,0.2882360787180607,10.752879874113644,usable_predictions,attempted_predictions,0.9043612637362637,True,robust_local_cqr,5267,5267,4746,29.709163801476564,32.1145783662796,39.96455909429928,6.847373198151295,5267,0,1.0,0.9010822099867097,0.9010822099867097,0.9010822099867097,0.0010822099867097146,0.0,0.0010822099867097146,0.0010822099867097146,0.0,0.0010822099867097146,0.2285320292421274,0.3074196853407637,10.752879874113644,usable_predictions,attempted_predictions,0.9043612637362637,True,0.0,0.023542813745965452,2.4938688609513946,1.69121245123155
CSGS2,q2_2020,4,robust_condition_cqr,combined_outage,ramp,557,557,421,38.47130273384856,38.277302742004395,95.39886711126518,14.82357914486308,557,0,1.0,0.755834829443447,0.755834829443447,0.755834829443447,0.14416517055655298,0.14416517055655298,0.0,0.14416517055655298,0.14416517055655298,0.0,0.29593309795268125,0.7338374393174244,20.034072293687938,usable_predictions,attempted_predictions,0.09563873626373626,True,robust_local_cqr,557,557,444,40.42664039021281,38.060041427612305,89.56540807737856,14.82357914486308,557,0,1.0,0.7971274685816876,0.7971274685816876,0.7971274685816876,0.10287253141831243,0.10287253141831243,0.0,0.10287253141831243,0.10287253141831243,0.0,0.31097415684779084,0.6889646775182966,20.034072293687938,usable_predictions,attempted_predictions,0.09563873626373626,True,0.04129263913824055,0.04129263913824055,-5.833459033886612,1.9553376563642502
CSGS2,q2_2020,4,robust_condition_cqr,irradiance_outage,non_ramp,5267,5267,4870,24.142426124173586,25.350152224302292,31.18494138189255,5.70369906111836,5267,0,1.0,0.9246250237326752,0.9246250237326752,0.9246250237326752,0.024625023732675166,0.0,0.024625023732675166,0.024625023732675166,0.0,0.024625023732675166,0.18571097018595065,0.23988416447609653,9.014493836865599,usable_predictions,attempted_predictions,0.9043612637362637,True,robust_local_cqr,5267,5267,4915,29.06269278806084,31.80787229537964,33.72058426620916,5.70369906111836,5267,0,1.0,0.9331687867856465,0.9331687867856465,0.9331687867856465,0.0331687867856465,0.0,0.0331687867856465,0.0331687867856465,0.0,0.0331687867856465,0.2235591752927757,0.25938910974007046,9.014493836865599,usable_predictions,attempted_predictions,0.9043612637362637,True,0.0,-0.008543763052971332,2.5356428843166086,4.920266663887254
CSGS2,q2_2020,4,robust_condition_cqr,irradiance_outage,ramp,557,557,389,36.022198923052535,34.73493540287018,103.97161884140391,14.928299667056201,557,0,1.0,0.6983842010771992,0.6983842010771992,0.6983842010771992,0.2016157989228008,0.2016157989228008,0.0,0.2016157989228008,0.2016157989228008,0.0,0.2770938378696349,0.7997816833954147,20.789879566922952,usable_predictions,attempted_predictions,0.09563873626373626,True,robust_local_cqr,557,557,427,42.247206306971165,40.14608573913574,93.5918946844029,14.928299667056201,557,0,1.0,0.7666068222621185,0.7666068222621185,0.7666068222621185,0.1333931777378815,0.1333931777378815,0.0,0.1333931777378815,0.1333931777378815,0.0,0.3249785100536243,0.7199376514184839,20.789879566922952,usable_predictions,attempted_predictions,0.09563873626373626,True,0.06822262118491929,0.06822262118491929,-10.379724157001007,6.22500738391863
CSGS2,q2_2020,4,robust_condition_cqr,recent_power_outage,non_ramp,5267,5267,4820,25.367035543738993,28.159408569335938,32.467962669021745,6.055214733915173,5267,0,1.0,0.9151319536738182,0.9151319536738182,0.9151319536738182,0.015131953673818144,0.0,0.015131953673818144,0.015131953673818144,0.0,0.015131953673818144,0.1951310426441461,0.24975355899247495,9.373097105740033,usable_predictions,attempted_predictions,0.9043612637362637,True,robust_local_cqr,5267,5267,4912,29.292577301058955,31.547168731689453,34.08275481599928,6.055214733915173,5267,0,1.0,0.932599202582115,0.932599202582115,0.932599202582115,0.03259920258211502,0.0,0.03259920258211502,0.03259920258211502,0.0,0.03259920258211502,0.2253275177004535,0.2621750370461483,9.373097105740033,usable_predictions,attempted_predictions,0.9043612637362637,True,0.0,-0.017467248908296873,1.6147921469775355,3.9255417573199622
CSGS2,q2_2020,4,robust_condition_cqr,recent_power_outage,ramp,557,557,391,36.86488349853448,36.57175827026367,99.89265068977589,14.721767452824693,557,0,1.0,0.7019748653500898,0.7019748653500898,0.7019748653500898,0.19802513464991023,0.19802513464991023,0.0,0.19802513464991023,0.19802513464991023,0.0,0.2835760269118037,0.7684050053059684,19.818314425997237,usable_predictions,attempted_predictions,0.09563873626373626,True,robust_local_cqr,557,557,439,41.203890909733424,39.82469367980957,86.02001101934289,14.721767452824693,557,0,1.0,0.7881508078994613,0.7881508078994613,0.7881508078994613,0.11184919210053867,0.11184919210053867,0.0,0.11184919210053867,0.11184919210053867,0.0,0.3169530069979494,0.6616923924564837,19.818314425997237,usable_predictions,attempted_predictions,0.09563873626373626,True,0.08617594254937155,0.08617594254937155,-13.872639670433003,4.339007411198942
CSGS2,q2_2020,4,robust_condition_cqr,weather_outage,non_ramp,5267,5267,4901,22.64218584207727,23.95480251312256,28.696507961530813,5.138753943115569,5267,0,1.0,0.9305107271691665,0.9305107271691665,0.9305107271691665,0.030510727169166474,0.0,0.030510727169166474,0.030510727169166474,0.0,0.030510727169166474,0.17417066032367132,0.2207423689348524,8.248975788289655,usable_predictions,attempted_predictions,0.9043612637362637,True,robust_local_cqr,5267,5267,4925,27.038283754955863,28.715486526489258,30.763039751304987,5.138753943115569,5267,0,1.0,0.9350674007974179,0.9350674007974179,0.9350674007974179,0.03506740079741788,0.0,0.03506740079741788,0.03506740079741788,0.0,0.03506740079741788,0.2079867981150451,0.23663876731773067,8.248975788289655,usable_predictions,attempted_predictions,0.9043612637362637,True,0.0,-0.004556673628251406,2.0665317897741744,4.3960979128785915
CSGS2,q2_2020,4,robust_condition_cqr,weather_outage,ramp,557,557,363,33.800531155919685,33.035160064697266,108.31801806676538,15.323815618318973,557,0,1.0,0.651705565529623,0.651705565529623,0.651705565529623,0.24829443447037702,0.24829443447037702,0.0,0.24829443447037702,0.24829443447037702,0.0,0.2600040858147668,0.8332155235905029,21.08053846891972,usable_predictions,attempted_predictions,0.09563873626373626,True,robust_local_cqr,557,557,415,39.98660327630582,37.36906623840332,94.54433863338491,15.323815618318973,557,0,1.0,0.7450628366247756,0.7450628366247756,0.7450628366247756,0.15493716337522445,0.15493716337522445,0.0,0.15493716337522445,0.15493716337522445,0.0,0.30758925597158326,0.7272641433337301,21.08053846891972,usable_predictions,attempted_predictions,0.09563873626373626,True,0.09335727109515257,0.09335727109515257,-13.773679433380465,6.186072120386136
CSGS2,q3_2020,1,robust_condition_cqr,clean,non_ramp,5637,5637,5245,11.945407032409506,12.246671676635742,14.542469953408034,2.127132476018489,5637,0,1.0,0.9304594642540358,0.9304594642540358,0.9304594642540358,0.030459464254035784,0.0,0.030459464254035784,0.030459464254035784,0.0,0.030459464254035784,0.09188774640315005,0.11186515348775411,3.6606267970055573,usable_predictions,attempted_predictions,0.9573709239130435,True,robust_local_cqr,5637,5637,5192,13.168069731538123,12.876625061035156,14.919848477825912,2.127132476018489,5637,0,1.0,0.92105729998226,0.92105729998226,0.92105729998226,0.021057299982260025,0.0,0.021057299982260025,0.021057299982260025,0.0,0.021057299982260025,0.1012928440887548,0.11476806521404548,3.6606267970055573,usable_predictions,attempted_predictions,0.9573709239130435,True,0.0,0.00940216427177576,0.3773785244178782,1.2226626991286178
CSGS2,q3_2020,1,robust_condition_cqr,clean,ramp,251,251,88,24.18866262017968,23.653106689453125,104.5058080019704,15.036169055092381,251,0,1.0,0.350597609561753,0.350597609561753,0.350597609561753,0.549402390438247,0.549402390438247,0.0,0.549402390438247,0.549402390438247,0.0,0.1860666355398437,0.8038908307843876,16.534156913614765,usable_predictions,attempted_predictions,0.04262907608695652,True,robust_local_cqr,251,251,130,29.227520871209908,28.470035552978516,85.04761926942612,15.036169055092381,251,0,1.0,0.5179282868525896,0.5179282868525896,0.5179282868525896,0.3820717131474104,0.3820717131474104,0.0,0.3820717131474104,0.3820717131474104,0.0,0.2248270836246916,0.6542124559186625,16.534156913614765,usable_predictions,attempted_predictions,0.04262907608695652,True,0.16733067729083662,0.16733067729083662,-19.458188732544272,5.038858251030227
CSGS2,q3_2020,1,robust_condition_cqr,combined_outage,non_ramp,5637,5637,5264,22.935024042094366,23.955707550048828,29.52647319013137,5.156325258984726,5637,0,1.0,0.9338300514458046,0.9338300514458046,0.9338300514458046,0.03383005144580453,0.0,0.03383005144580453,0.03383005144580453,0.0,0.03383005144580453,0.17642326186226434,0.22712671684716437,8.407937968502013,usable_predictions,attempted_predictions,0.9573709239130435,True,robust_local_cqr,5637,5637,5103,22.798108823268485,23.865257263183594,27.819834504125343,5.156325258984726,5637,0,1.0,0.905268759978712,0.905268759978712,0.905268759978712,0.005268759978712012,0.0,0.005268759978712012,0.005268759978712012,0.0,0.005268759978712012,0.17537006787129605,0.21399872695481031,8.407937968502013,usable_predictions,attempted_predictions,0.9573709239130435,True,0.0,0.02856129146709252,-1.706638686006027,-0.1369152188258802
CSGS2,q3_2020,1,robust_condition_cqr,combined_outage,ramp,251,251,184,36.0629651669962,36.35430145263672,67.94305710393594,12.783259296797187,251,0,1.0,0.7330677290836654,0.7330677290836654,0.7330677290836654,0.16693227091633467,0.16693227091633467,0.0,0.16693227091633467,0.16693227091633467,0.0,0.2774074243615092,0.5226389007995073,15.731036727412741,usable_predictions,attempted_predictions,0.04262907608695652,True,robust_local_cqr,251,251,194,39.07667183496088,38.567243576049805,66.55572717123297,12.783259296797187,251,0,1.0,0.7729083665338645,0.7729083665338645,0.7729083665338645,0.1270916334661355,0.1270916334661355,0.0,0.1270916334661355,0.1270916334661355,0.0,0.3005897833458529,0.5119671320864075,15.731036727412741,usable_predictions,attempted_predictions,0.04262907608695652,True,0.03984063745019917,0.03984063745019917,-1.3873299327029684,3.0137066679646765
CSGS2,q3_2020,1,robust_condition_cqr,irradiance_outage,non_ramp,5637,5637,5292,13.671534034423695,14.426834106445312,15.741831836491395,2.2546019295053066,5637,0,1.0,0.9387972325705163,0.9387972325705163,0.9387972325705163,0.03879723257051626,0.0,0.03879723257051626,0.03879723257051626,0.0,0.03879723257051626,0.10516564641864382,0.12109101412685688,3.8219722943900085,usable_predictions,attempted_predictions,0.9573709239130435,True,robust_local_cqr,5637,5637,5273,15.101189363598232,15.387033462524414,16.344815214389495,2.2546019295053066,5637,0,1.0,0.9354266453787475,0.9354266453787475,0.9354266453787475,0.03542664537874751,0.0,0.03542664537874751,0.03542664537874751,0.0,0.03542664537874751,0.11616299510460179,0.1257293478029961,3.8219722943900085,usable_predictions,attempted_predictions,0.9573709239130435,True,0.0,0.003370587191768748,0.6029833778981004,1.4296553291745369
CSGS2,q3_2020,1,robust_condition_cqr,irradiance_outage,ramp,251,251,112,27.032322988092186,27.151519775390625,92.77686522776388,14.683444122512977,251,0,1.0,0.44621513944223107,0.44621513944223107,0.44621513944223107,0.45378486055776895,0.45378486055776895,0.0,0.45378486055776895,0.45378486055776895,0.0,0.20794094606224758,0.7136681940597221,16.4270501547727,usable_predictions,attempted_predictions,0.04262907608695652,True,robust_local_cqr,251,251,147,32.246600272645985,32.54403114318848,75.64273782175376,14.683444122512977,251,0,1.0,0.5856573705179283,0.5856573705179283,0.5856573705179283,0.3143426294820717,0.3143426294820717,0.0,0.3143426294820717,0.3143426294820717,0.0,0.24805077132804604,0.5818672140134904,16.4270501547727,usable_predictions,attempted_predictions,0.04262907608695652,True,0.13944223107569725,0.13944223107569725,-17.134127406010123,5.214277284553798
CSGS2,q3_2020,1,robust_condition_cqr,recent_power_outage,non_ramp,5637,5637,5199,19.901182053763012,21.428180694580078,26.201022808174198,4.438858869784433,5637,0,1.0,0.922299095263438,0.922299095263438,0.922299095263438,0.022299095263437985,0.0,0.022299095263437985,0.022299095263437985,0.0,0.022299095263437985,0.15308601579817702,0.20154632929364769,7.191675454312233,usable_predictions,attempted_predictions,0.9573709239130435,True,robust_local_cqr,5637,5637,5115,21.835134872483266,23.41610336303711,25.85954601921963,4.438858869784433,5637,0,1.0,0.9073975518893028,0.9073975518893028,0.9073975518893028,0.0073975518893028,0.0,0.0073975518893028,0.0073975518893028,0.0,0.0073975518893028,0.16796257594217898,0.1989195847632279,7.191675454312233,usable_predictions,attempted_predictions,0.9573709239130435,True,0.0,0.014901543374135184,-0.34147678895456934,1.933952818720254
CSGS2,q3_2020,1,robust_condition_cqr,recent_power_outage,ramp,251,251,169,32.56294520727667,32.04032516479492,71.10392498780057,12.658983688430482,251,0,1.0,0.6733067729083665,0.6733067729083665,0.6733067729083665,0.22669322709163353,0.22669322709163353,0.0,0.22669322709163353,0.22669322709163353,0.0,0.2504841939021282,0.5469532691369274,15.464586868138467,usable_predictions,attempted_predictions,0.04262907608695652,True,robust_local_cqr,251,251,188,37.07989984252063,36.057607650756836,63.76957740394243,12.658983688430482,251,0,1.0,0.749003984063745,0.749003984063745,0.749003984063745,0.150996015936255,0.150996015936255,0.0,0.150996015936255,0.150996015936255,0.0,0.28522999878862026,0.49053521079955714,15.464586868138467,usable_predictions,attempted_predictions,0.04262907608695652,True,0.07569721115537853,0.07569721115537853,-7.33434758385814,4.5169546352439625
CSGS2,q3_2020,1,robust_condition_cqr,weather_outage,non_ramp,5637,5637,5245,12.135501462437182,12.805397033691406,14.698359760612247,2.1468946071715354,5637,0,1.0,0.9304594642540358,0.9304594642540358,0.9304594642540358,0.030459464254035784,0.0,0.030459464254035784,0.030459464254035784,0.0,0.030459464254035784,0.09335001124951678,0.11306430585086344,3.7070998119445973,usable_predictions,attempted_predictions,0.9573709239130435,True,robust_local_cqr,5637,5637,5290,13.543984684207919,13.54588508605957,15.204565405217473,2.1468946071715354,5637,0,1.0,0.9384424339187512,0.9384424339187512,0.9384424339187512,0.03844243391875113,0.0,0.03844243391875113,0.03844243391875113,0.0,0.03844243391875113,0.10418449757083015,0.11695819542474979,3.7070998119445973,usable_predictions,attempted_predictions,0.9573709239130435,True,0.0,-0.007982969664715345,0.5062056446052257,1.4084832217707373
CSGS2,q3_2020,1,robust_condition_cqr,weather_outage,ramp,251,251,91,25.0554910788973,24.697368621826172,98.34580193477798,14.866521959879483,251,0,1.0,0.36254980079681276,0.36254980079681276,0.36254980079681276,0.5374501992031873,0.5374501992031873,0.0,0.5374501992031873,0.5374501992031873,0.0,0.19273454676074847,0.7565061687290614,16.486596682168408,usable_predictions,attempted_predictions,0.04262907608695652,True,robust_local_cqr,251,251,141,30.427781745257132,30.362512588500977,79.88749465904388,14.866521959879483,251,0,1.0,0.5617529880478087,0.5617529880478087,0.5617529880478087,0.3382470119521913,0.3382470119521913,0.0,0.3382470119521913,0.3382470119521913,0.0,0.23405985957890102,0.6145191896849529,16.486596682168408,usable_predictions,attempted_predictions,0.04262907608695652,True,0.19920318725099595,0.19920318725099595,-18.4583072757341,5.372290666359831
CSGS2,q3_2020,4,robust_condition_cqr,clean,non_ramp,5439,5439,5089,21.98289072286015,23.772075653076172,28.044390944553747,4.767139828721266,5439,0,1.0,0.9356499356499357,0.9356499356499357,0.9356499356499357,0.03564993564993568,0.0,0.03564993564993568,0.03564993564993568,0.0,0.03564993564993568,0.16909915940661654,0.21572608418887498,7.661065214469906,usable_predictions,attempted_predictions,0.9237432065217391,True,robust_local_cqr,5439,5439,5027,22.98000037056223,23.26336669921875,27.498802432713173,4.767139828721266,5439,0,1.0,0.9242507813936386,0.9242507813936386,0.9242507813936386,0.024250781393638565,0.0,0.024250781393638565,0.024250781393638565,0.0,0.024250781393638565,0.17676923361970948,0.21152924948240903,7.661065214469906,usable_predictions,attempted_predictions,0.9237432065217391,True,0.0,0.011399154256297117,-0.5455885118405739,0.9971096477020787
CSGS2,q3_2020,4,robust_condition_cqr,clean,ramp,449,449,333,31.406562960957633,29.818605422973633,77.34505205291151,12.189048960622408,449,0,1.0,0.7416481069042317,0.7416481069042317,0.7416481069042317,0.15835189309576836,0.15835189309576836,0.0,0.15835189309576836,0.15835189309576836,0.0,0.24158894585352025,0.5949619388685501,16.73299264548733,usable_predictions,attempted_predictions,0.07625679347826086,True,robust_local_cqr,449,449,354,34.86038011670909,34.145652770996094,69.86877344897171,12.189048960622408,449,0,1.0,0.7884187082405345,0.7884187082405345,0.7884187082405345,0.11158129175946552,0.11158129175946552,0.0,0.11158129175946552,0.11158129175946552,0.0,0.26815677012853145,0.5374521034536285,16.73299264548733,usable_predictions,attempted_predictions,0.07625679347826086,True,0.04677060133630284,0.04677060133630284,-7.476278603939804,3.453817155751455
CSGS2,q3_2020,4,robust_condition_cqr,combined_outage,non_ramp,5439,5439,5074,27.850597297373284,30.09062957763672,34.8475545664152,6.631173909291293,5439,0,1.0,0.9328920757492186,0.9328920757492186,0.9328920757492186,0.0328920757492186,0.0,0.0328920757492186,0.0328920757492186,0.0,0.0328920757492186,0.21423536382594835,0.26805811204934765,10.085650498754159,usable_predictions,attempted_predictions,0.9237432065217391,True,robust_local_cqr,5439,5439,5071,28.030519164288446,30.163127899169922,33.30522780961119,6.631173909291293,5439,0,1.0,0.9323405037690752,0.9323405037690752,0.9323405037690752,0.03234050376907516,0.0,0.03234050376907516,0.03234050376907516,0.0,0.03234050376907516,0.2156193781868342,0.25619406007393225,10.085650498754159,usable_predictions,attempted_predictions,0.9237432065217391,True,0.0,0.0005515719801434393,-1.5423267568040089,0.1799218669151621
CSGS2,q3_2020,4,robust_condition_cqr,combined_outage,ramp,449,449,374,36.66271185908126,34.80172348022461,68.94552827233196,11.011160555289424,449,0,1.0,0.8329621380846325,0.8329621380846325,0.8329621380846325,0.06703786191536754,0.06703786191536754,0.0,0.06703786191536754,0.06703786191536754,0.0,0.2820208604544713,0.5303502174794765,15.788335676159287,usable_predictions,attempted_predictions,0.07625679347826086,True,robust_local_cqr,449,449,389,38.184008789918735,36.419700622558594,65.35526270367919,11.011160555289424,449,0,1.0,0.8663697104677061,0.8663697104677061,0.8663697104677061,0.03363028953229397,0.03363028953229397,0.0,0.03363028953229397,0.03363028953229397,0.0,0.29372314453783643,0.5027327900283014,15.788335676159287,usable_predictions,attempted_predictions,0.07625679347826086,True,0.03340757238307357,0.03340757238307357,-3.590265568652768,1.5212969308374724
CSGS2,q3_2020,4,robust_condition_cqr,irradiance_outage,non_ramp,5439,5439,5101,24.41274751068678,26.766212463378906,30.168840443139434,5.346697693406758,5439,0,1.0,0.9378562235705092,0.9378562235705092,0.9378562235705092,0.03785622357050922,0.0,0.03785622357050922,0.03785622357050922,0.0,0.03785622357050922,0.1877903654668214,0.23206800340876488,8.323822443225382,usable_predictions,attempted_predictions,0.9237432065217391,True,robust_local_cqr,5439,5439,5161,26.30795644767851,27.408069610595703,29.79937282432903,5.346697693406758,5439,0,1.0,0.9488876631733775,0.9488876631733775,0.9488876631733775,0.04888766317337745,0.0,0.04888766317337745,0.04888766317337745,0.0,0.04888766317337745,0.20236889575137315,0.229225944802531,8.323822443225382,usable_predictions,attempted_predictions,0.9237432065217391,True,0.0,-0.011031439602868232,-0.369467618810404,1.8952089369917289
CSGS2,q3_2020,4,robust_condition_cqr,irradiance_outage,ramp,449,449,351,34.639113828207975,33.19137191772461,74.66217265366048,12.21901040884328,449,0,1.0,0.7817371937639198,0.7817371937639198,0.7817371937639198,0.11826280623608021,0.11826280623608021,0.0,0.11826280623608021,0.11826280623608021,0.0,0.266454721755446,0.5743244050281575,16.62752064859648,usable_predictions,attempted_predictions,0.07625679347826086,True,robust_local_cqr,449,449,380,38.43236846103434,37.90244483947754,67.62065453505463,12.21901040884328,449,0,1.0,0.8463251670378619,0.8463251670378619,0.8463251670378619,0.05367483296213815,0.05367483296213815,0.0,0.05367483296213815,0.05367483296213815,0.0,0.29563360354641804,0.5201588810388817,16.62752064859648,usable_predictions,attempted_predictions,0.07625679347826086,True,0.06458797327394206,0.06458797327394206,-7.04151811860585,3.7932546328263683
CSGS2,q3_2020,4,robust_condition_cqr,recent_power_outage,non_ramp,5439,5439,5141,25.18546513855111,28.236452102661133,30.51644242720072,5.765102212605811,5439,0,1.0,0.9452105166390881,0.9452105166390881,0.9452105166390881,0.04521051663908804,0.0,0.04521051663908804,0.04521051663908804,0.0,0.04521051663908804,0.1937343472196239,0.23474186482462092,8.765550550862317,usable_predictions,attempted_predictions,0.9237432065217391,True,robust_local_cqr,5439,5439,5032,25.62738182883678,28.555745124816895,29.64178329608565,5.765102212605811,5439,0,1.0,0.9251700680272109,0.9251700680272109,0.9251700680272109,0.02517006802721089,0.0,0.02517006802721089,0.02517006802721089,0.0,0.02517006802721089,0.19713370637566752,0.2280137176621973,8.765550550862317,usable_predictions,attempted_predictions,0.9237432065217391,True,0.0,0.02004044861187715,-0.8746591311150702,0.4419166902856695
CSGS2,q3_2020,4,robust_condition_cqr,recent_power_outage,ramp,449,449,360,34.44177833106576,32.78704071044922,70.01253489708581,11.740377531285276,449,0,1.0,0.8017817371937639,0.8017817371937639,0.8017817371937639,0.09821826280623613,0.09821826280623613,0.0,0.09821826280623613,0.09821826280623613,0.0,0.26493675639281355,0.538557960746814,16.22877310698176,usable_predictions,attempted_predictions,0.07625679347826086,True,robust_local_cqr,449,449,376,36.45016063938959,36.116275787353516,64.74750353239958,11.740377531285276,449,0,1.0,0.8374164810690423,0.8374164810690423,0.8374164810690423,0.0625835189309577,0.0625835189309577,0.0,0.0625835189309577,0.0625835189309577,0.0,0.2803858510722276,0.4980577194799967,16.22877310698176,usable_predictions,attempted_predictions,0.07625679347826086,True,0.03563474387527843,0.03563474387527843,-5.265031364686237,2.0083823083238244
CSGS2,q3_2020,4,robust_condition_cqr,weather_outage,non_ramp,5439,5439,5117,22.26566596450409,24.603256225585938,28.1534926498055,4.854546512081729,5439,0,1.0,0.9407979407979408,0.9407979407979408,0.9407979407979408,0.040797940797940746,0.0,0.040797940797940746,0.040797940797940746,0.0,0.040797940797940746,0.17127435357310838,0.21656532807542692,7.798791570597714,usable_predictions,attempted_predictions,0.9237432065217391,True,robust_local_cqr,5439,5439,5060,23.245012156871717,23.33663272857666,27.70161942761441,4.854546512081729,5439,0,1.0,0.9303180731752161,0.9303180731752161,0.9303180731752161,0.030318073175216065,0.0,0.030318073175216065,0.030318073175216065,0.0,0.030318073175216065,0.17880778582209012,0.21308938021241855,7.798791570597714,usable_predictions,attempted_predictions,0.9237432065217391,True,0.0,0.010479867622724681,-0.4518732221910895,0.9793461923676254
CSGS2,q3_2020,4,robust_condition_cqr,weather_outage,ramp,449,449,335,31.918826074602876,31.162738800048828,77.26844141166035,11.911806411725907,449,0,1.0,0.7461024498886414,0.7461024498886414,0.7461024498886414,0.15389755011135864,0.15389755011135864,0.0,0.15389755011135864,0.15389755011135864,0.0,0.24552943134309904,0.5943726262435411,16.54417198186267,usable_predictions,attempted_predictions,0.07625679347826086,True,robust_local_cqr,449,449,359,35.388727708754935,34.865760803222656,69.3130439004813,11.911806411725907,449,0,1.0,0.799554565701559,0.799554565701559,0.799554565701559,0.100445434298441,0.100445434298441,0.0,0.100445434298441,0.100445434298441,0.0,0.27222098237503795,0.5331772607729331,16.54417198186267,usable_predictions,attempted_predictions,0.07625679347826086,True,0.053452115812917644,0.053452115812917644,-7.955397511179044,3.469901634152059
CSGS2,q4_2020,1,robust_condition_cqr,clean,non_ramp,5628,5628,5377,9.767509590907025,6.141676902770996,11.248052981751789,1.6337064263975485,5628,0,1.0,0.9554015636105189,0.9554015636105189,0.9554015636105189,0.055401563610518845,0.0,0.055401563610518845,0.055401563610518845,0.0,0.055401563610518845,0.07513468916082328,0.08652348447501376,3.176865824245266,usable_predictions,attempted_predictions,0.9558423913043478,True,robust_local_cqr,5628,5628,5460,11.450441880756895,7.543819427490234,12.124473739460687,1.6337064263975485,5628,0,1.0,0.9701492537313433,0.9701492537313433,0.9701492537313433,0.07014925373134329,0.0,0.07014925373134329,0.07014925373134329,0.0,0.07014925373134329,0.08808032215966842,0.09326518261123605,3.176865824245266,usable_predictions,attempted_predictions,0.9558423913043478,True,0.0,-0.014747690120824442,0.8764207577088978,1.6829322898498695
CSGS2,q4_2020,1,robust_condition_cqr,clean,ramp,260,260,109,26.965745953413155,25.770761489868164,102.69014603358049,15.241276052364936,260,0,1.0,0.41923076923076924,0.41923076923076924,0.41923076923076924,0.4807692307692308,0.4807692307692308,0.0,0.4807692307692308,0.4807692307692308,0.0,0.20742881502625504,0.7899242002583114,17.881787336816952,usable_predictions,attempted_predictions,0.044157608695652176,True,robust_local_cqr,260,260,166,33.662465999676634,32.69043588638306,81.75331092430996,15.241276052364936,260,0,1.0,0.6384615384615384,0.6384615384615384,0.6384615384615384,0.2615384615384616,0.2615384615384616,0.0,0.2615384615384616,0.2615384615384616,0.0,0.25894204615135874,0.628871622494692,17.881787336816952,usable_predictions,attempted_predictions,0.044157608695652176,True,0.21923076923076917,0.21923076923076917,-20.936835109270532,6.696720046263479
CSGS2,q4_2020,1,robust_condition_cqr,combined_outage,non_ramp,5628,5628,5220,16.10470843575007,11.595386505126953,22.283237951199496,3.7951321724720177,5628,0,1.0,0.9275053304904051,0.9275053304904051,0.9275053304904051,0.027505330490405044,0.0,0.027505330490405044,0.027505330490405044,0.0,0.027505330490405044,0.12388237258269284,0.1714095227015346,7.085920363010791,usable_predictions,attempted_predictions,0.9558423913043478,True,robust_local_cqr,5628,5628,5264,17.619940479733142,13.887476235628128,21.785378707882927,3.7951321724720177,5628,0,1.0,0.9353233830845771,0.9353233830845771,0.9353233830845771,0.035323383084577054,0.0,0.035323383084577054,0.035323383084577054,0.0,0.035323383084577054,0.13553800369025493,0.16757983621448405,7.085920363010791,usable_predictions,attempted_predictions,0.9558423913043478,True,0.0,-0.00781805259417201,-0.4978592433165687,1.5152320439830724
CSGS2,q4_2020,1,robust_condition_cqr,combined_outage,ramp,260,260,130,31.555325045035435,32.59548759460449,109.97287832315152,16.134694280991187,260,0,1.0,0.5,0.5,0.5,0.4,0.4,0.0,0.4,0.4,0.0,0.24273326957719565,0.8459452178703963,19.314802752576803,usable_predictions,attempted_predictions,0.044157608695652176,True,robust_local_cqr,260,260,157,36.92444943487644,38.062676429748535,95.39005175943558,16.134694280991187,260,0,1.0,0.6038461538461538,0.6038461538461538,0.6038461538461538,0.2961538461538462,0.2961538461538462,0.0,0.2961538461538462,0.2961538461538462,0.0,0.2840342264221265,0.7337696289187352,19.314802752576803,usable_predictions,attempted_predictions,0.044157608695652176,True,0.10384615384615381,0.10384615384615381,-14.58282656371594,5.369124389841009
CSGS2,q4_2020,1,robust_condition_cqr,irradiance_outage,non_ramp,5628,5628,5248,11.527691923316526,7.949306964874268,12.86322601474378,1.7167165596051341,5628,0,1.0,0.9324804548685146,0.9324804548685146,0.9324804548685146,0.032480454868514586,0.0,0.032480454868514586,0.032480454868514586,0.0,0.032480454868514586,0.08867455325628097,0.098947892421106,3.268172422260265,usable_predictions,attempted_predictions,0.9558423913043478,True,robust_local_cqr,5628,5628,5466,13.171338165226071,9.286862134933472,13.761597662330962,1.7167165596051341,5628,0,1.0,0.9712153518123667,0.9712153518123667,0.9712153518123667,0.07121535181236671,0.0,0.07121535181236671,0.07121535181236671,0.0,0.07121535181236671,0.10131798588635439,0.10585844355639201,3.268172422260265,usable_predictions,attempted_predictions,0.9558423913043478,True,0.0,-0.038734896943852126,0.8983716475871812,1.6436462419095452
CSGS2,q4_2020,1,robust_condition_cqr,irradiance_outage,ramp,260,260,132,28.884507798088286,28.142970085144043,90.63594645247437,15.18582160106072,260,0,1.0,0.5076923076923077,0.5076923076923077,0.5076923076923077,0.39230769230769236,0.39230769230769236,0.0,0.39230769230769236,0.39230769230769236,0.0,0.22218852152375604,0.6971995880959567,17.85094786039054,usable_predictions,attempted_predictions,0.044157608695652176,True,robust_local_cqr,260,260,177,35.20622457357553,34.01453685760498,74.45170441407424,15.18582160106072,260,0,1.0,0.6807692307692308,0.6807692307692308,0.6807692307692308,0.21923076923076923,0.21923076923076923,0.0,0.21923076923076923,0.21923076923076923,0.0,0.27081711210442716,0.5727054185698018,17.85094786039054,usable_predictions,attempted_predictions,0.044157608695652176,True,0.17307692307692313,0.17307692307692313,-16.18424203840013,6.321716775487246
CSGS2,q4_2020,1,robust_condition_cqr,recent_power_outage,non_ramp,5628,5628,5139,15.13185816830224,9.102262735366821,20.655086458996255,3.5572180659579695,5628,0,1.0,0.9131130063965884,0.9131130063965884,0.9131130063965884,0.013113006396588411,0.0,0.013113006396588411,0.013113006396588411,0.0,0.013113006396588411,0.11639890898694032,0.15888528045381733,6.697356169706071,usable_predictions,attempted_predictions,0.9558423913043478,True,robust_local_cqr,5628,5628,5264,17.3570398627447,11.711135387420654,20.412941492270626,3.5572180659579695,5628,0,1.0,0.9353233830845771,0.9353233830845771,0.9353233830845771,0.035323383084577054,0.0,0.035323383084577054,0.035323383084577054,0.0,0.035323383084577054,0.1335156912518823,0.1570226268636202,6.697356169706071,usable_predictions,attempted_predictions,0.9558423913043478,True,0.0,-0.022210376687988642,-0.24214496672562902,2.2251816944424583
CSGS2,q4_2020,1,robust_condition_cqr,recent_power_outage,ramp,260,260,139,31.690312777574245,32.06155300140381,94.45364686846733,15.04577952348269,260,0,1.0,0.5346153846153846,0.5346153846153846,0.5346153846153846,0.3653846153846154,0.3653846153846154,0.0,0.3653846153846154,0.3653846153846154,0.0,0.24377163675057112,0.7265665143728256,18.371362060824836,usable_predictions,attempted_predictions,0.044157608695652176,True,robust_local_cqr,260,260,173,36.74449202280778,36.957048416137695,81.17761982954465,15.04577952348269,260,0,1.0,0.6653846153846154,0.6653846153846154,0.6653846153846154,0.23461538461538467,0.23461538461538467,0.0,0.23461538461538467,0.23461538461538467,0.0,0.28264993863698296,0.6244432294580358,18.371362060824836,usable_predictions,attempted_predictions,0.044157608695652176,True,0.13076923076923075,0.13076923076923075,-13.276027038922678,5.054179245233538
CSGS2,q4_2020,1,robust_condition_cqr,weather_outage,non_ramp,5628,5628,5321,9.92389556873979,6.514443546533585,11.354615462538815,1.641344075502236,5628,0,1.0,0.9454513148542999,0.9454513148542999,0.9454513148542999,0.045451314854299874,0.0,0.045451314854299874,0.045451314854299874,0.0,0.045451314854299874,0.0763376582210753,0.08734319586568319,3.18694015914567,usable_predictions,attempted_predictions,0.9558423913043478,True,robust_local_cqr,5628,5628,5475,11.674031838353866,7.86833930015564,12.276664262967298,1.641344075502236,5628,0,1.0,0.9728144989339019,0.9728144989339019,0.9728144989339019,0.0728144989339019,0.0,0.0728144989339019,0.0728144989339019,0.0,0.0728144989339019,0.08980024491041436,0.09443587894590229,3.18694015914567,usable_predictions,attempted_predictions,0.9558423913043478,True,0.0,-0.027363184079602032,0.9220488004284828,1.7501362696140763
CSGS2,q4_2020,1,robust_condition_cqr,weather_outage,ramp,260,260,103,26.47991645336151,25.479164123535156,106.36877319445976,15.564209495140956,260,0,1.0,0.39615384615384613,0.39615384615384613,0.39615384615384613,0.5038461538461538,0.5038461538461538,0.0,0.5038461538461538,0.5038461538461538,0.0,0.20369166502585778,0.8182213322650751,18.124333130236277,usable_predictions,attempted_predictions,0.044157608695652176,True,robust_local_cqr,260,260,159,33.10968942458813,32.71603298187256,84.08003759934353,15.564209495140956,260,0,1.0,0.6115384615384616,0.6115384615384616,0.6115384615384616,0.28846153846153844,0.28846153846153844,0.0,0.28846153846153844,0.28846153846153844,0.0,0.25468991865067797,0.6467695199949502,18.124333130236277,usable_predictions,attempted_predictions,0.044157608695652176,True,0.2153846153846154,0.2153846153846154,-22.288735595116236,6.629772971226622
CSGS2,q4_2020,4,robust_condition_cqr,clean,non_ramp,5118,5118,4748,16.593559133474674,11.57751151919365,22.128985884143187,3.9157678376084055,5118,0,1.0,0.9277061352090661,0.9277061352090661,0.9277061352090661,0.027706135209066063,0.0,0.027706135209066063,0.027706135209066063,0.0,0.027706135209066063,0.1276427625651898,0.170222968339563,7.371564053977074,usable_predictions,attempted_predictions,0.8692255434782609,True,robust_local_cqr,5118,5118,4834,18.85180281354909,12.02466079685837,21.555474789279305,3.9157678376084055,5118,0,1.0,0.9445095740523642,0.9445095740523642,0.9445095740523642,0.04450957405236422,0.0,0.04450957405236422,0.04450957405236422,0.0,0.04450957405236422,0.14501386779653144,0.16581134453291774,7.371564053977074,usable_predictions,attempted_predictions,0.8692255434782609,True,0.0,-0.016803438843298157,-0.573511094863882,2.258243680074415
CSGS2,q4_2020,4,robust_condition_cqr,clean,ramp,770,770,540,27.893285058574243,25.849834442138672,75.61749388416867,10.473892679617002,770,0,1.0,0.7012987012987013,0.7012987012987013,0.7012987012987013,0.1987012987012987,0.1987012987012987,0.0,0.1987012987012987,0.1987012987012987,0.0,0.21456373121980188,0.5816730298782206,15.631909899679494,usable_predictions,attempted_predictions,0.13077445652173914,True,robust_local_cqr,770,770,661,39.84396103379958,38.76705741882324,67.90127985438139,10.473892679617002,770,0,1.0,0.8584415584415584,0.8584415584415584,0.8584415584415584,0.04155844155844157,0.04155844155844157,0.0,0.04155844155844157,0.04155844155844157,0.0,0.30649200795230447,0.5223175373413953,15.631909899679494,usable_predictions,attempted_predictions,0.13077445652173914,True,0.15714285714285714,0.15714285714285714,-7.716214029787281,11.950675975225337
CSGS2,q4_2020,4,robust_condition_cqr,combined_outage,non_ramp,5118,5118,4783,21.7696639040564,20.93703779578209,28.027702581282085,5.231990570439031,5118,0,1.0,0.9345447440406409,0.9345447440406409,0.9345447440406409,0.034544744040640896,0.0,0.034544744040640896,0.034544744040640896,0.0,0.034544744040640896,0.16745895310812617,0.21559771216370835,8.962430238643705,usable_predictions,attempted_predictions,0.8692255434782609,True,robust_local_cqr,5118,5118,4813,23.22038798572975,19.462722674012184,26.67100685973626,5.231990570439031,5118,0,1.0,0.9404064087534193,0.9404064087534193,0.9404064087534193,0.040406408753419276,0.0,0.040406408753419276,0.040406408753419276,0.0,0.040406408753419276,0.17861836912099807,0.20516159122874045,8.962430238643705,usable_predictions,attempted_predictions,0.8692255434782609,True,0.0,-0.0058616647127783805,-1.356695721545826,1.45072408167335
CSGS2,q4_2020,4,robust_condition_cqr,combined_outage,ramp,770,770,566,35.12712353279258,33.92871117591858,74.13961586748044,12.471452417931,770,0,1.0,0.7350649350649351,0.7350649350649351,0.7350649350649351,0.16493506493506493,0.16493506493506493,0.0,0.16493506493506493,0.16493506493506493,0.0,0.2702086425599429,0.5703047374421573,16.41584481035567,usable_predictions,attempted_predictions,0.13077445652173914,True,robust_local_cqr,770,770,624,42.43879283671207,41.325960636138916,71.20694404876029,12.471452417931,770,0,1.0,0.8103896103896104,0.8103896103896104,0.8103896103896104,0.08961038961038958,0.08961038961038958,0.0,0.08961038961038958,0.08961038961038958,0.0,0.3264522525900928,0.5477457234520022,16.41584481035567,usable_predictions,attempted_predictions,0.13077445652173914,True,0.07532467532467535,0.07532467532467535,-2.932671818720152,7.311669303919487
CSGS2,q4_2020,4,robust_condition_cqr,irradiance_outage,non_ramp,5118,5118,4805,18.410673351948933,13.617184162139893,23.415282503546344,4.132361311286443,5118,0,1.0,0.9388432981633451,0.9388432981633451,0.9388432981633451,0.038843298163345086,0.0,0.038843298163345086,0.038843298163345086,0.0,0.038843298163345086,0.14162056424576103,0.18011755771958726,7.710029060806971,usable_predictions,attempted_predictions,0.8692255434782609,True,robust_local_cqr,5118,5118,4886,20.58571151807597,13.69814744591713,23.086663349254415,4.132361311286443,5118,0,1.0,0.9546697928878468,0.9546697928878468,0.9546697928878468,0.05466979288784679,0.0,0.05466979288784679,0.05466979288784679,0.0,0.05466979288784679,0.15835162706212286,0.1775897180711878,7.710029060806971,usable_predictions,attempted_predictions,0.8692255434782609,True,0.0,-0.015826494724501705,-0.32861915429192834,2.175038166127038
CSGS2,q4_2020,4,robust_condition_cqr,irradiance_outage,ramp,770,770,578,32.80213400615113,30.91883158683777,74.05631713133741,10.857853954488581,770,0,1.0,0.7506493506493507,0.7506493506493507,0.7506493506493507,0.14935064935064934,0.14935064935064934,0.0,0.14935064935064934,0.14935064935064934,0.0,0.25232410773962405,0.5696639779333647,15.65864242302799,usable_predictions,attempted_predictions,0.13077445652173914,True,robust_local_cqr,770,770,657,42.884456522028906,42.672571420669556,71.07396080794037,10.857853954488581,770,0,1.0,0.8532467532467533,0.8532467532467533,0.8532467532467533,0.04675324675324677,0.04675324675324677,0.0,0.04675324675324677,0.04675324675324677,0.0,0.32988043478483775,0.5467227754456951,15.65864242302799,usable_predictions,attempted_predictions,0.13077445652173914,True,0.10259740259740258,0.10259740259740258,-2.982356323397042,10.082322515877777
CSGS2,q4_2020,4,robust_condition_cqr,recent_power_outage,non_ramp,5118,5118,4718,19.44798000937267,14.371971994638443,26.794759062916494,4.889494609761723,5118,0,1.0,0.9218444704962876,0.9218444704962876,0.9218444704962876,0.02184447049628757,0.0,0.02184447049628757,0.02184447049628757,0.0,0.02184447049628757,0.14959984622594363,0.2061135312532038,8.681248174551284,usable_predictions,attempted_predictions,0.8692255434782609,True,robust_local_cqr,5118,5118,4803,22.06509290645557,14.711155891418457,25.764979537872673,4.889494609761723,5118,0,1.0,0.9384525205158265,0.9384525205158265,0.9384525205158265,0.03845252051582648,0.0,0.03845252051582648,0.03845252051582648,0.0,0.03845252051582648,0.16973148389581205,0.19819215029132825,8.681248174551284,usable_predictions,attempted_predictions,0.8692255434782609,True,0.0,-0.01660805001953891,-1.0297795250438213,2.6171128970828974
CSGS2,q4_2020,4,robust_condition_cqr,recent_power_outage,ramp,770,770,558,32.16771350547478,31.218839645385742,72.26607557045561,10.8845720545038,770,0,1.0,0.7246753246753247,0.7246753246753247,0.7246753246753247,0.17532467532467533,0.17532467532467533,0.0,0.17532467532467533,0.17532467532467533,0.0,0.2474439500421137,0.5558928890035048,15.373665252727694,usable_predictions,attempted_predictions,0.13077445652173914,True,robust_local_cqr,770,770,645,40.80304177417964,38.59123182296753,64.9981422983884,10.8845720545038,770,0,1.0,0.8376623376623377,0.8376623376623377,0.8376623376623377,0.06233766233766236,0.06233766233766236,0.0,0.06233766233766236,0.06233766233766236,0.0,0.31386955210907413,0.4999857099876031,15.373665252727694,usable_predictions,attempted_predictions,0.13077445652173914,True,0.11298701298701297,0.11298701298701297,-7.267933272067211,8.63532826870486
CSGS2,q4_2020,4,robust_condition_cqr,weather_outage,non_ramp,5118,5118,4740,16.507031520078616,11.964577436447144,21.630520811754007,3.8470652292731127,5118,0,1.0,0.9261430246189918,0.9261430246189918,0.9261430246189918,0.02614302461899176,0.0,0.02614302461899176,0.02614302461899176,0.0,0.02614302461899176,0.12697716553906627,0.16638862162887696,7.146883442137877,usable_predictions,attempted_predictions,0.8692255434782609,True,robust_local_cqr,5118,5118,4843,19.115231604883178,12.709508717060089,21.6251236302204,3.8470652292731127,5118,0,1.0,0.9462680734661977,0.9462680734661977,0.9462680734661977,0.04626807346619766,0.0,0.04626807346619766,0.04626807346619766,0.0,0.04626807346619766,0.147040243114486,0.16634710484784923,7.146883442137877,usable_predictions,attempted_predictions,0.8692255434782609,True,0.0,-0.020125048847205895,-0.005397181533606243,2.6082000848045617
CSGS2,q4_2020,4,robust_condition_cqr,weather_outage,ramp,770,770,501,28.35235527151978,27.096332550048828,85.02424954936488,11.582229886349145,770,0,1.0,0.6506493506493507,0.6506493506493507,0.6506493506493507,0.24935064935064932,0.24935064935064932,0.0,0.24935064935064932,0.24935064935064932,0.0,0.21809504055015216,0.6540326888412683,16.417286526396307,usable_predictions,attempted_predictions,0.13077445652173914,True,robust_local_cqr,770,770,627,40.333368591783426,39.392300605773926,72.65885571933521,11.582229886349145,770,0,1.0,0.8142857142857143,0.8142857142857143,0.8142857142857143,0.08571428571428574,0.08571428571428574,0.0,0.08571428571428574,0.08571428571428574,0.0,0.31025668147525715,0.5589142747641169,16.417286526396307,usable_predictions,attempted_predictions,0.13077445652173914,True,0.16363636363636358,0.16363636363636358,-12.365393830029674,11.981013320263646
CSGS5,q1_2020,1,robust_condition_cqr,clean,non_ramp,3372,3372,3061,18.924259548515888,18.05107045173645,21.600209229761234,2.8624295486662175,3372,0,1.0,0.9077698695136418,0.9077698695136418,0.9077698695136418,0.007769869513641781,0.0,0.007769869513641781,0.007769869513641781,0.0,0.007769869513641781,0.17203872316832625,0.19636553845237484,4.43870177209059,usable_predictions,attempted_predictions,0.9098758769562871,True,robust_local_cqr,3372,3372,3184,20.818272959627773,18.432753086090088,22.283994804786182,2.8624295486662175,3372,0,1.0,0.9442467378410438,0.9442467378410438,0.9442467378410438,0.044246737841043826,0.0,0.044246737841043826,0.044246737841043826,0.0,0.044246737841043826,0.18925702690570703,0.20258177095260166,4.43870177209059,usable_predictions,attempted_predictions,0.9098758769562871,True,0.0,-0.036476868327402046,0.6837855750249489,1.8940134111118851
CSGS5,q1_2020,1,robust_condition_cqr,clean,ramp,334,334,173,30.808301040512358,31.464582443237305,102.3124326032079,15.850222978049409,334,0,1.0,0.5179640718562875,0.5179640718562875,0.5179640718562875,0.38203592814371257,0.38203592814371257,0.0,0.38203592814371257,0.38203592814371257,0.0,0.2800754640046578,0.9301130236655263,18.240602038627824,usable_predictions,attempted_predictions,0.0901241230437129,True,robust_local_cqr,334,334,219,37.12049065021698,39.0674934387207,84.85036524969661,15.850222978049409,334,0,1.0,0.655688622754491,0.655688622754491,0.655688622754491,0.244311377245509,0.244311377245509,0.0,0.244311377245509,0.244311377245509,0.0,0.3374590059110634,0.7713669568154237,18.240602038627824,usable_predictions,attempted_predictions,0.0901241230437129,True,0.13772455089820357,0.13772455089820357,-17.462067353511287,6.312189609704621
CSGS5,q1_2020,1,robust_condition_cqr,combined_outage,non_ramp,3372,3372,2377,28.94958178741882,30.770623445510864,74.57545538108535,12.30957777973006,3372,0,1.0,0.7049228944246738,0.7049228944246738,0.7049228944246738,0.1950771055753262,0.1950771055753262,0.0,0.1950771055753262,0.1950771055753262,0.0,0.26317801624926196,0.6779586852825941,17.1535135511029,usable_predictions,attempted_predictions,0.9098758769562871,True,robust_local_cqr,3372,3372,2597,32.03232917442387,34.542152404785156,67.91475461113636,12.30957777973006,3372,0,1.0,0.7701660735468565,0.7701660735468565,0.7701660735468565,0.1298339264531435,0.1298339264531435,0.0,0.1298339264531435,0.1298339264531435,0.0,0.29120299249476245,0.6174068601012397,17.1535135511029,usable_predictions,attempted_predictions,0.9098758769562871,True,0.06524317912218269,0.06524317912218269,-6.660700769948988,3.0827473870050532
CSGS5,q1_2020,1,robust_condition_cqr,combined_outage,ramp,334,334,217,35.38027091583092,35.134225845336914,102.36588100401941,15.133733513826382,334,0,1.0,0.6497005988023952,0.6497005988023952,0.6497005988023952,0.25029940119760485,0.25029940119760485,0.0,0.25029940119760485,0.25029940119760485,0.0,0.3216388265075538,0.9305989182183583,18.437509102374342,usable_predictions,attempted_predictions,0.0901241230437129,True,robust_local_cqr,334,334,244,40.92129308145917,40.614995181560516,89.55258766887431,15.133733513826382,334,0,1.0,0.7305389221556886,0.7305389221556886,0.7305389221556886,0.16946107784431141,0.16946107784431141,0.0,0.16946107784431141,0.16946107784431141,0.0,0.37201175528599245,0.8141144333534028,18.437509102374342,usable_predictions,attempted_predictions,0.0901241230437129,True,0.08083832335329344,0.08083832335329344,-12.813293335145104,5.541022165628249
CSGS5,q1_2020,1,robust_condition_cqr,irradiance_outage,non_ramp,3372,3372,3142,25.268964747624228,25.93273413181305,27.374435467975783,3.577622401026494,3372,0,1.0,0.9317912218268091,0.9317912218268091,0.9317912218268091,0.031791221826809046,0.0,0.031791221826809046,0.031791221826809046,0.0,0.031791221826809046,0.22971786134203845,0.2488585042543253,5.375673892066155,usable_predictions,attempted_predictions,0.9098758769562871,True,robust_local_cqr,3372,3372,3231,26.576945074444602,26.397866249084473,27.771788096801213,3.577622401026494,3372,0,1.0,0.958185053380783,0.958185053380783,0.958185053380783,0.05818505338078295,0.0,0.05818505338078295,0.05818505338078295,0.0,0.05818505338078295,0.24160859158586,0.252470800880011,5.375673892066155,usable_predictions,attempted_predictions,0.9098758769562871,True,0.0,-0.0263938315539739,0.39735262882543054,1.307980326820374
CSGS5,q1_2020,1,robust_condition_cqr,irradiance_outage,ramp,334,334,195,32.95201620798625,32.71579885482788,91.62765819298293,15.482856272937296,334,0,1.0,0.5838323353293413,0.5838323353293413,0.5838323353293413,0.3161676646706587,0.3161676646706587,0.0,0.3161676646706587,0.3161676646706587,0.0,0.29956378370896586,0.8329787108452994,17.904914733491538,usable_predictions,attempted_predictions,0.0901241230437129,True,robust_local_cqr,334,334,226,36.956981632523906,36.81361770629883,81.35784662198164,15.482856272937296,334,0,1.0,0.6766467065868264,0.6766467065868264,0.6766467065868264,0.22335329341317367,0.22335329341317367,0.0,0.22335329341317367,0.22335329341317367,0.0,0.33597256029567185,0.7396167874725603,17.904914733491538,usable_predictions,attempted_predictions,0.0901241230437129,True,0.09281437125748504,0.09281437125748504,-10.269811571001298,4.004965424537659
CSGS5,q1_2020,1,robust_condition_cqr,recent_power_outage,non_ramp,3372,3372,2984,27.593802234038534,30.015033721923828,32.69699292980826,5.496107806031529,3372,0,1.0,0.8849347568208779,0.8849347568208779,0.8849347568208779,0.015065243179122167,0.015065243179122167,0.0,0.015065243179122167,0.015065243179122167,0.0,0.2508527475821685,0.2972453902709842,8.146650629348697,usable_predictions,attempted_predictions,0.9098758769562871,True,robust_local_cqr,3372,3372,3126,28.823866746656023,30.569923877716064,32.63658907094034,5.496107806031529,3372,0,1.0,0.9270462633451957,0.9270462633451957,0.9270462633451957,0.027046263345195665,0.0,0.027046263345195665,0.027046263345195665,0.0,0.027046263345195665,0.2620351522423275,0.2966962642812758,8.146650629348697,usable_predictions,attempted_predictions,0.9098758769562871,True,0.015065243179122167,-0.011981020166073497,-0.060403858867921656,1.2300645126174885
CSGS5,q1_2020,1,robust_condition_cqr,recent_power_outage,ramp,334,334,221,36.0553175903366,36.663954734802246,92.57226762086331,14.44439751231028,334,0,1.0,0.6616766467065869,0.6616766467065869,0.6616766467065869,0.23832335329341314,0.23832335329341314,0.0,0.23832335329341314,0.23832335329341314,0.0,0.32777561445760545,0.8415660692805755,17.67045946401516,usable_predictions,attempted_predictions,0.0901241230437129,True,robust_local_cqr,334,334,230,37.94526151268782,37.747910499572754,88.5047511968784,14.44439751231028,334,0,1.0,0.688622754491018,0.688622754491018,0.688622754491018,0.21137724550898207,0.21137724550898207,0.0,0.21137724550898207,0.21137724550898207,0.0,0.34495692284261653,0.8045886472443491,17.67045946401516,usable_predictions,attempted_predictions,0.0901241230437129,True,0.026946107784431073,0.026946107784431073,-4.067516423984912,1.8899439223512218
CSGS5,q1_2020,1,robust_condition_cqr,weather_outage,non_ramp,3372,3372,3083,19.62053087826155,18.686319828033447,22.180644556613125,2.9302294211856266,3372,0,1.0,0.91429418742586,0.91429418742586,0.91429418742586,0.014294187425859972,0.0,0.014294187425859972,0.014294187425859972,0.0,0.014294187425859972,0.17836846252965047,0.2016422232419375,4.533195035747653,usable_predictions,attempted_predictions,0.9098758769562871,True,robust_local_cqr,3372,3372,3196,21.6759716074474,19.127505779266357,23.031374077071362,2.9302294211856266,3372,0,1.0,0.9478054567022538,0.9478054567022538,0.9478054567022538,0.04780545670225378,0.0,0.04780545670225378,0.04780545670225378,0.0,0.04780545670225378,0.19705428734043093,0.20937612797337601,4.533195035747653,usable_predictions,attempted_predictions,0.9098758769562871,True,0.0,-0.03351126927639381,0.8507295204582377,2.0554407291858503
CSGS5,q1_2020,1,robust_condition_cqr,weather_outage,ramp,334,334,180,31.009362271713638,31.471776962280273,99.78746651130879,15.726241270939033,334,0,1.0,0.5389221556886228,0.5389221556886228,0.5389221556886228,0.36107784431137724,0.36107784431137724,0.0,0.36107784431137724,0.36107784431137724,0.0,0.2819032933792149,0.9071587864664435,18.131784906111687,usable_predictions,attempted_predictions,0.0901241230437129,True,robust_local_cqr,334,334,221,37.47874508717817,39.55743980407715,83.16602487407044,15.726241270939033,334,0,1.0,0.6616766467065869,0.6616766467065869,0.6616766467065869,0.23832335329341314,0.23832335329341314,0.0,0.23832335329341314,0.23832335329341314,0.0,0.34071586442889246,0.7560547715824586,18.131784906111687,usable_predictions,attempted_predictions,0.0901241230437129,True,0.1227544910179641,0.1227544910179641,-16.621441637238348,6.469382815464531
CSGS5,q1_2020,4,robust_condition_cqr,clean,non_ramp,2896,2896,2582,35.26107105676968,39.49137806892395,42.04350721356946,6.588341799378138,2896,0,1.0,0.8915745856353591,0.8915745856353591,0.8915745856353591,0.008425414364640949,0.008425414364640949,0.0,0.008425414364640949,0.008425414364640949,0.0,0.3205551914251789,0.3822137019415406,9.699789180644242,usable_predictions,attempted_predictions,0.8421052631578947,True,robust_local_cqr,2896,2896,2685,38.39022812597908,40.78362798690796,42.22141348737268,6.588341799378138,2896,0,1.0,0.9271408839779005,0.9271408839779005,0.9271408839779005,0.027140883977900487,0.0,0.027140883977900487,0.027140883977900487,0.0,0.027140883977900487,0.34900207387253707,0.383831031703388,9.699789180644242,usable_predictions,attempted_predictions,0.8421052631578947,True,0.008425414364640949,-0.01871546961325954,0.17790627380321666,3.1291570692093984
CSGS5,q1_2020,4,robust_condition_cqr,clean,ramp,543,543,412,38.58181468744524,43.90724182128906,87.0084724993776,13.76141604446355,543,0,1.0,0.7587476979742173,0.7587476979742173,0.7587476979742173,0.14125230202578276,0.14125230202578276,0.0,0.14125230202578276,0.14125230202578276,0.0,0.3507437698858658,0.7909861136307055,18.774885174880964,usable_predictions,attempted_predictions,0.15789473684210525,True,robust_local_cqr,543,543,444,43.29418050434996,47.7885160446167,77.2055964948949,13.76141604446355,543,0,1.0,0.8176795580110497,0.8176795580110497,0.8176795580110497,0.08232044198895028,0.08232044198895028,0.0,0.08232044198895028,0.08232044198895028,0.0,0.39358345913045417,0.7018690590444991,18.774885174880964,usable_predictions,attempted_predictions,0.15789473684210525,True,0.058931860036832484,0.058931860036832484,-9.802876004482698,4.712365816904722
CSGS5,q1_2020,4,robust_condition_cqr,combined_outage,non_ramp,2896,2896,1954,35.14332470581021,38.62257194519043,120.29668421470846,16.45732138877624,2896,0,1.0,0.6747237569060773,0.6747237569060773,0.6747237569060773,0.2252762430939227,0.2252762430939227,0.0,0.2252762430939227,0.2252762430939227,0.0,0.31948477005282006,1.0936062201337133,23.01798228490018,usable_predictions,attempted_predictions,0.8421052631578947,True,robust_local_cqr,2896,2896,2099,40.11917214624793,41.49052810668945,106.43921218087853,16.45732138877624,2896,0,1.0,0.724792817679558,0.724792817679558,0.724792817679558,0.17520718232044197,0.17520718232044197,0.0,0.17520718232044197,0.17520718232044197,0.0,0.36471974678407204,0.9676292016443503,23.01798228490018,usable_predictions,attempted_predictions,0.8421052631578947,True,0.05006906077348072,0.05006906077348072,-13.857472033829936,4.975847440437718
CSGS5,q1_2020,4,robust_condition_cqr,combined_outage,ramp,543,543,418,37.86311344860008,39.29570960998535,87.11423343809709,14.557795653027066,543,0,1.0,0.7697974217311234,0.7697974217311234,0.7697974217311234,0.1302025782688766,0.1302025782688766,0.0,0.1302025782688766,0.1302025782688766,0.0,0.34421012226000075,0.7919475767099735,19.07849245008896,usable_predictions,attempted_predictions,0.15789473684210525,True,robust_local_cqr,543,543,463,43.59118326686144,44.04554557800293,76.10994882878897,14.557795653027066,543,0,1.0,0.852670349907919,0.852670349907919,0.852670349907919,0.04732965009208101,0.04732965009208101,0.0,0.04732965009208101,0.04732965009208101,0.0,0.3962834842441949,0.6919086257162634,19.07849245008896,usable_predictions,attempted_predictions,0.15789473684210525,True,0.08287292817679559,0.08287292817679559,-11.004284609308115,5.7280698182613605
CSGS5,q1_2020,4,robust_condition_cqr,irradiance_outage,non_ramp,2896,2896,2484,35.401765031178975,36.892574310302734,43.683574324576405,11.39628842261794,2896,0,1.0,0.8577348066298343,0.8577348066298343,0.8577348066298343,0.042265193370165766,0.042265193370165766,0.0,0.042265193370165766,0.042265193370165766,0.0,0.3218342275561725,0.3971234029506946,16.560732171997355,usable_predictions,attempted_predictions,0.8421052631578947,True,robust_local_cqr,2896,2896,2697,39.26039100970129,38.71566295623779,43.46726273749407,11.39628842261794,2896,0,1.0,0.9312845303867403,0.9312845303867403,0.9312845303867403,0.031284530386740284,0.0,0.031284530386740284,0.031284530386740284,0.0,0.031284530386740284,0.356912645542739,0.3951569339772188,16.560732171997355,usable_predictions,attempted_predictions,0.8421052631578947,True,0.042265193370165766,0.010980662983425482,-0.21631158708233755,3.858625978522312
CSGS5,q1_2020,4,robust_condition_cqr,irradiance_outage,ramp,543,543,406,38.83543220140438,41.99295234680176,92.88109876959143,14.323852514035135,543,0,1.0,0.7476979742173112,0.7476979742173112,0.7476979742173112,0.1523020257826888,0.1523020257826888,0.0,0.1523020257826888,0.1523020257826888,0.0,0.35304938364913074,0.8443736251781039,19.329159258003312,usable_predictions,attempted_predictions,0.15789473684210525,True,robust_local_cqr,543,543,436,43.57344245863478,45.84231376647949,83.71234173314821,14.323852514035135,543,0,1.0,0.8029465930018416,0.8029465930018416,0.8029465930018416,0.09705340699815845,0.09705340699815845,0.0,0.09705340699815845,0.09705340699815845,0.0,0.3961222041694071,0.7610212884831655,19.329159258003312,usable_predictions,attempted_predictions,0.15789473684210525,True,0.05524861878453036,0.05524861878453036,-9.168757036443225,4.7380102572304
CSGS5,q1_2020,4,robust_condition_cqr,recent_power_outage,non_ramp,2896,2896,2448,37.75022824177999,41.940062046051025,48.4306337164338,10.936994585080924,2896,0,1.0,0.8453038674033149,0.8453038674033149,0.8453038674033149,0.054696132596685154,0.054696132596685154,0.0,0.054696132596685154,0.054696132596685154,0.0,0.34318389310709085,0.4402784883312164,14.880111344333937,usable_predictions,attempted_predictions,0.8421052631578947,True,robust_local_cqr,2896,2896,2667,42.477570047120494,45.32444190979004,47.52451296757284,10.936994585080924,2896,0,1.0,0.9209254143646409,0.9209254143646409,0.9209254143646409,0.020925414364640904,0.0,0.020925414364640904,0.020925414364640904,0.0,0.020925414364640904,0.3861597277010954,0.4320410269779349,14.880111344333937,usable_predictions,attempted_predictions,0.8421052631578947,True,0.054696132596685154,0.03377071823204425,-0.9061207488609639,4.727341805340501
CSGS5,q1_2020,4,robust_condition_cqr,recent_power_outage,ramp,543,543,425,40.780692081665194,45.54885482788086,81.56297123763525,12.976407769196161,543,0,1.0,0.7826887661141805,0.7826887661141805,0.7826887661141805,0.11731123388581954,0.11731123388581954,0.0,0.11731123388581954,0.11731123388581954,0.0,0.37073356437877447,0.741481556705775,17.580944972762445,usable_predictions,attempted_predictions,0.15789473684210525,True,robust_local_cqr,543,543,470,46.39931604696324,51.00556182861328,72.0172390019792,12.976407769196161,543,0,1.0,0.8655616942909761,0.8655616942909761,0.8655616942909761,0.03443830570902395,0.03443830570902395,0.0,0.03443830570902395,0.03443830570902395,0.0,0.4218119640633022,0.6547021727452655,17.580944972762445,usable_predictions,attempted_predictions,0.15789473684210525,True,0.08287292817679559,0.08287292817679559,-9.545732235656047,5.618623965298049
CSGS5,q1_2020,4,robust_condition_cqr,weather_outage,non_ramp,2896,2896,2620,36.08181226685452,40.16055107116699,41.80578276881088,6.7733761962380665,2896,0,1.0,0.9046961325966851,0.9046961325966851,0.9046961325966851,0.00469613259668511,0.0,0.00469613259668511,0.00469613259668511,0.0,0.00469613259668511,0.3280164751532229,0.3800525706255534,9.839774039348791,usable_predictions,attempted_predictions,0.8421052631578947,True,robust_local_cqr,2896,2896,2712,38.85558985613926,41.397705078125,42.29661847916541,6.7733761962380665,2896,0,1.0,0.93646408839779,0.93646408839779,0.93646408839779,0.03646408839779003,0.0,0.03646408839779003,0.03646408839779003,0.0,0.03646408839779003,0.3532326350558115,0.38451471344695826,9.839774039348791,usable_predictions,attempted_predictions,0.8421052631578947,True,0.0,-0.03176795580110492,0.49083571035453133,2.773777589284741
CSGS5,q1_2020,4,robust_condition_cqr,weather_outage,ramp,543,543,402,38.75130672558017,43.7627649307251,88.30429762843345,14.036773035758987,543,0,1.0,0.7403314917127072,0.7403314917127072,0.7403314917127072,0.15966850828729284,0.15966850828729284,0.0,0.15966850828729284,0.15966850828729284,0.0,0.3522846065961834,0.8027663420766676,19.020048199834015,usable_predictions,attempted_predictions,0.15789473684210525,True,robust_local_cqr,543,543,433,43.140663986093436,47.59023475646973,78.21000430206503,14.036773035758987,543,0,1.0,0.7974217311233885,0.7974217311233885,0.7974217311233885,0.10257826887661148,0.10257826887661148,0.0,0.10257826887661148,0.10257826887661148,0.0,0.39218785441903126,0.7110000391096821,19.020048199834015,usable_predictions,attempted_predictions,0.15789473684210525,True,0.057090239410681365,0.057090239410681365,-10.094293326368415,4.389357260513265
CSGS5,q2_2020,1,robust_condition_cqr,clean,non_ramp,4040,4040,3794,20.193238958340174,18.649965286254883,22.310541877478805,3.2041671444613504,4040,0,1.0,0.939108910891089,0.939108910891089,0.939108910891089,0.03910891089108903,0.0,0.03910891089108903,0.03910891089108903,0.0,0.03910891089108903,0.18357489962127432,0.20282310797708006,4.8840300769806815,usable_predictions,attempted_predictions,0.8599404001702853,True,robust_local_cqr,4040,4040,3828,21.84919492569739,18.97390365600586,23.350876424290423,3.2041671444613504,4040,0,1.0,0.9475247524752475,0.9475247524752475,0.9475247524752475,0.047524752475247456,0.0,0.047524752475247456,0.047524752475247456,0.0,0.047524752475247456,0.19862904477906718,0.21228069476627656,4.8840300769806815,usable_predictions,attempted_predictions,0.8599404001702853,True,0.0,-0.008415841584158423,1.0403345468116179,1.6559559673572153
CSGS5,q2_2020,1,robust_condition_cqr,clean,ramp,658,658,378,32.050142549816236,32.399330139160156,91.87274785099783,15.598212658815472,658,0,1.0,0.574468085106383,0.574468085106383,0.574468085106383,0.325531914893617,0.325531914893617,0.0,0.325531914893617,0.325531914893617,0.0,0.2913649322710567,0.8352067986454348,17.864243860664708,usable_predictions,attempted_predictions,0.14005959982971478,True,robust_local_cqr,658,658,450,38.39229977595136,37.46912479400635,80.26825481265965,15.598212658815472,658,0,1.0,0.6838905775075987,0.6838905775075987,0.6838905775075987,0.21610942249240128,0.21610942249240128,0.0,0.21610942249240128,0.21610942249240128,0.0,0.34902090705410327,0.729711407387815,17.864243860664708,usable_predictions,attempted_predictions,0.14005959982971478,True,0.10942249240121571,0.10942249240121571,-11.604493038338177,6.342157226135122
CSGS5,q2_2020,1,robust_condition_cqr,combined_outage,non_ramp,4040,4040,3921,45.04206490718603,48.74249887466431,49.31283524273756,8.06151510701736,4040,0,1.0,0.9705445544554455,0.9705445544554455,0.9705445544554455,0.0705445544554455,0.0,0.0705445544554455,0.0705445544554455,0.0,0.0705445544554455,0.4094733173380548,0.44829850220670514,11.405687103658586,usable_predictions,attempted_predictions,0.8599404001702853,True,robust_local_cqr,4040,4040,3687,37.278728849783576,39.650277614593506,44.87018291929176,8.06151510701736,4040,0,1.0,0.9126237623762377,0.9126237623762377,0.9126237623762377,0.012623762376237635,0.0,0.012623762376237635,0.012623762376237635,0.0,0.012623762376237635,0.3388975349980325,0.40791075381174324,11.405687103658586,usable_predictions,attempted_predictions,0.8599404001702853,True,0.0,0.05792079207920786,-4.442652323445806,-7.763336057402455
CSGS5,q2_2020,1,robust_condition_cqr,combined_outage,ramp,658,658,590,53.8636770413277,54.290870666503906,67.91617760669135,14.319866125344506,658,0,1.0,0.8966565349544073,0.8966565349544073,0.8966565349544073,0.003343465045592686,0.003343465045592686,0.0,0.003343465045592686,0.003343465045592686,0.0,0.48966979128479726,0.6174197964244668,17.50606884168027,usable_predictions,attempted_predictions,0.14005959982971478,True,robust_local_cqr,658,658,554,49.269859043535945,49.15367889404297,71.31974228887074,14.319866125344506,658,0,1.0,0.8419452887537994,0.8419452887537994,0.8419452887537994,0.05805471124620065,0.05805471124620065,0.0,0.05805471124620065,0.05805471124620065,0.0,0.4479078094866904,0.6483612935351886,17.50606884168027,usable_predictions,attempted_predictions,0.14005959982971478,True,-0.054711246200607966,-0.054711246200607966,3.4035646821793932,-4.593817997791753
CSGS5,q2_2020,1,robust_condition_cqr,irradiance_outage,non_ramp,4040,4040,3797,24.53225225859755,24.901415824890137,26.486015975018315,3.827600843664737,4040,0,1.0,0.9398514851485148,0.9398514851485148,0.9398514851485148,0.039851485148514776,0.0,0.039851485148514776,0.039851485148514776,0.0,0.039851485148514776,0.22302047507815953,0.24078196340925742,5.5628846873210325,usable_predictions,attempted_predictions,0.8599404001702853,True,robust_local_cqr,4040,4040,3866,25.998404847922195,25.55745267868042,27.200873377127486,3.827600843664737,4040,0,1.0,0.9569306930693069,0.9569306930693069,0.9569306930693069,0.05693069306930687,0.0,0.05693069306930687,0.05693069306930687,0.0,0.05693069306930687,0.23634913498111088,0.24728066706479532,5.5628846873210325,usable_predictions,attempted_predictions,0.8599404001702853,True,0.0,-0.017079207920792094,0.7148574021091711,1.466152589324647
CSGS5,q2_2020,1,robust_condition_cqr,irradiance_outage,ramp,658,658,406,34.24637149568749,34.49810791015625,87.78704349067074,15.547360522406441,658,0,1.0,0.6170212765957447,0.6170212765957447,0.6170212765957447,0.28297872340425534,0.28297872340425534,0.0,0.28297872340425534,0.28297872340425534,0.0,0.31133064996079535,0.7980640317333704,17.858604740793595,usable_predictions,attempted_predictions,0.14005959982971478,True,robust_local_cqr,658,658,462,39.042781031602786,38.58981657028198,79.20079051723596,15.547360522406441,658,0,1.0,0.7021276595744681,0.7021276595744681,0.7021276595744681,0.19787234042553192,0.19787234042553192,0.0,0.19787234042553192,0.19787234042553192,0.0,0.35493437301457076,0.7200071865203269,17.858604740793595,usable_predictions,attempted_predictions,0.14005959982971478,True,0.08510638297872342,0.08510638297872342,-8.586252973434782,4.796409535915295
CSGS5,q2_2020,1,robust_condition_cqr,recent_power_outage,non_ramp,4040,4040,3848,26.015326747829832,27.149505615234375,28.05777667370846,4.273456528791489,4040,0,1.0,0.9524752475247524,0.9524752475247524,0.9524752475247524,0.05247524752475241,0.0,0.05247524752475241,0.05247524752475241,0.0,0.05247524752475241,0.23650297043481666,0.25507069703371327,6.30803369659566,usable_predictions,attempted_predictions,0.8599404001702853,True,robust_local_cqr,4040,4040,3838,26.554696738405504,27.099053382873535,28.179726841683397,4.273456528791489,4040,0,1.0,0.95,0.95,0.95,0.04999999999999993,0.0,0.04999999999999993,0.04999999999999993,0.0,0.04999999999999993,0.24140633398550457,0.25617933492439454,6.30803369659566,usable_predictions,attempted_predictions,0.8599404001702853,True,0.0,0.0024752475247524774,0.12195016797493707,0.5393699905756719
CSGS5,q2_2020,1,robust_condition_cqr,recent_power_outage,ramp,658,658,413,35.113691819746805,34.72775077819824,86.28395424054024,15.203831535704593,658,0,1.0,0.6276595744680851,0.6276595744680851,0.6276595744680851,0.27234042553191495,0.27234042553191495,0.0,0.27234042553191495,0.27234042553191495,0.0,0.3192153801795164,0.7843995840049113,17.723778739675762,usable_predictions,attempted_predictions,0.14005959982971478,True,robust_local_cqr,658,658,464,39.690089835691914,38.126644134521484,78.57732612068416,15.203831535704593,658,0,1.0,0.7051671732522796,0.7051671732522796,0.7051671732522796,0.1948328267477204,0.1948328267477204,0.0,0.1948328267477204,0.1948328267477204,0.0,0.3608189985062901,0.714339328369856,17.723778739675762,usable_predictions,attempted_predictions,0.14005959982971478,True,0.07750759878419455,0.07750759878419455,-7.706628119856077,4.576398015945109
CSGS5,q2_2020,1,robust_condition_cqr,weather_outage,non_ramp,4040,4040,3785,20.23943324061805,19.080418348312378,22.507513434720707,3.2702152166464873,4040,0,1.0,0.9368811881188119,0.9368811881188119,0.9368811881188119,0.036881188118811914,0.0,0.036881188118811914,0.036881188118811914,0.0,0.036881188118811914,0.1839948476419823,0.20461375849746097,4.906223923620583,usable_predictions,attempted_predictions,0.8599404001702853,True,robust_local_cqr,4040,4040,3820,21.938323301709104,19.344158172607422,23.512258233754817,3.2702152166464873,4040,0,1.0,0.9455445544554455,0.9455445544554455,0.9455445544554455,0.045544554455445474,0.0,0.045544554455445474,0.045544554455445474,0.0,0.045544554455445474,0.19943930274281005,0.2137478021250438,4.906223923620583,usable_predictions,attempted_predictions,0.8599404001702853,True,0.0,-0.00866336633663356,1.0047447990341105,1.6988900610910527
CSGS5,q2_2020,1,robust_condition_cqr,weather_outage,ramp,658,658,353,31.782439503626257,32.36725997924805,92.33090383520967,15.576971984199478,658,0,1.0,0.5364741641337386,0.5364741641337386,0.5364741641337386,0.3635258358662614,0.3635258358662614,0.0,0.3635258358662614,0.3635258358662614,0.0,0.28893126821478415,0.8393718530473606,17.859358902409017,usable_predictions,attempted_predictions,0.14005959982971478,True,robust_local_cqr,658,658,448,38.117546499494495,37.26333427429199,79.25681415716,15.576971984199478,658,0,1.0,0.6808510638297872,0.6808510638297872,0.6808510638297872,0.2191489361702128,0.2191489361702128,0.0,0.2191489361702128,0.2191489361702128,0.0,0.3465231499954045,0.7205164923378181,17.859358902409017,usable_predictions,attempted_predictions,0.14005959982971478,True,0.1443768996960486,0.1443768996960486,-13.074089678049674,6.335106995868237
CSGS5,q2_2020,4,robust_condition_cqr,clean,non_ramp,3767,3767,3480,34.48493554950379,35.18100166320801,39.738076160120066,7.079269464036861,3767,0,1.0,0.9238120520307938,0.9238120520307938,0.9238120520307938,0.02381205203079373,0.0,0.02381205203079373,0.02381205203079373,0.0,0.02381205203079373,0.3134994140863981,0.3612552378192733,10.058712608159853,usable_predictions,attempted_predictions,0.851107094441934,True,robust_local_cqr,3767,3767,3551,36.78129673071388,36.78822135925293,40.636456239823076,7.079269464036861,3767,0,1.0,0.9426599415980886,0.9426599415980886,0.9426599415980886,0.04265994159808861,0.0,0.04265994159808861,0.04265994159808861,0.0,0.04265994159808861,0.33437542482467164,0.36942232945293707,10.058712608159853,usable_predictions,attempted_predictions,0.851107094441934,True,0.0,-0.018847889567294884,0.8983800797030099,2.296361181210095
CSGS5,q2_2020,4,robust_condition_cqr,clean,ramp,659,659,461,40.832705960921345,42.86956024169922,99.66756230791711,15.73145868863249,659,0,1.0,0.6995447647951442,0.6995447647951442,0.6995447647951442,0.20045523520485586,0.20045523520485586,0.0,0.20045523520485586,0.20045523520485586,0.0,0.37120641782655767,0.9060687482537919,20.760317899891984,usable_predictions,attempted_predictions,0.14889290555806597,True,robust_local_cqr,659,659,499,44.676293080093195,45.58551359176636,91.7282672333948,15.73145868863249,659,0,1.0,0.7572078907435509,0.7572078907435509,0.7572078907435509,0.14279210925644914,0.14279210925644914,0.0,0.14279210925644914,0.14279210925644914,0.0,0.4061481189099381,0.8338933384854073,20.760317899891984,usable_predictions,attempted_predictions,0.14889290555806597,True,0.057663125948406724,0.057663125948406724,-7.939295074522306,3.8435871191718505
CSGS5,q2_2020,4,robust_condition_cqr,combined_outage,non_ramp,3767,3767,3573,56.822173733147515,61.64455032348633,63.33339324584545,14.096162690071719,3767,0,1.0,0.9485001327316167,0.9485001327316167,0.9485001327316167,0.048500132731616685,0.0,0.048500132731616685,0.048500132731616685,0.0,0.048500132731616685,0.5165652157558865,0.5757581204167768,19.34668288033816,usable_predictions,attempted_predictions,0.851107094441934,True,robust_local_cqr,3767,3767,3443,46.48935148226218,41.494802474975586,56.56033841354884,14.096162690071719,3767,0,1.0,0.913989912397133,0.913989912397133,0.913989912397133,0.013989912397132986,0.0,0.013989912397132986,0.013989912397132986,0.0,0.013989912397132986,0.42263046802056525,0.5141848946686258,19.34668288033816,usable_predictions,attempted_predictions,0.851107094441934,True,0.0,0.0345102203344837,-6.773054832296609,-10.332822250885336
CSGS5,q2_2020,4,robust_condition_cqr,combined_outage,ramp,659,659,613,63.44336140677559,66.99305152893066,73.73774906207719,15.0137643733589,659,0,1.0,0.9301972685887708,0.9301972685887708,0.9301972685887708,0.03019726858877081,0.0,0.03019726858877081,0.03019726858877081,0.0,0.03019726858877081,0.5767578309706871,0.6703431732916107,19.243994522822554,usable_predictions,attempted_predictions,0.14889290555806597,True,robust_local_cqr,659,659,547,52.887934283636035,49.67461633682251,80.94257323452227,15.0137643733589,659,0,1.0,0.8300455235204856,0.8300455235204856,0.8300455235204856,0.06995447647951447,0.06995447647951447,0.0,0.06995447647951447,0.06995447647951447,0.0,0.4807994025785094,0.7358415748592934,19.243994522822554,usable_predictions,attempted_predictions,0.14889290555806597,True,-0.06995447647951447,-0.03975720789074366,7.204824172445086,-10.555427123139552
CSGS5,q2_2020,4,robust_condition_cqr,irradiance_outage,non_ramp,3767,3767,3418,37.70314585919606,39.83520698547363,44.61413563908506,9.83664371556983,3767,0,1.0,0.9073533315635784,0.9073533315635784,0.9073533315635784,0.007353331563578425,0.0,0.007353331563578425,0.007353331563578425,0.0,0.007353331563578425,0.34275587144723696,0.4055830512644097,13.55690212763132,usable_predictions,attempted_predictions,0.851107094441934,True,robust_local_cqr,3767,3767,3439,39.074804964535055,39.55760955810547,45.072627762051845,9.83664371556983,3767,0,1.0,0.9129280594637643,0.9129280594637643,0.9129280594637643,0.012928059463764296,0.0,0.012928059463764296,0.012928059463764296,0.0,0.012928059463764296,0.3552254996775914,0.40975116147319857,13.55690212763132,usable_predictions,attempted_predictions,0.851107094441934,True,0.0,-0.005574727900185872,0.4584921229667813,1.371659105338992
CSGS5,q2_2020,4,robust_condition_cqr,irradiance_outage,ramp,659,659,493,43.36866036731453,45.138267517089844,90.67318915072781,15.190983150815747,659,0,1.0,0.7481031866464339,0.7481031866464339,0.7481031866464339,0.15189681335356608,0.15189681335356608,0.0,0.15189681335356608,0.15189681335356608,0.0,0.3942605487937685,0.824301719552071,19.942039253456766,usable_predictions,attempted_predictions,0.14889290555806597,True,robust_local_cqr,659,659,515,46.35573080595871,46.23131561279297,84.79659439645968,15.190983150815747,659,0,1.0,0.7814871016691958,0.7814871016691958,0.7814871016691958,0.11851289833080425,0.11851289833080425,0.0,0.11851289833080425,0.11851289833080425,0.0,0.4214157345996246,0.7708781308769062,19.942039253456766,usable_predictions,attempted_predictions,0.14889290555806597,True,0.033383915022761834,0.033383915022761834,-5.876594754268126,2.9870704386441744
CSGS5,q2_2020,4,robust_condition_cqr,recent_power_outage,non_ramp,3767,3767,3498,37.16125071136405,36.961485862731934,42.47148174370899,8.6909041936324,3767,0,1.0,0.928590390230953,0.928590390230953,0.928590390230953,0.028590390230953,0.0,0.028590390230953,0.028590390230953,0.0,0.028590390230953,0.33782955192149133,0.38610437948826354,12.10929298266673,usable_predictions,attempted_predictions,0.851107094441934,True,robust_local_cqr,3767,3767,3510,38.6394183915097,37.68873882293701,43.24181341230884,8.6909041936324,3767,0,1.0,0.9317759490310592,0.9317759490310592,0.9317759490310592,0.03177594903105918,0.0,0.03177594903105918,0.03177594903105918,0.0,0.03177594903105918,0.35126743992281545,0.39310739465735306,12.10929298266673,usable_predictions,attempted_predictions,0.851107094441934,True,0.0,-0.0031855588001061808,0.7703316685998445,1.4781676801456527
CSGS5,q2_2020,4,robust_condition_cqr,recent_power_outage,ramp,659,659,485,42.856026767941025,43.11727523803711,101.74553103564372,15.413877205078084,659,0,1.0,0.7359635811836115,0.7359635811836115,0.7359635811836115,0.16403641881638853,0.16403641881638853,0.0,0.16403641881638853,0.16403641881638853,0.0,0.3896002433449184,0.9249593730513066,20.54519427998686,usable_predictions,attempted_predictions,0.14889290555806597,True,robust_local_cqr,659,659,505,46.0446391683411,44.833229064941406,94.89808171062994,15.413877205078084,659,0,1.0,0.7663125948406677,0.7663125948406677,0.7663125948406677,0.1336874051593323,0.1336874051593323,0.0,0.1336874051593323,0.1336874051593323,0.0,0.4185876288031009,0.8627098337329995,20.54519427998686,usable_predictions,attempted_predictions,0.14889290555806597,True,0.030349013657056223,0.030349013657056223,-6.847449325013784,3.188612400400075
CSGS5,q2_2020,4,robust_condition_cqr,weather_outage,non_ramp,3767,3767,3470,34.42363601456141,33.876853942871094,40.023580863916834,7.1802253154795785,3767,0,1.0,0.9211574196973719,0.9211574196973719,0.9211574196973719,0.021157419697371838,0.0,0.021157419697371838,0.021157419697371838,0.0,0.021157419697371838,0.3129421455869219,0.36385073512651667,10.202547459714527,usable_predictions,attempted_predictions,0.851107094441934,True,robust_local_cqr,3767,3767,3548,37.2423225629695,36.32669448852539,40.990669494839935,7.1802253154795785,3767,0,1.0,0.9418635518980621,0.9418635518980621,0.9418635518980621,0.041863551898062124,0.0,0.041863551898062124,0.041863551898062124,0.0,0.041863551898062124,0.33856656875426816,0.3726424499530903,10.202547459714527,usable_predictions,attempted_predictions,0.851107094441934,True,0.0,-0.020706132200690286,0.9670886309231008,2.8186865484080883
CSGS5,q2_2020,4,robust_condition_cqr,weather_outage,ramp,659,659,467,40.5359818725557,42.99999237060547,96.88773290557457,15.670744669545945,659,0,1.0,0.708649468892261,0.708649468892261,0.708649468892261,0.19135053110773903,0.19135053110773903,0.0,0.19135053110773903,0.19135053110773903,0.0,0.36850892611414277,0.8807975718688597,20.551739710459987,usable_predictions,attempted_predictions,0.14889290555806597,True,robust_local_cqr,659,659,505,44.89369403728749,45.79788589477539,87.82500217582081,15.670744669545945,659,0,1.0,0.7663125948406677,0.7663125948406677,0.7663125948406677,0.1336874051593323,0.1336874051593323,0.0,0.1336874051593323,0.1336874051593323,0.0,0.4081244912480681,0.7984091106892801,20.551739710459987,usable_predictions,attempted_predictions,0.14889290555806597,True,0.057663125948406724,0.057663125948406724,-9.062730729753753,4.357712164731787
CSGS5,q3_2020,1,robust_condition_cqr,clean,non_ramp,4006,4006,3823,18.449708196500996,17.584564208984375,20.318566754863458,3.0129506288575687,4006,0,1.0,0.954318522216675,0.954318522216675,0.954318522216675,0.05431852221667499,0.0,0.05431852221667499,0.05431852221667499,0.0,0.05431852221667499,0.16772461996819088,0.18471424322603144,4.795343684210294,usable_predictions,attempted_predictions,0.8720069656073138,True,robust_local_cqr,4006,4006,3800,19.529434770270132,17.349967002868652,21.030068243299745,3.0129506288575687,4006,0,1.0,0.9485771342985522,0.9485771342985522,0.9485771342985522,0.04857713429855215,0.0,0.04857713429855215,0.04857713429855215,0.0,0.04857713429855215,0.17754031609336485,0.19118243857545222,4.795343684210294,usable_predictions,attempted_predictions,0.8720069656073138,True,0.0,0.005741387918122842,0.7115014884362871,1.0797265737691362
CSGS5,q3_2020,1,robust_condition_cqr,clean,ramp,588,588,356,32.299574546668,32.94048595428467,81.52567134219773,14.568792103099174,588,0,1.0,0.6054421768707483,0.6054421768707483,0.6054421768707483,0.2945578231292517,0.2945578231292517,0.0,0.2945578231292517,0.2945578231292517,0.0,0.29363249587879997,0.741142466747252,16.94258349448299,usable_predictions,attempted_predictions,0.1279930343926861,True,robust_local_cqr,588,588,422,37.59664703307509,39.09673881530762,72.1317081297336,14.568792103099174,588,0,1.0,0.717687074829932,0.717687074829932,0.717687074829932,0.18231292517006803,0.18231292517006803,0.0,0.18231292517006803,0.18231292517006803,0.0,0.3417877003006826,0.6557428011793963,16.94258349448299,usable_predictions,attempted_predictions,0.1279930343926861,True,0.11224489795918369,0.11224489795918369,-9.39396321246413,5.297072486407089
CSGS5,q3_2020,1,robust_condition_cqr,combined_outage,non_ramp,4006,4006,3765,31.477382133772974,33.2586932182312,36.04945739062853,6.371473240627499,4006,0,1.0,0.9398402396405392,0.9398402396405392,0.9398402396405392,0.03984023964053918,0.0,0.03984023964053918,0.03984023964053918,0.0,0.03984023964053918,0.2861580193979361,0.3277223399148048,8.998900655031965,usable_predictions,attempted_predictions,0.8720069656073138,True,robust_local_cqr,4006,4006,3692,31.181708774288083,31.61543583869934,35.655053886678395,6.371473240627499,4006,0,1.0,0.9216175736395407,0.9216175736395407,0.9216175736395407,0.021617573639540644,0.0,0.021617573639540644,0.021617573639540644,0.0,0.021617573639540644,0.2834700797662553,0.3241368535152581,8.998900655031965,usable_predictions,attempted_predictions,0.8720069656073138,True,0.0,0.018222666000998533,-0.39440350395013724,-0.2956733594848906
CSGS5,q3_2020,1,robust_condition_cqr,combined_outage,ramp,588,588,465,41.344068850105515,42.01655578613281,68.78934452011167,13.374043418436635,588,0,1.0,0.7908163265306123,0.7908163265306123,0.7908163265306123,0.10918367346938773,0.10918367346938773,0.0,0.10918367346938773,0.10918367346938773,0.0,0.37585517136459556,0.6253576774555606,16.48858319177072,usable_predictions,attempted_predictions,0.1279930343926861,True,robust_local_cqr,588,588,495,44.18034648094453,45.67324733734131,67.00403794636127,13.374043418436635,588,0,1.0,0.8418367346938775,0.8418367346938775,0.8418367346938775,0.05816326530612248,0.05816326530612248,0.0,0.05816326530612248,0.05816326530612248,0.0,0.4016395134631321,0.6091276176941933,16.48858319177072,usable_predictions,attempted_predictions,0.1279930343926861,True,0.05102040816326525,0.05102040816326525,-1.785306573750404,2.836277630839014
CSGS5,q3_2020,1,robust_condition_cqr,irradiance_outage,non_ramp,4006,4006,3826,20.31539081626302,19.225500464439392,21.883397605040077,3.2635529595495796,4006,0,1.0,0.9550673989016475,0.9550673989016475,0.9550673989016475,0.05506739890164747,0.0,0.05506739890164747,0.05506739890164747,0.0,0.05506739890164747,0.18468537105693653,0.19893997822763707,4.969173233121167,usable_predictions,attempted_predictions,0.8720069656073138,True,robust_local_cqr,4006,4006,3887,21.946712388628654,19.940203309059143,22.798145695934938,3.2635529595495796,4006,0,1.0,0.9702945581627559,0.9702945581627559,0.9702945581627559,0.07029455816275587,0.0,0.07029455816275587,0.07029455816275587,0.0,0.07029455816275587,0.1995155671693514,0.2072558699630449,4.969173233121167,usable_predictions,attempted_predictions,0.8720069656073138,True,0.0,-0.015227159261108403,0.9147480908948609,1.6313215723656356
CSGS5,q3_2020,1,robust_condition_cqr,irradiance_outage,ramp,588,588,361,32.97579759317545,33.82302284240723,81.02491560921732,14.68148080913388,588,0,1.0,0.6139455782312925,0.6139455782312925,0.6139455782312925,0.28605442176870755,0.28605442176870755,0.0,0.28605442176870755,0.28605442176870755,0.0,0.2997799781197768,0.7365901419019756,17.041162364735793,usable_predictions,attempted_predictions,0.1279930343926861,True,robust_local_cqr,588,588,423,38.408142771850635,39.313995361328125,70.94129104760228,14.68148080913388,588,0,1.0,0.7193877551020408,0.7193877551020408,0.7193877551020408,0.18061224489795924,0.18061224489795924,0.0,0.18061224489795924,0.18061224489795924,0.0,0.3491649342895512,0.6449208277054752,17.041162364735793,usable_predictions,attempted_predictions,0.1279930343926861,True,0.1054421768707483,0.1054421768707483,-10.08362456161504,5.432345178675185
CSGS5,q3_2020,1,robust_condition_cqr,recent_power_outage,non_ramp,4006,4006,3791,22.146480475952803,22.38065004348755,24.395029984925195,3.768468232726826,4006,0,1.0,0.9463305042436345,0.9463305042436345,0.9463305042436345,0.046330504243634496,0.0,0.046330504243634496,0.046330504243634496,0.0,0.046330504243634496,0.20133164069048,0.22177299986295632,6.303565836652104,usable_predictions,attempted_predictions,0.8720069656073138,True,robust_local_cqr,4006,4006,3817,23.790107281809487,24.182262897491455,25.314050315289887,3.768468232726826,4006,0,1.0,0.95282076884673,0.95282076884673,0.95282076884673,0.052820768846729926,0.0,0.052820768846729926,0.052820768846729926,0.0,0.052820768846729926,0.21627370256190442,0.23012773013899898,6.303565836652104,usable_predictions,attempted_predictions,0.8720069656073138,True,0.0,-0.00649026460309543,0.9190203303646918,1.6436268058566839
CSGS5,q3_2020,1,robust_condition_cqr,recent_power_outage,ramp,588,588,403,34.52545904018441,34.08364009857178,75.80545598998361,14.299558598168042,588,0,1.0,0.685374149659864,0.685374149659864,0.685374149659864,0.21462585034013604,0.21462585034013604,0.0,0.21462585034013604,0.21462585034013604,0.0,0.3138678094562219,0.689140508999851,16.895026168459992,usable_predictions,attempted_predictions,0.1279930343926861,True,robust_local_cqr,588,588,451,39.13523782799844,39.02478504180908,69.2543013091801,14.299558598168042,588,0,1.0,0.7670068027210885,0.7670068027210885,0.7670068027210885,0.13299319727891157,0.13299319727891157,0.0,0.13299319727891157,0.13299319727891157,0.0,0.3557748893454403,0.6295845573561827,16.895026168459992,usable_predictions,attempted_predictions,0.1279930343926861,True,0.08163265306122447,0.08163265306122447,-6.551154680803521,4.6097787878140295
CSGS5,q3_2020,1,robust_condition_cqr,weather_outage,non_ramp,4006,4006,3806,18.941527052193948,18.26722550392151,20.846978409582782,3.160928101474882,4006,0,1.0,0.9500748876684972,0.9500748876684972,0.9500748876684972,0.050074887668497214,0.0,0.050074887668497214,0.050074887668497214,0.0,0.050074887668497214,0.17219570047449043,0.18951798554166166,4.985754808415146,usable_predictions,attempted_predictions,0.8720069656073138,True,robust_local_cqr,4006,4006,3799,20.207456699229127,18.53817367553711,21.68195401839898,3.160928101474882,4006,0,1.0,0.9483275087368946,0.9483275087368946,0.9483275087368946,0.04832750873689462,0.0,0.04832750873689462,0.04832750873689462,0.0,0.04832750873689462,0.1837041518111739,0.19710867289453618,4.985754808415146,usable_predictions,attempted_predictions,0.8720069656073138,True,0.0,0.0017473789316025945,0.8349756088161975,1.265929647035179
CSGS5,q3_2020,1,robust_condition_cqr,weather_outage,ramp,588,588,363,32.8845377909083,33.73845863342285,78.71322355140634,14.340289089144493,588,0,1.0,0.6173469387755102,0.6173469387755102,0.6173469387755102,0.28265306122448985,0.28265306122448985,0.0,0.28265306122448985,0.28265306122448985,0.0,0.2989503435537118,0.7155747595582395,16.76813126458533,usable_predictions,attempted_predictions,0.1279930343926861,True,robust_local_cqr,588,588,429,38.35957814519908,39.6272087097168,69.98717000168197,14.340289089144493,588,0,1.0,0.7295918367346939,0.7295918367346939,0.7295918367346939,0.17040816326530617,0.17040816326530617,0.0,0.17040816326530617,0.17040816326530617,0.0,0.348723437683628,0.6362470000152907,16.76813126458533,usable_predictions,attempted_predictions,0.1279930343926861,True,0.11224489795918369,0.11224489795918369,-8.72605354972437,5.475040354290783
CSGS5,q3_2020,4,robust_condition_cqr,clean,non_ramp,3793,3793,3557,30.23781958597791,30.953880310058594,33.79566306902541,5.700931289907881,3793,0,1.0,0.9377801212760348,0.9377801212760348,0.9377801212760348,0.037780121276034806,0.0,0.037780121276034806,0.037780121276034806,0.0,0.037780121276034806,0.2748892689634355,0.3072333006275037,8.253052561428117,usable_predictions,attempted_predictions,0.8780092592592592,True,robust_local_cqr,3793,3793,3596,31.8681387677321,31.874305486679077,34.407344239286225,5.700931289907881,3793,0,1.0,0.948062219878724,0.948062219878724,0.948062219878724,0.048062219878723944,0.0,0.048062219878723944,0.048062219878723944,0.0,0.048062219878723944,0.2897103524339282,0.3127940385389657,8.253052561428117,usable_predictions,attempted_predictions,0.8780092592592592,True,0.0,-0.010282098602689138,0.611681170260816,1.6303191817541887
CSGS5,q3_2020,4,robust_condition_cqr,clean,ramp,527,527,383,37.52249047720002,39.25324630737305,80.64247582872633,15.08561732805205,527,0,1.0,0.7267552182163188,0.7267552182163188,0.7267552182163188,0.1732447817836812,0.1732447817836812,0.0,0.1732447817836812,0.1732447817836812,0.0,0.34111354979272746,0.7331134166247848,19.22100303338912,usable_predictions,attempted_predictions,0.12199074074074075,True,robust_local_cqr,527,527,407,41.38250442440189,43.10660743713379,73.74380809860392,15.08561732805205,527,0,1.0,0.7722960151802657,0.7722960151802657,0.7722960151802657,0.12770398481973433,0.12770398481973433,0.0,0.12770398481973433,0.12770398481973433,0.0,0.37620458567638076,0.6703982554418538,19.22100303338912,usable_predictions,attempted_predictions,0.12199074074074075,True,0.04554079696394686,0.04554079696394686,-6.898667730122412,3.860013947201864
CSGS5,q3_2020,4,robust_condition_cqr,combined_outage,non_ramp,3793,3793,3475,39.624146741878015,39.61833477020264,45.88690573005303,9.352581910546423,3793,0,1.0,0.9161613498549961,0.9161613498549961,0.9161613498549961,0.016161349854996065,0.0,0.016161349854996065,0.016161349854996065,0.0,0.016161349854996065,0.3602195158352547,0.41715368845502754,12.334901501268165,usable_predictions,attempted_predictions,0.8780092592592592,True,robust_local_cqr,3793,3793,3444,39.1739914954819,39.537567138671875,45.604532389925645,9.352581910546423,3793,0,1.0,0.9079883996836278,0.9079883996836278,0.9079883996836278,0.007988399683627745,0.0,0.007988399683627745,0.007988399683627745,0.0,0.007988399683627745,0.3561271954134718,0.41458665809023315,12.334901501268165,usable_predictions,attempted_predictions,0.8780092592592592,True,0.0,0.00817295017136832,-0.2823733401273856,-0.4501552463961147
CSGS5,q3_2020,4,robust_condition_cqr,combined_outage,ramp,527,527,439,44.974719207005776,47.757328033447266,69.51835368139638,13.84308382569047,527,0,1.0,0.8330170777988615,0.8330170777988615,0.8330170777988615,0.06698292220113855,0.06698292220113855,0.0,0.06698292220113855,0.06698292220113855,0.0,0.40886108370005253,0.6319850334672398,17.719260637224274,usable_predictions,attempted_predictions,0.12199074074074075,True,robust_local_cqr,527,527,452,46.12108105024503,51.46268081665039,64.59612330833212,13.84308382569047,527,0,1.0,0.857685009487666,0.857685009487666,0.857685009487666,0.042314990512334005,0.042314990512334005,0.0,0.042314990512334005,0.042314990512334005,0.0,0.41928255500222755,0.5872374846212012,17.719260637224274,usable_predictions,attempted_predictions,0.12199074074074075,True,0.024667931688804545,0.024667931688804545,-4.922230373064252,1.146361843239255
CSGS5,q3_2020,4,robust_condition_cqr,irradiance_outage,non_ramp,3793,3793,3536,32.37137017210592,32.78487849235535,35.72593754537313,6.361193068777983,3793,0,1.0,0.9322436066438176,0.9322436066438176,0.9322436066438176,0.032243606643817535,0.0,0.032243606643817535,0.032243606643817535,0.0,0.032243606643817535,0.2942851833827811,0.32478125041248296,8.79882253190234,usable_predictions,attempted_predictions,0.8780092592592592,True,robust_local_cqr,3793,3793,3613,34.505122256271285,34.6675238609314,36.62109981040965,6.361193068777983,3793,0,1.0,0.9525441602952808,0.9525441602952808,0.9525441602952808,0.05254416029528075,0.0,0.05254416029528075,0.05254416029528075,0.0,0.05254416029528075,0.31368292960246624,0.3329190891855423,8.79882253190234,usable_predictions,attempted_predictions,0.8780092592592592,True,0.0,-0.020300553651463216,0.8951622650365252,2.1337520841653657
CSGS5,q3_2020,4,robust_condition_cqr,irradiance_outage,ramp,527,527,403,39.29471298102183,40.641669273376465,74.62094568759485,14.85429826791644,527,0,1.0,0.7647058823529411,0.7647058823529411,0.7647058823529411,0.1352941176470589,0.1352941176470589,0.0,0.1352941176470589,0.1352941176470589,0.0,0.35722466346383486,0.6783722335235896,18.884761715796163,usable_predictions,attempted_predictions,0.12199074074074075,True,robust_local_cqr,527,527,437,43.411611613218426,44.326839447021484,67.65416415242136,14.85429826791644,527,0,1.0,0.8292220113851992,0.8292220113851992,0.8292220113851992,0.07077798861480078,0.07077798861480078,0.0,0.07077798861480078,0.07077798861480078,0.0,0.3946510146656221,0.6150378559311033,18.884761715796163,usable_predictions,attempted_predictions,0.12199074074074075,True,0.06451612903225812,0.06451612903225812,-6.966781535173496,4.116898632196595
CSGS5,q3_2020,4,robust_condition_cqr,recent_power_outage,non_ramp,3793,3793,3550,33.556765011598415,35.53833770751953,37.49853629656597,6.638631844761981,3793,0,1.0,0.9359346163986291,0.9359346163986291,0.9359346163986291,0.03593461639862905,0.0,0.03593461639862905,0.03593461639862905,0.0,0.03593461639862905,0.30506150010544014,0.34089578451423613,9.168382123225044,usable_predictions,attempted_predictions,0.8780092592592592,True,robust_local_cqr,3793,3793,3606,35.657180568259555,37.562570095062256,38.0209557027901,6.638631844761981,3793,0,1.0,0.950698655417875,0.950698655417875,0.950698655417875,0.050698655417874994,0.0,0.050698655417874994,0.050698655417874994,0.0,0.050698655417874994,0.32415618698417775,0.3456450518435463,9.168382123225044,usable_predictions,attempted_predictions,0.8780092592592592,True,0.0,-0.014764039019245945,0.5224194062241239,2.10041555666114
CSGS5,q3_2020,4,robust_condition_cqr,recent_power_outage,ramp,527,527,405,39.21793324838214,40.69992637634277,76.98845413816382,13.97838495827264,527,0,1.0,0.7685009487666035,0.7685009487666035,0.7685009487666035,0.13149905123339656,0.13149905123339656,0.0,0.13149905123339656,0.13149905123339656,0.0,0.3565266658943831,0.6998950376196711,18.09104578974076,usable_predictions,attempted_predictions,0.12199074074074075,True,robust_local_cqr,527,527,433,42.958435780579045,43.85568618774414,70.28406473349575,13.97838495827264,527,0,1.0,0.8216318785578748,0.8216318785578748,0.8216318785578748,0.07836812144212524,0.07836812144212524,0.0,0.07836812144212524,0.07836812144212524,0.0,0.3905312343689004,0.6389460430317796,18.09104578974076,usable_predictions,attempted_predictions,0.12199074074074075,True,0.05313092979127132,0.05313092979127132,-6.704389404668063,3.7405025321969063
CSGS5,q3_2020,4,robust_condition_cqr,weather_outage,non_ramp,3793,3793,3548,29.58155252744247,29.266666412353516,33.361415115264634,5.741045000385655,3793,0,1.0,0.9354073292907988,0.9354073292907988,0.9354073292907988,0.03540732929079882,0.0,0.03540732929079882,0.03540732929079882,0.0,0.03540732929079882,0.26892320479493154,0.3032855919569512,8.353644313232635,usable_predictions,attempted_predictions,0.8780092592592592,True,robust_local_cqr,3793,3793,3606,31.44798455203523,29.753093719482422,34.03799421400755,5.741045000385655,3793,0,1.0,0.950698655417875,0.950698655417875,0.950698655417875,0.050698655417874994,0.0,0.050698655417874994,0.050698655417874994,0.0,0.050698655417874994,0.28589076865486573,0.30943631103643227,8.353644313232635,usable_predictions,attempted_predictions,0.8780092592592592,True,0.0,-0.015291326127076177,0.6765790987429128,1.8664320245927613
CSGS5,q3_2020,4,robust_condition_cqr,weather_outage,ramp,527,527,375,37.82382235830151,39.723777770996094,83.48873928805682,14.937273207606582,527,0,1.0,0.7115749525616698,0.7115749525616698,0.7115749525616698,0.18842504743833022,0.18842504743833022,0.0,0.18842504743833022,0.18842504743833022,0.0,0.34385293053001376,0.7589885389823348,19.186747343284814,usable_predictions,attempted_predictions,0.12199074074074075,True,robust_local_cqr,527,527,398,42.05050663070389,43.71295928955078,76.21366541209211,14.937273207606582,527,0,1.0,0.7552182163187856,0.7552182163187856,0.7552182163187856,0.14478178368121442,0.14478178368121442,0.0,0.14478178368121442,0.14478178368121442,0.0,0.38227733300639904,0.6928515037462919,19.186747343284814,usable_predictions,attempted_predictions,0.12199074074074075,True,0.0436432637571158,0.0436432637571158,-7.275073875964708,4.22668427240238
CSGS5,q4_2020,1,robust_condition_cqr,clean,non_ramp,3372,3372,3164,16.886701321233897,16.204282760620117,18.624138390954858,2.496470057897224,3372,0,1.0,0.9383155397390273,0.9383155397390273,0.9383155397390273,0.03831553973902724,0.0,0.03831553973902724,0.03831553973902724,0.0,0.03831553973902724,0.15351546655667178,0.16931034900868053,3.9129269654525136,usable_predictions,attempted_predictions,0.9190515126737531,True,robust_local_cqr,3372,3372,3208,18.143307766137056,16.07477331161499,19.354941886606788,2.496470057897224,3372,0,1.0,0.9513641755634639,0.9513641755634639,0.9513641755634639,0.05136417556346384,0.0,0.05136417556346384,0.05136417556346384,0.0,0.05136417556346384,0.16493916151033688,0.1759540171509708,3.9129269654525136,usable_predictions,attempted_predictions,0.9190515126737531,True,0.0,-0.013048635824436605,0.73080349565193,1.2566064449031593
CSGS5,q4_2020,1,robust_condition_cqr,clean,ramp,297,297,165,30.924909101190792,31.109943389892578,91.23174186748287,15.130690312947488,297,0,1.0,0.5555555555555556,0.5555555555555556,0.5555555555555556,0.34444444444444444,0.34444444444444444,0.0,0.34444444444444444,0.34444444444444444,0.0,0.2811355372835527,0.8293794715225715,17.391211899324315,usable_predictions,attempted_predictions,0.08094848732624693,True,robust_local_cqr,297,297,197,35.74381164228073,36.647151947021484,80.41213922428362,15.130690312947488,297,0,1.0,0.6632996632996633,0.6632996632996633,0.6632996632996633,0.23670033670033674,0.23670033670033674,0.0,0.23670033670033674,0.23670033670033674,0.0,0.3249437422025521,0.7310194474934875,17.391211899324315,usable_predictions,attempted_predictions,0.08094848732624693,True,0.1077441077441077,0.1077441077441077,-10.819602643199246,4.81890254108994
CSGS5,q4_2020,1,robust_condition_cqr,combined_outage,non_ramp,3372,3372,3025,33.43380200933369,34.60037398338318,42.18153761263853,8.25606640484869,3372,0,1.0,0.8970937129300118,0.8970937129300118,0.8970937129300118,0.0029062870699881893,0.0029062870699881893,0.0,0.0029062870699881893,0.0029062870699881893,0.0,0.30394365463030626,0.38346852375125934,11.185111982595698,usable_predictions,attempted_predictions,0.9190515126737531,True,robust_local_cqr,3372,3372,3073,34.46087311862901,35.446682929992676,42.1557886057584,8.25606640484869,3372,0,1.0,0.9113285883748518,0.9113285883748518,0.9113285883748518,0.011328588374851734,0.0,0.011328588374851734,0.011328588374851734,0.0,0.011328588374851734,0.3132806647148092,0.38323444187053096,11.185111982595698,usable_predictions,attempted_predictions,0.9190515126737531,True,0.0029062870699881893,-0.008422301304863544,-0.025749006880126046,1.0270711092953206
CSGS5,q4_2020,1,robust_condition_cqr,combined_outage,ramp,297,297,230,42.313577986726855,43.152503967285156,70.27128970422328,14.458257638244115,297,0,1.0,0.7744107744107744,0.7744107744107744,0.7744107744107744,0.12558922558922558,0.12558922558922558,0.0,0.12558922558922558,0.12558922558922558,0.0,0.384668890788426,0.6388299064020299,17.376027868411366,usable_predictions,attempted_predictions,0.08094848732624693,True,robust_local_cqr,297,297,241,44.798077364561934,45.77316379547119,68.76158853933867,14.458257638244115,297,0,1.0,0.8114478114478114,0.8114478114478114,0.8114478114478114,0.0885521885521886,0.0885521885521886,0.0,0.0885521885521886,0.0885521885521886,0.0,0.40725524876874486,0.6251053503576243,17.376027868411366,usable_predictions,attempted_predictions,0.08094848732624693,True,0.03703703703703698,0.03703703703703698,-1.5097011648846035,2.4844993778350783
CSGS5,q4_2020,1,robust_condition_cqr,irradiance_outage,non_ramp,3372,3372,3169,19.90696983892829,19.43941819667816,21.155366384629893,2.7282500680566963,3372,0,1.0,0.9397983392645315,0.9397983392645315,0.9397983392645315,0.03979833926453147,0.0,0.03979833926453147,0.03979833926453147,0.0,0.03979833926453147,0.18097245308116627,0.19232151258754449,4.076648195237635,usable_predictions,attempted_predictions,0.9190515126737531,True,robust_local_cqr,3372,3372,3235,21.51007330202002,19.864479064941406,22.326349840010256,2.7282500680566963,3372,0,1.0,0.9593712930011863,0.9593712930011863,0.9593712930011863,0.059371293001186265,0.0,0.059371293001186265,0.059371293001186265,0.0,0.059371293001186265,0.19554612092745474,0.20296681672736597,4.076648195237635,usable_predictions,attempted_predictions,0.9190515126737531,True,0.0,-0.019572953736654797,1.1709834553803624,1.6031034630917311
CSGS5,q4_2020,1,robust_condition_cqr,irradiance_outage,ramp,297,297,177,32.16329019960731,32.12025451660156,83.80660090061149,15.01284892149646,297,0,1.0,0.5959595959595959,0.5959595959595959,0.5959595959595959,0.3040404040404041,0.3040404040404041,0.0,0.3040404040404041,0.3040404040404041,0.0,0.29239354726915734,0.761878190005559,17.28068976872915,usable_predictions,attempted_predictions,0.08094848732624693,True,robust_local_cqr,297,297,205,36.97669380040281,37.856285095214844,74.05840081397933,15.01284892149646,297,0,1.0,0.6902356902356902,0.6902356902356902,0.6902356902356902,0.20976430976430982,0.20976430976430982,0.0,0.20976430976430982,0.20976430976430982,0.0,0.33615176182184375,0.673258189217994,17.28068976872915,usable_predictions,attempted_predictions,0.08094848732624693,True,0.09427609427609429,0.09427609427609429,-9.748200086632153,4.813403600795503
CSGS5,q4_2020,1,robust_condition_cqr,recent_power_outage,non_ramp,3372,3372,3168,22.033451612542734,23.163246631622314,23.762046477008358,3.488477596325948,3372,0,1.0,0.9395017793594306,0.9395017793594306,0.9395017793594306,0.039501779359430556,0.0,0.039501779359430556,0.039501779359430556,0.0,0.039501779359430556,0.2003041055685703,0.21601860433643963,5.044388790130405,usable_predictions,attempted_predictions,0.9190515126737531,True,robust_local_cqr,3372,3372,3199,22.944312214631047,23.233742237091064,24.300999609650262,3.488477596325948,3372,0,1.0,0.9486951364175563,0.9486951364175563,0.9486951364175563,0.048695136417556295,0.0,0.048695136417556295,0.048695136417556295,0.0,0.048695136417556295,0.20858465649664587,0.22091817826954782,5.044388790130405,usable_predictions,attempted_predictions,0.9190515126737531,True,0.0,-0.00919335705812574,0.5389531326419039,0.910860602088313
CSGS5,q4_2020,1,robust_condition_cqr,recent_power_outage,ramp,297,297,176,33.274357059587935,33.583919525146484,85.23572466349361,15.311105513010764,297,0,1.0,0.5925925925925926,0.5925925925925926,0.5925925925925926,0.30740740740740746,0.30740740740740746,0.0,0.30740740740740746,0.30740740740740746,0.0,0.30249415508716304,0.7748702242135783,17.896294240050004,usable_predictions,attempted_predictions,0.08094848732624693,True,robust_local_cqr,297,297,196,35.70533121996857,35.69605255126953,79.0622637219702,15.311105513010764,297,0,1.0,0.6599326599326599,0.6599326599326599,0.6599326599326599,0.2400673400673401,0.2400673400673401,0.0,0.2400673400673401,0.2400673400673401,0.0,0.32459392018153244,0.7187478520179109,17.896294240050004,usable_predictions,attempted_predictions,0.08094848732624693,True,0.06734006734006737,0.06734006734006737,-6.173460941523416,2.430974160380636
CSGS5,q4_2020,1,robust_condition_cqr,weather_outage,non_ramp,3372,3372,3188,17.91844609457572,17.68607473373413,19.451481132290006,2.5761855258020847,3372,0,1.0,0.9454329774614472,0.9454329774614472,0.9454329774614472,0.045432977461447144,0.0,0.045432977461447144,0.045432977461447144,0.0,0.045432977461447144,0.1628949644961429,0.17683164665718187,4.047379436190916,usable_predictions,attempted_predictions,0.9190515126737531,True,robust_local_cqr,3372,3372,3242,19.37448264287082,17.771306037902832,20.347142407693266,2.5761855258020847,3372,0,1.0,0.961447212336892,0.961447212336892,0.961447212336892,0.06144721233689199,0.0,0.06144721233689199,0.06144721233689199,0.0,0.06144721233689199,0.17613166038973474,0.1849740218881206,4.047379436190916,usable_predictions,attempted_predictions,0.9190515126737531,True,0.0,-0.016014234875444844,0.8956612754032598,1.4560365482950992
CSGS5,q4_2020,1,robust_condition_cqr,weather_outage,ramp,297,297,171,31.489862316786642,32.03987121582031,88.32753572881423,15.064613225082757,297,0,1.0,0.5757575757575758,0.5757575757575758,0.5757575757575758,0.3242424242424242,0.3242424242424242,0.0,0.3242424242424242,0.3242424242424242,0.0,0.28627147560715127,0.8029775975346748,17.3274199929589,usable_predictions,attempted_predictions,0.08094848732624693,True,robust_local_cqr,297,297,208,36.597928458592705,37.712867736816406,77.40470844848389,15.064613225082757,297,0,1.0,0.7003367003367004,0.7003367003367004,0.7003367003367004,0.19966329966329965,0.19966329966329965,0.0,0.19966329966329965,0.19966329966329965,0.0,0.33270844053266097,0.7036791677134899,17.3274199929589,usable_predictions,attempted_predictions,0.08094848732624693,True,0.12457912457912457,0.12457912457912457,-10.922827280330338,5.108066141806063
CSGS5,q4_2020,4,robust_condition_cqr,clean,non_ramp,2911,2911,2754,28.546498004911445,28.111122131347656,32.227246762396994,4.955805565395953,2911,0,1.0,0.9460666437650292,0.9460666437650292,0.9460666437650292,0.046066643765029225,0.0,0.046066643765029225,0.046066643765029225,0.0,0.046066643765029225,0.2595136182264677,0.2929749705672454,7.665253425232863,usable_predictions,attempted_predictions,0.8579428234600648,True,robust_local_cqr,2911,2911,2758,29.483568522631412,28.683213233947754,32.143782116231016,4.955805565395953,2911,0,1.0,0.947440742013054,0.947440742013054,0.947440742013054,0.04744074201305393,0.0,0.04744074201305393,0.04744074201305393,0.0,0.04744074201305393,0.26803244111483104,0.2922162010566456,7.665253425232863,usable_predictions,attempted_predictions,0.8579428234600648,True,0.0,-0.0013740982480247022,-0.0834646461659787,0.9370705177199667
CSGS5,q4_2020,4,robust_condition_cqr,clean,ramp,482,482,359,33.71780381521744,31.84008026123047,74.42276383200621,12.935198481399489,482,0,1.0,0.7448132780082988,0.7448132780082988,0.7448132780082988,0.15518672199170125,0.15518672199170125,0.0,0.15518672199170125,0.15518672199170125,0.0,0.30652548922924944,0.6765705802909655,17.35506832988019,usable_predictions,attempted_predictions,0.14205717653993516,True,robust_local_cqr,482,482,374,36.75455758903036,34.82189869880676,67.82630012465711,12.935198481399489,482,0,1.0,0.7759336099585062,0.7759336099585062,0.7759336099585062,0.12406639004149378,0.12406639004149378,0.0,0.12406639004149378,0.12406639004149378,0.0,0.33413234171845785,0.6166027284059737,17.35506832988019,usable_predictions,attempted_predictions,0.14205717653993516,True,0.03112033195020747,0.03112033195020747,-6.596463707349102,3.0367537738129258
CSGS5,q4_2020,4,robust_condition_cqr,combined_outage,non_ramp,2911,2911,2582,40.16845852158871,41.94428634643555,49.30993527564817,9.515030371645873,2911,0,1.0,0.8869804190999656,0.8869804190999656,0.8869804190999656,0.013019580900034411,0.013019580900034411,0.0,0.013019580900034411,0.013019580900034411,0.0,0.36516780474171556,0.4482721388695288,12.98550537657267,usable_predictions,attempted_predictions,0.8579428234600648,True,robust_local_cqr,2911,2911,2621,40.36661373098819,43.517746925354004,46.95601763117391,9.515030371645873,2911,0,1.0,0.9003778770182068,0.9003778770182068,0.9003778770182068,0.00037787701820679587,0.0,0.00037787701820679587,0.00037787701820679587,0.0,0.00037787701820679587,0.3669692157362563,0.4268728875561264,12.98550537657267,usable_predictions,attempted_predictions,0.8579428234600648,True,0.013019580900034411,0.012641703881827615,-2.353917644474265,0.19815520939948073
CSGS5,q4_2020,4,robust_condition_cqr,combined_outage,ramp,482,482,397,43.491648181190875,43.93846130371094,68.25957867895791,14.168616796677538,482,0,1.0,0.8236514522821576,0.8236514522821576,0.8236514522821576,0.07634854771784239,0.07634854771784239,0.0,0.07634854771784239,0.07634854771784239,0.0,0.39537861982900796,0.6205416243541628,18.041317691312273,usable_predictions,attempted_predictions,0.14205717653993516,True,robust_local_cqr,482,482,409,44.78230047702047,45.81639814376831,67.92871835500125,14.168616796677538,482,0,1.0,0.8485477178423236,0.8485477178423236,0.8485477178423236,0.05145228215767639,0.05145228215767639,0.0,0.05145228215767639,0.05145228215767639,0.0,0.4071118225183679,0.6175338032272841,18.041317691312273,usable_predictions,attempted_predictions,0.14205717653993516,True,0.024896265560165998,0.024896265560165998,-0.33086032395665654,1.2906522958295952
CSGS5,q4_2020,4,robust_condition_cqr,irradiance_outage,non_ramp,2911,2911,2790,32.63284804319438,32.4351544380188,34.992221533032584,5.31935384612414,2911,0,1.0,0.9584335279972518,0.9584335279972518,0.9584335279972518,0.058433527997251766,0.0,0.058433527997251766,0.058433527997251766,0.0,0.058433527997251766,0.2966622549381307,0.3181111048457508,7.7499827142141715,usable_predictions,attempted_predictions,0.8579428234600648,True,robust_local_cqr,2911,2911,2783,33.39531094202409,33.423606872558594,35.27883362250831,5.31935384612414,2911,0,1.0,0.9560288560632085,0.9560288560632085,0.9560288560632085,0.05602885606320851,0.0,0.05602885606320851,0.05602885606320851,0.0,0.05602885606320851,0.3035937358365826,0.32071666929553005,7.7499827142141715,usable_predictions,attempted_predictions,0.8579428234600648,True,0.0,0.0024046719340432565,0.2866120894757245,0.7624628988297104
CSGS5,q4_2020,4,robust_condition_cqr,irradiance_outage,ramp,482,482,371,36.45776117846555,34.77707529067993,68.94753861584975,13.52805729352587,482,0,1.0,0.7697095435684648,0.7697095435684648,0.7697095435684648,0.13029045643153525,0.13029045643153525,0.0,0.13029045643153525,0.13029045643153525,0.0,0.331434192531505,0.6267958055986341,17.505859761803343,usable_predictions,attempted_predictions,0.14205717653993516,True,robust_local_cqr,482,482,389,39.10155748109105,37.05857467651367,65.64944314931932,13.52805729352587,482,0,1.0,0.8070539419087137,0.8070539419087137,0.8070539419087137,0.09294605809128631,0.09294605809128631,0.0,0.09294605809128631,0.09294605809128631,0.0,0.355468704373555,0.5968131195392666,17.505859761803343,usable_predictions,attempted_predictions,0.14205717653993516,True,0.03734439834024894,0.03734439834024894,-3.2980954665304267,2.6437963026254963
CSGS5,q4_2020,4,robust_condition_cqr,recent_power_outage,non_ramp,2911,2911,2734,33.50471871206825,35.35546684265137,36.93700110431225,5.8029887680954815,2911,0,1.0,0.9391961525249055,0.9391961525249055,0.9391961525249055,0.03919615252490549,0.0,0.03919615252490549,0.03919615252490549,0.0,0.03919615252490549,0.30458835192789313,0.3357909191301114,8.45017383895668,usable_predictions,attempted_predictions,0.8579428234600648,True,robust_local_cqr,2911,2911,2763,35.21511807415906,37.34947967529297,37.23000168833723,5.8029887680954815,2911,0,1.0,0.9491583648230848,0.9491583648230848,0.9491583648230848,0.04915836482308478,0.0,0.04915836482308478,0.04915836482308478,0.0,0.04915836482308478,0.3201374370378096,0.33845456080306574,8.45017383895668,usable_predictions,attempted_predictions,0.8579428234600648,True,0.0,-0.009962212298179285,0.2930005840249805,1.7103993620908113
CSGS5,q4_2020,4,robust_condition_cqr,recent_power_outage,ramp,482,482,379,38.152596810546655,37.6395320892334,65.2878904327812,12.87174189461712,482,0,1.0,0.7863070539419087,0.7863070539419087,0.7863070539419087,0.11369294605809133,0.11369294605809133,0.0,0.11369294605809133,0.11369294605809133,0.0,0.34684178918678776,0.5935262766616473,16.839727287652018,usable_predictions,attempted_predictions,0.14205717653993516,True,robust_local_cqr,482,482,398,41.480644865958524,40.15638208389282,61.13725502343841,12.87174189461712,482,0,1.0,0.8257261410788381,0.8257261410788381,0.8257261410788381,0.0742738589211619,0.0742738589211619,0.0,0.0742738589211619,0.0742738589211619,0.0,0.37709677150871385,0.5557932274858037,16.839727287652018,usable_predictions,attempted_predictions,0.14205717653993516,True,0.03941908713692943,0.03941908713692943,-4.15063540934279,3.3280480554118697
CSGS5,q4_2020,4,robust_condition_cqr,weather_outage,non_ramp,2911,2911,2746,28.42542309062354,27.72417449951172,32.10403450376446,4.988134704159758,2911,0,1.0,0.9433184472689797,0.9433184472689797,0.9433184472689797,0.04331844726897971,0.0,0.04331844726897971,0.04331844726897971,0.0,0.04331844726897971,0.2584129371874867,0.2918548591251314,7.653700397008931,usable_predictions,attempted_predictions,0.8579428234600648,True,robust_local_cqr,2911,2911,2767,29.778535955562024,28.261375904083252,32.18513206370179,4.988134704159758,2911,0,1.0,0.9505324630711096,0.9505324630711096,0.9505324630711096,0.05053246307110959,0.0,0.05053246307110959,0.05053246307110959,0.0,0.05053246307110959,0.27071396323238206,0.2925921096700163,7.653700397008931,usable_predictions,attempted_predictions,0.8579428234600648,True,0.0,-0.007214015802129881,0.08109755993733359,1.3531128649384847
CSGS5,q4_2020,4,robust_condition_cqr,weather_outage,ramp,482,482,339,34.06451218909124,33.44320225715637,75.28331202648859,13.685822047880576,482,0,1.0,0.7033195020746889,0.7033195020746889,0.7033195020746889,0.19668049792531117,0.19668049792531117,0.0,0.19668049792531117,0.19668049792531117,0.0,0.3096773835371931,0.6843937456953508,17.650132298792997,usable_predictions,attempted_predictions,0.14205717653993516,True,robust_local_cqr,482,482,361,37.66650211205126,36.87739086151123,67.62525335325245,13.685822047880576,482,0,1.0,0.7489626556016598,0.7489626556016598,0.7489626556016598,0.15103734439834027,0.15103734439834027,0.0,0.15103734439834027,0.15103734439834027,0.0,0.3424227464731933,0.6147750304841132,17.650132298792997,usable_predictions,attempted_predictions,0.14205717653993516,True,0.0456431535269709,0.0456431535269709,-7.658058673236141,3.6019899229600227
CSGS6,q1_2020,1,robust_condition_cqr,clean,non_ramp,5458,5458,5202,2.5711205253256706,1.7304201126098633,3.018122953178687,0.41064143518049145,5458,0,1.0,0.9530963722975448,0.9530963722975448,0.9530963722975448,0.053096372297544825,0.0,0.053096372297544825,0.053096372297544825,0.0,0.053096372297544825,0.0734605864378763,0.08623208437653392,0.9255300525629662,usable_predictions,attempted_predictions,0.9371565934065934,True,robust_local_cqr,5458,5458,5292,2.8988965920647094,1.8904733657836914,3.174267725951468,0.41064143518049145,5458,0,1.0,0.9695859289116893,0.9695859289116893,0.9695859289116893,0.06958592891168924,0.0,0.06958592891168924,0.06958592891168924,0.0,0.06958592891168924,0.08282561691613455,0.09069336359861338,0.9255300525629662,usable_predictions,attempted_predictions,0.9371565934065934,True,0.0,-0.01648955661414442,0.15614477277278116,0.3277760667390388
CSGS6,q1_2020,1,robust_condition_cqr,clean,ramp,366,366,179,9.267798686277915,9.469425678253174,34.20444914844152,4.996660069221519,366,0,1.0,0.4890710382513661,0.4890710382513661,0.4890710382513661,0.4109289617486339,0.4109289617486339,0.0,0.4109289617486339,0.4109289617486339,0.0,0.26479424817936903,0.9772699756697577,5.892757959781594,usable_predictions,attempted_predictions,0.06284340659340659,True,robust_local_cqr,366,366,216,10.547041293610233,11.159223556518555,30.5603173618495,4.996660069221519,366,0,1.0,0.5901639344262295,0.5901639344262295,0.5901639344262295,0.3098360655737705,0.3098360655737705,0.0,0.3098360655737705,0.3098360655737705,0.0,0.3013440369602924,0.8731519246242714,5.892757959781594,usable_predictions,attempted_predictions,0.06284340659340659,True,0.10109289617486339,0.10109289617486339,-3.6441317865920198,1.2792426073323178
CSGS6,q1_2020,1,robust_condition_cqr,combined_outage,non_ramp,5458,5458,4984,3.862402327451548,3.4644229635596275,6.132414490200194,0.9246856878744651,5458,0,1.0,0.9131550018321729,0.9131550018321729,0.9131550018321729,0.013155001832172886,0.0,0.013155001832172886,0.013155001832172886,0.0,0.013155001832172886,0.11035435221290137,0.1752118425771484,1.9384599781770484,usable_predictions,attempted_predictions,0.9371565934065934,True,robust_local_cqr,5458,5458,5143,4.472458189650193,3.825131118297577,5.799389365894325,0.9246856878744651,5458,0,1.0,0.9422865518504947,0.9422865518504947,0.9422865518504947,0.04228655185049468,0.0,0.04228655185049468,0.04228655185049468,0.0,0.04228655185049468,0.12778451970429122,0.16569683902555216,1.9384599781770484,usable_predictions,attempted_predictions,0.9371565934065934,True,0.0,-0.029131550018321795,-0.33302512430586884,0.6100558621986449
CSGS6,q1_2020,1,robust_condition_cqr,combined_outage,ramp,366,366,205,9.415500779376655,9.366281032562256,37.50242875060423,4.902706583279892,366,0,1.0,0.5601092896174863,0.5601092896174863,0.5601092896174863,0.3398907103825137,0.3398907103825137,0.0,0.3398907103825137,0.3398907103825137,0.0,0.26901430798219017,1.071497964302978,6.263252078760719,usable_predictions,attempted_predictions,0.06284340659340659,True,robust_local_cqr,366,366,251,11.588299588997508,11.14931344985962,32.71072838663078,4.902706583279892,366,0,1.0,0.6857923497267759,0.6857923497267759,0.6857923497267759,0.21420765027322408,0.21420765027322408,0.0,0.21420765027322408,0.21420765027322408,0.0,0.3310942739713574,0.9345922396180222,6.263252078760719,usable_predictions,attempted_predictions,0.06284340659340659,True,0.12568306010928965,0.12568306010928965,-4.791700363973455,2.1727988096208524
CSGS6,q1_2020,1,robust_condition_cqr,irradiance_outage,non_ramp,5458,5458,5203,3.311175291736236,2.795588493347168,3.791719093479717,0.5177111042964223,5458,0,1.0,0.9532795895932576,0.9532795895932576,0.9532795895932576,0.053279589593257626,0.0,0.053279589593257626,0.053279589593257626,0.0,0.053279589593257626,0.09460500833532103,0.10833483124227762,1.1158280989315568,usable_predictions,attempted_predictions,0.9371565934065934,True,robust_local_cqr,5458,5458,5324,3.6928468195588104,2.97990882396698,3.9413477751060464,0.5177111042964223,5458,0,1.0,0.9754488823744961,0.9754488823744961,0.9754488823744961,0.0754488823744961,0.0,0.0754488823744961,0.0754488823744961,0.0,0.0754488823744961,0.10550990913025173,0.11260993643160133,1.1158280989315568,usable_predictions,attempted_predictions,0.9371565934065934,True,0.0,-0.02216929278123847,0.14962868162632947,0.3816715278225744
CSGS6,q1_2020,1,robust_condition_cqr,irradiance_outage,ramp,366,366,206,10.319415871853494,10.348664164543152,30.1422469784954,4.813358585284056,366,0,1.0,0.5628415300546448,0.5628415300546448,0.5628415300546448,0.33715846994535525,0.33715846994535525,0.0,0.33715846994535525,0.33715846994535525,0.0,0.2948404534815284,0.86120705652844,5.709970363406901,usable_predictions,attempted_predictions,0.06284340659340659,True,robust_local_cqr,366,366,248,11.610980352010232,12.18875789642334,27.233098161269407,4.813358585284056,366,0,1.0,0.6775956284153005,0.6775956284153005,0.6775956284153005,0.2224043715846995,0.2224043715846995,0.0,0.2224043715846995,0.2224043715846995,0.0,0.33174229577172093,0.7780885188934116,5.709970363406901,usable_predictions,attempted_predictions,0.06284340659340659,True,0.11475409836065575,0.11475409836065575,-2.9091488172259936,1.2915644801567385
CSGS6,q1_2020,1,robust_condition_cqr,recent_power_outage,non_ramp,5458,5458,5123,4.039183543587449,3.7039716243743896,4.735059760521253,0.6674020816667379,5458,0,1.0,0.9386222059362404,0.9386222059362404,0.9386222059362404,0.03862220593624033,0.0,0.03862220593624033,0.03862220593624033,0.0,0.03862220593624033,0.11540524410249856,0.13528742172917865,1.348221815331747,usable_predictions,attempted_predictions,0.9371565934065934,True,robust_local_cqr,5458,5458,5235,4.400085534847081,3.891669273376465,4.795059578996213,0.6674020816667379,5458,0,1.0,0.9591425430560645,0.9591425430560645,0.9591425430560645,0.05914254305606448,0.0,0.05914254305606448,0.05914254305606448,0.0,0.05914254305606448,0.12571672956705945,0.13700170225703465,1.348221815331747,usable_predictions,attempted_predictions,0.9371565934065934,True,0.0,-0.02052033711982415,0.059999818474960165,0.36090199125963185
CSGS6,q1_2020,1,robust_condition_cqr,recent_power_outage,ramp,366,366,218,10.243636997671075,10.010557413101196,31.604512167107213,4.999047137450813,366,0,1.0,0.5956284153005464,0.5956284153005464,0.5956284153005464,0.3043715846994536,0.3043715846994536,0.0,0.3043715846994536,0.3043715846994536,0.0,0.29267534279060214,0.902986061917349,6.160242402587537,usable_predictions,attempted_predictions,0.06284340659340659,True,robust_local_cqr,366,366,241,11.473816542148265,11.445093154907227,28.83324321025545,4.999047137450813,366,0,1.0,0.6584699453551912,0.6584699453551912,0.6584699453551912,0.2415300546448088,0.2415300546448088,0.0,0.2415300546448088,0.2415300546448088,0.0,0.3278233297756647,0.8238069488644414,6.160242402587537,usable_predictions,attempted_predictions,0.06284340659340659,True,0.06284153005464477,0.06284153005464477,-2.771268956851763,1.2301795444771901
CSGS6,q1_2020,1,robust_condition_cqr,weather_outage,non_ramp,5458,5458,5191,2.632300650840515,1.8415614068508148,3.0718015303750517,0.42445412783135344,5458,0,1.0,0.951080982044705,0.951080982044705,0.951080982044705,0.051080982044705014,0.0,0.051080982044705014,0.051080982044705014,0.0,0.051080982044705014,0.07520859002401471,0.08776575801071576,0.9338730449803891,usable_predictions,attempted_predictions,0.9371565934065934,True,robust_local_cqr,5458,5458,5301,2.9824388208399117,2.014585852622986,3.2387047947828562,0.42445412783135344,5458,0,1.0,0.9712348845731037,0.9712348845731037,0.9712348845731037,0.07123488457310367,0.0,0.07123488457310367,0.07123488457310367,0.0,0.07123488457310367,0.08521253773828319,0.09253442270808161,0.9338730449803891,usable_predictions,attempted_predictions,0.9371565934065934,True,0.0,-0.02015390252839866,0.16690326440780456,0.3501381699993966
CSGS6,q1_2020,1,robust_condition_cqr,weather_outage,ramp,366,366,184,9.210221857209104,9.43248701095581,33.82328434090023,5.052185891247023,366,0,1.0,0.5027322404371585,0.5027322404371585,0.5027322404371585,0.39726775956284155,0.39726775956284155,0.0,0.39726775956284155,0.39726775956284155,0.0,0.26314919592026015,0.9663795525971495,5.945612122894598,usable_predictions,attempted_predictions,0.06284340659340659,True,robust_local_cqr,366,366,222,10.55070388134915,11.01343035697937,29.910831884089145,5.052185891247023,366,0,1.0,0.6065573770491803,0.6065573770491803,0.6065573770491803,0.2934426229508197,0.2934426229508197,0.0,0.2934426229508197,0.2934426229508197,0.0,0.3014486823242614,0.8545951966882613,5.945612122894598,usable_predictions,attempted_predictions,0.06284340659340659,True,0.10382513661202186,0.10382513661202186,-3.912452456811085,1.3404820241400461
CSGS6,q1_2020,4,robust_condition_cqr,clean,non_ramp,4614,4614,4305,4.245701253609946,2.590862810611725,6.187053815904951,0.9693659072239428,4614,0,1.0,0.9330299089726918,0.9330299089726918,0.9330299089726918,0.03302990897269176,0.0,0.03302990897269176,0.03302990897269176,0.0,0.03302990897269176,0.1213057501031413,0.17677296616871288,2.136312923795174,usable_predictions,attempted_predictions,0.792239010989011,True,robust_local_cqr,4614,4614,4416,4.911186600591079,3.2744898796081543,5.906658415941227,0.9693659072239428,4614,0,1.0,0.9570871261378413,0.9570871261378413,0.9570871261378413,0.05708712613784128,0.0,0.05708712613784128,0.05708712613784128,0.0,0.05708712613784128,0.1403196171597451,0.1687616690268922,2.136312923795174,usable_predictions,attempted_predictions,0.792239010989011,True,0.0,-0.024057217165149525,-0.28039539996372387,0.665485346981133
CSGS6,q1_2020,4,robust_condition_cqr,clean,ramp,1210,1210,1005,6.467804311686927,4.576225519180298,16.498778131964407,2.311476346474018,1210,0,1.0,0.8305785123966942,0.8305785123966942,0.8305785123966942,0.0694214876033058,0.0694214876033058,0.0,0.0694214876033058,0.0694214876033058,0.0,0.18479440890534077,0.4713936609132688,4.314121820987535,usable_predictions,attempted_predictions,0.20776098901098902,True,robust_local_cqr,1210,1210,1052,8.044056083513654,5.882867813110352,15.68116555604545,2.311476346474018,1210,0,1.0,0.8694214876033057,0.8694214876033057,0.8694214876033057,0.03057851239669429,0.03057851239669429,0.0,0.03057851239669429,0.03057851239669429,0.0,0.22983017381467583,0.44803330160129856,4.314121820987535,usable_predictions,attempted_predictions,0.20776098901098902,True,0.03884297520661151,0.03884297520661151,-0.8176125759189574,1.576251771826727
CSGS6,q1_2020,4,robust_condition_cqr,combined_outage,non_ramp,4614,4614,4192,4.962691934485397,4.077142715454102,7.48226266850947,1.3226251680964676,4614,0,1.0,0.9085392284351972,0.9085392284351972,0.9085392284351972,0.008539228435197166,0.0,0.008539228435197166,0.008539228435197166,0.0,0.008539228435197166,0.1417911981281542,0.21377893338598486,2.570552430746133,usable_predictions,attempted_predictions,0.792239010989011,True,robust_local_cqr,4614,4614,4202,5.315721554769481,4.395266532897949,7.042984084056457,1.3226251680964676,4614,0,1.0,0.9107065452969224,0.9107065452969224,0.9107065452969224,0.010706545296922387,0.0,0.010706545296922387,0.010706545296922387,0.0,0.010706545296922387,0.15187775870769946,0.20122811668732732,2.570552430746133,usable_predictions,attempted_predictions,0.792239010989011,True,0.0,-0.0021673168617252214,-0.4392785844530138,0.3530296202840839
CSGS6,q1_2020,4,robust_condition_cqr,combined_outage,ramp,1210,1210,1020,7.341196304732118,6.127974271774292,17.36078430574295,2.3686427283100784,1210,0,1.0,0.8429752066115702,0.8429752066115702,0.8429752066115702,0.057024793388429806,0.057024793388429806,0.0,0.057024793388429806,0.057024793388429806,0.0,0.20974846584948909,0.49602240873551284,4.097237577977371,usable_predictions,attempted_predictions,0.20776098901098902,True,robust_local_cqr,1210,1210,1050,8.889728497838108,7.8316779136657715,16.89621718523539,2.3686427283100784,1210,0,1.0,0.8677685950413223,0.8677685950413223,0.8677685950413223,0.03223140495867771,0.03223140495867771,0.0,0.03223140495867771,0.03223140495867771,0.0,0.2539922427953745,0.48274906243529686,4.097237577977371,usable_predictions,attempted_predictions,0.20776098901098902,True,0.024793388429752095,0.024793388429752095,-0.4645671205075601,1.5485321931059906
CSGS6,q1_2020,4,robust_condition_cqr,irradiance_outage,non_ramp,4614,4614,4234,5.187225282332387,3.6438742876052856,7.248330329107313,1.1105449608450346,4614,0,1.0,0.917641959254443,0.917641959254443,0.917641959254443,0.017641959254443007,0.0,0.017641959254443007,0.017641959254443007,0.0,0.017641959254443007,0.1482064366380682,0.20709515226020894,2.318047639448938,usable_predictions,attempted_predictions,0.792239010989011,True,robust_local_cqr,4614,4614,4417,6.0324656251463855,5.0347325801849365,6.961592054578879,1.1105449608450346,4614,0,1.0,0.9573038578240138,0.9573038578240138,0.9573038578240138,0.057303857824013815,0.0,0.057303857824013815,0.057303857824013815,0.0,0.057303857824013815,0.17235616071846815,0.1989026301308251,2.318047639448938,usable_predictions,attempted_predictions,0.792239010989011,True,0.0,-0.03966189856957081,-0.28673827452843437,0.8452403428139981
CSGS6,q1_2020,4,robust_condition_cqr,irradiance_outage,ramp,1210,1210,1043,6.985265728868236,5.214706540107727,15.22299453167876,2.2305770501255804,1210,0,1.0,0.8619834710743801,0.8619834710743801,0.8619834710743801,0.03801652892561991,0.03801652892561991,0.0,0.03801652892561991,0.03801652892561991,0.0,0.19957902082480675,0.4349427009051074,4.088998459309554,usable_predictions,attempted_predictions,0.20776098901098902,True,robust_local_cqr,1210,1210,1098,8.869538115483731,6.851397395133972,14.176898211602522,2.2305770501255804,1210,0,1.0,0.9074380165289256,0.9074380165289256,0.9074380165289256,0.007438016528925617,0.0,0.007438016528925617,0.007438016528925617,0.0,0.007438016528925617,0.2534153747281066,0.4050542346172149,4.088998459309554,usable_predictions,attempted_predictions,0.20776098901098902,True,0.03801652892561991,0.03057851239669429,-1.0460963200762379,1.8842723866154953
CSGS6,q1_2020,4,robust_condition_cqr,recent_power_outage,non_ramp,4614,4614,4246,4.735031551651062,3.72881381213665,6.751836956755874,1.0667063109125676,4614,0,1.0,0.9202427394885132,0.9202427394885132,0.9202427394885132,0.020242739488513184,0.0,0.020242739488513184,0.020242739488513184,0.0,0.020242739488513184,0.13528661576145892,0.1929096273358821,2.234567089317602,usable_predictions,attempted_predictions,0.792239010989011,True,robust_local_cqr,4614,4614,4378,5.4355862538134305,4.4577391147613525,6.469965167118501,1.0667063109125676,4614,0,1.0,0.9488513220632857,0.9488513220632857,0.9488513220632857,0.048851322063285685,0.0,0.048851322063285685,0.048851322063285685,0.0,0.048851322063285685,0.15530246439466944,0.18485614763195715,2.234567089317602,usable_predictions,attempted_predictions,0.792239010989011,True,0.0,-0.0286085825747725,-0.281871789637373,0.7005547021623686
CSGS6,q1_2020,4,robust_condition_cqr,recent_power_outage,ramp,1210,1210,1005,7.474844474781859,6.337976932525635,17.546850735711875,2.452859053293759,1210,0,1.0,0.8305785123966942,0.8305785123966942,0.8305785123966942,0.0694214876033058,0.0694214876033058,0.0,0.0694214876033058,0.0694214876033058,0.0,0.21356698499376742,0.5013385924489107,4.410867015236527,usable_predictions,attempted_predictions,0.20776098901098902,True,robust_local_cqr,1210,1210,1064,9.154025665205742,7.693555593490601,17.010702993757715,2.452859053293759,1210,0,1.0,0.8793388429752066,0.8793388429752066,0.8793388429752066,0.02066115702479343,0.02066115702479343,0.0,0.02066115702479343,0.02066115702479343,0.0,0.26154359043444975,0.4860200855359347,4.410867015236527,usable_predictions,attempted_predictions,0.20776098901098902,True,0.04876033057851237,0.04876033057851237,-0.53614774195416,1.6791811904238827
CSGS6,q1_2020,4,robust_condition_cqr,weather_outage,non_ramp,4614,4614,4283,4.386297937179017,3.1014842987060547,6.474547055077194,1.024326283242551,4614,0,1.0,0.9282618118768964,0.9282618118768964,0.9282618118768964,0.02826181187689636,0.0,0.02826181187689636,0.02826181187689636,0.0,0.02826181187689636,0.12532279820511477,0.18498705871649124,2.189645180052099,usable_predictions,attempted_predictions,0.792239010989011,True,robust_local_cqr,4614,4614,4380,5.066583262284151,3.608920097351074,6.042959924658713,1.024326283242551,4614,0,1.0,0.9492847854356307,0.9492847854356307,0.9492847854356307,0.04928478543563064,0.0,0.04928478543563064,0.04928478543563064,0.0,0.04928478543563064,0.14475952177954718,0.1726559978473918,2.189645180052099,usable_predictions,attempted_predictions,0.792239010989011,True,0.0,-0.02102297355873428,-0.43158713041848085,0.6802853251051344
CSGS6,q1_2020,4,robust_condition_cqr,weather_outage,ramp,1210,1210,1007,6.850926534663732,5.2291436195373535,16.779276898083054,2.325832729357918,1210,0,1.0,0.8322314049586776,0.8322314049586776,0.8322314049586776,0.06776859504132238,0.06776859504132238,0.0,0.06776859504132238,0.06776859504132238,0.0,0.19574075813324948,0.47940791137380157,4.243570118991212,usable_predictions,attempted_predictions,0.20776098901098902,True,robust_local_cqr,1210,1210,1064,8.56614995038335,7.099104881286621,15.836871701825606,2.325832729357918,1210,0,1.0,0.8793388429752066,0.8793388429752066,0.8793388429752066,0.02066115702479343,0.02066115702479343,0.0,0.02066115702479343,0.02066115702479343,0.0,0.24474714143952428,0.45248204862358876,4.243570118991212,usable_predictions,attempted_predictions,0.20776098901098902,True,0.047107438016528946,0.047107438016528946,-0.9424051962574485,1.7152234157196178
CSGS6,q2_2020,1,robust_condition_cqr,clean,non_ramp,5337,5337,4943,3.493887030114521,2.5795135498046875,4.158610600095813,0.6512986791143578,5337,0,1.0,0.9261757541690088,0.9261757541690088,0.9261757541690088,0.026175754169008747,0.0,0.026175754169008747,0.026175754169008747,0.0,0.026175754169008747,0.09982534371755775,0.11881744571702324,1.1759363570213466,usable_predictions,attempted_predictions,0.9163804945054945,True,robust_local_cqr,5337,5337,5066,4.071148274768097,2.812520980834961,4.489851563496621,0.6512986791143578,5337,0,1.0,0.9492224095934045,0.9492224095934045,0.9492224095934045,0.049222409593404515,0.0,0.049222409593404515,0.049222409593404515,0.0,0.049222409593404515,0.11631852213623135,0.1282814732427606,1.1759363570213466,usable_predictions,attempted_predictions,0.9163804945054945,True,0.0,-0.023046655424395768,0.33124096340080733,0.5772612446535761
CSGS6,q2_2020,1,robust_condition_cqr,clean,ramp,487,487,277,8.813039464438123,8.809961318969727,27.272249415970084,4.487112353836976,487,0,1.0,0.5687885010266941,0.5687885010266941,0.5687885010266941,0.33121149897330593,0.33121149897330593,0.0,0.33121149897330593,0.33121149897330593,0.0,0.2518011275553749,0.7792071261705739,5.146936177908661,usable_predictions,attempted_predictions,0.08361950549450549,True,robust_local_cqr,487,487,333,10.987046250205266,10.999007225036621,23.32697371254222,4.487112353836976,487,0,1.0,0.6837782340862423,0.6837782340862423,0.6837782340862423,0.21622176591375775,0.21622176591375775,0.0,0.21622176591375775,0.21622176591375775,0.0,0.31391560714872185,0.666484963215492,5.146936177908661,usable_predictions,attempted_predictions,0.08361950549450549,True,0.11498973305954818,0.11498973305954818,-3.945275703427864,2.1740067857671423
CSGS6,q2_2020,1,robust_condition_cqr,combined_outage,non_ramp,5337,5337,4873,5.41965467533939,5.264886856079102,8.00047077991056,1.2803294452010767,5337,0,1.0,0.9130597714071575,0.9130597714071575,0.9130597714071575,0.013059771407157528,0.0,0.013059771407157528,0.013059771407157528,0.0,0.013059771407157528,0.1548472764382683,0.228584879426016,2.325262090670463,usable_predictions,attempted_predictions,0.9163804945054945,True,robust_local_cqr,5337,5337,4913,5.87903683836747,5.009731292724609,7.4092759866810605,1.2803294452010767,5337,0,1.0,0.920554618699644,0.920554618699644,0.920554618699644,0.020554618699643923,0.0,0.020554618699643923,0.020554618699643923,0.0,0.020554618699643923,0.16797248109621343,0.21169359961945888,2.325262090670463,usable_predictions,attempted_predictions,0.9163804945054945,True,0.0,-0.007494847292486395,-0.5911947932294987,0.45938216302807966
CSGS6,q2_2020,1,robust_condition_cqr,combined_outage,ramp,487,487,336,9.931057288049427,9.813409805297852,24.57569242294809,4.136880200195606,487,0,1.0,0.6899383983572895,0.6899383983572895,0.6899383983572895,0.21006160164271048,0.21006160164271048,0.0,0.21006160164271048,0.21006160164271048,0.0,0.2837444939442693,0.7021626406556597,5.192403938295819,usable_predictions,attempted_predictions,0.08361950549450549,True,robust_local_cqr,487,487,377,12.18068203243601,12.211554050445557,22.85580060901063,4.136880200195606,487,0,1.0,0.7741273100616016,0.7741273100616016,0.7741273100616016,0.1258726899383984,0.1258726899383984,0.0,0.1258726899383984,0.1258726899383984,0.0,0.3480194866410289,0.6530228745431609,5.192403938295819,usable_predictions,attempted_predictions,0.08361950549450549,True,0.08418891170431209,0.08418891170431209,-1.719891813937462,2.2496247443865833
CSGS6,q2_2020,1,robust_condition_cqr,irradiance_outage,non_ramp,5337,5337,5000,4.152267641588741,3.497713088989258,4.693288176127501,0.7414344230674094,5337,0,1.0,0.936855911560802,0.936855911560802,0.936855911560802,0.036855911560801924,0.0,0.036855911560801924,0.036855911560801924,0.0,0.036855911560801924,0.1186362183311069,0.13409394788935716,1.317568385278686,usable_predictions,attempted_predictions,0.9163804945054945,True,robust_local_cqr,5337,5337,5093,4.703492710503279,3.787587985396385,5.045589603881713,0.7414344230674094,5337,0,1.0,0.9542814315158329,0.9542814315158329,0.9542814315158329,0.05428143151583287,0.0,0.05428143151583287,0.05428143151583287,0.0,0.05428143151583287,0.1343855060143794,0.14415970296804895,1.317568385278686,usable_predictions,attempted_predictions,0.9163804945054945,True,0.0,-0.017425519955030944,0.35230142775421225,0.5512250689145377
CSGS6,q2_2020,1,robust_condition_cqr,irradiance_outage,ramp,487,487,280,9.430583924658452,9.446030139923096,25.250592487478855,4.314458737933905,487,0,1.0,0.5749486652977412,0.5749486652977412,0.5749486652977412,0.3250513347022588,0.3250513347022588,0.0,0.3250513347022588,0.3250513347022588,0.0,0.26944525499024147,0.721445499642253,5.0251925165474765,usable_predictions,attempted_predictions,0.08361950549450549,True,robust_local_cqr,487,487,343,11.358423868917097,11.3413667678833,22.23118149469276,4.314458737933905,487,0,1.0,0.704312114989733,0.704312114989733,0.704312114989733,0.19568788501026702,0.19568788501026702,0.0,0.19568788501026702,0.19568788501026702,0.0,0.3245263962547742,0.6351766141340788,5.0251925165474765,usable_predictions,attempted_predictions,0.08361950549450549,True,0.12936344969199176,0.12936344969199176,-3.0194109927860957,1.9278399442586451
CSGS6,q2_2020,1,robust_condition_cqr,recent_power_outage,non_ramp,5337,5337,4983,4.742470780512735,4.412829399108887,5.372822496517579,0.9018337088656853,5337,0,1.0,0.9336706014614953,0.9336706014614953,0.9336706014614953,0.03367060146149525,0.0,0.03367060146149525,0.03367060146149525,0.0,0.03367060146149525,0.13549916515750673,0.15350921418621655,1.6078235579444584,usable_predictions,attempted_predictions,0.9163804945054945,True,robust_local_cqr,5337,5337,5135,5.4037232322912745,4.760281018912792,5.689262156500185,0.9018337088656853,5337,0,1.0,0.9621510211729436,0.9621510211729436,0.9621510211729436,0.06215102117294358,0.0,0.06215102117294358,0.06215102117294358,0.0,0.06215102117294358,0.15439209235117926,0.1625503473285767,1.6078235579444584,usable_predictions,attempted_predictions,0.9163804945054945,True,0.0,-0.028480419711448324,0.31643965998260537,0.6612524517785392
CSGS6,q2_2020,1,robust_condition_cqr,recent_power_outage,ramp,487,487,297,9.828104760565937,9.30573034286499,25.230647512238512,4.297093365532661,487,0,1.0,0.6098562628336756,0.6098562628336756,0.6098562628336756,0.29014373716632447,0.29014373716632447,0.0,0.29014373716632447,0.29014373716632447,0.0,0.2808029931590268,0.7208756432068146,5.159342124520857,usable_predictions,attempted_predictions,0.08361950549450549,True,robust_local_cqr,487,487,348,11.916285518503287,11.469356536865234,21.695131680559083,4.297093365532661,487,0,1.0,0.7145790554414785,0.7145790554414785,0.7145790554414785,0.18542094455852154,0.18542094455852154,0.0,0.18542094455852154,0.18542094455852154,0.0,0.34046530052866536,0.619860905158831,5.159342124520857,usable_predictions,attempted_predictions,0.08361950549450549,True,0.10472279260780293,0.10472279260780293,-3.5355158316794295,2.0881807579373497
CSGS6,q2_2020,1,robust_condition_cqr,weather_outage,non_ramp,5337,5337,4929,3.547430127319041,2.6855297088623047,4.140920670071108,0.6503347791378834,5337,0,1.0,0.9235525576166386,0.9235525576166386,0.9235525576166386,0.023552557616638548,0.0,0.023552557616638548,0.023552557616638548,0.0,0.023552557616638548,0.10135514649482974,0.11831201914488881,1.1695824026357444,usable_predictions,attempted_predictions,0.9163804945054945,True,robust_local_cqr,5337,5337,5057,4.126831788906391,2.91226863861084,4.49912048112176,0.6503347791378834,5337,0,1.0,0.9475360689525951,0.9475360689525951,0.9475360689525951,0.0475360689525951,0.0,0.0475360689525951,0.0475360689525951,0.0,0.0475360689525951,0.11790947968303975,0.1285462994606217,1.1695824026357444,usable_predictions,attempted_predictions,0.9163804945054945,True,0.0,-0.023983511335956553,0.35819981105065146,0.5794016615873501
CSGS6,q2_2020,1,robust_condition_cqr,weather_outage,ramp,487,487,270,8.76986195304234,8.697593688964844,27.484929015821713,4.490117441901069,487,0,1.0,0.5544147843942505,0.5544147843942505,0.5544147843942505,0.3455852156057495,0.3455852156057495,0.0,0.3455852156057495,0.3455852156057495,0.0,0.2505674843726383,0.7852836861663347,5.144328342815793,usable_predictions,attempted_predictions,0.08361950549450549,True,robust_local_cqr,487,487,331,10.934099206077489,10.686403274536133,23.14466930500536,4.490117441901069,487,0,1.0,0.6796714579055442,0.6796714579055442,0.6796714579055442,0.22032854209445585,0.22032854209445585,0.0,0.22032854209445585,0.22032854209445585,0.0,0.31240283445935685,0.6612762658572959,5.144328342815793,usable_predictions,attempted_predictions,0.08361950549450549,True,0.12525667351129366,0.12525667351129366,-4.340259710816355,2.1642372530351484
CSGS6,q2_2020,4,robust_condition_cqr,clean,non_ramp,5096,5096,4593,5.247233929794872,4.356740772724152,7.0679488094742675,1.2942888603793221,5096,0,1.0,0.9012951334379906,0.9012951334379906,0.9012951334379906,0.001295133437990592,0.0,0.001295133437990592,0.001295133437990592,0.0,0.001295133437990592,0.14992096942271063,0.20194139455640764,2.2985125341571044,usable_predictions,attempted_predictions,0.875,True,robust_local_cqr,5096,5096,4763,6.270817129852754,4.845821380615234,7.208887612044788,1.2942888603793221,5096,0,1.0,0.9346546310832025,0.9346546310832025,0.9346546310832025,0.034654631083202436,0.0,0.034654631083202436,0.034654631083202436,0.0,0.034654631083202436,0.1791662037100787,0.20596821748699395,2.2985125341571044,usable_predictions,attempted_predictions,0.875,True,0.0,-0.033359497645211844,0.1409388025705205,1.0235832000578826
CSGS6,q2_2020,4,robust_condition_cqr,clean,ramp,728,728,501,8.349459646167336,7.889386892318726,25.456234068497196,3.748863496541322,728,0,1.0,0.6881868131868132,0.6881868131868132,0.6881868131868132,0.21181318681318684,0.21181318681318684,0.0,0.21181318681318684,0.21181318681318684,0.0,0.2385559898904953,0.7273209733856342,5.374456572539523,usable_predictions,attempted_predictions,0.125,True,robust_local_cqr,728,728,572,10.1274387221067,9.840593814849854,22.379864626400337,3.748863496541322,728,0,1.0,0.7857142857142857,0.7857142857142857,0.7857142857142857,0.11428571428571432,0.11428571428571432,0.0,0.11428571428571432,0.11428571428571432,0.0,0.2893553920601914,0.6394247036114382,5.374456572539523,usable_predictions,attempted_predictions,0.125,True,0.09752747252747251,0.09752747252747251,-3.0763694420968584,1.7779790759393634
CSGS6,q2_2020,4,robust_condition_cqr,combined_outage,non_ramp,5096,5096,4579,5.87855076835691,5.854132890701294,8.53633498866769,1.505894268514848,5096,0,1.0,0.8985478806907379,0.8985478806907379,0.8985478806907379,0.0014521193092621454,0.0014521193092621454,0.0,0.0014521193092621454,0.0014521193092621454,0.0,0.167958593381626,0.24389528539050542,2.5493281172192335,usable_predictions,attempted_predictions,0.875,True,robust_local_cqr,5096,5096,4667,6.418481294560099,5.750189781188965,8.037902145450436,1.505894268514848,5096,0,1.0,0.9158163265306123,0.9158163265306123,0.9158163265306123,0.015816326530612268,0.0,0.015816326530612268,0.015816326530612268,0.0,0.015816326530612268,0.18338517984457425,0.2296543470128696,2.5493281172192335,usable_predictions,attempted_predictions,0.875,True,0.0014521193092621454,-0.014364207221350123,-0.49843284321725356,0.5399305262031886
CSGS6,q2_2020,4,robust_condition_cqr,combined_outage,ramp,728,728,544,8.726594059779258,8.102422833442688,23.961292807156077,3.690343395878489,728,0,1.0,0.7472527472527473,0.7472527472527473,0.7472527472527473,0.15274725274725276,0.15274725274725276,0.0,0.15274725274725276,0.15274725274725276,0.0,0.24933125885083593,0.6846083659187451,5.3298366711755625,usable_predictions,attempted_predictions,0.125,True,robust_local_cqr,728,728,579,9.802176895259706,9.109368443489075,22.10021782482739,3.690343395878489,728,0,1.0,0.7953296703296703,0.7953296703296703,0.7953296703296703,0.10467032967032974,0.10467032967032974,0.0,0.10467032967032974,0.10467032967032974,0.0,0.2800621970074202,0.6314347949950683,5.3298366711755625,usable_predictions,attempted_predictions,0.125,True,0.04807692307692302,0.04807692307692302,-1.861074982328688,1.0755828354804482
CSGS6,q2_2020,4,robust_condition_cqr,irradiance_outage,non_ramp,5096,5096,4589,5.496454733067332,4.974437773227692,7.504589862400904,1.3724319653216868,5096,0,1.0,0.9005102040816326,0.9005102040816326,0.9005102040816326,0.0005102040816326037,0.0,0.0005102040816326037,0.0005102040816326037,0.0,0.0005102040816326037,0.15704156380192377,0.2144168532114544,2.398625508769539,usable_predictions,attempted_predictions,0.875,True,robust_local_cqr,5096,5096,4785,6.605560094400397,5.521127700805664,7.55083892814853,1.3724319653216868,5096,0,1.0,0.9389717425431711,0.9389717425431711,0.9389717425431711,0.03897174254317104,0.0,0.03897174254317104,0.03897174254317104,0.0,0.03897174254317104,0.18873028841143993,0.215738255089958,2.398625508769539,usable_predictions,attempted_predictions,0.875,True,0.0,-0.038461538461538436,0.04624906574762644,1.1091053613330653
CSGS6,q2_2020,4,robust_condition_cqr,irradiance_outage,ramp,728,728,523,8.601515558110755,7.9437021017074585,24.552701915238195,3.7178277479546082,728,0,1.0,0.7184065934065934,0.7184065934065934,0.7184065934065934,0.18159340659340661,0.18159340659340661,0.0,0.18159340659340661,0.18159340659340661,0.0,0.245757587374593,0.7015057690068056,5.32031015742401,usable_predictions,attempted_predictions,0.125,True,robust_local_cqr,728,728,590,10.484631423357424,9.986073970794678,21.806039129721594,3.7178277479546082,728,0,1.0,0.8104395604395604,0.8104395604395604,0.8104395604395604,0.08956043956043958,0.08956043956043958,0.0,0.08956043956043958,0.08956043956043958,0.0,0.2995608978102121,0.623029689420617,5.32031015742401,usable_predictions,attempted_predictions,0.125,True,0.09203296703296704,0.09203296703296704,-2.7466627855166017,1.883115865246669
CSGS6,q2_2020,4,robust_condition_cqr,recent_power_outage,non_ramp,5096,5096,4614,5.99188416932377,5.700214505195618,7.860260685095133,1.4514068744267472,5096,0,1.0,0.9054160125588697,0.9054160125588697,0.9054160125588697,0.005416012558869698,0.0,0.005416012558869698,0.005416012558869698,0.0,0.005416012558869698,0.1711966905521077,0.2245788767170038,2.4647531673424776,usable_predictions,attempted_predictions,0.875,True,robust_local_cqr,5096,5096,4810,7.089838827719233,6.679590106010437,7.947903796388169,1.4514068744267472,5096,0,1.0,0.9438775510204082,0.9438775510204082,0.9438775510204082,0.043877551020408134,0.0,0.043877551020408134,0.043877551020408134,0.0,0.043877551020408134,0.20256682364912093,0.22708296561109054,2.4647531673424776,usable_predictions,attempted_predictions,0.875,True,0.0,-0.038461538461538436,0.08764311129303604,1.0979546583954631
CSGS6,q2_2020,4,robust_condition_cqr,recent_power_outage,ramp,728,728,541,9.039592570236342,8.910868883132935,21.125493547490255,3.659301924099634,728,0,1.0,0.7431318681318682,0.7431318681318682,0.7431318681318682,0.15686813186813187,0.15686813186813187,0.0,0.15686813186813187,0.15686813186813187,0.0,0.25827407343532405,0.603585529928293,5.26888863020433,usable_predictions,attempted_predictions,0.125,True,robust_local_cqr,728,728,609,10.743296356125258,11.618419647216797,18.680862688726187,3.659301924099634,728,0,1.0,0.8365384615384616,0.8365384615384616,0.8365384615384616,0.06346153846153846,0.06346153846153846,0.0,0.06346153846153846,0.06346153846153846,0.0,0.30695132446072165,0.5337389339636053,5.26888863020433,usable_predictions,attempted_predictions,0.125,True,0.09340659340659341,0.09340659340659341,-2.444630858764068,1.7037037858889157
CSGS6,q2_2020,4,robust_condition_cqr,weather_outage,non_ramp,5096,5096,4591,5.361383343909339,4.62023988366127,7.278136547923883,1.34232700391905,5096,0,1.0,0.9009026687598116,0.9009026687598116,0.9009026687598116,0.0009026687598115979,0.0,0.0009026687598115979,0.0009026687598115979,0.0,0.0009026687598115979,0.15318238125455255,0.20794675851211095,2.3476170406931405,usable_predictions,attempted_predictions,0.875,True,robust_local_cqr,5096,5096,4733,6.298374206884189,5.027523517608643,7.3324558869634595,1.34232700391905,5096,0,1.0,0.9287676609105181,0.9287676609105181,0.9287676609105181,0.028767660910518078,0.0,0.028767660910518078,0.028767660910518078,0.0,0.028767660910518078,0.17995354876811967,0.2094987396275274,2.3476170406931405,usable_predictions,attempted_predictions,0.875,True,0.0,-0.02786499215070648,0.05431933903957642,0.9369908629748496
CSGS6,q2_2020,4,robust_condition_cqr,weather_outage,ramp,728,728,525,8.57739344149173,7.975100040435791,24.228059413586998,3.6769191680864974,728,0,1.0,0.7211538461538461,0.7211538461538461,0.7211538461538461,0.17884615384615388,0.17884615384615388,0.0,0.17884615384615388,0.17884615384615388,0.0,0.24506838404262082,0.6922302689596285,5.269034931403541,usable_predictions,attempted_predictions,0.125,True,robust_local_cqr,728,728,579,10.28152536626414,9.954984545707703,21.662024937334706,3.6769191680864974,728,0,1.0,0.7953296703296703,0.7953296703296703,0.7953296703296703,0.10467032967032974,0.10467032967032974,0.0,0.10467032967032974,0.10467032967032974,0.0,0.29375786760754685,0.6189149982095631,5.269034931403541,usable_predictions,attempted_predictions,0.125,True,0.07417582417582413,0.07417582417582413,-2.566034476252291,1.70413192477241
CSGS6,q3_2020,1,robust_condition_cqr,clean,non_ramp,5291,5291,4775,4.100067312121056,3.0957099199295044,4.849007731385367,0.8033732394039782,5291,0,1.0,0.9024759024759025,0.9024759024759025,0.9024759024759025,0.0024759024759024584,0.0,0.0024759024759024584,0.0024759024759024584,0.0,0.0024759024759024584,0.1171447803463159,0.1385430780395819,1.349666055671799,usable_predictions,attempted_predictions,0.8986073369565217,True,robust_local_cqr,5291,5291,5012,4.731413783346616,3.3575069904327393,5.092852079982605,0.8033732394039782,5291,0,1.0,0.9472689472689473,0.9472689472689473,0.9472689472689473,0.04726894726894726,0.0,0.04726894726894726,0.04726894726894726,0.0,0.04726894726894726,0.13518325095276046,0.14551005942807443,1.349666055671799,usable_predictions,attempted_predictions,0.8986073369565217,True,0.0,-0.0447930447930448,0.24384434859723836,0.6313464712255596
CSGS6,q3_2020,1,robust_condition_cqr,clean,ramp,597,597,311,9.799557760332897,9.871344566345215,28.31921480788258,4.898374542818597,597,0,1.0,0.5209380234505863,0.5209380234505863,0.5209380234505863,0.37906197654941376,0.37906197654941376,0.0,0.37906197654941376,0.37906197654941376,0.0,0.2799873645809399,0.8091204230823594,5.562327968602039,usable_predictions,attempted_predictions,0.10139266304347826,True,robust_local_cqr,597,597,404,11.571467145004464,11.704577445983887,23.62335187965502,4.898374542818597,597,0,1.0,0.6767169179229481,0.6767169179229481,0.6767169179229481,0.22328308207705194,0.22328308207705194,0.0,0.22328308207705194,0.22328308207705194,0.0,0.3306133470001275,0.6749529108472863,5.562327968602039,usable_predictions,attempted_predictions,0.10139266304347826,True,0.15577889447236182,0.15577889447236182,-4.695862928227562,1.7719093846715666
CSGS6,q3_2020,1,robust_condition_cqr,combined_outage,non_ramp,5291,5291,4615,5.500017292476769,5.269420892000198,9.364251413138714,1.6011771338948773,5291,0,1.0,0.8722358722358723,0.8722358722358723,0.8722358722358723,0.027764127764127733,0.027764127764127733,0.0,0.027764127764127733,0.027764127764127733,0.0,0.15714335121362197,0.2675500403753918,2.7758249965044692,usable_predictions,attempted_predictions,0.8986073369565217,True,robust_local_cqr,5291,5291,4657,6.060944589478029,5.127704560756683,8.380998572742847,1.6011771338948773,5291,0,1.0,0.8801738801738802,0.8801738801738802,0.8801738801738802,0.019826119826119815,0.019826119826119815,0.0,0.019826119826119815,0.019826119826119815,0.0,0.17316984541365799,0.23945710207836704,2.7758249965044692,usable_predictions,attempted_predictions,0.8986073369565217,True,0.007938007938007918,0.007938007938007918,-0.9832528403958669,0.5609272970012604
CSGS6,q3_2020,1,robust_condition_cqr,combined_outage,ramp,597,597,389,10.275042114245831,10.466935157775879,25.856714180066955,4.435605773374663,597,0,1.0,0.6515912897822446,0.6515912897822446,0.6515912897822446,0.24840871021775546,0.24840871021775546,0.0,0.24840871021775546,0.24840871021775546,0.0,0.2935726318355952,0.7387632622876273,5.350983494990816,usable_predictions,attempted_predictions,0.10139266304347826,True,robust_local_cqr,597,597,455,13.039059417063317,13.056709289550781,22.15394153040982,4.435605773374663,597,0,1.0,0.7621440536013401,0.7621440536013401,0.7621440536013401,0.13785594639865995,0.13785594639865995,0.0,0.13785594639865995,0.13785594639865995,0.0,0.3725445547732376,0.6329697580117092,5.350983494990816,usable_predictions,attempted_predictions,0.10139266304347826,True,0.11055276381909551,0.11055276381909551,-3.7027726496571347,2.7640173028174857
CSGS6,q3_2020,1,robust_condition_cqr,irradiance_outage,non_ramp,5291,5291,4778,4.631320279637854,3.785618782043457,5.335861486365599,0.8989486160865403,5291,0,1.0,0.903042903042903,0.903042903042903,0.903042903042903,0.003042903042903,0.0,0.003042903042903,0.003042903042903,0.0,0.003042903042903,0.13232343656108153,0.1524531853247314,1.497803076486561,usable_predictions,attempted_predictions,0.8986073369565217,True,robust_local_cqr,5291,5291,5046,5.319711447366468,4.127661854028702,5.615498507629586,0.8989486160865403,5291,0,1.0,0.9536949536949537,0.9536949536949537,0.9536949536949537,0.053694953694953695,0.0,0.053694953694953695,0.053694953694953695,0.0,0.053694953694953695,0.15199175563904194,0.16044281450370246,1.497803076486561,usable_predictions,attempted_predictions,0.8986073369565217,True,0.0,-0.050652050652050695,0.27963702126398715,0.6883911677286143
CSGS6,q3_2020,1,robust_condition_cqr,irradiance_outage,ramp,597,597,353,10.439790171993836,10.816572427749634,25.993979871971924,4.659063081945007,597,0,1.0,0.5912897822445561,0.5912897822445561,0.5912897822445561,0.30871021775544394,0.30871021775544394,0.0,0.30871021775544394,0.30871021775544394,0.0,0.2982797191998239,0.7426851391991978,5.390422759231114,usable_predictions,attempted_predictions,0.10139266304347826,True,robust_local_cqr,597,597,438,12.263415531497106,12.785869121551514,22.25562788014436,4.659063081945007,597,0,1.0,0.7336683417085427,0.7336683417085427,0.7336683417085427,0.16633165829145735,0.16633165829145735,0.0,0.16633165829145735,0.16633165829145735,0.0,0.3503833008999173,0.6358750822898388,5.390422759231114,usable_predictions,attempted_predictions,0.10139266304347826,True,0.1423785594639866,0.1423785594639866,-3.738351991827564,1.8236253595032696
CSGS6,q3_2020,1,robust_condition_cqr,recent_power_outage,non_ramp,5291,5291,4685,4.903948698094294,4.3246750831604,6.491120705915359,1.2110117934702496,5291,0,1.0,0.8854658854658854,0.8854658854658854,0.8854658854658854,0.014534114534114573,0.014534114534114573,0.0,0.014534114534114573,0.014534114534114573,0.0,0.14011281994555125,0.1854605915975817,2.070548676467547,usable_predictions,attempted_predictions,0.8986073369565217,True,robust_local_cqr,5291,5291,4893,5.639027699523392,4.824040651321411,6.484723793058157,1.2110117934702496,5291,0,1.0,0.9247779247779248,0.9247779247779248,0.9247779247779248,0.02477792477792473,0.0,0.02477792477792473,0.02477792477792473,0.0,0.02477792477792473,0.16111507712923975,0.18527782265880446,2.070548676467547,usable_predictions,attempted_predictions,0.8986073369565217,True,0.014534114534114573,-0.010243810243810159,-0.006396912857201897,0.7350790014290975
CSGS6,q3_2020,1,robust_condition_cqr,recent_power_outage,ramp,597,597,343,10.190959358734501,10.1234130859375,28.33524582633621,4.664174379515688,597,0,1.0,0.5745393634840871,0.5745393634840871,0.5745393634840871,0.32546063651591295,0.32546063651591295,0.0,0.32546063651591295,0.32546063651591295,0.0,0.2911702673924143,0.8095784521810345,5.506288967502185,usable_predictions,attempted_predictions,0.10139266304347826,True,robust_local_cqr,597,597,421,12.406337333883672,12.45422077178955,23.828399659401207,4.664174379515688,597,0,1.0,0.7051926298157454,0.7051926298157454,0.7051926298157454,0.19480737018425465,0.19480737018425465,0.0,0.19480737018425465,0.19480737018425465,0.0,0.3544667809681049,0.6808114188400345,5.506288967502185,usable_predictions,attempted_predictions,0.10139266304347826,True,0.1306532663316583,0.1306532663316583,-4.506846166935002,2.2153779751491705
CSGS6,q3_2020,1,robust_condition_cqr,weather_outage,non_ramp,5291,5291,4769,4.228592231576833,3.5024607181549072,5.016919200363044,0.8631923715190806,5291,0,1.0,0.9013419013419014,0.9013419013419014,0.9013419013419014,0.0013419013419013748,0.0,0.0013419013419013748,0.0013419013419013748,0.0,0.0013419013419013748,0.12081692090219523,0.14334054858180126,1.4333711841247256,usable_predictions,attempted_predictions,0.8986073369565217,True,robust_local_cqr,5291,5291,5003,4.911076832230201,3.814086675643921,5.291314910894531,0.8631923715190806,5291,0,1.0,0.9455679455679455,0.9455679455679455,0.9455679455679455,0.04556794556794552,0.0,0.04556794556794552,0.04556794556794552,0.0,0.04556794556794552,0.14031648092086288,0.15118042602555803,1.4333711841247256,usable_predictions,attempted_predictions,0.8986073369565217,True,0.0,-0.04422604422604415,0.27439571053148715,0.6824846006533676
CSGS6,q3_2020,1,robust_condition_cqr,weather_outage,ramp,597,597,313,9.767293946093286,9.87722110748291,27.90565917446509,4.807273449111025,597,0,1.0,0.52428810720268,0.52428810720268,0.52428810720268,0.37571189279732,0.37571189279732,0.0,0.37571189279732,0.37571189279732,0.0,0.27906554131695105,0.7973045478418597,5.50564026509209,usable_predictions,attempted_predictions,0.10139266304347826,True,robust_local_cqr,597,597,414,11.599365464007635,11.831522941589355,23.11551391499326,4.807273449111025,597,0,1.0,0.6934673366834171,0.6934673366834171,0.6934673366834171,0.20653266331658293,0.20653266331658293,0.0,0.20653266331658293,0.20653266331658293,0.0,0.33141044182878954,0.6604432547140932,5.50564026509209,usable_predictions,attempted_predictions,0.10139266304347826,True,0.16917922948073705,0.16917922948073705,-4.790145259471828,1.8320715179143487
CSGS6,q3_2020,4,robust_condition_cqr,clean,non_ramp,5172,5172,4573,6.498234898989987,5.930666446685791,8.563212076118482,1.6651356689304444,5172,0,1.0,0.884184068058778,0.884184068058778,0.884184068058778,0.015815931941221995,0.015815931941221995,0.0,0.015815931941221995,0.015815931941221995,0.0,0.18566385425685678,0.24466320217481377,2.704046004420253,usable_predictions,attempted_predictions,0.8783967391304348,True,robust_local_cqr,5172,5172,4667,7.0592560780871,5.920556604862213,8.552038638420818,1.6651356689304444,5172,0,1.0,0.9023588553750966,0.9023588553750966,0.9023588553750966,0.0023588553750966135,0.0,0.0023588553750966135,0.0023588553750966135,0.0,0.0023588553750966135,0.20169303080248857,0.24434396109773765,2.704046004420253,usable_predictions,attempted_predictions,0.8783967391304348,True,0.015815931941221995,0.013457076566125381,-0.011173437697664212,0.5610211790971125
CSGS6,q3_2020,4,robust_condition_cqr,clean,ramp,716,716,459,11.04872557265403,11.179889559745789,27.079140959739394,4.876805852297381,716,0,1.0,0.6410614525139665,0.6410614525139665,0.6410614525139665,0.2589385474860335,0.2589385474860335,0.0,0.2589385474860335,0.2589385474860335,0.0,0.31567787350440085,0.7736897417068398,6.094526653341517,usable_predictions,attempted_predictions,0.12160326086956522,True,robust_local_cqr,716,716,531,12.612771544714755,12.794359564781189,24.072862308789773,4.876805852297381,716,0,1.0,0.7416201117318436,0.7416201117318436,0.7416201117318436,0.1583798882681564,0.1583798882681564,0.0,0.1583798882681564,0.1583798882681564,0.0,0.36036490127756443,0.6877960659654221,6.094526653341517,usable_predictions,attempted_predictions,0.12160326086956522,True,0.1005586592178771,0.1005586592178771,-3.0062786509496213,1.5640459720607254
CSGS6,q3_2020,4,robust_condition_cqr,combined_outage,non_ramp,5172,5172,4466,6.874037936488573,6.966758340597153,10.547107929823655,1.9323981308110534,5172,0,1.0,0.8634957463263728,0.8634957463263728,0.8634957463263728,0.036504253673627196,0.036504253673627196,0.0,0.036504253673627196,0.036504253673627196,0.0,0.19640108389967353,0.3013459408521044,3.069567541776994,usable_predictions,attempted_predictions,0.8783967391304348,True,robust_local_cqr,5172,5172,4512,7.432169934179265,6.501621961593628,10.022991465914172,1.9323981308110534,5172,0,1.0,0.8723897911832946,0.8723897911832946,0.8723897911832946,0.027610208816705395,0.027610208816705395,0.0,0.027610208816705395,0.027610208816705395,0.0,0.21234771240512185,0.2863711847404049,3.069567541776994,usable_predictions,attempted_predictions,0.8783967391304348,True,0.008894044856921801,0.008894044856921801,-0.5241164639094826,0.5581319976906913
CSGS6,q3_2020,4,robust_condition_cqr,combined_outage,ramp,716,716,490,10.91570513639547,11.182189702987671,25.149579841646172,4.700046021980364,716,0,1.0,0.6843575418994413,0.6843575418994413,0.6843575418994413,0.2156424581005587,0.2156424581005587,0.0,0.2156424581005587,0.2156424581005587,0.0,0.3118772896112991,0.7185594240470335,5.86180343108952,usable_predictions,attempted_predictions,0.12160326086956522,True,robust_local_cqr,716,716,556,12.501159232479193,12.97352421283722,21.68357501605099,4.700046021980364,716,0,1.0,0.776536312849162,0.776536312849162,0.776536312849162,0.123463687150838,0.123463687150838,0.0,0.123463687150838,0.123463687150838,0.0,0.35717597807083407,0.619530714744314,5.86180343108952,usable_predictions,attempted_predictions,0.12160326086956522,True,0.09217877094972071,0.09217877094972071,-3.4660048255951814,1.5854540960837227
CSGS6,q3_2020,4,robust_condition_cqr,irradiance_outage,non_ramp,5172,5172,4486,6.5338692100962525,6.376676321029663,9.055349712421455,1.7244907204642155,5172,0,1.0,0.8673627223511214,0.8673627223511214,0.8673627223511214,0.03263727764887858,0.03263727764887858,0.0,0.03263727764887858,0.03263727764887858,0.0,0.1866819774313215,0.25872427749775584,2.7605332285884376,usable_predictions,attempted_predictions,0.8783967391304348,True,robust_local_cqr,5172,5172,4622,7.249609090270933,6.575931429862976,8.944896620926219,1.7244907204642155,5172,0,1.0,0.8936581593194122,0.8936581593194122,0.8936581593194122,0.006341840680587851,0.006341840680587851,0.0,0.006341840680587851,0.006341840680587851,0.0,0.20713168829345524,0.25556847488360623,2.7605332285884376,usable_predictions,attempted_predictions,0.8783967391304348,True,0.02629543696829073,0.02629543696829073,-0.11045309149523597,0.7157398801746808
CSGS6,q3_2020,4,robust_condition_cqr,irradiance_outage,ramp,716,716,464,11.124181159073487,11.27752685546875,25.03039811512419,4.848117525195026,716,0,1.0,0.6480446927374302,0.6480446927374302,0.6480446927374302,0.25195530726256987,0.25195530726256987,0.0,0.25195530726256987,0.25195530726256987,0.0,0.31783374740209963,0.7151542318606912,6.027626689655446,usable_predictions,attempted_predictions,0.12160326086956522,True,robust_local_cqr,716,716,551,12.896110109006726,13.281750917434692,21.552365519543432,4.848117525195026,716,0,1.0,0.7695530726256983,0.7695530726256983,0.7695530726256983,0.13044692737430175,0.13044692737430175,0.0,0.13044692737430175,0.13044692737430175,0.0,0.3684602888287636,0.6157818719869552,6.027626689655446,usable_predictions,attempted_predictions,0.12160326086956522,True,0.12150837988826813,0.12150837988826813,-3.478032595580757,1.7719289499332387
CSGS6,q3_2020,4,robust_condition_cqr,recent_power_outage,non_ramp,5172,5172,4458,6.828191341925444,6.709339261054993,9.747231014288687,1.8371790217396329,5172,0,1.0,0.8619489559164734,0.8619489559164734,0.8619489559164734,0.038051044083526664,0.038051044083526664,0.0,0.038051044083526664,0.038051044083526664,0.0,0.19509118119786983,0.27849231469396246,2.8948918173557336,usable_predictions,attempted_predictions,0.8783967391304348,True,robust_local_cqr,5172,5172,4604,7.6242796623024836,6.9485414028167725,9.460295964836593,1.8371790217396329,5172,0,1.0,0.8901778808971385,0.8901778808971385,0.8901778808971385,0.00982211910286157,0.00982211910286157,0.0,0.00982211910286157,0.00982211910286157,0.0,0.21783656178007096,0.27029417042390264,2.8948918173557336,usable_predictions,attempted_predictions,0.8783967391304348,True,0.028228924980665093,0.028228924980665093,-0.2869350494520937,0.7960883203770397
CSGS6,q3_2020,4,robust_condition_cqr,recent_power_outage,ramp,716,716,469,11.026780901007177,11.279896259307861,26.18489891036632,4.852462528648074,716,0,1.0,0.6550279329608939,0.6550279329608939,0.6550279329608939,0.24497206703910612,0.24497206703910612,0.0,0.24497206703910612,0.24497206703910612,0.0,0.3150508828859193,0.7481399688676091,6.088578053119536,usable_predictions,attempted_predictions,0.12160326086956522,True,robust_local_cqr,716,716,529,12.635722831591401,12.963462352752686,22.46861368633401,4.852462528648074,716,0,1.0,0.7388268156424581,0.7388268156424581,0.7388268156424581,0.1611731843575419,0.1611731843575419,0.0,0.1611731843575419,0.1611731843575419,0.0,0.3610206523311829,0.6419603910381145,6.088578053119536,usable_predictions,attempted_predictions,0.12160326086956522,True,0.08379888268156421,0.08379888268156421,-3.716285224032312,1.6089419305842245
CSGS6,q3_2020,4,robust_condition_cqr,weather_outage,non_ramp,5172,5172,4495,6.5792709763880275,6.139290153980255,9.179942855099302,1.7644086266130603,5172,0,1.0,0.8691028615622584,0.8691028615622584,0.8691028615622584,0.030897138437741667,0.030897138437741667,0.0,0.030897138437741667,0.030897138437741667,0.0,0.18797917075394363,0.26228408157426575,2.837446221597049,usable_predictions,attempted_predictions,0.8783967391304348,True,robust_local_cqr,5172,5172,4621,7.264480682021498,6.230729103088379,8.978841148727387,1.7644086266130603,5172,0,1.0,0.8934648105181748,0.8934648105181748,0.8934648105181748,0.006535189481825188,0.006535189481825188,0.0,0.006535189481825188,0.006535189481825188,0.0,0.20755659091489995,0.2565383185350682,2.837446221597049,usable_predictions,attempted_predictions,0.8783967391304348,True,0.02436194895591648,0.02436194895591648,-0.20110170637191516,0.6852097056334703
CSGS6,q3_2020,4,robust_condition_cqr,weather_outage,ramp,716,716,466,11.040006098698424,11.16212511062622,25.035337611805915,4.743547030802628,716,0,1.0,0.6508379888268156,0.6508379888268156,0.6508379888268156,0.24916201117318437,0.24916201117318437,0.0,0.24916201117318437,0.24916201117318437,0.0,0.31542874567709783,0.7152953603373119,6.0200089630848765,usable_predictions,attempted_predictions,0.12160326086956522,True,robust_local_cqr,716,716,550,12.72299082875421,12.84705924987793,21.982203867042557,4.743547030802628,716,0,1.0,0.7681564245810056,0.7681564245810056,0.7681564245810056,0.13184357541899439,0.13184357541899439,0.0,0.13184357541899439,0.13184357541899439,0.0,0.3635140236786917,0.6280629676297873,6.0200089630848765,usable_predictions,attempted_predictions,0.12160326086956522,True,0.11731843575418999,0.11731843575418999,-3.0531337447633575,1.6829847300557859
CSGS6,q4_2020,1,robust_condition_cqr,clean,non_ramp,5584,5584,5481,3.3274573558178613,2.734682083129883,3.510690507051544,0.4414981109911482,5584,0,1.0,0.981554441260745,0.981554441260745,0.981554441260745,0.08155444126074496,0.0,0.08155444126074496,0.08155444126074496,0.0,0.08155444126074496,0.0950702101662246,0.10030544305861555,0.8973792918760463,usable_predictions,attempted_predictions,0.9483695652173914,True,robust_local_cqr,5584,5584,5471,3.3597187792680536,2.694936156272888,3.531095310723055,0.4414981109911482,5584,0,1.0,0.9797636103151862,0.9797636103151862,0.9797636103151862,0.0797636103151862,0.0,0.0797636103151862,0.0797636103151862,0.0,0.0797636103151862,0.09599196512194438,0.10088843744923014,0.8973792918760463,usable_predictions,attempted_predictions,0.9483695652173914,True,0.0,0.0017908309455587634,0.020404803671510763,0.03226142345019234
CSGS6,q4_2020,1,robust_condition_cqr,clean,ramp,304,304,152,9.67605645013483,9.81562089920044,32.254431254377494,5.058263448410128,304,0,1.0,0.5,0.5,0.5,0.4,0.4,0.0,0.4,0.4,0.0,0.276458755718138,0.9215551786964998,5.779986058722784,usable_predictions,attempted_predictions,0.051630434782608696,True,robust_local_cqr,304,304,178,11.11485146574284,10.5870041847229,29.402439366830023,5.058263448410128,304,0,1.0,0.5855263157894737,0.5855263157894737,0.5855263157894737,0.31447368421052635,0.31447368421052635,0.0,0.31447368421052635,0.31447368421052635,0.0,0.3175671847355097,0.8400696961951435,5.779986058722784,usable_predictions,attempted_predictions,0.051630434782608696,True,0.08552631578947367,0.08552631578947367,-2.85199188754747,1.4387950156080098
CSGS6,q4_2020,1,robust_condition_cqr,combined_outage,non_ramp,5584,5584,5413,5.306874183673033,4.9559778571128845,6.495211216030664,0.967886006853588,5584,0,1.0,0.9693767908309455,0.9693767908309455,0.9693767908309455,0.0693767908309455,0.0,0.0693767908309455,0.0693767908309455,0.0,0.0693767908309455,0.15162497667637237,0.1855774633151618,1.9279584857831262,usable_predictions,attempted_predictions,0.9483695652173914,True,robust_local_cqr,5584,5584,5394,5.647800758063818,5.56888073682785,6.4307681453680825,0.967886006853588,5584,0,1.0,0.9659742120343839,0.9659742120343839,0.9659742120343839,0.06597421203438392,0.0,0.06597421203438392,0.06597421203438392,0.0,0.06597421203438392,0.1613657359446805,0.18373623272480236,1.9279584857831262,usable_predictions,attempted_predictions,0.9483695652173914,True,0.0,0.003402578796561584,-0.06444307066258137,0.3409265743907852
CSGS6,q4_2020,1,robust_condition_cqr,combined_outage,ramp,304,304,195,10.951156689123692,10.667572021484375,29.17224170382772,4.717470046622973,304,0,1.0,0.6414473684210527,0.6414473684210527,0.6414473684210527,0.25855263157894737,0.25855263157894737,0.0,0.25855263157894737,0.25855263157894737,0.0,0.3128901911178198,0.8334926201093634,5.705780089329932,usable_predictions,attempted_predictions,0.051630434782608696,True,robust_local_cqr,304,304,212,12.789254967644075,12.997731328010559,26.11213792383205,4.717470046622973,304,0,1.0,0.6973684210526315,0.6973684210526315,0.6973684210526315,0.2026315789473685,0.2026315789473685,0.0,0.2026315789473685,0.2026315789473685,0.0,0.3654072847898307,0.7460610835380587,5.705780089329932,usable_predictions,attempted_predictions,0.051630434782608696,True,0.05592105263157887,0.05592105263157887,-3.060103779995668,1.8380982785203823
CSGS6,q4_2020,1,robust_condition_cqr,irradiance_outage,non_ramp,5584,5584,5446,3.7647143077373557,3.1640312671661377,3.9739598409420918,0.5305395186279042,5584,0,1.0,0.9752865329512894,0.9752865329512894,0.9752865329512894,0.0752865329512894,0.0,0.0752865329512894,0.0752865329512894,0.0,0.0752865329512894,0.10756326593535302,0.11354170974120262,1.0639642845308799,usable_predictions,attempted_predictions,0.9483695652173914,True,robust_local_cqr,5584,5584,5472,4.03008813806625,3.5735405683517456,4.17673811201358,0.5305395186279042,5584,0,1.0,0.9799426934097422,0.9799426934097422,0.9799426934097422,0.07994269340974214,0.0,0.07994269340974214,0.07994269340974214,0.0,0.07994269340974214,0.11514537537332144,0.11933537462895943,1.0639642845308799,usable_predictions,attempted_predictions,0.9483695652173914,True,0.0,-0.0046561604584527405,0.20277827107148827,0.2653738303288944
CSGS6,q4_2020,1,robust_condition_cqr,irradiance_outage,ramp,304,304,169,10.388875775431332,10.43643856048584,28.560888058653003,4.8204547048203255,304,0,1.0,0.555921052631579,0.555921052631579,0.555921052631579,0.34407894736842104,0.34407894736842104,0.0,0.34407894736842104,0.34407894736842104,0.0,0.2968250221551809,0.8160253731043715,5.569744343056186,usable_predictions,attempted_predictions,0.051630434782608696,True,robust_local_cqr,304,304,196,11.374492083136973,11.338139414787292,26.42959320290308,4.8204547048203255,304,0,1.0,0.6447368421052632,0.6447368421052632,0.6447368421052632,0.25526315789473686,0.25526315789473686,0.0,0.25526315789473686,0.25526315789473686,0.0,0.3249854880896278,0.7551312343686595,5.569744343056186,usable_predictions,attempted_predictions,0.051630434782608696,True,0.08881578947368418,0.08881578947368418,-2.131294855749921,0.9856163077056408
CSGS6,q4_2020,1,robust_condition_cqr,recent_power_outage,non_ramp,5584,5584,5472,4.373043341231419,4.155633866786957,4.713004038816106,0.6825753655923172,5584,0,1.0,0.9799426934097422,0.9799426934097422,0.9799426934097422,0.07994269340974214,0.0,0.07994269340974214,0.07994269340974214,0.0,0.07994269340974214,0.12494409546375483,0.13465725825188873,1.3395737242030357,usable_predictions,attempted_predictions,0.9483695652173914,True,robust_local_cqr,5584,5584,5477,4.415939505630337,4.020433127880096,4.667698952809069,0.6825753655923172,5584,0,1.0,0.9808381088825215,0.9808381088825215,0.9808381088825215,0.08083810888252152,0.0,0.08083810888252152,0.08083810888252152,0.0,0.08083810888252152,0.1261697001608668,0.13336282722311624,1.3395737242030357,usable_predictions,attempted_predictions,0.9483695652173914,True,0.0,-0.0008954154727793817,-0.045305086007036977,0.0428961643989183
CSGS6,q4_2020,1,robust_condition_cqr,recent_power_outage,ramp,304,304,186,10.49146079821022,10.335463047027588,31.14827621061551,4.904595692593016,304,0,1.0,0.6118421052631579,0.6118421052631579,0.6118421052631579,0.28815789473684217,0.28815789473684217,0.0,0.28815789473684217,0.28815789473684217,0.0,0.2997560228060063,0.8899507488747288,5.820745933259396,usable_predictions,attempted_predictions,0.051630434782608696,True,robust_local_cqr,304,304,195,11.317322175949812,11.085237503051758,29.658817533403635,4.904595692593016,304,0,1.0,0.6414473684210527,0.6414473684210527,0.6414473684210527,0.25855263157894737,0.25855263157894737,0.0,0.25855263157894737,0.25855263157894737,0.0,0.3233520621699946,0.8473947866686753,5.820745933259396,usable_predictions,attempted_predictions,0.051630434782608696,True,0.0296052631578948,0.0296052631578948,-1.489458677211875,0.8258613777395922
CSGS6,q4_2020,1,robust_condition_cqr,weather_outage,non_ramp,5584,5584,5469,3.3582357942220256,2.7762018144130707,3.5658984137656478,0.44798990710046316,5584,0,1.0,0.9794054441260746,0.9794054441260746,0.9794054441260746,0.07940544412607453,0.0,0.07940544412607453,0.07940544412607453,0.0,0.07940544412607453,0.0959495941206293,0.10188281182187565,0.9166129916293642,usable_predictions,attempted_predictions,0.9483695652173914,True,robust_local_cqr,5584,5584,5469,3.4633211763773626,2.815627843141556,3.6351470962274006,0.44798990710046316,5584,0,1.0,0.9794054441260746,0.9794054441260746,0.9794054441260746,0.07940544412607453,0.0,0.07940544412607453,0.07940544412607453,0.0,0.07940544412607453,0.0989520336107818,0.10386134560649717,0.9166129916293642,usable_predictions,attempted_predictions,0.9483695652173914,True,0.0,0.0,0.06924868246175286,0.10508538215533703
CSGS6,q4_2020,1,robust_condition_cqr,weather_outage,ramp,304,304,152,9.617893380554099,9.682997822761536,32.43426809616779,5.053289491389143,304,0,1.0,0.5,0.5,0.5,0.4,0.4,0.0,0.4,0.4,0.0,0.2747969537301171,0.9266933741762227,5.777206837024187,usable_predictions,attempted_predictions,0.051630434782608696,True,robust_local_cqr,304,304,180,11.119701165901986,10.464678525924683,29.459526428658712,5.053289491389143,304,0,1.0,0.5921052631578947,0.5921052631578947,0.5921052631578947,0.30789473684210533,0.30789473684210533,0.0,0.30789473684210533,0.30789473684210533,0.0,0.3177057475971996,0.8417007551045347,5.777206837024187,usable_predictions,attempted_predictions,0.051630434782608696,True,0.09210526315789469,0.09210526315789469,-2.974741667509079,1.5018077853478875
CSGS6,q4_2020,4,robust_condition_cqr,clean,non_ramp,4948,4948,4778,5.433471266279375,4.063729286193848,6.264053547524218,1.0613220531231815,4948,0,1.0,0.965642683912692,0.965642683912692,0.965642683912692,0.06564268391269201,0.0,0.06564268391269201,0.06564268391269201,0.0,0.06564268391269201,0.15524203617941074,0.17897295850069192,2.0991553558496943,usable_predictions,attempted_predictions,0.8403532608695652,True,robust_local_cqr,4948,4948,4826,5.552758933273782,4.635690689086914,6.131983327873515,1.0613220531231815,4948,0,1.0,0.9753435731608731,0.9753435731608731,0.9753435731608731,0.07534357316087303,0.0,0.07534357316087303,0.07534357316087303,0.0,0.07534357316087303,0.15865025523639376,0.175199523653529,2.0991553558496943,usable_predictions,attempted_predictions,0.8403532608695652,True,0.0,-0.009700889248181022,-0.13207021965070265,0.1192876669944063
CSGS6,q4_2020,4,robust_condition_cqr,clean,ramp,940,940,809,8.453518558487772,7.151414632797241,16.918984970945786,2.4243603934266384,940,0,1.0,0.8606382978723405,0.8606382978723405,0.8606382978723405,0.03936170212765955,0.03936170212765955,0.0,0.03936170212765955,0.03936170212765955,0.0,0.24152910167107922,0.483399570598451,4.2026054608905765,usable_predictions,attempted_predictions,0.15964673913043478,True,robust_local_cqr,940,940,832,9.796621737968017,8.65599012374878,16.835861277078934,2.4243603934266384,940,0,1.0,0.8851063829787233,0.8851063829787233,0.8851063829787233,0.014893617021276673,0.014893617021276673,0.0,0.014893617021276673,0.014893617021276673,0.0,0.27990347822765765,0.48102460791654095,4.2026054608905765,usable_predictions,attempted_predictions,0.15964673913043478,True,0.024468085106382875,0.024468085106382875,-0.08312369386685248,1.343103179480245
CSGS6,q4_2020,4,robust_condition_cqr,combined_outage,non_ramp,4948,4948,4755,6.978846461177113,5.947107315063477,8.229081342537363,1.2786915396249927,4948,0,1.0,0.9609943411479386,0.9609943411479386,0.9609943411479386,0.06099434114793856,0.0,0.06099434114793856,0.06099434114793856,0.0,0.06099434114793856,0.19939561317648896,0.23511660978678178,2.404749493003262,usable_predictions,attempted_predictions,0.8403532608695652,True,robust_local_cqr,4948,4948,4767,6.816073634028791,6.39454659819603,7.899099168002769,1.2786915396249927,4948,0,1.0,0.9634195634599838,0.9634195634599838,0.9634195634599838,0.06341956345998379,0.0,0.06341956345998379,0.06341956345998379,0.0,0.06341956345998379,0.19474496097225116,0.22568854765722196,2.404749493003262,usable_predictions,attempted_predictions,0.8403532608695652,True,0.0,-0.0024252223120452276,-0.3299821745345941,-0.16277282714832264
CSGS6,q4_2020,4,robust_condition_cqr,combined_outage,ramp,940,940,849,10.758173039661035,10.356766700744629,16.316452345991614,2.6180491507528942,940,0,1.0,0.9031914893617021,0.9031914893617021,0.9031914893617021,0.0031914893617021045,0.0,0.0031914893617021045,0.0031914893617021045,0.0,0.0031914893617021045,0.3073763725617438,0.46618435274261755,4.1534763522444145,usable_predictions,attempted_predictions,0.15964673913043478,True,robust_local_cqr,940,940,861,11.208795277538531,10.880133032798767,16.070161032092145,2.6180491507528942,940,0,1.0,0.9159574468085107,0.9159574468085107,0.9159574468085107,0.015957446808510634,0.0,0.015957446808510634,0.015957446808510634,0.0,0.015957446808510634,0.32025129364395805,0.4591474580597756,4.1534763522444145,usable_predictions,attempted_predictions,0.15964673913043478,True,0.0,-0.012765957446808529,-0.24629131389946934,0.45062223787749645
CSGS6,q4_2020,4,robust_condition_cqr,irradiance_outage,non_ramp,4948,4948,4793,5.853683046125125,4.75876522064209,6.671725052361818,1.0957471607175049,4948,0,1.0,0.9686742118027486,0.9686742118027486,0.9686742118027486,0.06867421180274857,0.0,0.06867421180274857,0.06867421180274857,0.0,0.06867421180274857,0.16724808703214644,0.19062071578176623,2.1114701365375663,usable_predictions,attempted_predictions,0.8403532608695652,True,robust_local_cqr,4948,4948,4854,6.199330468920959,6.145719289779663,6.69553707903292,1.0957471607175049,4948,0,1.0,0.9810024252223121,0.9810024252223121,0.9810024252223121,0.08100242522231205,0.0,0.08100242522231205,0.08100242522231205,0.0,0.08100242522231205,0.17712372768345597,0.19130105940094055,2.1114701365375663,usable_predictions,attempted_predictions,0.8403532608695652,True,0.0,-0.012328213419563472,0.023812026671101272,0.3456474227958335
CSGS6,q4_2020,4,robust_condition_cqr,irradiance_outage,ramp,940,940,817,9.192324800492125,8.380352258682251,17.025103307582754,2.574952376919224,940,0,1.0,0.8691489361702127,0.8691489361702127,0.8691489361702127,0.030851063829787306,0.030851063829787306,0.0,0.030851063829787306,0.030851063829787306,0.0,0.26263785144263213,0.48643152307379295,4.284088347731046,usable_predictions,attempted_predictions,0.15964673913043478,True,robust_local_cqr,940,940,842,10.559945434162472,9.539969682693481,16.78002641348941,2.574952376919224,940,0,1.0,0.8957446808510638,0.8957446808510638,0.8957446808510638,0.004255319148936176,0.004255319148936176,0.0,0.004255319148936176,0.004255319148936176,0.0,0.30171272669035637,0.4794293260996974,4.284088347731046,usable_predictions,attempted_predictions,0.15964673913043478,True,0.02659574468085113,0.02659574468085113,-0.24507689409334432,1.367620633670347
CSGS6,q4_2020,4,robust_condition_cqr,recent_power_outage,non_ramp,4948,4948,4794,6.3463642611659585,5.1332675367593765,7.024816888693017,1.155938730018704,4948,0,1.0,0.9688763136620857,0.9688763136620857,0.9688763136620857,0.06887631366208569,0.0,0.06887631366208569,0.06887631366208569,0.0,0.06887631366208569,0.18132469317617025,0.20070905396265765,2.18965193315211,usable_predictions,attempted_predictions,0.8403532608695652,True,robust_local_cqr,4948,4948,4845,6.394107102380717,5.838773727416992,6.851948945211284,1.155938730018704,4948,0,1.0,0.9791835084882781,0.9791835084882781,0.9791835084882781,0.07918350848827804,0.0,0.07918350848827804,0.07918350848827804,0.0,0.07918350848827804,0.1826887743537348,0.19576996986317954,2.18965193315211,usable_predictions,attempted_predictions,0.8403532608695652,True,0.0,-0.010307194826192356,-0.17286794348173373,0.04774284121475869
CSGS6,q4_2020,4,robust_condition_cqr,recent_power_outage,ramp,940,940,823,9.967586342843765,9.210365623235703,16.487976833111905,2.625390271010234,940,0,1.0,0.875531914893617,0.875531914893617,0.875531914893617,0.024468085106382986,0.024468085106382986,0.0,0.024468085106382986,0.024468085106382986,0.0,0.28478818122410754,0.47108505237462583,4.324422057439929,usable_predictions,attempted_predictions,0.15964673913043478,True,robust_local_cqr,940,940,841,10.968862555113477,10.179145634174347,16.28213785175083,2.625390271010234,940,0,1.0,0.8946808510638298,0.8946808510638298,0.8946808510638298,0.005319148936170248,0.005319148936170248,0.0,0.005319148936170248,0.005319148936170248,0.0,0.3133960730032422,0.46520393862145226,4.324422057439929,usable_predictions,attempted_predictions,0.15964673913043478,True,0.019148936170212738,0.019148936170212738,-0.20583898136107592,1.0012762122697119
CSGS6,q4_2020,4,robust_condition_cqr,weather_outage,non_ramp,4948,4948,4744,5.6700965970752835,4.297422766685486,6.753351676812038,1.1785631663181595,4948,0,1.0,0.9587712206952304,0.9587712206952304,0.9587712206952304,0.05877122069523033,0.0,0.05877122069523033,0.05877122069523033,0.0,0.05877122069523033,0.16200275991643667,0.1929529050517725,2.2602383400666537,usable_predictions,attempted_predictions,0.8403532608695652,True,robust_local_cqr,4948,4948,4780,5.7626056316547105,4.6483564376831055,6.556899915695492,1.1785631663181595,4948,0,1.0,0.9660468876313663,0.9660468876313663,0.9660468876313663,0.06604688763136624,0.0,0.06604688763136624,0.06604688763136624,0.0,0.06604688763136624,0.1646458751901346,0.1873399975912998,2.2602383400666537,usable_predictions,attempted_predictions,0.8403532608695652,True,0.0,-0.007275666936135905,-0.1964517611165455,0.09250903457942705
CSGS6,q4_2020,4,robust_condition_cqr,weather_outage,ramp,940,940,817,8.428020200147195,6.875764846801758,16.157807698225643,2.3929842286495533,940,0,1.0,0.8691489361702127,0.8691489361702127,0.8691489361702127,0.030851063829787306,0.030851063829787306,0.0,0.030851063829787306,0.030851063829787306,0.0,0.2408005771470627,0.46165164852073265,4.174947013294625,usable_predictions,attempted_predictions,0.15964673913043478,True,robust_local_cqr,940,940,840,9.649931149414314,8.517191052436829,16.26880849308924,2.3929842286495533,940,0,1.0,0.8936170212765957,0.8936170212765957,0.8936170212765957,0.00638297872340432,0.00638297872340432,0.0,0.00638297872340432,0.00638297872340432,0.0,0.2757123185546947,0.46482309980254966,4.174947013294625,usable_predictions,attempted_predictions,0.15964673913043478,True,0.024468085106382986,0.024468085106382986,0.11100079486359604,1.2219109492671194
CSGS7,q1_2020,1,robust_condition_cqr,clean,non_ramp,5240,5240,5046,4.040068813824325,3.636121392250061,4.338730996190319,0.5351791211869595,5240,0,1.0,0.9629770992366412,0.9629770992366412,0.9629770992366412,0.06297709923664119,0.0,0.06297709923664119,0.06297709923664119,0.0,0.06297709923664119,0.13466896046081084,0.14462436653967728,1.059548530003306,usable_predictions,attempted_predictions,0.8997252747252747,True,robust_local_cqr,5240,5240,5155,4.596409743322789,4.129513740539551,4.702998775689406,0.5351791211869595,5240,0,1.0,0.9837786259541985,0.9837786259541985,0.9837786259541985,0.0837786259541985,0.0,0.0837786259541985,0.0837786259541985,0.0,0.0837786259541985,0.15321365811075963,0.15676662585631354,1.059548530003306,usable_predictions,attempted_predictions,0.8997252747252747,True,0.0,-0.020801526717557306,0.3642677794990874,0.5563409294984636
CSGS7,q1_2020,1,robust_condition_cqr,clean,ramp,584,584,319,9.894180131718924,10.284234046936035,33.013576418901344,4.983552494953709,584,0,1.0,0.5462328767123288,0.5462328767123288,0.5462328767123288,0.35376712328767124,0.35376712328767124,0.0,0.35376712328767124,0.35376712328767124,0.0,0.3298060043906308,1.1004525472967115,5.988374014854442,usable_predictions,attempted_predictions,0.10027472527472528,True,robust_local_cqr,584,584,409,12.274943640353541,12.755491733551025,26.76243141464481,4.983552494953709,584,0,1.0,0.7003424657534246,0.7003424657534246,0.7003424657534246,0.1996575342465754,0.1996575342465754,0.0,0.1996575342465754,0.1996575342465754,0.0,0.4091647880117847,0.892081047154827,5.988374014854442,usable_predictions,attempted_predictions,0.10027472527472528,True,0.15410958904109584,0.15410958904109584,-6.251145004256536,2.380763508634617
CSGS7,q1_2020,1,robust_condition_cqr,combined_outage,non_ramp,5240,5240,4826,4.806405440466021,3.9524532556533813,6.844926545590998,1.1393110645661675,5240,0,1.0,0.9209923664122137,0.9209923664122137,0.9209923664122137,0.020992366412213692,0.0,0.020992366412213692,0.020992366412213692,0.0,0.020992366412213692,0.1602135146822007,0.22816421818636662,2.288727158746406,usable_predictions,attempted_predictions,0.8997252747252747,True,robust_local_cqr,5240,5240,4985,5.6382804240165685,5.110751628875732,6.47380528679091,1.1393110645661675,5240,0,1.0,0.9513358778625954,0.9513358778625954,0.9513358778625954,0.051335877862595414,0.0,0.051335877862595414,0.051335877862595414,0.0,0.051335877862595414,0.1879426808005523,0.21579350955969698,2.288727158746406,usable_predictions,attempted_predictions,0.8997252747252747,True,0.0,-0.03034351145038172,-0.3711212588000885,0.8318749835505477
CSGS7,q1_2020,1,robust_condition_cqr,combined_outage,ramp,584,584,376,11.119430822352177,11.451933145523071,30.2800410678674,4.756897978816334,584,0,1.0,0.6438356164383562,0.6438356164383562,0.6438356164383562,0.25616438356164384,0.25616438356164384,0.0,0.25616438356164384,0.25616438356164384,0.0,0.3706476940784059,1.0093347022622468,5.931682840202776,usable_predictions,attempted_predictions,0.10027472527472528,True,robust_local_cqr,584,584,460,13.811187806335113,14.512643337249756,25.249408630411818,4.756897978816334,584,0,1.0,0.7876712328767124,0.7876712328767124,0.7876712328767124,0.11232876712328765,0.11232876712328765,0.0,0.11232876712328765,0.11232876712328765,0.0,0.4603729268778371,0.8416469543470606,5.931682840202776,usable_predictions,attempted_predictions,0.10027472527472528,True,0.14383561643835618,0.14383561643835618,-5.0306324374555835,2.691756983982936
CSGS7,q1_2020,1,robust_condition_cqr,irradiance_outage,non_ramp,5240,5240,5021,3.5451439931016013,2.730076789855957,3.9158266432806776,0.5605265665107719,5240,0,1.0,0.958206106870229,0.958206106870229,0.958206106870229,0.05820610687022898,0.0,0.05820610687022898,0.05820610687022898,0.0,0.05820610687022898,0.11817146643672004,0.1305275547760226,1.1592970203217092,usable_predictions,attempted_predictions,0.8997252747252747,True,robust_local_cqr,5240,5240,5135,4.235332943228956,3.4456854835152626,4.386134267424767,0.5605265665107719,5240,0,1.0,0.9799618320610687,0.9799618320610687,0.9799618320610687,0.07996183206106866,0.0,0.07996183206106866,0.07996183206106866,0.0,0.07996183206106866,0.14117776477429853,0.14620447558082555,1.1592970203217092,usable_predictions,attempted_predictions,0.8997252747252747,True,0.0,-0.02175572519083968,0.47030762414408933,0.6901889501273546
CSGS7,q1_2020,1,robust_condition_cqr,irradiance_outage,ramp,584,584,319,10.08842405426788,10.579217195510864,33.15532599751876,4.906159104629458,584,0,1.0,0.5462328767123288,0.5462328767123288,0.5462328767123288,0.35376712328767124,0.35376712328767124,0.0,0.35376712328767124,0.35376712328767124,0.0,0.33628080180892933,1.1051775332506253,5.949046501520747,usable_predictions,attempted_predictions,0.10027472527472528,True,robust_local_cqr,584,584,382,11.926080733639736,12.358134746551514,28.003224153939176,4.906159104629458,584,0,1.0,0.6541095890410958,0.6541095890410958,0.6541095890410958,0.24589041095890418,0.24589041095890418,0.0,0.24589041095890418,0.24589041095890418,0.0,0.39753602445465785,0.9334408051313059,5.949046501520747,usable_predictions,attempted_predictions,0.10027472527472528,True,0.10787671232876705,0.10787671232876705,-5.152101843579583,1.8376566793718556
CSGS7,q1_2020,1,robust_condition_cqr,recent_power_outage,non_ramp,5240,5240,4904,5.660733136558746,6.065219402313232,6.443021933709485,1.1083420487709434,5240,0,1.0,0.9358778625954198,0.9358778625954198,0.9358778625954198,0.03587786259541981,0.0,0.03587786259541981,0.03587786259541981,0.0,0.03587786259541981,0.1886911045519582,0.21476739779031614,1.8149901483036996,usable_predictions,attempted_predictions,0.8997252747252747,True,robust_local_cqr,5240,5240,5090,6.464385120184105,6.836697280406952,6.758358571317794,1.1083420487709434,5240,0,1.0,0.9713740458015268,0.9713740458015268,0.9713740458015268,0.07137404580152673,0.0,0.07137404580152673,0.07137404580152673,0.0,0.07137404580152673,0.21547950400613686,0.2252786190439265,1.8149901483036996,usable_predictions,attempted_predictions,0.8997252747252747,True,0.0,-0.035496183206106924,0.31533663760830954,0.8036519836253593
CSGS7,q1_2020,1,robust_condition_cqr,recent_power_outage,ramp,584,584,381,11.697722743839433,11.552995204925537,28.37782096372892,4.887346702056526,584,0,1.0,0.6523972602739726,0.6523972602739726,0.6523972602739726,0.24760273972602742,0.24760273972602742,0.0,0.24760273972602742,0.24760273972602742,0.0,0.38992409146131446,0.9459273654576307,5.945995289882319,usable_predictions,attempted_predictions,0.10027472527472528,True,robust_local_cqr,584,584,441,13.66473438424913,13.930433750152588,24.002833395252285,4.887346702056526,584,0,1.0,0.7551369863013698,0.7551369863013698,0.7551369863013698,0.1448630136986302,0.1448630136986302,0.0,0.1448630136986302,0.1448630136986302,0.0,0.45549114614163766,0.8000944465084096,5.945995289882319,usable_predictions,attempted_predictions,0.10027472527472528,True,0.10273972602739723,0.10273972602739723,-4.374987568476634,1.9670116404096962
CSGS7,q1_2020,1,robust_condition_cqr,weather_outage,non_ramp,5240,5240,5012,4.13200698577696,3.7839155197143555,4.540206856277388,0.5935961273084326,5240,0,1.0,0.9564885496183206,0.9564885496183206,0.9564885496183206,0.056488549618320616,0.0,0.056488549618320616,0.056488549618320616,0.0,0.056488549618320616,0.13773356619256533,0.1513402285425796,1.1314697263242208,usable_predictions,attempted_predictions,0.8997252747252747,True,robust_local_cqr,5240,5240,5126,4.709858728612953,4.283222794532776,4.856436366359437,0.5935961273084326,5240,0,1.0,0.9782442748091603,0.9782442748091603,0.9782442748091603,0.0782442748091603,0.0,0.0782442748091603,0.0782442748091603,0.0,0.0782442748091603,0.1569952909537651,0.16188121221198123,1.1314697263242208,usable_predictions,attempted_predictions,0.8997252747252747,True,0.0,-0.02175572519083968,0.31622951008204936,0.5778517428359926
CSGS7,q1_2020,1,robust_condition_cqr,weather_outage,ramp,584,584,324,10.037008851945195,10.575194358825684,32.90889244156647,4.996614364534577,584,0,1.0,0.5547945205479452,0.5547945205479452,0.5547945205479452,0.3452054794520548,0.3452054794520548,0.0,0.3452054794520548,0.3452054794520548,0.0,0.3345669617315065,1.096963081385549,6.01177597852878,usable_predictions,attempted_predictions,0.10027472527472528,True,robust_local_cqr,584,584,420,12.534308566750116,13.119790077209473,26.52919427583581,4.996614364534577,584,0,1.0,0.7191780821917808,0.7191780821917808,0.7191780821917808,0.1808219178082192,0.1808219178082192,0.0,0.1808219178082192,0.1808219178082192,0.0,0.4178102855583372,0.8843064758611937,6.01177597852878,usable_predictions,attempted_predictions,0.10027472527472528,True,0.1643835616438356,0.1643835616438356,-6.379698165730662,2.497299714804921
CSGS7,q1_2020,4,robust_condition_cqr,clean,non_ramp,4369,4369,4102,6.238411978174821,4.777858257293701,7.630839760923977,1.2553458680801992,4369,0,1.0,0.9388876173037308,0.9388876173037308,0.9388876173037308,0.038887617303730804,0.0,0.038887617303730804,0.038887617303730804,0.0,0.038887617303730804,0.2079470659391607,0.2543613253641326,2.4872694689412223,usable_predictions,attempted_predictions,0.7501717032967034,True,robust_local_cqr,4369,4369,4215,6.632268420881026,6.000642776489258,7.260642439522392,1.2553458680801992,4369,0,1.0,0.9647516594186313,0.9647516594186313,0.9647516594186313,0.06475165941863126,0.0,0.06475165941863126,0.06475165941863126,0.0,0.06475165941863126,0.22107561402936754,0.2420214146507464,2.4872694689412223,usable_predictions,attempted_predictions,0.7501717032967034,True,0.0,-0.025864042114900454,-0.37019732140158546,0.39385644270620457
CSGS7,q1_2020,4,robust_condition_cqr,clean,ramp,1455,1455,1228,8.85744713639354,7.776923656463623,15.185299860327937,2.6752376758427876,1455,0,1.0,0.8439862542955326,0.8439862542955326,0.8439862542955326,0.05601374570446738,0.05601374570446738,0.0,0.05601374570446738,0.05601374570446738,0.0,0.29524823787978466,0.5061766620109313,4.479887643048742,usable_predictions,attempted_predictions,0.2498282967032967,True,robust_local_cqr,1455,1455,1272,10.373275977174098,9.27769660949707,14.917035381957334,2.6752376758427876,1455,0,1.0,0.8742268041237113,0.8742268041237113,0.8742268041237113,0.02577319587628868,0.02577319587628868,0.0,0.02577319587628868,0.02577319587628868,0.0,0.3457758659058033,0.4972345127319111,4.479887643048742,usable_predictions,attempted_predictions,0.2498282967032967,True,0.030240549828178698,0.030240549828178698,-0.26826447837060385,1.5158288407805571
CSGS7,q1_2020,4,robust_condition_cqr,combined_outage,non_ramp,4369,4369,4084,6.235941991944128,5.107738494873047,8.183739264996824,1.4258918486771284,4369,0,1.0,0.9347676813916228,0.9347676813916228,0.9347676813916228,0.034767681391622784,0.0,0.034767681391622784,0.034767681391622784,0.0,0.034767681391622784,0.20786473306480427,0.27279130883322744,2.7291663387214435,usable_predictions,attempted_predictions,0.7501717032967034,True,robust_local_cqr,4369,4369,4204,6.890875775619203,5.8454437255859375,7.784776862799611,1.4258918486771284,4369,0,1.0,0.9622339208056764,0.9622339208056764,0.9622339208056764,0.06223392080567636,0.0,0.06223392080567636,0.06223392080567636,0.0,0.06223392080567636,0.22969585918730676,0.2594925620933204,2.7291663387214435,usable_predictions,attempted_predictions,0.7501717032967034,True,0.0,-0.027466239414053573,-0.39896240219721246,0.6549337836750748
CSGS7,q1_2020,4,robust_condition_cqr,combined_outage,ramp,1455,1455,1238,8.767939972654593,7.5004870891571045,16.731929184176202,2.855334083606326,1455,0,1.0,0.8508591065292096,0.8508591065292096,0.8508591065292096,0.049140893470790425,0.049140893470790425,0.0,0.049140893470790425,0.049140893470790425,0.0,0.29226466575515314,0.5577309728058734,4.6599756630126485,usable_predictions,attempted_predictions,0.2498282967032967,True,robust_local_cqr,1455,1455,1292,10.792904504451856,10.099461317062378,16.56374175035774,2.855334083606326,1455,0,1.0,0.8879725085910652,0.8879725085910652,0.8879725085910652,0.012027491408934776,0.012027491408934776,0.0,0.012027491408934776,0.012027491408934776,0.0,0.35976348348172854,0.5521247250119247,4.6599756630126485,usable_predictions,attempted_predictions,0.2498282967032967,True,0.03711340206185565,0.03711340206185565,-0.16818743381846346,2.024964531797263
CSGS7,q1_2020,4,robust_condition_cqr,irradiance_outage,non_ramp,4369,4369,4039,6.403001105671624,5.514981955289841,7.996178967289458,1.3867802396921467,4369,0,1.0,0.9244678416113528,0.9244678416113528,0.9244678416113528,0.024467841611352736,0.0,0.024467841611352736,0.024467841611352736,0.0,0.024467841611352736,0.21343337018905414,0.2665392989096486,2.654282204106077,usable_predictions,attempted_predictions,0.7501717032967034,True,robust_local_cqr,4369,4369,4213,7.341286618760321,7.10669469833374,7.955847596158657,1.3867802396921467,4369,0,1.0,0.9642938887617304,0.9642938887617304,0.9642938887617304,0.06429388876173037,0.0,0.06429388876173037,0.06429388876173037,0.0,0.06429388876173037,0.24470955395867738,0.26519491987195526,2.654282204106077,usable_predictions,attempted_predictions,0.7501717032967034,True,0.0,-0.03982604715037763,-0.040331371130800875,0.9382855130886973
CSGS7,q1_2020,4,robust_condition_cqr,irradiance_outage,ramp,1455,1455,1228,8.546271343175897,7.0775933265686035,14.886387404471739,2.64600840578483,1455,0,1.0,0.8439862542955326,0.8439862542955326,0.8439862542955326,0.05601374570446738,0.05601374570446738,0.0,0.05601374570446738,0.05601374570446738,0.0,0.2848757114391966,0.49621291348239127,4.411073973721421,usable_predictions,attempted_predictions,0.2498282967032967,True,robust_local_cqr,1455,1455,1288,10.427846659658016,9.282906532287598,14.341688342755532,2.64600840578483,1455,0,1.0,0.8852233676975945,0.8852233676975945,0.8852233676975945,0.014776632302405557,0.014776632302405557,0.0,0.014776632302405557,0.014776632302405557,0.0,0.3475948886552672,0.4780562780918511,4.411073973721421,usable_predictions,attempted_predictions,0.2498282967032967,True,0.04123711340206182,0.04123711340206182,-0.5446990617162069,1.8815753164821185
CSGS7,q1_2020,4,robust_condition_cqr,recent_power_outage,non_ramp,4369,4369,4119,6.650666950437256,5.974007606506348,8.002776405255025,1.3472892710918851,4369,0,1.0,0.9427786678873884,0.9427786678873884,0.9427786678873884,0.04277866788738838,0.0,0.04277866788738838,0.04277866788738838,0.0,0.04277866788738838,0.22168889834790853,0.26675921350850085,2.5498275680342894,usable_predictions,attempted_predictions,0.7501717032967034,True,robust_local_cqr,4369,4369,4211,7.3654433274543045,7.6599650382995605,8.056487906403826,1.3472892710918851,4369,0,1.0,0.9638361181048295,0.9638361181048295,0.9638361181048295,0.06383611810482948,0.0,0.06383611810482948,0.06383611810482948,0.0,0.06383611810482948,0.24551477758181015,0.26854959688012753,2.5498275680342894,usable_predictions,attempted_predictions,0.7501717032967034,True,0.0,-0.021057450217441098,0.05371150114880052,0.7147763770170483
CSGS7,q1_2020,4,robust_condition_cqr,recent_power_outage,ramp,1455,1455,1246,9.421835685452875,8.7454252243042,15.75394893239518,2.840629164247911,1455,0,1.0,0.8563573883161512,0.8563573883161512,0.8563573883161512,0.043642611683848864,0.043642611683848864,0.0,0.043642611683848864,0.043642611683848864,0.0,0.3140611895150958,0.5251316310798393,4.59939571925719,usable_predictions,attempted_predictions,0.2498282967032967,True,robust_local_cqr,1455,1455,1289,11.158579975505491,10.87645411491394,15.509561811498273,2.840629164247911,1455,0,1.0,0.8859106529209622,0.8859106529209622,0.8859106529209622,0.014089347079037862,0.014089347079037862,0.0,0.014089347079037862,0.014089347079037862,0.0,0.37195266585018305,0.5169853937166091,4.59939571925719,usable_predictions,attempted_predictions,0.2498282967032967,True,0.029553264604811003,0.029553264604811003,-0.2443871208969064,1.7367442900526164
CSGS7,q1_2020,4,robust_condition_cqr,weather_outage,non_ramp,4369,4369,4096,6.250721306541351,5.008130073547363,7.6546063307652705,1.2446591467422328,4369,0,1.0,0.9375143053330282,0.9375143053330282,0.9375143053330282,0.03751430533302813,0.0,0.03751430533302813,0.03751430533302813,0.0,0.03751430533302813,0.2083573768847117,0.25515354435884235,2.494458481643756,usable_predictions,attempted_predictions,0.7501717032967034,True,robust_local_cqr,4369,4369,4188,6.6627933329839015,6.325489044189453,7.322672486487893,1.2446591467422328,4369,0,1.0,0.9585717555504693,0.9585717555504693,0.9585717555504693,0.05857175555046923,0.0,0.05857175555046923,0.05857175555046923,0.0,0.05857175555046923,0.2220931110994634,0.24408908288292977,2.494458481643756,usable_predictions,attempted_predictions,0.7501717032967034,True,0.0,-0.021057450217441098,-0.33193384427737715,0.4120720264425506
CSGS7,q1_2020,4,robust_condition_cqr,weather_outage,ramp,1455,1455,1236,9.126950473846593,8.025415420532227,15.764771387875848,2.7658644508522428,1455,0,1.0,0.8494845360824742,0.8494845360824742,0.8494845360824742,0.050515463917525816,0.050515463917525816,0.0,0.050515463917525816,0.050515463917525816,0.0,0.3042316824615531,0.5254923795958616,4.557383881629633,usable_predictions,attempted_predictions,0.2498282967032967,True,robust_local_cqr,1455,1455,1279,10.641331372412619,9.791985511779785,15.279915239580001,2.7658644508522428,1455,0,1.0,0.8790378006872852,0.8790378006872852,0.8790378006872852,0.020962199312714813,0.020962199312714813,0.0,0.020962199312714813,0.020962199312714813,0.0,0.3547110457470873,0.509330507986,4.557383881629633,usable_predictions,attempted_predictions,0.2498282967032967,True,0.029553264604811003,0.029553264604811003,-0.48485614829584733,1.514380898566026
CSGS7,q2_2020,1,robust_condition_cqr,clean,non_ramp,5020,5020,4775,4.149755992021168,3.474514441564679,4.517663955334917,0.6543368588706214,5020,0,1.0,0.951195219123506,0.951195219123506,0.951195219123506,0.051195219123506,0.0,0.051195219123506,0.051195219123506,0.0,0.051195219123506,0.13832519973403895,0.15058879851116388,1.183796682243516,usable_predictions,attempted_predictions,0.8619505494505495,True,robust_local_cqr,5020,5020,4856,4.931859231235307,3.540188193321228,5.118484008102552,0.6543368588706214,5020,0,1.0,0.9673306772908367,0.9673306772908367,0.9673306772908367,0.06733067729083664,0.0,0.06733067729083664,0.06733067729083664,0.0,0.06733067729083664,0.16439530770784355,0.1706161336034184,1.183796682243516,usable_predictions,attempted_predictions,0.8619505494505495,True,0.0,-0.01613545816733064,0.6008200527676353,0.7821032392141385
CSGS7,q2_2020,1,robust_condition_cqr,clean,ramp,804,804,481,9.738705547554279,9.942456245422363,24.697040030426944,4.51145928284699,804,0,1.0,0.5982587064676617,0.5982587064676617,0.5982587064676617,0.30174129353233836,0.30174129353233836,0.0,0.30174129353233836,0.30174129353233836,0.0,0.3246235182518093,0.8232346676808981,5.254856947768234,usable_predictions,attempted_predictions,0.13804945054945056,True,robust_local_cqr,804,804,647,12.773358601465153,13.629539012908936,20.03188328044628,4.51145928284699,804,0,1.0,0.804726368159204,0.804726368159204,0.804726368159204,0.09527363184079607,0.09527363184079607,0.0,0.09527363184079607,0.09527363184079607,0.0,0.42577862004883843,0.6677294426815427,5.254856947768234,usable_predictions,attempted_predictions,0.13804945054945056,True,0.2064676616915423,0.2064676616915423,-4.665156749980664,3.0346530539108745
CSGS7,q2_2020,1,robust_condition_cqr,combined_outage,non_ramp,5020,5020,4660,5.811486458527184,5.6750264167785645,7.814543983504636,1.4291101407228366,5020,0,1.0,0.9282868525896414,0.9282868525896414,0.9282868525896414,0.028286852589641365,0.0,0.028286852589641365,0.028286852589641365,0.0,0.028286852589641365,0.19371621528423946,0.26048479945015457,2.6152866211612444,usable_predictions,attempted_predictions,0.8619505494505495,True,robust_local_cqr,5020,5020,4711,5.9657727224098895,4.355234146118164,6.8165900921570435,1.4291101407228366,5020,0,1.0,0.9384462151394423,0.9384462151394423,0.9384462151394423,0.03844621513944224,0.0,0.03844621513944224,0.03844621513944224,0.0,0.03844621513944224,0.19885909074699631,0.2272196697385681,2.6152866211612444,usable_predictions,attempted_predictions,0.8619505494505495,True,0.0,-0.010159362549800877,-0.9979538913475929,0.15428626388270583
CSGS7,q2_2020,1,robust_condition_cqr,combined_outage,ramp,804,804,596,11.219718315587635,11.428948879241943,21.861665338009075,4.128343947009364,804,0,1.0,0.7412935323383084,0.7412935323383084,0.7412935323383084,0.1587064676616916,0.1587064676616916,0.0,0.1587064676616916,0.1587064676616916,0.0,0.3739906105195878,0.7287221779336358,5.031715859398413,usable_predictions,attempted_predictions,0.13804945054945056,True,robust_local_cqr,804,804,672,14.015573721446227,14.999089002609253,20.303073586342364,4.128343947009364,804,0,1.0,0.835820895522388,0.835820895522388,0.835820895522388,0.06417910447761199,0.06417910447761199,0.0,0.06417910447761199,0.06417910447761199,0.0,0.46718579071487426,0.6767691195447455,5.031715859398413,usable_predictions,attempted_predictions,0.13804945054945056,True,0.09452736318407962,0.09452736318407962,-1.558591751666711,2.7958554058585925
CSGS7,q2_2020,1,robust_condition_cqr,irradiance_outage,non_ramp,5020,5020,4779,4.259882741998221,3.5459900200366974,4.611900656221988,0.6864989890785498,5020,0,1.0,0.9519920318725099,0.9519920318725099,0.9519920318725099,0.05199203187250989,0.0,0.05199203187250989,0.05199203187250989,0.0,0.05199203187250989,0.1419960913999407,0.15373002187406629,1.22130565804698,usable_predictions,attempted_predictions,0.8619505494505495,True,robust_local_cqr,5020,5020,4857,4.9033400903309685,3.6057324409484863,5.081286322832638,0.6864989890785498,5020,0,1.0,0.9675298804780876,0.9675298804780876,0.9675298804780876,0.06752988047808761,0.0,0.06752988047808761,0.06752988047808761,0.0,0.06752988047808761,0.16344466967769894,0.16937621076108794,1.22130565804698,usable_predictions,attempted_predictions,0.8619505494505495,True,0.0,-0.01553784860557772,0.4693856666106502,0.6434573483327473
CSGS7,q2_2020,1,robust_condition_cqr,irradiance_outage,ramp,804,804,504,9.904972453108197,10.096606731414795,24.034226761021145,4.536987301240217,804,0,1.0,0.6268656716417911,0.6268656716417911,0.6268656716417911,0.27313432835820894,0.27313432835820894,0.0,0.27313432835820894,0.27313432835820894,0.0,0.3301657484369399,0.8011408920340382,5.263760250095978,usable_predictions,attempted_predictions,0.13804945054945056,True,robust_local_cqr,804,804,635,12.319051605978267,12.857260823249817,20.120504811758277,4.536987301240217,804,0,1.0,0.7898009950248757,0.7898009950248757,0.7898009950248757,0.11019900497512436,0.11019900497512436,0.0,0.11019900497512436,0.11019900497512436,0.0,0.4106350535326089,0.6706834937252759,5.263760250095978,usable_predictions,attempted_predictions,0.13804945054945056,True,0.16293532338308458,0.16293532338308458,-3.913721949262868,2.4140791528700696
CSGS7,q2_2020,1,robust_condition_cqr,recent_power_outage,non_ramp,5020,5020,4694,5.629796454339902,5.431571493856609,6.154934985204809,0.9169858252401402,5020,0,1.0,0.9350597609561753,0.9350597609561753,0.9350597609561753,0.035059760956175245,0.0,0.035059760956175245,0.035059760956175245,0.0,0.035059760956175245,0.1876598818113301,0.20516449950682697,1.597786078632527,usable_predictions,attempted_predictions,0.8619505494505495,True,robust_local_cqr,5020,5020,4867,6.446023869199383,6.038794785737991,6.62763996799841,0.9169858252401402,5020,0,1.0,0.9695219123505976,0.9695219123505976,0.9695219123505976,0.06952191235059757,0.0,0.06952191235059757,0.06952191235059757,0.0,0.06952191235059757,0.2148674623066461,0.22092133226661365,1.597786078632527,usable_predictions,attempted_predictions,0.8619505494505495,True,0.0,-0.034462151394422325,0.4727049827936005,0.8162274148594806
CSGS7,q2_2020,1,robust_condition_cqr,recent_power_outage,ramp,804,804,543,11.138913727974732,11.116600275039673,22.687684574986886,4.498026976649144,804,0,1.0,0.6753731343283582,0.6753731343283582,0.6753731343283582,0.2246268656716418,0.2246268656716418,0.0,0.2246268656716418,0.2246268656716418,0.0,0.3712971242658244,0.7562561524995629,5.333790349743027,usable_predictions,attempted_predictions,0.13804945054945056,True,robust_local_cqr,804,804,674,13.71386638368985,14.022616386413574,19.68845766319416,4.498026976649144,804,0,1.0,0.8383084577114428,0.8383084577114428,0.8383084577114428,0.06169154228855722,0.06169154228855722,0.0,0.06169154228855722,0.06169154228855722,0.0,0.4571288794563283,0.6562819221064721,5.333790349743027,usable_predictions,attempted_predictions,0.13804945054945056,True,0.16293532338308458,0.16293532338308458,-2.999226911792725,2.5749526557151174
CSGS7,q2_2020,1,robust_condition_cqr,weather_outage,non_ramp,5020,5020,4798,4.151016316254288,3.501253128051758,4.481493422560606,0.6332498719513664,5020,0,1.0,0.9557768924302789,0.9557768924302789,0.9557768924302789,0.055776892430278835,0.0,0.055776892430278835,0.055776892430278835,0.0,0.055776892430278835,0.1383672105418096,0.1493831140853535,1.1424086048960351,usable_predictions,attempted_predictions,0.8619505494505495,True,robust_local_cqr,5020,5020,4870,4.913771720719852,3.5764660984277725,5.0865159751092355,0.6332498719513664,5020,0,1.0,0.9701195219123506,0.9701195219123506,0.9701195219123506,0.0701195219123506,0.0,0.0701195219123506,0.0701195219123506,0.0,0.0701195219123506,0.16379239069066173,0.1695505325036412,1.1424086048960351,usable_predictions,attempted_predictions,0.8619505494505495,True,0.0,-0.014342629482071767,0.6050225525486299,0.7627554044655644
CSGS7,q2_2020,1,robust_condition_cqr,weather_outage,ramp,804,804,478,9.813338000049342,10.219991683959961,24.857719189306692,4.624582520160411,804,0,1.0,0.5945273631840796,0.5945273631840796,0.5945273631840796,0.3054726368159204,0.3054726368159204,0.0,0.3054726368159204,0.3054726368159204,0.0,0.3271112666683114,0.8285906396435564,5.363731677005266,usable_predictions,attempted_predictions,0.13804945054945056,True,robust_local_cqr,804,804,639,12.820583703580187,13.769649505615234,19.963783859835928,4.624582520160411,804,0,1.0,0.7947761194029851,0.7947761194029851,0.7947761194029851,0.10522388059701493,0.10522388059701493,0.0,0.10522388059701493,0.10522388059701493,0.0,0.4273527901193396,0.665459461994531,5.363731677005266,usable_predictions,attempted_predictions,0.13804945054945056,True,0.20024875621890548,0.20024875621890548,-4.893935329470764,3.0072457035308453
CSGS7,q2_2020,4,robust_condition_cqr,clean,non_ramp,4763,4763,4444,6.140663743702418,5.253271460533142,7.4323654313356515,1.364039892602263,4763,0,1.0,0.9330254041570438,0.9330254041570438,0.9330254041570438,0.0330254041570438,0.0,0.0330254041570438,0.0330254041570438,0.0,0.0330254041570438,0.20468879145674726,0.24774551437785505,2.402354076560596,usable_predictions,attempted_predictions,0.8178228021978022,True,robust_local_cqr,4763,4763,4450,7.018918336571394,5.507697403430939,7.857467525334898,1.364039892602263,4763,0,1.0,0.9342851144236826,0.9342851144236826,0.9342851144236826,0.03428511442368254,0.0,0.03428511442368254,0.03428511442368254,0.0,0.03428511442368254,0.23396394455237982,0.26191558417782995,2.402354076560596,usable_predictions,attempted_predictions,0.8178228021978022,True,0.0,-0.001259710266638736,0.4251020939992465,0.8782545928689762
CSGS7,q2_2020,4,robust_condition_cqr,clean,ramp,1061,1061,788,10.438207698369734,10.942427635192871,20.897895756410215,4.0075149597173505,1061,0,1.0,0.7426955702167767,0.7426955702167767,0.7426955702167767,0.15730442978322334,0.15730442978322334,0.0,0.15730442978322334,0.15730442978322334,0.0,0.34794025661232447,0.6965965252136738,5.446714606718099,usable_predictions,attempted_predictions,0.1821771978021978,True,robust_local_cqr,1061,1061,909,12.638884883432787,13.583123207092285,18.405310781220543,4.0075149597173505,1061,0,1.0,0.8567389255419415,0.8567389255419415,0.8567389255419415,0.04326107445805849,0.04326107445805849,0.0,0.04326107445805849,0.04326107445805849,0.0,0.4212961627810929,0.6135103593740181,5.446714606718099,usable_predictions,attempted_predictions,0.1821771978021978,True,0.11404335532516485,0.11404335532516485,-2.492584975189672,2.2006771850630535
CSGS7,q2_2020,4,robust_condition_cqr,combined_outage,non_ramp,4763,4763,4402,6.929331649598412,6.429864764213562,8.767657440146259,1.760134337113076,4763,0,1.0,0.9242074322905731,0.9242074322905731,0.9242074322905731,0.024207432290573094,0.0,0.024207432290573094,0.024207432290573094,0.0,0.024207432290573094,0.2309777216532804,0.2922552480048753,2.886320542083091,usable_predictions,attempted_predictions,0.8178228021978022,True,robust_local_cqr,4763,4763,4334,7.450107897649923,6.559311866760254,8.66223505816124,1.760134337113076,4763,0,1.0,0.9099307159353349,0.9099307159353349,0.9099307159353349,0.0099307159353349,0.0,0.0099307159353349,0.0099307159353349,0.0,0.0099307159353349,0.24833692992166412,0.2887411686053747,2.886320542083091,usable_predictions,attempted_predictions,0.8178228021978022,True,0.0,0.014276716355238195,-0.10542238198501863,0.5207762480515115
CSGS7,q2_2020,4,robust_condition_cqr,combined_outage,ramp,1061,1061,815,10.801175653354267,11.13642692565918,19.59076190227511,3.764690226909479,1061,0,1.0,0.7681432610744581,0.7681432610744581,0.7681432610744581,0.13185673892554195,0.13185673892554195,0.0,0.13185673892554195,0.13185673892554195,0.0,0.36003918844514227,0.6530253967425036,4.98548850306375,usable_predictions,attempted_predictions,0.1821771978021978,True,robust_local_cqr,1061,1061,898,12.485574064470834,12.966845273971558,17.54879493557942,3.764690226909479,1061,0,1.0,0.8463713477851084,0.8463713477851084,0.8463713477851084,0.05362865221489166,0.05362865221489166,0.0,0.05362865221489166,0.05362865221489166,0.0,0.4161858021490278,0.5849598311859806,4.98548850306375,usable_predictions,attempted_predictions,0.1821771978021978,True,0.07822808671065029,0.07822808671065029,-2.0419669666956892,1.6843984111165664
CSGS7,q2_2020,4,robust_condition_cqr,irradiance_outage,non_ramp,4763,4763,4471,6.4106271700504776,5.431819796562195,7.650290547054239,1.4607110221369874,4763,0,1.0,0.9386941003569179,0.9386941003569179,0.9386941003569179,0.03869410035691789,0.0,0.03869410035691789,0.03869410035691789,0.0,0.03869410035691789,0.21368757233501592,0.255009684901808,2.4885042031822393,usable_predictions,attempted_predictions,0.8178228021978022,True,robust_local_cqr,4763,4763,4451,7.253938206776514,5.88938045501709,8.064912171049581,1.4607110221369874,4763,0,1.0,0.9344950661347889,0.9344950661347889,0.9344950661347889,0.03449506613478892,0.0,0.03449506613478892,0.03449506613478892,0.0,0.03449506613478892,0.2417979402258838,0.26883040570165273,2.4885042031822393,usable_predictions,attempted_predictions,0.8178228021978022,True,0.0,0.004199034222128972,0.41462162399534197,0.8433110367260364
CSGS7,q2_2020,4,robust_condition_cqr,irradiance_outage,ramp,1061,1061,814,10.645464638717588,11.009794235229492,19.818459695425304,4.02393408192183,1061,0,1.0,0.767200754005655,0.767200754005655,0.767200754005655,0.132799245994345,0.132799245994345,0.0,0.132799245994345,0.132799245994345,0.0,0.35484882129058626,0.6606153231808435,5.422664149779139,usable_predictions,attempted_predictions,0.1821771978021978,True,robust_local_cqr,1061,1061,912,12.728013251497762,13.319781303405762,17.780859408499435,4.02393408192183,1061,0,1.0,0.8595664467483506,0.8595664467483506,0.8595664467483506,0.040433553251649434,0.040433553251649434,0.0,0.040433553251649434,0.040433553251649434,0.0,0.4242671083832587,0.5926953136166478,5.422664149779139,usable_predictions,attempted_predictions,0.1821771978021978,True,0.09236569274269557,0.09236569274269557,-2.037600286925869,2.0825486127801742
CSGS7,q2_2020,4,robust_condition_cqr,recent_power_outage,non_ramp,4763,4763,4465,6.825654045131061,6.5023298263549805,8.046375907322536,1.4653963634800795,4763,0,1.0,0.9374343900902793,0.9374343900902793,0.9374343900902793,0.03743439009027927,0.0,0.03743439009027927,0.03743439009027927,0.0,0.03743439009027927,0.22752180150436868,0.26821253024408453,2.5114935534104204,usable_predictions,attempted_predictions,0.8178228021978022,True,robust_local_cqr,4763,4763,4491,7.769583807722908,7.505945682525635,8.424004061422444,1.4653963634800795,4763,0,1.0,0.9428931345790468,0.9428931345790468,0.9428931345790468,0.042893134579046754,0.0,0.042893134579046754,0.042893134579046754,0.0,0.042893134579046754,0.25898612692409695,0.28080013538074816,2.5114935534104204,usable_predictions,attempted_predictions,0.8178228021978022,True,0.0,-0.005458744488767486,0.3776281540999076,0.9439297625918472
CSGS7,q2_2020,4,robust_condition_cqr,recent_power_outage,ramp,1061,1061,825,11.017847668588457,11.166908264160156,19.24732077421759,3.9097250049264924,1061,0,1.0,0.7775683317624882,0.7775683317624882,0.7775683317624882,0.12243166823751184,0.12243166823751184,0.0,0.12243166823751184,0.12243166823751184,0.0,0.3672615889529486,0.6415773591405863,5.278236565813668,usable_predictions,attempted_predictions,0.1821771978021978,True,robust_local_cqr,1061,1061,934,13.259982159094399,13.750385284423828,17.236516653977045,3.9097250049264924,1061,0,1.0,0.8803016022620169,0.8803016022620169,0.8803016022620169,0.019698397737983098,0.019698397737983098,0.0,0.019698397737983098,0.019698397737983098,0.0,0.44199940530314663,0.5745505551325681,5.278236565813668,usable_predictions,attempted_predictions,0.1821771978021978,True,0.10273327049952874,0.10273327049952874,-2.0108041202405467,2.2421344905059417
CSGS7,q2_2020,4,robust_condition_cqr,weather_outage,non_ramp,4763,4763,4470,6.355736085254196,5.345165252685547,7.517709214350984,1.3848815572451447,4763,0,1.0,0.9384841486458114,0.9384841486458114,0.9384841486458114,0.0384841486458114,0.0,0.0384841486458114,0.0384841486458114,0.0,0.0384841486458114,0.2118578695084732,0.2505903071450328,2.442536053614418,usable_predictions,attempted_predictions,0.8178228021978022,True,robust_local_cqr,4763,4763,4430,7.040802894320675,5.284806311130524,8.002098832847262,1.3848815572451447,4763,0,1.0,0.9300860802015536,0.9300860802015536,0.9300860802015536,0.030086080201553567,0.0,0.030086080201553567,0.030086080201553567,0.0,0.030086080201553567,0.23469342981068916,0.26673662776157536,2.442536053614418,usable_predictions,attempted_predictions,0.8178228021978022,True,0.0,0.008398068444257833,0.4843896184962775,0.6850668090664787
CSGS7,q2_2020,4,robust_condition_cqr,weather_outage,ramp,1061,1061,820,10.818897287498258,11.084929466247559,20.317415496184335,4.019253804909309,1061,0,1.0,0.7728557964184731,0.7728557964184731,0.7728557964184731,0.1271442035815269,0.1271442035815269,0.0,0.1271442035815269,0.1271442035815269,0.0,0.3606299095832753,0.6772471832061445,5.477379573271828,usable_predictions,attempted_predictions,0.1821771978021978,True,robust_local_cqr,1061,1061,924,12.851185053112081,13.549593448638916,18.396985682234007,4.019253804909309,1061,0,1.0,0.8708765315739868,0.8708765315739868,0.8708765315739868,0.02912346842601321,0.02912346842601321,0.0,0.02912346842601321,0.02912346842601321,0.0,0.428372835103736,0.6132328560744669,5.477379573271828,usable_predictions,attempted_predictions,0.1821771978021978,True,0.09802073515551368,0.09802073515551368,-1.920429813950328,2.032287765613823
CSGS7,q3_2020,1,robust_condition_cqr,clean,non_ramp,4960,4960,4630,4.2522630544119675,3.349720820784569,4.854515570910257,0.7884696459332292,4960,0,1.0,0.9334677419354839,0.9334677419354839,0.9334677419354839,0.03346774193548385,0.0,0.03346774193548385,0.03346774193548385,0.0,0.03346774193548385,0.14174210181373226,0.16181718569700856,1.3483909044866096,usable_predictions,attempted_predictions,0.842391304347826,True,robust_local_cqr,4960,4960,4737,4.874340267788322,3.531474232673645,5.228656612664502,0.7884696459332292,4960,0,1.0,0.9550403225806452,0.9550403225806452,0.9550403225806452,0.05504032258064517,0.0,0.05504032258064517,0.05504032258064517,0.0,0.05504032258064517,0.16247800892627742,0.1742885537554834,1.3483909044866096,usable_predictions,attempted_predictions,0.842391304347826,True,0.0,-0.02157258064516132,0.37414104175424523,0.6220772133763548
CSGS7,q3_2020,1,robust_condition_cqr,clean,ramp,928,928,547,9.718619703732688,9.820137023925781,26.02733292315027,4.555896017411403,928,0,1.0,0.5894396551724138,0.5894396551724138,0.5894396551724138,0.3105603448275862,0.3105603448275862,0.0,0.3105603448275862,0.3105603448275862,0.0,0.32395399012442294,0.867577764105009,5.295251710841528,usable_predictions,attempted_predictions,0.15760869565217392,True,robust_local_cqr,928,928,675,11.654447677770051,11.968370199203491,21.71700023275254,4.555896017411403,928,0,1.0,0.7273706896551724,0.7273706896551724,0.7273706896551724,0.17262931034482765,0.17262931034482765,0.0,0.17262931034482765,0.17262931034482765,0.0,0.3884815892590017,0.723900007758418,5.295251710841528,usable_predictions,attempted_predictions,0.15760869565217392,True,0.13793103448275856,0.13793103448275856,-4.310332690397729,1.9358279740373625
CSGS7,q3_2020,1,robust_condition_cqr,combined_outage,non_ramp,4960,4960,4520,6.270596989310128,6.472398318350315,9.058180780810748,1.5879395279369595,4960,0,1.0,0.9112903225806451,0.9112903225806451,0.9112903225806451,0.011290322580645107,0.0,0.011290322580645107,0.011290322580645107,0.0,0.011290322580645107,0.20901989964367093,0.30193935936035826,2.7135995884053132,usable_predictions,attempted_predictions,0.842391304347826,True,robust_local_cqr,4960,4960,4528,6.363925500711998,5.257466554641724,8.056088919184889,1.5879395279369595,4960,0,1.0,0.9129032258064517,0.9129032258064517,0.9129032258064517,0.012903225806451646,0.0,0.012903225806451646,0.012903225806451646,0.0,0.012903225806451646,0.21213085002373328,0.26853629730616296,2.7135995884053132,usable_predictions,attempted_predictions,0.842391304347826,True,0.0,-0.001612903225806539,-1.0020918616258587,0.09332851140186982
CSGS7,q3_2020,1,robust_condition_cqr,combined_outage,ramp,928,928,653,11.086511704219697,11.362189531326294,23.121315001718827,4.201568483786481,928,0,1.0,0.7036637931034483,0.7036637931034483,0.7036637931034483,0.19633620689655173,0.19633620689655173,0.0,0.19633620689655173,0.19633620689655173,0.0,0.3695503901406566,0.7707105000572942,5.086493746013036,usable_predictions,attempted_predictions,0.15760869565217392,True,robust_local_cqr,928,928,734,13.167710987369306,13.949950933456421,20.557544492538376,4.201568483786481,928,0,1.0,0.790948275862069,0.790948275862069,0.790948275862069,0.10905172413793107,0.10905172413793107,0.0,0.10905172413793107,0.10905172413793107,0.0,0.43892369957897687,0.6852514830846126,5.086493746013036,usable_predictions,attempted_predictions,0.15760869565217392,True,0.08728448275862066,0.08728448275862066,-2.5637705091804506,2.0811992831496084
CSGS7,q3_2020,1,robust_condition_cqr,irradiance_outage,non_ramp,4960,4960,4683,4.853432008357108,3.9736297130584717,5.353136176518761,0.8561523437727667,4960,0,1.0,0.9441532258064517,0.9441532258064517,0.9441532258064517,0.044153225806451646,0.0,0.044153225806451646,0.044153225806451646,0.0,0.044153225806451646,0.16178106694523692,0.17843787255062535,1.4355092528924842,usable_predictions,attempted_predictions,0.842391304347826,True,robust_local_cqr,4960,4960,4770,5.363535354885836,4.1156840324401855,5.664253927023492,0.8561523437727667,4960,0,1.0,0.9616935483870968,0.9616935483870968,0.9616935483870968,0.06169354838709673,0.0,0.06169354838709673,0.06169354838709673,0.0,0.06169354838709673,0.17878451182952787,0.1888084642341164,1.4355092528924842,usable_predictions,attempted_predictions,0.842391304347826,True,0.0,-0.017540322580645085,0.31111775050473156,0.5101033465287284
CSGS7,q3_2020,1,robust_condition_cqr,irradiance_outage,ramp,928,928,595,10.359908822634868,10.602994680404663,24.147843022766555,4.4425814360508635,928,0,1.0,0.6411637931034483,0.6411637931034483,0.6411637931034483,0.25883620689655173,0.25883620689655173,0.0,0.25883620689655173,0.25883620689655173,0.0,0.34533029408782895,0.8049281007588852,5.197443290372519,usable_predictions,attempted_predictions,0.15760869565217392,True,robust_local_cqr,928,928,682,11.943825354604934,12.31098985671997,21.0939303802242,4.4425814360508635,928,0,1.0,0.7349137931034483,0.7349137931034483,0.7349137931034483,0.16508620689655173,0.16508620689655173,0.0,0.16508620689655173,0.16508620689655173,0.0,0.3981275118201645,0.70313101267414,5.197443290372519,usable_predictions,attempted_predictions,0.15760869565217392,True,0.09375,0.09375,-3.053912642542354,1.5839165319700665
CSGS7,q3_2020,1,robust_condition_cqr,recent_power_outage,non_ramp,4960,4960,4623,5.187494215013086,4.8077592849731445,6.040111878935411,1.0111599318361986,4960,0,1.0,0.9320564516129032,0.9320564516129032,0.9320564516129032,0.03205645161290316,0.0,0.03205645161290316,0.03205645161290316,0.0,0.03205645161290316,0.1729164738337695,0.20133706263118037,1.7411876944743478,usable_predictions,attempted_predictions,0.842391304347826,True,robust_local_cqr,4960,4960,4751,5.761943984811825,4.98197615146637,6.23313663023439,1.0111599318361986,4960,0,1.0,0.9578629032258065,0.9578629032258065,0.9578629032258065,0.05786290322580645,0.0,0.05786290322580645,0.05786290322580645,0.0,0.05786290322580645,0.19206479949372748,0.207771221007813,1.7411876944743478,usable_predictions,attempted_predictions,0.842391304347826,True,0.0,-0.02580645161290329,0.1930247512989789,0.574449769798739
CSGS7,q3_2020,1,robust_condition_cqr,recent_power_outage,ramp,928,928,599,10.574040804540031,10.69972413778305,24.904955729424696,4.435148528327459,928,0,1.0,0.6454741379310345,0.6454741379310345,0.6454741379310345,0.25452586206896555,0.25452586206896555,0.0,0.25452586206896555,0.25452586206896555,0.0,0.35246802681800105,0.8301651909808232,5.270791297861737,usable_predictions,attempted_predictions,0.15760869565217392,True,robust_local_cqr,928,928,696,12.201946759700839,12.369879245758057,21.691563601292476,4.435148528327459,928,0,1.0,0.75,0.75,0.75,0.15000000000000002,0.15000000000000002,0.0,0.15000000000000002,0.15000000000000002,0.0,0.40673155865669464,0.7230521200430825,5.270791297861737,usable_predictions,attempted_predictions,0.15760869565217392,True,0.10452586206896552,0.10452586206896552,-3.21339212813222,1.6279059551608075
CSGS7,q3_2020,1,robust_condition_cqr,weather_outage,non_ramp,4960,4960,4627,4.32259952298046,3.398510754108429,4.866209053327998,0.7873411974877883,4960,0,1.0,0.9328629032258065,0.9328629032258065,0.9328629032258065,0.03286290322580643,0.0,0.03286290322580643,0.03286290322580643,0.0,0.03286290322580643,0.14408665076601535,0.16220696844426657,1.3505032747756918,usable_predictions,attempted_predictions,0.842391304347826,True,robust_local_cqr,4960,4960,4749,4.94456636976765,3.5956243872642517,5.272422145078687,0.7873411974877883,4960,0,1.0,0.9574596774193549,0.9574596774193549,0.9574596774193549,0.05745967741935487,0.0,0.05745967741935487,0.05745967741935487,0.0,0.05745967741935487,0.164818878992255,0.17574740483595622,1.3505032747756918,usable_predictions,attempted_predictions,0.842391304347826,True,0.0,-0.024596774193548443,0.406213091750689,0.6219668467871902
CSGS7,q3_2020,1,robust_condition_cqr,weather_outage,ramp,928,928,559,9.914462237394062,10.092869281768799,25.549570308420165,4.560334709954673,928,0,1.0,0.6023706896551724,0.6023706896551724,0.6023706896551724,0.29762931034482765,0.29762931034482765,0.0,0.29762931034482765,0.29762931034482765,0.0,0.33048207457980205,0.8516523436140055,5.298569134218377,usable_predictions,attempted_predictions,0.15760869565217392,True,robust_local_cqr,928,928,679,11.887718004110301,12.298012256622314,21.50090553878068,4.560334709954673,928,0,1.0,0.7316810344827587,0.7316810344827587,0.7316810344827587,0.16831896551724135,0.16831896551724135,0.0,0.16831896551724135,0.16831896551724135,0.0,0.3962572668036767,0.7166968512926892,5.298569134218377,usable_predictions,attempted_predictions,0.15760869565217392,True,0.1293103448275863,0.1293103448275863,-4.048664769639487,1.973255766716239
CSGS7,q3_2020,4,robust_condition_cqr,clean,non_ramp,4877,4877,4472,6.610170074482411,5.911439895629883,8.241754060966533,1.6213434752459648,4877,0,1.0,0.916957145786344,0.916957145786344,0.916957145786344,0.016957145786343997,0.0,0.016957145786343997,0.016957145786343997,0.0,0.016957145786343997,0.22033900248274702,0.2747251353655511,2.660568487644793,usable_predictions,attempted_predictions,0.8282948369565217,True,robust_local_cqr,4877,4877,4575,7.484492748033924,6.2067413330078125,8.28359234915038,1.6213434752459648,4877,0,1.0,0.9380766864875948,0.9380766864875948,0.9380766864875948,0.03807668648759477,0.0,0.03807668648759477,0.03807668648759477,0.0,0.03807668648759477,0.2494830916011308,0.27611974497167935,2.660568487644793,usable_predictions,attempted_predictions,0.8282948369565217,True,0.0,-0.021119540701250772,0.04183828818384683,0.8743226735515135
CSGS7,q3_2020,4,robust_condition_cqr,clean,ramp,1011,1011,721,11.432228917402583,12.440912246704102,24.15761230470077,4.516568613541704,1011,0,1.0,0.7131552917903067,0.7131552917903067,0.7131552917903067,0.18684470820969334,0.18684470820969334,0.0,0.18684470820969334,0.18684470820969334,0.0,0.38107429724675274,0.8052537434900257,5.72191467736628,usable_predictions,attempted_predictions,0.17170516304347827,True,robust_local_cqr,1011,1011,802,13.425926741545847,14.646579265594482,21.1131059083142,4.516568613541704,1011,0,1.0,0.7932739861523245,0.7932739861523245,0.7932739861523245,0.10672601384767555,0.10672601384767555,0.0,0.10672601384767555,0.10672601384767555,0.0,0.4475308913848616,0.7037701969438067,5.72191467736628,usable_predictions,attempted_predictions,0.17170516304347827,True,0.0801186943620178,0.0801186943620178,-3.04450639638657,1.9936978241432648
CSGS7,q3_2020,4,robust_condition_cqr,combined_outage,non_ramp,4877,4877,4405,7.02310792822725,7.146877884864807,9.378725646291407,1.9431571491478319,4877,0,1.0,0.9032191921263072,0.9032191921263072,0.9032191921263072,0.0032191921263071688,0.0,0.0032191921263071688,0.0032191921263071688,0.0,0.0032191921263071688,0.23410359760757501,0.31262418820971355,3.0520011104267963,usable_predictions,attempted_predictions,0.8282948369565217,True,robust_local_cqr,4877,4877,4500,7.6390184226389355,7.314887046813965,8.894660743675699,1.9431571491478319,4877,0,1.0,0.9226983801517327,0.9226983801517327,0.9226983801517327,0.022698380151732644,0.0,0.022698380151732644,0.022698380151732644,0.0,0.022698380151732644,0.25463394742129786,0.2964886914558566,3.0520011104267963,usable_predictions,attempted_predictions,0.8282948369565217,True,0.0,-0.019479188025425476,-0.48406490261570845,0.6159104944116853
CSGS7,q3_2020,4,robust_condition_cqr,combined_outage,ramp,1011,1011,723,11.297772762425517,11.835858345031738,23.96018466937819,4.206271263401362,1011,0,1.0,0.7151335311572701,0.7151335311572701,0.7151335311572701,0.18486646884272995,0.18486646884272995,0.0,0.18486646884272995,0.18486646884272995,0.0,0.37659242541418386,0.7986728223126064,5.292967786409482,usable_predictions,attempted_predictions,0.17170516304347827,True,robust_local_cqr,1011,1011,808,13.004432543460004,13.982528924942017,20.555415205985426,4.206271263401362,1011,0,1.0,0.7992087042532147,0.7992087042532147,0.7992087042532147,0.10079129574678536,0.10079129574678536,0.0,0.10079129574678536,0.10079129574678536,0.0,0.43348108478200015,0.6851805068661808,5.292967786409482,usable_predictions,attempted_predictions,0.17170516304347827,True,0.08407517309594459,0.08407517309594459,-3.404769463392764,1.706659781034487
CSGS7,q3_2020,4,robust_condition_cqr,irradiance_outage,non_ramp,4877,4877,4429,6.77622923489915,6.357612609863281,8.651349150198813,1.7584779074001462,4877,0,1.0,0.9081402501537831,0.9081402501537831,0.9081402501537831,0.008140250153783057,0.0,0.008140250153783057,0.008140250153783057,0.0,0.008140250153783057,0.22587430782997167,0.2883783050066271,2.841122157635107,usable_predictions,attempted_predictions,0.8282948369565217,True,robust_local_cqr,4877,4877,4610,7.63936694904025,6.601176619529724,8.547804764273657,1.7584779074001462,4877,0,1.0,0.9452532294443305,0.9452532294443305,0.9452532294443305,0.04525322944433052,0.0,0.04525322944433052,0.04525322944433052,0.0,0.04525322944433052,0.25464556496800833,0.28492682547578857,2.841122157635107,usable_predictions,attempted_predictions,0.8282948369565217,True,0.0,-0.037112979290547465,-0.10354438592515613,0.8631377141411001
CSGS7,q3_2020,4,robust_condition_cqr,irradiance_outage,ramp,1011,1011,726,11.340160234850849,12.08263874053955,23.58341427631036,4.37052544675819,1011,0,1.0,0.7181008902077152,0.7181008902077152,0.7181008902077152,0.18189910979228485,0.18189910979228485,0.0,0.18189910979228485,0.18189910979228485,0.0,0.378005341161695,0.7861138092103453,5.512358432549016,usable_predictions,attempted_predictions,0.17170516304347827,True,robust_local_cqr,1011,1011,808,13.25460417059047,14.29600715637207,20.493295183480473,4.37052544675819,1011,0,1.0,0.7992087042532147,0.7992087042532147,0.7992087042532147,0.10079129574678536,0.10079129574678536,0.0,0.10079129574678536,0.10079129574678536,0.0,0.44182013901968237,0.6831098394493491,5.512358432549016,usable_predictions,attempted_predictions,0.17170516304347827,True,0.0811078140454995,0.0811078140454995,-3.0901190928298874,1.9144439357396212
CSGS7,q3_2020,4,robust_condition_cqr,recent_power_outage,non_ramp,4877,4877,4501,6.984926875410593,6.3860883712768555,8.615409152537913,1.6946801003783958,4877,0,1.0,0.9229034242362107,0.9229034242362107,0.9229034242362107,0.022903424236210723,0.0,0.022903424236210723,0.022903424236210723,0.0,0.022903424236210723,0.23283089584701974,0.2871803050845971,2.755651169489832,usable_predictions,attempted_predictions,0.8282948369565217,True,robust_local_cqr,4877,4877,4607,7.7889858650937835,6.519446969032288,8.56214016061965,1.6946801003783958,4877,0,1.0,0.9446380971908961,0.9446380971908961,0.9446380971908961,0.044638097190896064,0.0,0.044638097190896064,0.044638097190896064,0.0,0.044638097190896064,0.2596328621697928,0.285404672020655,2.755651169489832,usable_predictions,attempted_predictions,0.8282948369565217,True,0.0,-0.02173467295468534,-0.05326899191826229,0.8040589896831909
CSGS7,q3_2020,4,robust_condition_cqr,recent_power_outage,ramp,1011,1011,746,11.902561847426243,13.017477035522461,22.666771137712797,4.434184340618248,1011,0,1.0,0.7378832838773491,0.7378832838773491,0.7378832838773491,0.16211671612265088,0.16211671612265088,0.0,0.16211671612265088,0.16211671612265088,0.0,0.3967520615808748,0.7555590379237599,5.570551924997609,usable_predictions,attempted_predictions,0.17170516304347827,True,robust_local_cqr,1011,1011,821,13.633719805334662,15.077510118484497,20.251112589744793,4.434184340618248,1011,0,1.0,0.8120672601384767,0.8120672601384767,0.8120672601384767,0.08793273986152328,0.08793273986152328,0.0,0.08793273986152328,0.08793273986152328,0.0,0.45445732684448875,0.6750370863248264,5.570551924997609,usable_predictions,attempted_predictions,0.17170516304347827,True,0.0741839762611276,0.0741839762611276,-2.415658547968004,1.7311579579084189
CSGS7,q3_2020,4,robust_condition_cqr,weather_outage,non_ramp,4877,4877,4510,6.78668057860391,6.358107328414917,8.26993486904586,1.6232021105183456,4877,0,1.0,0.9247488209965142,0.9247488209965142,0.9247488209965142,0.02474882099651421,0.0,0.02474882099651421,0.02474882099651421,0.0,0.02474882099651421,0.22622268595346368,0.275664495634862,2.6572402937085795,usable_predictions,attempted_predictions,0.8282948369565217,True,robust_local_cqr,4877,4877,4600,7.5714192608815685,6.413173966109753,8.385710995649577,1.6232021105183456,4877,0,1.0,0.9432027885995489,0.9432027885995489,0.9432027885995489,0.04320278859954885,0.0,0.04320278859954885,0.04320278859954885,0.0,0.04320278859954885,0.2523806420293856,0.2795236998549859,2.6572402937085795,usable_predictions,attempted_predictions,0.8282948369565217,True,0.0,-0.018453967603034638,0.11577612660371628,0.7847386822776583
CSGS7,q3_2020,4,robust_condition_cqr,weather_outage,ramp,1011,1011,740,11.649287010542126,12.57999324798584,24.013972086115242,4.580158269812162,1011,0,1.0,0.731948565776459,0.731948565776459,0.731948565776459,0.16805143422354107,0.16805143422354107,0.0,0.16805143422354107,0.16805143422354107,0.0,0.3883095670180709,0.8004657362038414,5.800641642845541,usable_predictions,attempted_predictions,0.17170516304347827,True,robust_local_cqr,1011,1011,817,13.527178681626685,14.659322500228882,21.17498640089554,4.580158269812162,1011,0,1.0,0.80811078140455,0.80811078140455,0.80811078140455,0.09188921859545007,0.09188921859545007,0.0,0.09188921859545007,0.09188921859545007,0.0,0.45090595605422285,0.7058328800298513,5.800641642845541,usable_predictions,attempted_predictions,0.17170516304347827,True,0.076162215628091,0.076162215628091,-2.8389856852197006,1.8778916710845586
CSGS7,q4_2020,1,robust_condition_cqr,clean,non_ramp,5320,5320,5229,3.8505251554352333,2.619073858484626,4.048980666390341,0.4607304162196478,5320,0,1.0,0.9828947368421053,0.9828947368421053,0.9828947368421053,0.08289473684210524,0.0,0.08289473684210524,0.08289473684210524,0.0,0.08289473684210524,0.12835083851450776,0.13496602221301138,1.021963440615782,usable_predictions,attempted_predictions,0.9035326086956522,True,robust_local_cqr,5320,5320,5221,4.010848531055223,2.3784619569778442,4.202158659327573,0.4607304162196478,5320,0,1.0,0.981390977443609,0.981390977443609,0.981390977443609,0.08139097744360901,0.0,0.08139097744360901,0.08139097744360901,0.0,0.08139097744360901,0.1336949510351741,0.1400719553109191,1.021963440615782,usable_predictions,attempted_predictions,0.9035326086956522,True,0.0,0.0015037593984962294,0.15317799293723144,0.16032337561998977
CSGS7,q4_2020,1,robust_condition_cqr,clean,ramp,568,568,331,10.161523756721962,10.529932975769043,28.521419946871646,4.8686430679870325,568,0,1.0,0.5827464788732394,0.5827464788732394,0.5827464788732394,0.31725352112676064,0.31725352112676064,0.0,0.31725352112676064,0.31725352112676064,0.0,0.33871745855739877,0.9507139982290549,5.743189681117417,usable_predictions,attempted_predictions,0.09646739130434782,True,robust_local_cqr,568,568,388,11.674250308319296,12.093132495880127,25.551263896354907,4.8686430679870325,568,0,1.0,0.6830985915492958,0.6830985915492958,0.6830985915492958,0.21690140845070427,0.21690140845070427,0.0,0.21690140845070427,0.21690140845070427,0.0,0.38914167694397656,0.8517087965451636,5.743189681117417,usable_predictions,attempted_predictions,0.09646739130434782,True,0.10035211267605637,0.10035211267605637,-2.9701560505167386,1.5127265515973338
CSGS7,q4_2020,1,robust_condition_cqr,combined_outage,non_ramp,5320,5320,5092,5.690270424108161,4.163191795349121,7.0864055487731665,1.0125813005521742,5320,0,1.0,0.9571428571428572,0.9571428571428572,0.9571428571428572,0.05714285714285716,0.0,0.05714285714285716,0.05714285714285716,0.0,0.05714285714285716,0.18967568080360536,0.2362135182924389,2.177074548995826,usable_predictions,attempted_predictions,0.9035326086956522,True,robust_local_cqr,5320,5320,5094,5.411832395606576,2.8053459525108337,6.4758071135781305,1.0125813005521742,5320,0,1.0,0.9575187969924812,0.9575187969924812,0.9575187969924812,0.05751879699248119,0.0,0.05751879699248119,0.05751879699248119,0.0,0.05751879699248119,0.18039441318688587,0.21586023711927102,2.177074548995826,usable_predictions,attempted_predictions,0.9035326086956522,True,0.0,-0.0003759398496240296,-0.610598435195036,-0.2784380285015846
CSGS7,q4_2020,1,robust_condition_cqr,combined_outage,ramp,568,568,411,12.014644039138942,12.37273645401001,22.72718810300592,4.421343055829196,568,0,1.0,0.7235915492957746,0.7235915492957746,0.7235915492957746,0.1764084507042254,0.1764084507042254,0.0,0.1764084507042254,0.1764084507042254,0.0,0.40048813463796473,0.757572936766864,5.437067445658936,usable_predictions,attempted_predictions,0.09646739130434782,True,robust_local_cqr,568,568,446,13.465168120011583,13.652256488800049,22.02671224871834,4.421343055829196,568,0,1.0,0.7852112676056338,0.7852112676056338,0.7852112676056338,0.11478873239436627,0.11478873239436627,0.0,0.11478873239436627,0.11478873239436627,0.0,0.44883893733371943,0.7342237416239447,5.437067445658936,usable_predictions,attempted_predictions,0.09646739130434782,True,0.06161971830985913,0.06161971830985913,-0.7004758542875784,1.4505240808726416
CSGS7,q4_2020,1,robust_condition_cqr,irradiance_outage,non_ramp,5320,5320,5205,4.423164091884908,3.56443190574646,4.6472449988837505,0.5243348073111663,5320,0,1.0,0.9783834586466166,0.9783834586466166,0.9783834586466166,0.07838345864661656,0.0,0.07838345864661656,0.07838345864661656,0.0,0.07838345864661656,0.14743880306283025,0.15490816662945836,1.1252945028236552,usable_predictions,attempted_predictions,0.9035326086956522,True,robust_local_cqr,5320,5320,5208,4.737315032903301,3.422465145587921,4.912613499441275,0.5243348073111663,5320,0,1.0,0.9789473684210527,0.9789473684210527,0.9789473684210527,0.07894736842105265,0.0,0.07894736842105265,0.07894736842105265,0.0,0.07894736842105265,0.1579105010967767,0.1637537833147092,1.1252945028236552,usable_predictions,attempted_predictions,0.9035326086956522,True,0.0,-0.0005639097744360999,0.2653685005575248,0.3141509410183936
CSGS7,q4_2020,1,robust_condition_cqr,irradiance_outage,ramp,568,568,337,10.359419284362188,10.676254510879517,27.544430137729982,4.709135225226341,568,0,1.0,0.5933098591549296,0.5933098591549296,0.5933098591549296,0.3066901408450704,0.3066901408450704,0.0,0.3066901408450704,0.3066901408450704,0.0,0.34531397614540627,0.918147671257666,5.556866741834887,usable_predictions,attempted_predictions,0.09646739130434782,True,robust_local_cqr,568,568,387,12.001693283922602,12.422789692878723,24.30613895486647,4.709135225226341,568,0,1.0,0.6813380281690141,0.6813380281690141,0.6813380281690141,0.2186619718309859,0.2186619718309859,0.0,0.2186619718309859,0.2186619718309859,0.0,0.4000564427974201,0.8102046318288824,5.556866741834887,usable_predictions,attempted_predictions,0.09646739130434782,True,0.0880281690140845,0.0880281690140845,-3.238291182863513,1.6422739995604143
CSGS7,q4_2020,1,robust_condition_cqr,recent_power_outage,non_ramp,5320,5320,5148,4.870912999680083,4.397794723510742,5.456475984426286,0.7375579668089519,5320,0,1.0,0.9676691729323308,0.9676691729323308,0.9676691729323308,0.06766917293233077,0.0,0.06766917293233077,0.06766917293233077,0.0,0.06766917293233077,0.16236376665600277,0.18188253281420952,1.5666160159182332,usable_predictions,attempted_predictions,0.9035326086956522,True,robust_local_cqr,5320,5320,5167,5.072319065672703,4.196809187531471,5.413644539171704,0.7375579668089519,5320,0,1.0,0.9712406015037593,0.9712406015037593,0.9712406015037593,0.07124060150375933,0.0,0.07124060150375933,0.07124060150375933,0.0,0.07124060150375933,0.1690773021890901,0.18045481797239013,1.5666160159182332,usable_predictions,attempted_predictions,0.9035326086956522,True,0.0,-0.0035714285714285587,-0.04283144525458127,0.2014060659926198
CSGS7,q4_2020,1,robust_condition_cqr,recent_power_outage,ramp,568,568,361,10.987797270909372,11.25705361366272,27.0366068189885,4.74898983947408,568,0,1.0,0.6355633802816901,0.6355633802816901,0.6355633802816901,0.2644366197183099,0.2644366197183099,0.0,0.2644366197183099,0.2644366197183099,0.0,0.3662599090303124,0.9012202272996166,5.70437129088176,usable_predictions,attempted_predictions,0.09646739130434782,True,robust_local_cqr,568,568,412,12.521450232845586,12.987627029418945,24.59068374815856,4.74898983947408,568,0,1.0,0.7253521126760564,0.7253521126760564,0.7253521126760564,0.17464788732394365,0.17464788732394365,0.0,0.17464788732394365,0.17464788732394365,0.0,0.4173816744281862,0.819689458271952,5.70437129088176,usable_predictions,attempted_predictions,0.09646739130434782,True,0.08978873239436624,0.08978873239436624,-2.445923070829938,1.5336529619362143
CSGS7,q4_2020,1,robust_condition_cqr,weather_outage,non_ramp,5320,5320,5209,3.7898999720681643,2.565115213394165,3.993106903638135,0.4585711502999525,5320,0,1.0,0.9791353383458646,0.9791353383458646,0.9791353383458646,0.07913533834586461,0.0,0.07913533834586461,0.07913533834586461,0.0,0.07913533834586461,0.1263299990689388,0.1331035634546045,1.0065650461484728,usable_predictions,attempted_predictions,0.9035326086956522,True,robust_local_cqr,5320,5320,5211,4.015461447188568,2.4429351687431335,4.19596023603958,0.4585711502999525,5320,0,1.0,0.9795112781954888,0.9795112781954888,0.9795112781954888,0.07951127819548875,0.0,0.07951127819548875,0.07951127819548875,0.0,0.07951127819548875,0.1338487149062856,0.13986534120131935,1.0065650461484728,usable_predictions,attempted_predictions,0.9035326086956522,True,0.0,-0.0003759398496241406,0.2028533324014452,0.2255614751204038
CSGS7,q4_2020,1,robust_condition_cqr,weather_outage,ramp,568,568,320,10.023862079363054,10.248070240020752,28.963075750258188,4.8876056963918915,568,0,1.0,0.5633802816901409,0.5633802816901409,0.5633802816901409,0.33661971830985915,0.33661971830985915,0.0,0.33661971830985915,0.33661971830985915,0.0,0.33412873597876847,0.9654358583419396,5.796110969133476,usable_predictions,attempted_predictions,0.09646739130434782,True,robust_local_cqr,568,568,373,11.580282125776161,11.827992916107178,25.75684450597922,4.8876056963918915,568,0,1.0,0.6566901408450704,0.6566901408450704,0.6566901408450704,0.24330985915492964,0.24330985915492964,0.0,0.24330985915492964,0.24330985915492964,0.0,0.3860094041925387,0.8585614835326407,5.796110969133476,usable_predictions,attempted_predictions,0.09646739130434782,True,0.09330985915492951,0.09330985915492951,-3.2062312442789676,1.5564200464131073
CSGS7,q4_2020,4,robust_condition_cqr,clean,non_ramp,4861,4861,4623,6.480389070716192,5.273380279541016,7.8637516161175345,1.2448766616238613,4861,0,1.0,0.951038880888706,0.951038880888706,0.951038880888706,0.051038880888706006,0.0,0.051038880888706006,0.051038880888706006,0.0,0.051038880888706006,0.21601296902387307,0.2621250538705845,2.5190561825771036,usable_predictions,attempted_predictions,0.825577445652174,True,robust_local_cqr,4861,4861,4629,6.5439349662828095,5.159226417541504,7.819455615812776,1.2448766616238613,4861,0,1.0,0.9522731948158815,0.9522731948158815,0.9522731948158815,0.05227319481588144,0.0,0.05227319481588144,0.05227319481588144,0.0,0.05227319481588144,0.21813116554276032,0.26064852052709253,2.5190561825771036,usable_predictions,attempted_predictions,0.825577445652174,True,0.0,-0.0012343139271754344,-0.04429600030475811,0.06354589556661772
CSGS7,q4_2020,4,robust_condition_cqr,clean,ramp,1027,1027,840,9.835684117423089,9.003191471099854,17.242005034646393,3.283407398260143,1027,0,1.0,0.8179162609542356,0.8179162609542356,0.8179162609542356,0.08208373904576438,0.08208373904576438,0.0,0.08208373904576438,0.08208373904576438,0.0,0.3278561372474363,0.5747335011548798,4.828017917719953,usable_predictions,attempted_predictions,0.17442255434782608,True,robust_local_cqr,1027,1027,856,11.077539759984615,10.319740295410156,17.665184302652705,3.283407398260143,1027,0,1.0,0.8334956183057449,0.8334956183057449,0.8334956183057449,0.0665043816942551,0.0665043816942551,0.0,0.0665043816942551,0.0665043816942551,0.0,0.3692513253328205,0.5888394767550902,4.828017917719953,usable_predictions,attempted_predictions,0.17442255434782608,True,0.015579357351509282,0.015579357351509282,0.42317926800631156,1.2418556425615268
CSGS7,q4_2020,4,robust_condition_cqr,combined_outage,non_ramp,4861,4861,4567,6.909506756760988,7.338204622268677,8.956280199581338,1.3767459431220197,4861,0,1.0,0.9395186175684016,0.9395186175684016,0.9395186175684016,0.03951861756840158,0.0,0.03951861756840158,0.03951861756840158,0.0,0.03951861756840158,0.23031689189203292,0.29854267331937795,2.696400196894124,usable_predictions,attempted_predictions,0.825577445652174,True,robust_local_cqr,4861,4861,4551,6.543900858221071,6.360613822937012,8.814661859934429,1.3767459431220197,4861,0,1.0,0.9362271137626003,0.9362271137626003,0.9362271137626003,0.03622711376260024,0.0,0.03622711376260024,0.03622711376260024,0.0,0.03622711376260024,0.21813002860736902,0.2938220619978143,2.696400196894124,usable_predictions,attempted_predictions,0.825577445652174,True,0.0,0.0032915038058013435,-0.14161833964690906,-0.36560589853991665
CSGS7,q4_2020,4,robust_condition_cqr,combined_outage,ramp,1027,1027,865,10.83530198097113,10.380766034126282,18.766413890369446,3.389873294275845,1027,0,1.0,0.8422590068159689,0.8422590068159689,0.8422590068159689,0.05774099318403114,0.05774099318403114,0.0,0.05774099318403114,0.05774099318403114,0.0,0.36117673269903766,0.6255471296789815,4.884298382605727,usable_predictions,attempted_predictions,0.17442255434782608,True,robust_local_cqr,1027,1027,859,11.62215368292125,11.296689987182617,19.600126299740946,3.389873294275845,1027,0,1.0,0.8364167478091529,0.8364167478091529,0.8364167478091529,0.06358325219084715,0.06358325219084715,0.0,0.06358325219084715,0.06358325219084715,0.0,0.38740512276404165,0.6533375433246982,4.884298382605727,usable_predictions,attempted_predictions,0.17442255434782608,True,-0.0058422590068160085,-0.0058422590068160085,0.8337124093715005,0.7868517019501198
CSGS7,q4_2020,4,robust_condition_cqr,irradiance_outage,non_ramp,4861,4861,4603,6.747333782790081,6.023466110229492,8.033388574017858,1.418001060187855,4861,0,1.0,0.9469245011314544,0.9469245011314544,0.9469245011314544,0.04692450113145441,0.0,0.04692450113145441,0.04692450113145441,0.0,0.04692450113145441,0.2249111260930027,0.2677796191339286,2.69825353779313,usable_predictions,attempted_predictions,0.825577445652174,True,robust_local_cqr,4861,4861,4622,6.767651193881425,6.244836807250977,7.9689321571747325,1.418001060187855,4861,0,1.0,0.9508331619008434,0.9508331619008434,0.9508331619008434,0.050833161900843415,0.0,0.050833161900843415,0.050833161900843415,0.0,0.050833161900843415,0.22558837312938085,0.2656310719058244,2.69825353779313,usable_predictions,attempted_predictions,0.825577445652174,True,0.0,-0.003908660769389005,-0.0644564168431252,0.02031741109134444
CSGS7,q4_2020,4,robust_condition_cqr,irradiance_outage,ramp,1027,1027,838,10.347676517420105,9.491612911224365,17.552817427875166,3.366691510690904,1027,0,1.0,0.815968841285297,0.815968841285297,0.815968841285297,0.08403115871470301,0.08403115871470301,0.0,0.08403115871470301,0.08403115871470301,0.0,0.3449225505806702,0.5850939142625056,4.872855397391106,usable_predictions,attempted_predictions,0.17442255434782608,True,robust_local_cqr,1027,1027,853,11.491798322022092,10.70159912109375,18.042653817006958,3.366691510690904,1027,0,1.0,0.8305744888023369,0.8305744888023369,0.8305744888023369,0.06942551119766316,0.06942551119766316,0.0,0.06942551119766316,0.06942551119766316,0.0,0.38305994406740307,0.6014217939002319,4.872855397391106,usable_predictions,attempted_predictions,0.17442255434782608,True,0.014605647517039855,0.014605647517039855,0.48983638913179206,1.144121804601987
CSGS7,q4_2020,4,robust_condition_cqr,recent_power_outage,non_ramp,4861,4861,4565,6.970586086227352,6.629815995693207,8.770248764732344,1.4339682259165925,4861,0,1.0,0.9391071795926764,0.9391071795926764,0.9391071795926764,0.0391071795926764,0.0,0.0391071795926764,0.0391071795926764,0.0,0.0391071795926764,0.23235286954091175,0.2923416254910781,2.7274113638720454,usable_predictions,attempted_predictions,0.825577445652174,True,robust_local_cqr,4861,4861,4577,7.022162466062657,6.965428829193115,8.805911685244155,1.4339682259165925,4861,0,1.0,0.9415758074470274,0.9415758074470274,0.9415758074470274,0.04157580744702738,0.0,0.04157580744702738,0.04157580744702738,0.0,0.04157580744702738,0.23407208220208855,0.2935303895081385,2.7274113638720454,usable_predictions,attempted_predictions,0.825577445652174,True,0.0,-0.00246862785435098,0.03566292051181108,0.05157637983530439
CSGS7,q4_2020,4,robust_condition_cqr,recent_power_outage,ramp,1027,1027,848,10.487800792617744,10.215478420257568,17.327339095104314,3.362654885482551,1027,0,1.0,0.8257059396299903,0.8257059396299903,0.8257059396299903,0.07429406037000974,0.07429406037000974,0.0,0.07429406037000974,0.07429406037000974,0.0,0.3495933597539248,0.5775779698368104,4.889413198578753,usable_predictions,attempted_predictions,0.17442255434782608,True,robust_local_cqr,1027,1027,871,11.532790188972331,11.160204887390137,17.656278886448703,3.362654885482551,1027,0,1.0,0.8481012658227848,0.8481012658227848,0.8481012658227848,0.051898734177215244,0.051898734177215244,0.0,0.051898734177215244,0.051898734177215244,0.0,0.3844263396324111,0.5885426295482901,4.889413198578753,usable_predictions,attempted_predictions,0.17442255434782608,True,0.022395326192794496,0.022395326192794496,0.3289397913443892,1.0449893963545875
CSGS7,q4_2020,4,robust_condition_cqr,weather_outage,non_ramp,4861,4861,4580,5.9990992875898295,4.865074157714844,7.837928985555424,1.1598466556872564,4861,0,1.0,0.9421929644106151,0.9421929644106151,0.9421929644106151,0.04219296441061504,0.0,0.04219296441061504,0.04219296441061504,0.0,0.04219296441061504,0.1999699762529943,0.2612642995185141,2.425460067415435,usable_predictions,attempted_predictions,0.825577445652174,True,robust_local_cqr,4861,4861,4611,6.213859898472353,5.037028908729553,7.825844493990803,1.1598466556872564,4861,0,1.0,0.948570253034355,0.948570253034355,0.948570253034355,0.048570253034355027,0.0,0.048570253034355027,0.048570253034355027,0.0,0.048570253034355027,0.20712866328241175,0.26086148313302676,2.425460067415435,usable_predictions,attempted_predictions,0.825577445652174,True,0.0,-0.006377288623739985,-0.01208449156462077,0.2147606108825233
CSGS7,q4_2020,4,robust_condition_cqr,weather_outage,ramp,1027,1027,810,9.764611945363322,9.209847688674927,18.271827173973374,3.2989095856132713,1027,0,1.0,0.7887049659201558,0.7887049659201558,0.7887049659201558,0.1112950340798442,0.1112950340798442,0.0,0.1112950340798442,0.1112950340798442,0.0,0.3254870648454441,0.6090609057991124,4.886842403712137,usable_predictions,attempted_predictions,0.17442255434782608,True,robust_local_cqr,1027,1027,844,11.028464435394799,10.363956928253174,18.466437188561137,3.2989095856132713,1027,0,1.0,0.8218111002921129,0.8218111002921129,0.8218111002921129,0.07818889970788712,0.07818889970788712,0.0,0.07818889970788712,0.07818889970788712,0.0,0.3676154811798266,0.6155479062853713,4.886842403712137,usable_predictions,attempted_predictions,0.17442255434782608,True,0.033106134371957086,0.033106134371957086,0.19461001458776295,1.2638524900314767
CSGS8,q1_2020,1,robust_condition_cqr,clean,non_ramp,5688,5688,5117,2.990618948300139,1.766869306564331,3.626814404503207,0.7984970985200687,5688,0,1.0,0.8996132208157525,0.8996132208157525,0.8996132208157525,0.0003867791842475654,0.0003867791842475654,0.0,0.0003867791842475654,0.0003867791842475654,0.0,0.09968729827667129,0.12089381348344024,1.5765944518092188,usable_predictions,attempted_predictions,0.9766483516483516,True,robust_local_cqr,5688,5688,5210,3.1108754535013725,1.7923696041107178,3.5433055316101925,0.7984970985200687,5688,0,1.0,0.9159634317862166,0.9159634317862166,0.9159634317862166,0.01596343178621662,0.0,0.01596343178621662,0.01596343178621662,0.0,0.01596343178621662,0.10369584845004574,0.11811018438700642,1.5765944518092188,usable_predictions,attempted_predictions,0.9766483516483516,True,0.0003867791842475654,-0.015576652601969054,-0.08350887289301445,0.12025650520123365
CSGS8,q1_2020,1,robust_condition_cqr,clean,ramp,136,136,62,5.8564652169452,5.133955955505371,17.941299371859607,2.6572122871875763,136,0,1.0,0.45588235294117646,0.45588235294117646,0.45588235294117646,0.44411764705882356,0.44411764705882356,0.0,0.44411764705882356,0.44411764705882356,0.0,0.19521550723150666,0.5980433123953203,2.898664452745751,usable_predictions,attempted_predictions,0.023351648351648352,True,robust_local_cqr,136,136,71,6.385021494591937,5.660392761230469,14.916084132650319,2.6572122871875763,136,0,1.0,0.5220588235294118,0.5220588235294118,0.5220588235294118,0.3779411764705882,0.3779411764705882,0.0,0.3779411764705882,0.3779411764705882,0.0,0.21283404981973125,0.4972028044216773,2.898664452745751,usable_predictions,attempted_predictions,0.023351648351648352,True,0.06617647058823534,0.06617647058823534,-3.025215239209288,0.5285562776467376
CSGS8,q1_2020,1,robust_condition_cqr,combined_outage,non_ramp,5688,5688,5304,2.898916375100717,2.682880997657776,3.645148023018021,0.6864087794793268,5688,0,1.0,0.9324894514767933,0.9324894514767933,0.9324894514767933,0.032489451476793274,0.0,0.032489451476793274,0.032489451476793274,0.0,0.032489451476793274,0.09663054583669056,0.1215049341006007,1.2695293946860982,usable_predictions,attempted_predictions,0.9766483516483516,True,robust_local_cqr,5688,5688,5153,2.694325464956733,2.2505887746810913,3.431142782636205,0.6864087794793268,5688,0,1.0,0.9059423347398031,0.9059423347398031,0.9059423347398031,0.005942334739803101,0.0,0.005942334739803101,0.005942334739803101,0.0,0.005942334739803101,0.08981084883189111,0.1143714260878735,1.2695293946860982,usable_predictions,attempted_predictions,0.9766483516483516,True,0.0,0.026547116736990173,-0.214005240381816,-0.20459091014398378
CSGS8,q1_2020,1,robust_condition_cqr,combined_outage,ramp,136,136,61,6.092174320536501,5.306242942810059,18.176056203596733,3.0998802062343147,136,0,1.0,0.4485294117647059,0.4485294117647059,0.4485294117647059,0.4514705882352941,0.4514705882352941,0.0,0.4514705882352941,0.4514705882352941,0.0,0.20307247735121672,0.6058685401198911,3.449410061483698,usable_predictions,attempted_predictions,0.023351648351648352,True,robust_local_cqr,136,136,77,6.4254155246650475,5.81254768371582,16.155153900384903,3.0998802062343147,136,0,1.0,0.5661764705882353,0.5661764705882353,0.5661764705882353,0.33382352941176474,0.33382352941176474,0.0,0.33382352941176474,0.33382352941176474,0.0,0.2141805174888349,0.5385051300128301,3.449410061483698,usable_predictions,attempted_predictions,0.023351648351648352,True,0.11764705882352938,0.11764705882352938,-2.0209023032118303,0.3332412041285462
CSGS8,q1_2020,1,robust_condition_cqr,irradiance_outage,non_ramp,5688,5688,5366,2.094834947865178,1.594125509262085,2.5009072187467827,0.438698506922839,5688,0,1.0,0.9433895921237694,0.9433895921237694,0.9433895921237694,0.04338959212376936,0.0,0.04338959212376936,0.04338959212376936,0.0,0.04338959212376936,0.06982783159550593,0.08336357395822609,0.7950517036986935,usable_predictions,attempted_predictions,0.9766483516483516,True,robust_local_cqr,5688,5688,5372,2.1801168883170154,1.5218945443630219,2.455421766238082,0.438698506922839,5688,0,1.0,0.9444444444444444,0.9444444444444444,0.9444444444444444,0.0444444444444444,0.0,0.0444444444444444,0.0444444444444444,0.0,0.0444444444444444,0.07267056294390052,0.08184739220793608,0.7950517036986935,usable_predictions,attempted_predictions,0.9766483516483516,True,0.0,-0.001054852320675037,-0.04548545250870051,0.08528194045183746
CSGS8,q1_2020,1,robust_condition_cqr,irradiance_outage,ramp,136,136,55,5.268988639116287,4.8206353187561035,19.486346064244998,2.8793262471170986,136,0,1.0,0.40441176470588236,0.40441176470588236,0.40441176470588236,0.49558823529411766,0.49558823529411766,0.0,0.49558823529411766,0.49558823529411766,0.0,0.17563295463720957,0.6495448688081666,3.099676979636958,usable_predictions,attempted_predictions,0.023351648351648352,True,robust_local_cqr,136,136,68,5.807678157792372,5.584237098693848,16.5017029309974,2.8793262471170986,136,0,1.0,0.5,0.5,0.5,0.4,0.4,0.0,0.4,0.4,0.0,0.1935892719264124,0.55005676436658,3.099676979636958,usable_predictions,attempted_predictions,0.023351648351648352,True,0.09558823529411764,0.09558823529411764,-2.984643133247598,0.5386895186760849
CSGS8,q1_2020,1,robust_condition_cqr,recent_power_outage,non_ramp,5688,5688,4791,3.7364739122959842,2.5638551712036133,5.5623844609781345,1.250079472172015,5688,0,1.0,0.8422995780590717,0.8422995780590717,0.8422995780590717,0.05770042194092828,0.05770042194092828,0.0,0.05770042194092828,0.05770042194092828,0.0,0.12454913040986614,0.18541281536593782,2.29564073954938,usable_predictions,attempted_predictions,0.9766483516483516,True,robust_local_cqr,5688,5688,4866,3.8372846705169037,2.6106325685977936,5.2840127365630245,1.250079472172015,5688,0,1.0,0.8554852320675106,0.8554852320675106,0.8554852320675106,0.04451476793248943,0.04451476793248943,0.0,0.04451476793248943,0.04451476793248943,0.0,0.12790948901723012,0.17613375788543414,2.29564073954938,usable_predictions,attempted_predictions,0.9766483516483516,True,0.013185654008438852,0.013185654008438852,-0.27837172441511004,0.10081075822091945
CSGS8,q1_2020,1,robust_condition_cqr,recent_power_outage,ramp,136,136,78,7.463675339432323,5.9436354637146,15.278700577862123,2.7098183894858643,136,0,1.0,0.5735294117647058,0.5735294117647058,0.5735294117647058,0.3264705882352942,0.3264705882352942,0.0,0.3264705882352942,0.3264705882352942,0.0,0.24878917798107744,0.5092900192620707,3.122634797058667,usable_predictions,attempted_predictions,0.023351648351648352,True,robust_local_cqr,136,136,87,7.898472062805119,6.3501362800598145,13.90033421008026,2.7098183894858643,136,0,1.0,0.6397058823529411,0.6397058823529411,0.6397058823529411,0.2602941176470589,0.2602941176470589,0.0,0.2602941176470589,0.2602941176470589,0.0,0.26328240209350395,0.463344473669342,3.122634797058667,usable_predictions,attempted_predictions,0.023351648351648352,True,0.06617647058823528,0.06617647058823528,-1.3783663677818634,0.43479672337279585
CSGS8,q1_2020,1,robust_condition_cqr,weather_outage,non_ramp,5688,5688,5141,2.91257081707361,1.7563772201538086,3.5386954459245725,0.7927493488621726,5688,0,1.0,0.9038326300984529,0.9038326300984529,0.9038326300984529,0.003832630098452916,0.0,0.003832630098452916,0.003832630098452916,0.0,0.003832630098452916,0.09708569390245367,0.11795651486415241,1.5600142845838176,usable_predictions,attempted_predictions,0.9766483516483516,True,robust_local_cqr,5688,5688,5210,3.0166856925781564,1.7861616015434265,3.449582406043058,0.7927493488621726,5688,0,1.0,0.9159634317862166,0.9159634317862166,0.9159634317862166,0.01596343178621662,0.0,0.01596343178621662,0.01596343178621662,0.0,0.01596343178621662,0.10055618975260522,0.11498608020143528,1.5600142845838176,usable_predictions,attempted_predictions,0.9766483516483516,True,0.0,-0.012130801687763704,-0.08911303988151431,0.10411487550454623
CSGS8,q1_2020,1,robust_condition_cqr,weather_outage,ramp,136,136,59,5.7611520614694145,4.917111873626709,18.33331484391409,2.6513597071170807,136,0,1.0,0.4338235294117647,0.4338235294117647,0.4338235294117647,0.4661764705882353,0.4661764705882353,0.0,0.4661764705882353,0.4661764705882353,0.0,0.19203840204898048,0.6111104947971363,2.8884775599685146,usable_predictions,attempted_predictions,0.023351648351648352,True,robust_local_cqr,136,136,67,6.327573400209932,5.591422080993652,14.999958545846098,2.6513597071170807,136,0,1.0,0.49264705882352944,0.49264705882352944,0.49264705882352944,0.4073529411764706,0.4073529411764706,0.0,0.4073529411764706,0.4073529411764706,0.0,0.21091911334033106,0.49999861819486996,2.8884775599685146,usable_predictions,attempted_predictions,0.023351648351648352,True,0.05882352941176472,0.05882352941176472,-3.33335629806799,0.5664213387405175
CSGS8,q1_2020,4,robust_condition_cqr,clean,non_ramp,5593,5593,5117,3.861370165556424,3.2085237205028534,4.8103544444369275,1.010163474634014,5593,0,1.0,0.9148936170212766,0.9148936170212766,0.9148936170212766,0.014893617021276562,0.0,0.014893617021276562,0.014893617021276562,0.0,0.014893617021276562,0.1287123388518808,0.16034514814789758,1.7037260196381472,usable_predictions,attempted_predictions,0.9603365384615384,True,robust_local_cqr,5593,5593,5152,3.788485148754323,3.3179107904434204,4.54756128341089,1.010163474634014,5593,0,1.0,0.9211514392991239,0.9211514392991239,0.9211514392991239,0.021151439299123886,0.0,0.021151439299123886,0.021151439299123886,0.0,0.021151439299123886,0.12628283829181078,0.15158537611369635,1.7037260196381472,usable_predictions,attempted_predictions,0.9603365384615384,True,0.0,-0.006257822277847325,-0.2627931610260372,-0.07288501680210091
CSGS8,q1_2020,4,robust_condition_cqr,clean,ramp,231,231,130,7.846597664219477,7.243582248687744,21.79728551234776,3.783809921700201,231,0,1.0,0.5627705627705628,0.5627705627705628,0.5627705627705628,0.3372294372294372,0.3372294372294372,0.0,0.3372294372294372,0.3372294372294372,0.0,0.26155325547398256,0.7265761837449253,4.37087486077855,usable_predictions,attempted_predictions,0.039663461538461536,True,robust_local_cqr,231,231,133,8.118468759791096,7.598139762878418,20.197291920606645,3.783809921700201,231,0,1.0,0.5757575757575758,0.5757575757575758,0.5757575757575758,0.3242424242424242,0.3242424242424242,0.0,0.3242424242424242,0.3242424242424242,0.0,0.27061562532636985,0.6732430640202215,4.37087486077855,usable_predictions,attempted_predictions,0.039663461538461536,True,0.012987012987012991,0.012987012987012991,-1.5999935917411143,0.27187109557161904
CSGS8,q1_2020,4,robust_condition_cqr,combined_outage,non_ramp,5593,5593,5122,3.635927856176469,3.3956895768642426,4.532435545195446,0.8504814520118907,5593,0,1.0,0.9157875916323976,0.9157875916323976,0.9157875916323976,0.015787591632397624,0.0,0.015787591632397624,0.015787591632397624,0.0,0.015787591632397624,0.1211975952058823,0.1510811848398482,1.4015004429627225,usable_predictions,attempted_predictions,0.9603365384615384,True,robust_local_cqr,5593,5593,5054,3.5166399115608633,3.1896570920944214,4.314132503257945,0.8504814520118907,5593,0,1.0,0.9036295369211514,0.9036295369211514,0.9036295369211514,0.0036295369211514217,0.0,0.0036295369211514217,0.0036295369211514217,0.0,0.0036295369211514217,0.11722133038536212,0.14380441677526484,1.4015004429627225,usable_predictions,attempted_predictions,0.9603365384615384,True,0.0,0.012158054711246202,-0.21830304193750028,-0.11928794461560566
CSGS8,q1_2020,4,robust_condition_cqr,combined_outage,ramp,231,231,127,8.321277188919323,7.805320739746094,30.78637208966982,4.437417153414193,231,0,1.0,0.5497835497835498,0.5497835497835498,0.5497835497835498,0.3502164502164502,0.3502164502164502,0.0,0.3502164502164502,0.3502164502164502,0.0,0.2773759062973108,1.0262124029889939,5.066589291252308,usable_predictions,attempted_predictions,0.039663461538461536,True,robust_local_cqr,231,231,139,9.307746930370406,8.361675262451172,28.09511907360803,4.437417153414193,231,0,1.0,0.6017316017316018,0.6017316017316018,0.6017316017316018,0.29826839826839824,0.29826839826839824,0.0,0.29826839826839824,0.29826839826839824,0.0,0.3102582310123469,0.9365039691202676,5.066589291252308,usable_predictions,attempted_predictions,0.039663461538461536,True,0.051948051948051965,0.051948051948051965,-2.69125301606179,0.9864697414510832
CSGS8,q1_2020,4,robust_condition_cqr,irradiance_outage,non_ramp,5593,5593,5219,3.2309016374513875,3.077115833759308,4.02264667127456,0.742637556773505,5593,0,1.0,0.9331306990881459,0.9331306990881459,0.9331306990881459,0.03313069908814592,0.0,0.03313069908814592,0.03313069908814592,0.0,0.03313069908814592,0.10769672124837958,0.1340882223758187,1.2587874244901975,usable_predictions,attempted_predictions,0.9603365384615384,True,robust_local_cqr,5593,5593,5218,3.0876487846517993,2.8947660624980927,3.6887500613441864,0.742637556773505,5593,0,1.0,0.9329519041659217,0.9329519041659217,0.9329519041659217,0.03295190416592164,0.0,0.03295190416592164,0.03295190416592164,0.0,0.03295190416592164,0.10292162615505998,0.12295833537813955,1.2587874244901975,usable_predictions,attempted_predictions,0.9603365384615384,True,0.0,0.00017879492222427906,-0.33389660993037396,-0.14325285279958822
CSGS8,q1_2020,4,robust_condition_cqr,irradiance_outage,ramp,231,231,112,7.40586839812844,6.927060127258301,28.480670014466863,4.097267997858328,231,0,1.0,0.48484848484848486,0.48484848484848486,0.48484848484848486,0.41515151515151516,0.41515151515151516,0.0,0.41515151515151516,0.41515151515151516,0.0,0.24686227993761467,0.9493556671488954,4.711170776639795,usable_predictions,attempted_predictions,0.039663461538461536,True,robust_local_cqr,231,231,128,7.898914377015584,7.170687675476074,25.743026007426444,4.097267997858328,231,0,1.0,0.5541125541125541,0.5541125541125541,0.5541125541125541,0.3458874458874459,0.3458874458874459,0.0,0.3458874458874459,0.3458874458874459,0.0,0.26329714590051945,0.8581008669142148,4.711170776639795,usable_predictions,attempted_predictions,0.039663461538461536,True,0.06926406926406925,0.06926406926406925,-2.7376440070404193,0.4930459788871433
CSGS8,q1_2020,4,robust_condition_cqr,recent_power_outage,non_ramp,5593,5593,4905,4.408641869567362,3.7812724113464355,5.86316151588389,1.1594683027310217,5593,0,1.0,0.8769890935097443,0.8769890935097443,0.8769890935097443,0.023010906490255723,0.023010906490255723,0.0,0.023010906490255723,0.023010906490255723,0.0,0.14695472898557874,0.19543871719612968,1.92599970686101,usable_predictions,attempted_predictions,0.9603365384615384,True,robust_local_cqr,5593,5593,4968,4.407095140758093,3.9851465821266174,5.606646279091602,1.1594683027310217,5593,0,1.0,0.8882531736098694,0.8882531736098694,0.8882531736098694,0.011746826390130582,0.011746826390130582,0.0,0.011746826390130582,0.011746826390130582,0.0,0.14690317135860312,0.1868882093030534,1.92599970686101,usable_predictions,attempted_predictions,0.9603365384615384,True,0.01126408010012514,0.01126408010012514,-0.25651523679228827,-0.0015467288092692044
CSGS8,q1_2020,4,robust_condition_cqr,recent_power_outage,ramp,231,231,144,8.943450212575398,8.301377296447754,21.192950685399694,4.116496432653237,231,0,1.0,0.6233766233766234,0.6233766233766234,0.6233766233766234,0.27662337662337666,0.27662337662337666,0.0,0.27662337662337666,0.27662337662337666,0.0,0.2981150070858466,0.7064316895133231,4.73241399820962,usable_predictions,attempted_predictions,0.039663461538461536,True,robust_local_cqr,231,231,154,9.332811233680292,8.700756072998047,19.630203928145303,4.116496432653237,231,0,1.0,0.6666666666666666,0.6666666666666666,0.6666666666666666,0.2333333333333334,0.2333333333333334,0.0,0.2333333333333334,0.2333333333333334,0.0,0.3110937077893431,0.6543401309381768,4.73241399820962,usable_predictions,attempted_predictions,0.039663461538461536,True,0.04329004329004327,0.04329004329004327,-1.5627467572543914,0.3893610211048948
CSGS8,q1_2020,4,robust_condition_cqr,weather_outage,non_ramp,5593,5593,5169,3.830639778614749,3.157789170742035,4.661218493778059,0.9832089159014255,5593,0,1.0,0.9241909529769354,0.9241909529769354,0.9241909529769354,0.02419095297693541,0.0,0.02419095297693541,0.02419095297693541,0.0,0.02419095297693541,0.12768799262049163,0.15537394979260197,1.666199341604755,usable_predictions,attempted_predictions,0.9603365384615384,True,robust_local_cqr,5593,5593,5139,3.689244747076924,3.1291650235652924,4.428155787152072,0.9832089159014255,5593,0,1.0,0.9188271053102092,0.9188271053102092,0.9188271053102092,0.018827105310209147,0.0,0.018827105310209147,0.018827105310209147,0.0,0.018827105310209147,0.12297482490256413,0.14760519290506907,1.666199341604755,usable_predictions,attempted_predictions,0.9603365384615384,True,0.0,0.0053638476667262625,-0.23306270662598738,-0.14139503153782496
CSGS8,q1_2020,4,robust_condition_cqr,weather_outage,ramp,231,231,122,7.763641215703608,6.854360580444336,23.649351333324432,3.8409752192951383,231,0,1.0,0.5281385281385281,0.5281385281385281,0.5281385281385281,0.3718614718614719,0.3718614718614719,0.0,0.3718614718614719,0.3718614718614719,0.0,0.2587880405234536,0.7883117111108144,4.408116412011629,usable_predictions,attempted_predictions,0.039663461538461536,True,robust_local_cqr,231,231,124,8.019680275513238,7.27900505065918,21.80664851084287,3.8409752192951383,231,0,1.0,0.5367965367965368,0.5367965367965368,0.5367965367965368,0.3632034632034632,0.3632034632034632,0.0,0.3632034632034632,0.3632034632034632,0.0,0.2673226758504413,0.7268882836947623,4.408116412011629,usable_predictions,attempted_predictions,0.039663461538461536,True,0.008658008658008698,0.008658008658008698,-1.842702822481563,0.2560390598096305
CSGS8,q2_2020,1,robust_condition_cqr,clean,non_ramp,5600,5600,5073,2.7048564006666753,2.456822633743286,3.2981271828001733,0.5236137737798189,5600,0,1.0,0.9058928571428572,0.9058928571428572,0.9058928571428572,0.005892857142857144,0.0,0.005892857142857144,0.005892857142857144,0.0,0.005892857142857144,0.09016188002222252,0.10993757276000578,0.8454734865850303,usable_predictions,attempted_predictions,0.9722222222222222,True,robust_local_cqr,5600,5600,5301,3.094148869638474,2.8773638010025024,3.3262958668792737,0.5236137737798189,5600,0,1.0,0.9466071428571429,0.9466071428571429,0.9466071428571429,0.04660714285714285,0.0,0.04660714285714285,0.04660714285714285,0.0,0.04660714285714285,0.1031382956546158,0.1108765288959758,0.8454734865850303,usable_predictions,attempted_predictions,0.9722222222222222,True,0.0,-0.0407142857142857,0.028168684079100448,0.3892924689717985
CSGS8,q2_2020,1,robust_condition_cqr,clean,ramp,160,160,104,4.792045015096664,4.573735237121582,10.39992191195488,1.9008597031235694,160,0,1.0,0.65,0.65,0.65,0.25,0.25,0.0,0.25,0.25,0.0,0.15973483383655548,0.34666406373182934,2.166773982935903,usable_predictions,attempted_predictions,0.027777777777777776,True,robust_local_cqr,160,160,133,5.863469056785107,5.838990211486816,8.252009086310863,1.9008597031235694,160,0,1.0,0.83125,0.83125,0.83125,0.06874999999999998,0.06874999999999998,0.0,0.06874999999999998,0.06874999999999998,0.0,0.19544896855950356,0.27506696954369547,2.166773982935903,usable_predictions,attempted_predictions,0.027777777777777776,True,0.18125000000000002,0.18125000000000002,-2.147912825644017,1.0714240416884424
CSGS8,q2_2020,1,robust_condition_cqr,combined_outage,non_ramp,5600,5600,5192,2.9671530120056118,2.57949161529541,3.5694802854324554,0.6729173238332026,5600,0,1.0,0.9271428571428572,0.9271428571428572,0.9271428571428572,0.027142857142857135,0.0,0.027142857142857135,0.027142857142857135,0.0,0.027142857142857135,0.09890510040018706,0.11898267618108185,1.0763540570250372,usable_predictions,attempted_predictions,0.9722222222222222,True,robust_local_cqr,5600,5600,5371,3.368620494733119,2.885121166706085,3.610389482798673,0.6729173238332026,5600,0,1.0,0.9591071428571428,0.9591071428571428,0.9591071428571428,0.0591071428571428,0.0,0.0591071428571428,0.0591071428571428,0.0,0.0591071428571428,0.11228734982443729,0.12034631609328911,1.0763540570250372,usable_predictions,attempted_predictions,0.9722222222222222,True,0.0,-0.03196428571428567,0.040909197366217676,0.4014674827275071
CSGS8,q2_2020,1,robust_condition_cqr,combined_outage,ramp,160,160,114,5.725582908838987,5.485920429229736,10.717125725001097,1.9017055988311768,160,0,1.0,0.7125,0.7125,0.7125,0.1875,0.1875,0.0,0.1875,0.1875,0.0,0.19085276362796624,0.35723752416670324,2.1779396825710595,usable_predictions,attempted_predictions,0.027777777777777776,True,robust_local_cqr,160,160,129,6.755041613429785,6.2599310874938965,8.907422556728125,1.9017055988311768,160,0,1.0,0.80625,0.80625,0.80625,0.09375,0.09375,0.0,0.09375,0.09375,0.0,0.22516805378099283,0.2969140852242708,2.1779396825710595,usable_predictions,attempted_predictions,0.027777777777777776,True,0.09375,0.09375,-1.8097031682729714,1.0294587045907972
CSGS8,q2_2020,1,robust_condition_cqr,irradiance_outage,non_ramp,5600,5600,5147,2.16136823751155,1.7370793223381042,2.7260339215889067,0.47988142830278124,5600,0,1.0,0.9191071428571429,0.9191071428571429,0.9191071428571429,0.019107142857142878,0.0,0.019107142857142878,0.019107142857142878,0.0,0.019107142857142878,0.07204560791705167,0.09086779738629688,0.7898991068679401,usable_predictions,attempted_predictions,0.9722222222222222,True,robust_local_cqr,5600,5600,5385,2.5749879126482793,1.9509096145629883,2.763113245731807,0.47988142830278124,5600,0,1.0,0.9616071428571429,0.9616071428571429,0.9616071428571429,0.06160714285714286,0.0,0.06160714285714286,0.06160714285714286,0.0,0.06160714285714286,0.0858329304216093,0.0921037748577269,0.7898991068679401,usable_predictions,attempted_predictions,0.9722222222222222,True,0.0,-0.04249999999999998,0.03707932414290038,0.41361967513672937
CSGS8,q2_2020,1,robust_condition_cqr,irradiance_outage,ramp,160,160,106,4.670319682359695,4.569100379943848,9.739697581529617,1.8329018399119377,160,0,1.0,0.6625,0.6625,0.6625,0.23750000000000004,0.23750000000000004,0.0,0.23750000000000004,0.23750000000000004,0.0,0.15567732274532317,0.32465658605098724,2.0702291692231913,usable_predictions,attempted_predictions,0.027777777777777776,True,robust_local_cqr,160,160,131,5.7555811867117885,5.7630085945129395,7.536874340474606,1.8329018399119377,160,0,1.0,0.81875,0.81875,0.81875,0.08125000000000004,0.08125000000000004,0.0,0.08125000000000004,0.08125000000000004,0.0,0.19185270622372627,0.25122914468248686,2.0702291692231913,usable_predictions,attempted_predictions,0.027777777777777776,True,0.15625,0.15625,-2.202823241055011,1.0852615043520935
CSGS8,q2_2020,1,robust_condition_cqr,recent_power_outage,non_ramp,5600,5600,5063,4.235572780459396,3.8538060784339905,5.171927196642459,0.932983034135042,5600,0,1.0,0.9041071428571429,0.9041071428571429,0.9041071428571429,0.004107142857142865,0.0,0.004107142857142865,0.004107142857142865,0.0,0.004107142857142865,0.14118575934864655,0.1723975732214153,1.5038606336531324,usable_predictions,attempted_predictions,0.9722222222222222,True,robust_local_cqr,5600,5600,5228,4.569809733581538,4.403674364089966,5.071872661198868,0.932983034135042,5600,0,1.0,0.9335714285714286,0.9335714285714286,0.9335714285714286,0.033571428571428585,0.0,0.033571428571428585,0.033571428571428585,0.0,0.033571428571428585,0.1523269911193846,0.16906242203996227,1.5038606336531324,usable_predictions,attempted_predictions,0.9722222222222222,True,0.0,-0.02946428571428572,-0.10005453544359089,0.33423695312214186
CSGS8,q2_2020,1,robust_condition_cqr,recent_power_outage,ramp,160,160,126,7.60025667399168,6.405375957489014,11.37074875086546,2.132992145419121,160,0,1.0,0.7875,0.7875,0.7875,0.11250000000000004,0.11250000000000004,0.0,0.11250000000000004,0.11250000000000004,0.0,0.253341889133056,0.379024958362182,2.521384720127053,usable_predictions,attempted_predictions,0.027777777777777776,True,robust_local_cqr,160,160,136,8.162428107112646,6.829307556152344,10.64482757076621,2.132992145419121,160,0,1.0,0.85,0.85,0.85,0.050000000000000044,0.050000000000000044,0.0,0.050000000000000044,0.050000000000000044,0.0,0.27208093690375484,0.354827585692207,2.521384720127053,usable_predictions,attempted_predictions,0.027777777777777776,True,0.0625,0.0625,-0.7259211800992489,0.562171433120966
CSGS8,q2_2020,1,robust_condition_cqr,weather_outage,non_ramp,5600,5600,5046,2.679240239344612,2.4606064558029175,3.276876090167165,0.5233910042097393,5600,0,1.0,0.9010714285714285,0.9010714285714285,0.9010714285714285,0.001071428571428501,0.0,0.001071428571428501,0.001071428571428501,0.0,0.001071428571428501,0.08930800797815373,0.10922920300557216,0.8456222646339937,usable_predictions,attempted_predictions,0.9722222222222222,True,robust_local_cqr,5600,5600,5301,3.0760932197471473,2.8707387447357178,3.30953657284142,0.5233910042097393,5600,0,1.0,0.9466071428571429,0.9466071428571429,0.9466071428571429,0.04660714285714285,0.0,0.04660714285714285,0.04660714285714285,0.0,0.04660714285714285,0.10253644065823825,0.11031788576138067,0.8456222646339937,usable_predictions,attempted_predictions,0.9722222222222222,True,0.0,-0.045535714285714346,0.03266048267425514,0.39685298040253514
CSGS8,q2_2020,1,robust_condition_cqr,weather_outage,ramp,160,160,102,4.745238694548607,4.523921966552734,10.327280196547509,1.8693941786885262,160,0,1.0,0.6375,0.6375,0.6375,0.26250000000000007,0.26250000000000007,0.0,0.26250000000000007,0.26250000000000007,0.0,0.15817462315162023,0.3442426732182503,2.1272428016747242,usable_predictions,attempted_predictions,0.027777777777777776,True,robust_local_cqr,160,160,130,5.837286759912968,5.792089939117432,8.102999140322208,1.8693941786885262,160,0,1.0,0.8125,0.8125,0.8125,0.08750000000000002,0.08750000000000002,0.0,0.08750000000000002,0.08750000000000002,0.0,0.19457622533043226,0.2700999713440736,2.1272428016747242,usable_predictions,attempted_predictions,0.027777777777777776,True,0.17500000000000004,0.17500000000000004,-2.2242810562253013,1.0920480653643612
CSGS8,q2_2020,4,robust_condition_cqr,clean,non_ramp,5582,5582,5101,3.628433182763753,3.3990238308906555,4.512278878378867,0.8089562103137926,5582,0,1.0,0.9138301683984235,0.9138301683984235,0.9138301683984235,0.013830168398423437,0.0,0.013830168398423437,0.013830168398423437,0.0,0.013830168398423437,0.12094777275879176,0.15040929594596222,1.2513730248474344,usable_predictions,attempted_predictions,0.9690972222222223,True,robust_local_cqr,5582,5582,5415,4.472029690712908,4.097091615200043,4.741702840925859,0.8089562103137926,5582,0,1.0,0.9700824077391615,0.9700824077391615,0.9700824077391615,0.07008240773916152,0.0,0.07008240773916152,0.07008240773916152,0.0,0.07008240773916152,0.14906765635709693,0.1580567613641953,1.2513730248474344,usable_predictions,attempted_predictions,0.9690972222222223,True,0.0,-0.056252239340738086,0.22942396254699204,0.8435965079491554
CSGS8,q2_2020,4,robust_condition_cqr,clean,ramp,178,178,140,5.723373922864708,5.322597336024046,10.016064864321706,1.6503151360522494,178,0,1.0,0.7865168539325843,0.7865168539325843,0.7865168539325843,0.11348314606741572,0.11348314606741572,0.0,0.11348314606741572,0.11348314606741572,0.0,0.19077913076215694,0.33386882881072355,2.188885171270703,usable_predictions,attempted_predictions,0.03090277777777778,True,robust_local_cqr,178,178,162,7.4616699827981465,7.647421360015869,8.313260160784205,1.6503151360522494,178,0,1.0,0.9101123595505618,0.9101123595505618,0.9101123595505618,0.010112359550561778,0.0,0.010112359550561778,0.010112359550561778,0.0,0.010112359550561778,0.24872233275993821,0.27710867202614015,2.188885171270703,usable_predictions,attempted_predictions,0.03090277777777778,True,0.11348314606741572,0.10337078651685394,-1.7028047035375007,1.7382960599334387
CSGS8,q2_2020,4,robust_condition_cqr,combined_outage,non_ramp,5582,5582,5206,3.5648859491432803,3.545236825942993,4.283129294414493,0.8201981850969664,5582,0,1.0,0.9326406305983519,0.9326406305983519,0.9326406305983519,0.03264063059835187,0.0,0.03264063059835187,0.03264063059835187,0.0,0.03264063059835187,0.11882953163810935,0.14277097648048312,1.2638932364036874,usable_predictions,attempted_predictions,0.9690972222222223,True,robust_local_cqr,5582,5582,5392,4.279014006686743,3.9493778944015503,4.566620339872628,0.8201981850969664,5582,0,1.0,0.9659620207810821,0.9659620207810821,0.9659620207810821,0.06596202078108204,0.0,0.06596202078108204,0.06596202078108204,0.0,0.06596202078108204,0.14263380022289143,0.15222067799575428,1.2638932364036874,usable_predictions,attempted_predictions,0.9690972222222223,True,0.0,-0.03332139018273017,0.28349104545813475,0.7141280575434625
CSGS8,q2_2020,4,robust_condition_cqr,combined_outage,ramp,178,178,144,6.263570039459829,6.38246750831604,10.314504434553426,1.685116994247008,178,0,1.0,0.8089887640449438,0.8089887640449438,0.8089887640449438,0.09101123595505622,0.09101123595505622,0.0,0.09101123595505622,0.09101123595505622,0.0,0.2087856679819943,0.3438168144851142,2.3311126051157367,usable_predictions,attempted_predictions,0.03090277777777778,True,robust_local_cqr,178,178,169,7.990016162228049,7.953091144561768,8.321874625729711,1.685116994247008,178,0,1.0,0.949438202247191,0.949438202247191,0.949438202247191,0.04943820224719098,0.0,0.04943820224719098,0.04943820224719098,0.0,0.04943820224719098,0.2663338720742683,0.277395820857657,2.3311126051157367,usable_predictions,attempted_predictions,0.03090277777777778,True,0.09101123595505622,0.04157303370786525,-1.9926298088237147,1.7264461227682197
CSGS8,q2_2020,4,robust_condition_cqr,irradiance_outage,non_ramp,5582,5582,5149,3.043281790220443,2.862003415822983,3.839376154551913,0.7042463284489054,5582,0,1.0,0.9224292368326764,0.9224292368326764,0.9224292368326764,0.02242923683267639,0.0,0.02242923683267639,0.02242923683267639,0.0,0.02242923683267639,0.10144272634068144,0.12797920515173045,1.1114730918681028,usable_predictions,attempted_predictions,0.9690972222222223,True,robust_local_cqr,5582,5582,5436,3.8547237459624966,3.5512419939041138,4.1210576436289905,0.7042463284489054,5582,0,1.0,0.9738445001791473,0.9738445001791473,0.9738445001791473,0.07384450017914723,0.0,0.07384450017914723,0.07384450017914723,0.0,0.07384450017914723,0.12849079153208323,0.13736858812096636,1.1114730918681028,usable_predictions,attempted_predictions,0.9690972222222223,True,0.0,-0.05141526334647084,0.28168148907707735,0.8114419557420534
CSGS8,q2_2020,4,robust_condition_cqr,irradiance_outage,ramp,178,178,149,5.502632628331024,5.28442907333374,8.877761952997593,1.4671780420153329,178,0,1.0,0.8370786516853933,0.8370786516853933,0.8370786516853933,0.06292134831460672,0.06292134831460672,0.0,0.06292134831460672,0.06292134831460672,0.0,0.18342108761103412,0.2959253984332531,2.000858077747437,usable_predictions,attempted_predictions,0.03090277777777778,True,robust_local_cqr,178,178,169,7.2461109904760725,7.583097457885742,7.677767560053407,1.4671780420153329,178,0,1.0,0.949438202247191,0.949438202247191,0.949438202247191,0.04943820224719098,0.0,0.04943820224719098,0.04943820224719098,0.0,0.04943820224719098,0.2415370330158691,0.25592558533511356,2.000858077747437,usable_predictions,attempted_predictions,0.03090277777777778,True,0.06292134831460672,0.013483146067415741,-1.1999943929441859,1.7434783621450487
CSGS8,q2_2020,4,robust_condition_cqr,recent_power_outage,non_ramp,5582,5582,5151,4.63935795737666,4.627472281455994,5.442251185111071,1.0268735421392854,5582,0,1.0,0.9227875313507703,0.9227875313507703,0.9227875313507703,0.022787531350770274,0.0,0.022787531350770274,0.022787531350770274,0.0,0.022787531350770274,0.15464526524588867,0.1814083728370357,1.5624564713222444,usable_predictions,attempted_predictions,0.9690972222222223,True,robust_local_cqr,5582,5582,5331,5.244590565983016,5.082035601139069,5.664044046218903,1.0268735421392854,5582,0,1.0,0.9550340379792189,0.9550340379792189,0.9550340379792189,0.05503403797921891,0.0,0.05503403797921891,0.05503403797921891,0.0,0.05503403797921891,0.1748196855327672,0.18880146820729676,1.5624564713222444,usable_predictions,attempted_predictions,0.9690972222222223,True,0.0,-0.032246506628448635,0.22179286110783192,0.6052326086063555
CSGS8,q2_2020,4,robust_condition_cqr,recent_power_outage,ramp,178,178,138,7.362548101986392,7.017371654510498,11.192668156509988,2.0454363216844835,178,0,1.0,0.7752808988764045,0.7752808988764045,0.7752808988764045,0.12471910112359552,0.12471910112359552,0.0,0.12471910112359552,0.12471910112359552,0.0,0.24541827006621306,0.3730889385503329,2.650115491782491,usable_predictions,attempted_predictions,0.03090277777777778,True,robust_local_cqr,178,178,160,8.786411478445771,8.606298923492432,9.795397458618947,2.0454363216844835,178,0,1.0,0.898876404494382,0.898876404494382,0.898876404494382,0.0011235955056180247,0.0011235955056180247,0.0,0.0011235955056180247,0.0011235955056180247,0.0,0.29288038261485905,0.3265132486206316,2.650115491782491,usable_predictions,attempted_predictions,0.03090277777777778,True,0.1235955056179775,0.1235955056179775,-1.3972706978910416,1.423863376459379
CSGS8,q2_2020,4,robust_condition_cqr,weather_outage,non_ramp,5582,5582,5150,3.7463883893916052,3.5520395040512085,4.534898159471556,0.815940516949633,5582,0,1.0,0.9226083840917234,0.9226083840917234,0.9226083840917234,0.022608384091723388,0.0,0.022608384091723388,0.022608384091723388,0.0,0.022608384091723388,0.12487961297972018,0.1511632719823852,1.2647811668956341,usable_predictions,attempted_predictions,0.9690972222222223,True,robust_local_cqr,5582,5582,5407,4.461255751724185,4.077081561088562,4.73066584602768,0.815940516949633,5582,0,1.0,0.9686492296667861,0.9686492296667861,0.9686492296667861,0.0686492296667861,0.0,0.0686492296667861,0.0686492296667861,0.0,0.0686492296667861,0.1487085250574728,0.15768886153425601,1.2647811668956341,usable_predictions,attempted_predictions,0.9690972222222223,True,0.0,-0.04604084557506272,0.19576768655612398,0.7148673623325794
CSGS8,q2_2020,4,robust_condition_cqr,weather_outage,ramp,178,178,139,5.812294315829287,5.505630016326904,9.165329096095867,1.682172191276979,178,0,1.0,0.7808988764044944,0.7808988764044944,0.7808988764044944,0.11910112359550562,0.11910112359550562,0.0,0.11910112359550562,0.11910112359550562,0.0,0.1937431438609762,0.30551096986986226,2.218612308079351,usable_predictions,attempted_predictions,0.03090277777777778,True,robust_local_cqr,178,178,167,7.430654882505704,7.590090274810791,8.004204956793718,1.682172191276979,178,0,1.0,0.9382022471910112,0.9382022471910112,0.9382022471910112,0.038202247191011174,0.0,0.038202247191011174,0.038202247191011174,0.0,0.038202247191011174,0.24768849608352345,0.26680683189312393,2.218612308079351,usable_predictions,attempted_predictions,0.03090277777777778,True,0.11910112359550562,0.08089887640449445,-1.1611241393021494,1.618360566676417
CSGS8,q3_2020,1,robust_condition_cqr,clean,non_ramp,5642,5642,5057,2.26178162813437,2.150277018547058,2.933047265095841,0.5483622509492274,5642,0,1.0,0.8963133640552995,0.8963133640552995,0.8963133640552995,0.0036866359447005337,0.0036866359447005337,0.0,0.0036866359447005337,0.0036866359447005337,0.0,0.07539272093781232,0.09776824216986137,0.8749006237105966,usable_predictions,attempted_predictions,0.9582201086956522,True,robust_local_cqr,5642,5642,5312,2.5989488228918334,2.373440742492676,2.8729919932644568,0.5483622509492274,5642,0,1.0,0.9415101028004254,0.9415101028004254,0.9415101028004254,0.04151010280042533,0.0,0.04151010280042533,0.04151010280042533,0.0,0.04151010280042533,0.08663162742972778,0.09576639977548189,0.8749006237105966,usable_predictions,attempted_predictions,0.9582201086956522,True,0.0036866359447005337,-0.0378234668557248,-0.06005527183138426,0.3371671947574635
CSGS8,q3_2020,1,robust_condition_cqr,clean,ramp,246,246,152,4.1580448654609,4.102431297302246,9.68957222186453,1.7984815865028194,246,0,1.0,0.6178861788617886,0.6178861788617886,0.6178861788617886,0.2821138211382114,0.2821138211382114,0.0,0.2821138211382114,0.2821138211382114,0.0,0.13860149551536333,0.3229857407288177,2.017317970343119,usable_predictions,attempted_predictions,0.041779891304347824,True,robust_local_cqr,246,246,192,5.0859030804983,5.335366249084473,7.508298220673228,1.7984815865028194,246,0,1.0,0.7804878048780488,0.7804878048780488,0.7804878048780488,0.11951219512195121,0.11951219512195121,0.0,0.11951219512195121,0.11951219512195121,0.0,0.16953010268327665,0.2502766073557743,2.017317970343119,usable_predictions,attempted_predictions,0.041779891304347824,True,0.16260162601626016,0.16260162601626016,-2.1812740011913023,0.9278582150374
CSGS8,q3_2020,1,robust_condition_cqr,combined_outage,non_ramp,5642,5642,5116,3.001494344214907,2.9585483074188232,3.9514456039980423,0.7203676052957997,5642,0,1.0,0.9067706487061326,0.9067706487061326,0.9067706487061326,0.0067706487061325316,0.0,0.0067706487061325316,0.0067706487061325316,0.0,0.0067706487061325316,0.10004981147383023,0.13171485346660142,1.1536984236715249,usable_predictions,attempted_predictions,0.9582201086956522,True,robust_local_cqr,5642,5642,5289,3.261692683997726,3.097257971763611,3.86557881692619,0.7203676052957997,5642,0,1.0,0.9374335342077278,0.9374335342077278,0.9374335342077278,0.03743353420772777,0.0,0.03743353420772777,0.03743353420772777,0.0,0.03743353420772777,0.10872308946659087,0.128852627230873,1.1536984236715249,usable_predictions,attempted_predictions,0.9582201086956522,True,0.0,-0.03066288550159524,-0.08586678707185236,0.26019833978281914
CSGS8,q3_2020,1,robust_condition_cqr,combined_outage,ramp,246,246,156,5.044111642411084,4.658308029174805,10.680410822232565,1.8301698066354768,246,0,1.0,0.6341463414634146,0.6341463414634146,0.6341463414634146,0.2658536585365854,0.2658536585365854,0.0,0.2658536585365854,0.2658536585365854,0.0,0.16813705474703614,0.35601369407441885,2.112013686636184,usable_predictions,attempted_predictions,0.041779891304347824,True,robust_local_cqr,246,246,193,5.812137325120166,5.544853210449219,8.417730742838325,1.8301698066354768,246,0,1.0,0.7845528455284553,0.7845528455284553,0.7845528455284553,0.11544715447154474,0.11544715447154474,0.0,0.11544715447154474,0.11544715447154474,0.0,0.19373791083733888,0.2805910247612775,2.112013686636184,usable_predictions,attempted_predictions,0.041779891304347824,True,0.15040650406504064,0.15040650406504064,-2.26268007939424,0.7680256827090819
CSGS8,q3_2020,1,robust_condition_cqr,irradiance_outage,non_ramp,5642,5642,5156,2.2432274443748,2.079808533191681,2.8875541190082177,0.5454938705412079,5642,0,1.0,0.9138603332151719,0.9138603332151719,0.9138603332151719,0.013860333215171883,0.0,0.013860333215171883,0.013860333215171883,0.0,0.013860333215171883,0.07477424814582667,0.0962518039669406,0.8777098979020876,usable_predictions,attempted_predictions,0.9582201086956522,True,robust_local_cqr,5642,5642,5358,2.559441754197871,2.285769760608673,2.8645659932636143,0.5454938705412079,5642,0,1.0,0.9496632399858206,0.9496632399858206,0.9496632399858206,0.04966323998582056,0.0,0.04966323998582056,0.04966323998582056,0.0,0.04966323998582056,0.08531472513992903,0.09548553310878714,0.8777098979020876,usable_predictions,attempted_predictions,0.9582201086956522,True,0.0,-0.03580290677064868,-0.022988125744603405,0.31621430982307075
CSGS8,q3_2020,1,robust_condition_cqr,irradiance_outage,ramp,246,246,150,4.212787426584136,4.206432342529297,9.725750659539447,1.836052400309865,246,0,1.0,0.6097560975609756,0.6097560975609756,0.6097560975609756,0.2902439024390244,0.2902439024390244,0.0,0.2902439024390244,0.2902439024390244,0.0,0.14042624755280453,0.32419168865131487,2.0573297254520404,usable_predictions,attempted_predictions,0.041779891304347824,True,robust_local_cqr,246,246,197,5.087115725850671,5.326174736022949,7.578419456637002,1.836052400309865,246,0,1.0,0.8008130081300813,0.8008130081300813,0.8008130081300813,0.09918699186991875,0.09918699186991875,0.0,0.09918699186991875,0.09918699186991875,0.0,0.16957052419502236,0.2526139818879001,2.0573297254520404,usable_predictions,attempted_predictions,0.041779891304347824,True,0.19105691056910568,0.19105691056910568,-2.1473312029024445,0.8743282992665353
CSGS8,q3_2020,1,robust_condition_cqr,recent_power_outage,non_ramp,5642,5642,5184,3.438538133493795,3.3863613605499268,4.2371345948514705,0.7719496994212617,5642,0,1.0,0.9188231123714995,0.9188231123714995,0.9188231123714995,0.018823112371499473,0.0,0.018823112371499473,0.018823112371499473,0.0,0.018823112371499473,0.1146179377831265,0.14123781982838235,1.2017551038057201,usable_predictions,attempted_predictions,0.9582201086956522,True,robust_local_cqr,5642,5642,5329,3.6782375205373112,3.6237497329711914,4.187745091077509,0.7719496994212617,5642,0,1.0,0.9445232187167671,0.9445232187167671,0.9445232187167671,0.04452321871676712,0.0,0.04452321871676712,0.04452321871676712,0.0,0.04452321871676712,0.12260791735124371,0.13959150303591697,1.2017551038057201,usable_predictions,attempted_predictions,0.9582201086956522,True,0.0,-0.025700106345267648,-0.049389503773961785,0.23969938704351623
CSGS8,q3_2020,1,robust_condition_cqr,recent_power_outage,ramp,246,246,190,5.71094971168332,5.119250297546387,9.063202857971191,1.688385934364505,246,0,1.0,0.7723577235772358,0.7723577235772358,0.7723577235772358,0.12764227642276427,0.12764227642276427,0.0,0.12764227642276427,0.12764227642276427,0.0,0.190364990389444,0.30210676193237307,1.9677964379433712,usable_predictions,attempted_predictions,0.041779891304347824,True,robust_local_cqr,246,246,209,6.310213575518228,5.879627227783203,7.888853970581923,1.688385934364505,246,0,1.0,0.8495934959349594,0.8495934959349594,0.8495934959349594,0.05040650406504066,0.05040650406504066,0.0,0.05040650406504066,0.05040650406504066,0.0,0.21034045251727426,0.2629617990193974,1.9677964379433712,usable_predictions,attempted_predictions,0.041779891304347824,True,0.07723577235772361,0.07723577235772361,-1.174348887389268,0.5992638638349082
CSGS8,q3_2020,1,robust_condition_cqr,weather_outage,non_ramp,5642,5642,5067,2.275543844844865,2.143193244934082,2.965627215969266,0.5519773709867113,5642,0,1.0,0.8980857851825593,0.8980857851825593,0.8980857851825593,0.0019142148174406959,0.0019142148174406959,0.0,0.0019142148174406959,0.0019142148174406959,0.0,0.07585146149482884,0.09885424053230887,0.8816820627778286,usable_predictions,attempted_predictions,0.9582201086956522,True,robust_local_cqr,5642,5642,5295,2.6063528713702615,2.367841362953186,2.901359700711927,0.5519773709867113,5642,0,1.0,0.9384969868840837,0.9384969868840837,0.9384969868840837,0.03849698688408365,0.0,0.03849698688408365,0.03849698688408365,0.0,0.03849698688408365,0.08687842904567539,0.0967119900237309,0.8816820627778286,usable_predictions,attempted_predictions,0.9582201086956522,True,0.0019142148174406959,-0.036582772066642955,-0.06426751525733909,0.33080902652539645
CSGS8,q3_2020,1,robust_condition_cqr,weather_outage,ramp,246,246,158,4.235131935375493,4.194485664367676,9.283066281458227,1.7712997440400162,246,0,1.0,0.6422764227642277,0.6422764227642277,0.6422764227642277,0.2577235772357723,0.2577235772357723,0.0,0.2577235772357723,0.2577235772357723,0.0,0.14117106451251643,0.30943554271527424,1.9979071477200188,usable_predictions,attempted_predictions,0.041779891304347824,True,robust_local_cqr,246,246,196,5.107179079598527,5.36124324798584,7.460289858221039,1.7712997440400162,246,0,1.0,0.7967479674796748,0.7967479674796748,0.7967479674796748,0.10325203252032522,0.10325203252032522,0.0,0.10325203252032522,0.10325203252032522,0.0,0.17023930265328424,0.24867632860736796,1.9979071477200188,usable_predictions,attempted_predictions,0.041779891304347824,True,0.1544715447154471,0.1544715447154471,-1.8227764232371886,0.8720471442230346
CSGS8,q3_2020,4,robust_condition_cqr,clean,non_ramp,5550,5550,4999,3.065858571636197,3.373076915740967,4.0929658023074165,0.767379629989658,5550,0,1.0,0.9007207207207207,0.9007207207207207,0.9007207207207207,0.0007207207207207134,0.0,0.0007207207207207134,0.0007207207207207134,0.0,0.0007207207207207134,0.10219528572120656,0.1364321934102472,1.1829904313041266,usable_predictions,attempted_predictions,0.9425951086956522,True,robust_local_cqr,5550,5550,5217,3.492909996723756,3.730572819709778,3.98938350054469,0.767379629989658,5550,0,1.0,0.94,0.94,0.94,0.039999999999999925,0.0,0.039999999999999925,0.039999999999999925,0.0,0.039999999999999925,0.1164303332241252,0.13297945001815634,1.1829904313041266,usable_predictions,attempted_predictions,0.9425951086956522,True,0.0,-0.03927927927927921,-0.10358230176272665,0.427051425087559
CSGS8,q3_2020,4,robust_condition_cqr,clean,ramp,338,338,274,4.503030908784482,4.427502155303955,7.307814159943066,1.2191077372907886,338,0,1.0,0.8106508875739645,0.8106508875739645,0.8106508875739645,0.08934911242603549,0.08934911242603549,0.0,0.08934911242603549,0.08934911242603549,0.0,0.15010103029281607,0.24359380533143554,1.5777863552189462,usable_predictions,attempted_predictions,0.057404891304347824,True,robust_local_cqr,338,338,303,5.416630775871626,5.4912025928497314,6.636671887247784,1.2191077372907886,338,0,1.0,0.8964497041420119,0.8964497041420119,0.8964497041420119,0.0035502958579881616,0.0035502958579881616,0.0,0.0035502958579881616,0.0035502958579881616,0.0,0.18055435919572088,0.22122239624159282,1.5777863552189462,usable_predictions,attempted_predictions,0.057404891304347824,True,0.08579881656804733,0.08579881656804733,-0.671142272695282,0.9135998670871439
CSGS8,q3_2020,4,robust_condition_cqr,combined_outage,non_ramp,5550,5550,4966,3.5771984223421107,3.840561866760254,4.86162785228346,0.9200914783087802,5550,0,1.0,0.8947747747747747,0.8947747747747747,0.8947747747747747,0.005225225225225283,0.005225225225225283,0.0,0.005225225225225283,0.005225225225225283,0.0,0.11923994741140369,0.162054261742782,1.4016895631657815,usable_predictions,attempted_predictions,0.9425951086956522,True,robust_local_cqr,5550,5550,5178,3.955053043541717,4.595816254615784,4.628870016888564,0.9200914783087802,5550,0,1.0,0.932972972972973,0.932972972972973,0.932972972972973,0.03297297297297297,0.0,0.03297297297297297,0.03297297297297297,0.0,0.03297297297297297,0.13183510145139057,0.15429566722961882,1.4016895631657815,usable_predictions,attempted_predictions,0.9425951086956522,True,0.005225225225225283,-0.027747747747747686,-0.2327578353948958,0.3778546211996061
CSGS8,q3_2020,4,robust_condition_cqr,combined_outage,ramp,338,338,290,5.675051569211236,5.3205177783966064,7.821204821716928,1.193547702135419,338,0,1.0,0.8579881656804734,0.8579881656804734,0.8579881656804734,0.0420118343195266,0.0420118343195266,0.0,0.0420118343195266,0.0420118343195266,0.0,0.18916838564037455,0.2607068273905643,1.5896490360708768,usable_predictions,attempted_predictions,0.057404891304347824,True,robust_local_cqr,338,338,310,6.2449720064123,5.8908185958862305,7.276417024345441,1.193547702135419,338,0,1.0,0.9171597633136095,0.9171597633136095,0.9171597633136095,0.017159763313609466,0.0,0.017159763313609466,0.017159763313609466,0.0,0.017159763313609466,0.20816573354707665,0.24254723414484802,1.5896490360708768,usable_predictions,attempted_predictions,0.057404891304347824,True,0.0420118343195266,0.02485207100591713,-0.5447877973714874,0.5699204372010636
CSGS8,q3_2020,4,robust_condition_cqr,irradiance_outage,non_ramp,5550,5550,5026,3.1160328570150493,3.3780126571655273,4.170494062584523,0.790330875745706,5550,0,1.0,0.9055855855855856,0.9055855855855856,0.9055855855855856,0.0055855855855855285,0.0,0.0055855855855855285,0.0055855855855855285,0.0,0.0055855855855855285,0.10386776190050165,0.13901646875281742,1.2399660641952988,usable_predictions,attempted_predictions,0.9425951086956522,True,robust_local_cqr,5550,5550,5247,3.524255074203006,3.633443593978882,4.041158908153968,0.790330875745706,5550,0,1.0,0.9454054054054054,0.9454054054054054,0.9454054054054054,0.045405405405405386,0.0,0.045405405405405386,0.045405405405405386,0.0,0.045405405405405386,0.1174751691401002,0.1347052969384656,1.2399660641952988,usable_predictions,attempted_predictions,0.9425951086956522,True,0.0,-0.03981981981981986,-0.12933515443055477,0.4082222171879568
CSGS8,q3_2020,4,robust_condition_cqr,irradiance_outage,ramp,338,338,281,4.843410356565428,4.773054480552673,7.100531036386917,1.0846732248215987,338,0,1.0,0.8313609467455622,0.8313609467455622,0.8313609467455622,0.06863905325443787,0.06863905325443787,0.0,0.06863905325443787,0.06863905325443787,0.0,0.16144701188551427,0.2366843678795639,1.4497453860908318,usable_predictions,attempted_predictions,0.057404891304347824,True,robust_local_cqr,338,338,313,5.685486535403943,5.5798139572143555,6.615567682817931,1.0846732248215987,338,0,1.0,0.9260355029585798,0.9260355029585798,0.9260355029585798,0.026035502958579815,0.0,0.026035502958579815,0.026035502958579815,0.0,0.026035502958579815,0.18951621784679812,0.22051892276059767,1.4497453860908318,usable_predictions,attempted_predictions,0.057404891304347824,True,0.06863905325443787,0.04260355029585805,-0.4849633535689861,0.8420761788385152
CSGS8,q3_2020,4,robust_condition_cqr,recent_power_outage,non_ramp,5550,5550,5097,3.978788663969199,4.320509910583496,4.78926973409892,0.9046488442379763,5550,0,1.0,0.9183783783783783,0.9183783783783783,0.9183783783783783,0.0183783783783783,0.0,0.0183783783783783,0.0183783783783783,0.0,0.0183783783783783,0.13262628879897329,0.15964232446996401,1.3637271504843498,usable_predictions,attempted_predictions,0.9425951086956522,True,robust_local_cqr,5550,5550,5238,4.247189294821184,4.794532537460327,4.773043914755936,0.9046488442379763,5550,0,1.0,0.9437837837837838,0.9437837837837838,0.9437837837837838,0.04378378378378378,0.0,0.04378378378378378,0.04378378378378378,0.0,0.04378378378378378,0.14157297649403947,0.15910146382519788,1.3637271504843498,usable_predictions,attempted_predictions,0.9425951086956522,True,0.0,-0.02540540540540548,-0.01622581934298406,0.26840063085198507
CSGS8,q3_2020,4,robust_condition_cqr,recent_power_outage,ramp,338,338,279,5.939883256805014,5.747000694274902,8.359185960165847,1.4196864037647756,338,0,1.0,0.8254437869822485,0.8254437869822485,0.8254437869822485,0.0745562130177515,0.0745562130177515,0.0,0.0745562130177515,0.0745562130177515,0.0,0.1979961085601671,0.27863953200552827,1.8067916774476906,usable_predictions,attempted_predictions,0.057404891304347824,True,robust_local_cqr,338,338,298,6.450703673814175,6.20079493522644,8.06568270674824,1.4196864037647756,338,0,1.0,0.8816568047337278,0.8816568047337278,0.8816568047337278,0.01834319526627226,0.01834319526627226,0.0,0.01834319526627226,0.01834319526627226,0.0,0.21502345579380583,0.26885609022494134,1.8067916774476906,usable_predictions,attempted_predictions,0.057404891304347824,True,0.056213017751479244,0.056213017751479244,-0.2935032534176081,0.5108204170091613
CSGS8,q3_2020,4,robust_condition_cqr,weather_outage,non_ramp,5550,5550,5027,3.1023347821734375,3.436118006706238,4.15533725798969,0.782700312655201,5550,0,1.0,0.9057657657657657,0.9057657657657657,0.9057657657657657,0.005765765765765707,0.0,0.005765765765765707,0.005765765765765707,0.0,0.005765765765765707,0.10341115940578124,0.13851124193298966,1.2100863354316438,usable_predictions,attempted_predictions,0.9425951086956522,True,robust_local_cqr,5550,5550,5221,3.5214320734929427,3.769753575325012,4.046133173758601,0.782700312655201,5550,0,1.0,0.9407207207207208,0.9407207207207208,0.9407207207207208,0.04072072072072075,0.0,0.04072072072072075,0.04072072072072075,0.0,0.04072072072072075,0.11738106911643142,0.13487110579195336,1.2100863354316438,usable_predictions,attempted_predictions,0.9425951086956522,True,0.0,-0.03495495495495504,-0.10920408423108974,0.41909729131950524
CSGS8,q3_2020,4,robust_condition_cqr,weather_outage,ramp,338,338,273,4.431545739502993,4.361435890197754,7.146306367475297,1.1905259181409193,338,0,1.0,0.8076923076923077,0.8076923076923077,0.8076923076923077,0.09230769230769231,0.09230769230769231,0.0,0.09230769230769231,0.09230769230769231,0.0,0.14771819131676642,0.23821021224917657,1.5434505266390592,usable_predictions,attempted_predictions,0.057404891304347824,True,robust_local_cqr,338,338,303,5.391777190396331,5.4779675006866455,6.608506117512047,1.1905259181409193,338,0,1.0,0.8964497041420119,0.8964497041420119,0.8964497041420119,0.0035502958579881616,0.0035502958579881616,0.0,0.0035502958579881616,0.0035502958579881616,0.0,0.17972590634654437,0.2202835372504016,1.5434505266390592,usable_predictions,attempted_predictions,0.057404891304347824,True,0.08875739644970415,0.08875739644970415,-0.5378002499632499,0.9602314508933381
CSGS8,q4_2020,1,robust_condition_cqr,clean,non_ramp,5451,5451,5046,1.7579610103098953,1.3545937538146973,2.244729216357964,0.4243055743715377,5451,0,1.0,0.9257017061089708,0.9257017061089708,0.9257017061089708,0.025701706108970823,0.0,0.025701706108970823,0.025701706108970823,0.0,0.025701706108970823,0.05859870034366318,0.07482430721193213,0.7441770257620711,usable_predictions,attempted_predictions,0.9678622159090909,True,robust_local_cqr,5451,5451,5179,1.94744045025062,1.5215907096862793,2.2155722027752085,0.4243055743715377,5451,0,1.0,0.9501008989176298,0.9501008989176298,0.9501008989176298,0.05010089891762981,0.0,0.05010089891762981,0.05010089891762981,0.0,0.05010089891762981,0.06491468167502067,0.07385240675917362,0.7441770257620711,usable_predictions,attempted_predictions,0.9678622159090909,True,0.0,-0.024399192808658987,-0.029157013582755464,0.1894794399407247
CSGS8,q4_2020,1,robust_condition_cqr,clean,ramp,181,181,109,4.0621831627840495,4.023160934448242,9.418272032922143,1.7922399149415242,181,0,1.0,0.6022099447513812,0.6022099447513812,0.6022099447513812,0.2977900552486188,0.2977900552486188,0.0,0.2977900552486188,0.2977900552486188,0.0,0.135406105426135,0.3139424010974048,1.9608258491843202,usable_predictions,attempted_predictions,0.03213778409090909,True,robust_local_cqr,181,181,126,4.5445035333791495,4.70634651184082,7.9152681972440435,1.7922399149415242,181,0,1.0,0.6961325966850829,0.6961325966850829,0.6961325966850829,0.20386740331491715,0.20386740331491715,0.0,0.20386740331491715,0.20386740331491715,0.0,0.1514834511126383,0.26384227324146814,1.9608258491843202,usable_predictions,attempted_predictions,0.03213778409090909,True,0.09392265193370164,0.09392265193370164,-1.5030038356780997,0.4823203705951
CSGS8,q4_2020,1,robust_condition_cqr,combined_outage,non_ramp,5451,5451,5035,2.5457779868298136,2.0149495601654053,3.1417717621909462,0.5953900438679238,5451,0,1.0,0.923683727756375,0.923683727756375,0.923683727756375,0.02368372775637495,0.0,0.02368372775637495,0.02368372775637495,0.0,0.02368372775637495,0.08485926622766045,0.10472572540636488,0.9907816576399557,usable_predictions,attempted_predictions,0.9678622159090909,True,robust_local_cqr,5451,5451,5124,2.8456395551583835,2.20110023021698,3.199780270888673,0.5953900438679238,5451,0,1.0,0.9400110071546505,0.9400110071546505,0.9400110071546505,0.040011007154650446,0.0,0.040011007154650446,0.040011007154650446,0.0,0.040011007154650446,0.09485465183861279,0.10665934236295577,0.9907816576399557,usable_predictions,attempted_predictions,0.9678622159090909,True,0.0,-0.016327279398275496,0.05800850869772667,0.2998615683285699
CSGS8,q4_2020,1,robust_condition_cqr,combined_outage,ramp,181,181,120,5.280519881959778,4.736385107040405,10.013783392985223,1.8011354148717216,181,0,1.0,0.6629834254143646,0.6629834254143646,0.6629834254143646,0.2370165745856354,0.2370165745856354,0.0,0.2370165745856354,0.2370165745856354,0.0,0.17601732939865927,0.3337927797661741,2.0043659904662188,usable_predictions,attempted_predictions,0.03213778409090909,True,robust_local_cqr,181,181,138,6.112936546789348,5.569053649902344,8.501089096069336,1.8011354148717216,181,0,1.0,0.7624309392265194,0.7624309392265194,0.7624309392265194,0.13756906077348063,0.13756906077348063,0.0,0.13756906077348063,0.13756906077348063,0.0,0.20376455155964496,0.2833696365356445,2.0043659904662188,usable_predictions,attempted_predictions,0.03213778409090909,True,0.09944751381215478,0.09944751381215478,-1.5126942969158872,0.8324166648295703
CSGS8,q4_2020,1,robust_condition_cqr,irradiance_outage,non_ramp,5451,5451,5028,1.7612835164759026,1.321246862411499,2.241742005349322,0.42389947066362127,5451,0,1.0,0.9223995597138139,0.9223995597138139,0.9223995597138139,0.02239955971381391,0.0,0.02239955971381391,0.02239955971381391,0.0,0.02239955971381391,0.058709450549196754,0.07472473351164408,0.738824814296349,usable_predictions,attempted_predictions,0.9678622159090909,True,robust_local_cqr,5451,5451,5216,1.9967217972066398,1.56759375333786,2.2404609174027637,0.42389947066362127,5451,0,1.0,0.9568886442854522,0.9568886442854522,0.9568886442854522,0.05688864428545215,0.0,0.05688864428545215,0.05688864428545215,0.0,0.05688864428545215,0.06655739324022132,0.07468203058009212,0.738824814296349,usable_predictions,attempted_predictions,0.9678622159090909,True,0.0,-0.03448908457163824,-0.0012810879465585678,0.23543828073073714
CSGS8,q4_2020,1,robust_condition_cqr,irradiance_outage,ramp,181,181,111,4.110660184154194,4.152057647705078,9.252339779342735,1.8545455576965164,181,0,1.0,0.6132596685082873,0.6132596685082873,0.6132596685082873,0.28674033149171274,0.28674033149171274,0.0,0.28674033149171274,0.28674033149171274,0.0,0.13702200613847315,0.3084113259780912,2.0240630796238595,usable_predictions,attempted_predictions,0.03213778409090909,True,robust_local_cqr,181,181,129,4.612517829758028,4.767936706542969,7.790022448281557,1.8545455576965164,181,0,1.0,0.712707182320442,0.712707182320442,0.712707182320442,0.18729281767955808,0.18729281767955808,0.0,0.18729281767955808,0.18729281767955808,0.0,0.1537505943252676,0.25966741494271856,2.0240630796238595,usable_predictions,attempted_predictions,0.03213778409090909,True,0.09944751381215466,0.09944751381215466,-1.4623173310611781,0.5018576456038337
CSGS8,q4_2020,1,robust_condition_cqr,recent_power_outage,non_ramp,5451,5451,5068,2.6648206936176786,2.1833956241607666,3.193076539792059,0.5812216545455158,5451,0,1.0,0.9297376628141626,0.9297376628141626,0.9297376628141626,0.02973766281416257,0.0,0.02973766281416257,0.02973766281416257,0.0,0.02973766281416257,0.08882735645392262,0.1064358846597353,0.9900559115332074,usable_predictions,attempted_predictions,0.9678622159090909,True,robust_local_cqr,5451,5451,5170,2.9365160358772515,2.274579405784607,3.279859268313707,0.5812216545455158,5451,0,1.0,0.9484498257200513,0.9484498257200513,0.9484498257200513,0.0484498257200513,0.0,0.0484498257200513,0.0484498257200513,0.0,0.0484498257200513,0.09788386786257505,0.10932864227712356,0.9900559115332074,usable_predictions,attempted_predictions,0.9678622159090909,True,0.0,-0.01871216290588873,0.08678272852164781,0.2716953422595729
CSGS8,q4_2020,1,robust_condition_cqr,recent_power_outage,ramp,181,181,122,5.6008822088083505,5.212920188903809,10.20484465920464,1.8982177531521622,181,0,1.0,0.6740331491712708,0.6740331491712708,0.6740331491712708,0.22596685082872925,0.22596685082872925,0.0,0.22596685082872925,0.22596685082872925,0.0,0.186696073626945,0.34016148864015466,2.09781094292171,usable_predictions,attempted_predictions,0.03213778409090909,True,robust_local_cqr,181,181,138,6.305452707064086,5.687053799629211,8.895930265853417,1.8982177531521622,181,0,1.0,0.7624309392265194,0.7624309392265194,0.7624309392265194,0.13756906077348063,0.13756906077348063,0.0,0.13756906077348063,0.13756906077348063,0.0,0.2101817569021362,0.2965310088617806,2.09781094292171,usable_predictions,attempted_predictions,0.03213778409090909,True,0.08839779005524862,0.08839779005524862,-1.3089143933512233,0.7045704982557357
CSGS8,q4_2020,1,robust_condition_cqr,weather_outage,non_ramp,5451,5451,5055,1.7849145754643172,1.3808326721191406,2.2452895729710476,0.42279492246987066,5451,0,1.0,0.9273527793065492,0.9273527793065492,0.9273527793065492,0.027352779306549224,0.0,0.027352779306549224,0.027352779306549224,0.0,0.027352779306549224,0.05949715251547724,0.07484298576570159,0.7401608281357159,usable_predictions,attempted_predictions,0.9678622159090909,True,robust_local_cqr,5451,5451,5173,1.9475012579857953,1.5327949523925781,2.213936744439115,0.42279492246987066,5451,0,1.0,0.9490001834525775,0.9490001834525775,0.9490001834525775,0.049000183452577506,0.0,0.049000183452577506,0.049000183452577506,0.0,0.049000183452577506,0.06491670859952652,0.07379789148130383,0.7401608281357159,usable_predictions,attempted_predictions,0.9678622159090909,True,0.0,-0.021647404146028282,-0.03135282853193244,0.16258668252147812
CSGS8,q4_2020,1,robust_condition_cqr,weather_outage,ramp,181,181,109,4.070719244730407,4.0232086181640625,9.155422964148759,1.7924348544020678,181,0,1.0,0.6022099447513812,0.6022099447513812,0.6022099447513812,0.2977900552486188,0.2977900552486188,0.0,0.2977900552486188,0.2977900552486188,0.0,0.13569064149101356,0.3051807654716253,1.9619919512684105,usable_predictions,attempted_predictions,0.03213778409090909,True,robust_local_cqr,181,181,125,4.52799593150945,4.718996047973633,7.651053966079628,1.7924348544020678,181,0,1.0,0.6906077348066298,0.6906077348066298,0.6906077348066298,0.20939226519337018,0.20939226519337018,0.0,0.20939226519337018,0.20939226519337018,0.0,0.15093319771698166,0.2550351322026543,1.9619919512684105,usable_predictions,attempted_predictions,0.03213778409090909,True,0.08839779005524862,0.08839779005524862,-1.5043689980691308,0.45727668677904276
CSGS8,q4_2020,4,robust_condition_cqr,clean,non_ramp,5269,5269,4864,2.535070506089132,2.3591012954711914,3.3046371642854875,0.6188635918223442,5269,0,1.0,0.9231353197950275,0.9231353197950275,0.9231353197950275,0.023135319795027476,0.0,0.023135319795027476,0.023135319795027476,0.0,0.023135319795027476,0.08450235020297107,0.11015457214284959,1.051064256820377,usable_predictions,attempted_predictions,0.935546875,True,robust_local_cqr,5269,5269,4999,2.8085667221844073,2.5617473125457764,3.2588022813831095,0.6188635918223442,5269,0,1.0,0.9487568798633517,0.9487568798633517,0.9487568798633517,0.04875687986335164,0.0,0.04875687986335164,0.04875687986335164,0.0,0.04875687986335164,0.09361889073948024,0.10862674271277031,1.051064256820377,usable_predictions,attempted_predictions,0.935546875,True,0.0,-0.025621560068324167,-0.04583488290237803,0.2734962160952752
CSGS8,q4_2020,4,robust_condition_cqr,clean,ramp,363,363,306,4.36351171932273,4.2114691734313965,6.239876301163813,1.1151202908888993,363,0,1.0,0.8429752066115702,0.8429752066115702,0.8429752066115702,0.057024793388429806,0.057024793388429806,0.0,0.057024793388429806,0.057024793388429806,0.0,0.14545039064409102,0.20799587670546044,1.411710113346123,usable_predictions,attempted_predictions,0.064453125,True,robust_local_cqr,363,363,333,5.147469300725407,5.129148483276367,6.129670462517207,1.1151202908888993,363,0,1.0,0.9173553719008265,0.9173553719008265,0.9173553719008265,0.017355371900826477,0.0,0.017355371900826477,0.017355371900826477,0.0,0.017355371900826477,0.17158231002418026,0.20432234875057356,1.411710113346123,usable_predictions,attempted_predictions,0.064453125,True,0.057024793388429806,0.03966942148760333,-0.11020583864660605,0.7839575814026771
CSGS8,q4_2020,4,robust_condition_cqr,combined_outage,non_ramp,5269,5269,4888,3.0171582691811913,2.783308267593384,3.6471300527278787,0.6904647588904802,5269,0,1.0,0.927690263807174,0.927690263807174,0.927690263807174,0.027690263807173987,0.0,0.027690263807173987,0.027690263807173987,0.0,0.027690263807173987,0.1005719423060397,0.12157100175759596,1.1398620914430795,usable_predictions,attempted_predictions,0.935546875,True,robust_local_cqr,5269,5269,4998,3.248258334579215,3.015906810760498,3.6294986623952354,0.6904647588904802,5269,0,1.0,0.9485670905295123,0.9485670905295123,0.9485670905295123,0.04856709052951225,0.0,0.04856709052951225,0.04856709052951225,0.0,0.04856709052951225,0.10827527781930717,0.12098328874650785,1.1398620914430795,usable_predictions,attempted_predictions,0.935546875,True,0.0,-0.02087682672233826,-0.01763139033264327,0.23110006539802352
CSGS8,q4_2020,4,robust_condition_cqr,combined_outage,ramp,363,363,312,5.7102338833831885,5.3072052001953125,7.870014341040091,1.4035441308967338,363,0,1.0,0.859504132231405,0.859504132231405,0.859504132231405,0.04049586776859504,0.04049586776859504,0.0,0.04049586776859504,0.04049586776859504,0.0,0.1903411294461063,0.26233381136800304,1.7136599481532442,usable_predictions,attempted_predictions,0.064453125,True,robust_local_cqr,363,363,327,6.184404026778522,5.948401927947998,7.423777648311919,1.4035441308967338,363,0,1.0,0.9008264462809917,0.9008264462809917,0.9008264462809917,0.0008264462809917106,0.0,0.0008264462809917106,0.0008264462809917106,0.0,0.0008264462809917106,0.20614680089261742,0.24745925494373064,1.7136599481532442,usable_predictions,attempted_predictions,0.064453125,True,0.04049586776859504,0.03966942148760333,-0.44623669272817157,0.4741701433953338
CSGS8,q4_2020,4,robust_condition_cqr,irradiance_outage,non_ramp,5269,5269,4845,2.558000779461176,2.294926166534424,3.3011491193724107,0.6151361498624404,5269,0,1.0,0.9195293224520782,0.9195293224520782,0.9195293224520782,0.01952932245207817,0.0,0.01952932245207817,0.01952932245207817,0.0,0.01952932245207817,0.08526669264870586,0.11003830397908036,1.0511367560371523,usable_predictions,attempted_predictions,0.935546875,True,robust_local_cqr,5269,5269,5019,2.8526121049781747,2.5778395533561707,3.2613500153363724,0.6151361498624404,5269,0,1.0,0.9525526665401405,0.9525526665401405,0.9525526665401405,0.05255266654014046,0.0,0.05255266654014046,0.05255266654014046,0.0,0.05255266654014046,0.09508707016593916,0.10871166717787908,1.0511367560371523,usable_predictions,attempted_predictions,0.935546875,True,0.0,-0.03302334408806229,-0.03979910403603837,0.29461132551699887
CSGS8,q4_2020,4,robust_condition_cqr,irradiance_outage,ramp,363,363,303,4.578505420734074,4.505086898803711,6.7103449023295365,1.131354674491672,363,0,1.0,0.8347107438016529,0.8347107438016529,0.8347107438016529,0.06528925619834713,0.06528925619834713,0.0,0.06528925619834713,0.06528925619834713,0.0,0.15261684735780248,0.22367816341098454,1.4362028640605262,usable_predictions,attempted_predictions,0.064453125,True,robust_local_cqr,363,363,329,5.357239069114375,5.392717361450195,6.51903086793981,1.131354674491672,363,0,1.0,0.90633608815427,0.90633608815427,0.90633608815427,0.006336088154270003,0.0,0.006336088154270003,0.006336088154270003,0.0,0.006336088154270003,0.17857463563714585,0.217301028931327,1.4362028640605262,usable_predictions,attempted_predictions,0.064453125,True,0.06528925619834713,0.05895316804407713,-0.19131403438972683,0.7787336483803013
CSGS8,q4_2020,4,robust_condition_cqr,recent_power_outage,non_ramp,5269,5269,4842,3.11400392943997,3.100584626197815,3.765133990686627,0.6998098013035439,5269,0,1.0,0.9189599544505599,0.9189599544505599,0.9189599544505599,0.01895995445055987,0.0,0.01895995445055987,0.01895995445055987,0.0,0.01895995445055987,0.10380013098133234,0.1255044663562209,1.1574920827020934,usable_predictions,attempted_predictions,0.935546875,True,robust_local_cqr,5269,5269,4961,3.3495603185780687,3.41341495513916,3.7791893498728637,0.6998098013035439,5269,0,1.0,0.941544885177453,0.941544885177453,0.941544885177453,0.04154488517745303,0.0,0.04154488517745303,0.04154488517745303,0.0,0.04154488517745303,0.11165201061926895,0.12597297832909546,1.1574920827020934,usable_predictions,attempted_predictions,0.935546875,True,0.0,-0.02258493072689316,0.014055359186236682,0.2355563891380985
CSGS8,q4_2020,4,robust_condition_cqr,recent_power_outage,ramp,363,363,306,5.89569666436758,5.572682857513428,8.162348046498604,1.4028880362175713,363,0,1.0,0.8429752066115702,0.8429752066115702,0.8429752066115702,0.057024793388429806,0.057024793388429806,0.0,0.057024793388429806,0.057024793388429806,0.0,0.19652322214558599,0.2720782682166201,1.7397435368621381,usable_predictions,attempted_predictions,0.064453125,True,robust_local_cqr,363,363,324,6.268053820741571,6.248077869415283,7.744437496298437,1.4028880362175713,363,0,1.0,0.8925619834710744,0.8925619834710744,0.8925619834710744,0.007438016528925617,0.007438016528925617,0.0,0.007438016528925617,0.007438016528925617,0.0,0.20893512735805236,0.25814791654328123,1.7397435368621381,usable_predictions,attempted_predictions,0.064453125,True,0.04958677685950419,0.04958677685950419,-0.4179105502001672,0.37235715637399114
CSGS8,q4_2020,4,robust_condition_cqr,weather_outage,non_ramp,5269,5269,4827,2.5169406665216343,2.2862753868103027,3.2943795312246036,0.6213704443903333,5269,0,1.0,0.9161131144429683,0.9161131144429683,0.9161131144429683,0.016113114442968257,0.0,0.016113114442968257,0.016113114442968257,0.0,0.016113114442968257,0.0838980222173878,0.10981265104082012,1.0495500379087133,usable_predictions,attempted_predictions,0.935546875,True,robust_local_cqr,5269,5269,4992,2.77781190763756,2.4753520488739014,3.2373815790669243,0.6213704443903333,5269,0,1.0,0.9474283545264756,0.9474283545264756,0.9474283545264756,0.047428354526475536,0.0,0.047428354526475536,0.047428354526475536,0.0,0.047428354526475536,0.09259373025458534,0.10791271930223081,1.0495500379087133,usable_predictions,attempted_predictions,0.935546875,True,0.0,-0.03131524008350728,-0.05699795215767933,0.26087124111592574
CSGS8,q4_2020,4,robust_condition_cqr,weather_outage,ramp,363,363,304,4.326764771904663,4.122988700866699,6.1693751875814,1.1092776541210732,363,0,1.0,0.837465564738292,0.837465564738292,0.837465564738292,0.06253443526170799,0.06253443526170799,0.0,0.06253443526170799,0.06253443526170799,0.0,0.14422549239682209,0.20564583958604665,1.4244534136300309,usable_predictions,attempted_predictions,0.064453125,True,robust_local_cqr,363,363,331,5.074920628250631,5.007669925689697,6.04512740452017,1.1092776541210732,363,0,1.0,0.9118457300275482,0.9118457300275482,0.9118457300275482,0.011845730027548185,0.0,0.011845730027548185,0.011845730027548185,0.0,0.011845730027548185,0.1691640209416877,0.201504246817339,1.4244534136300309,usable_predictions,attempted_predictions,0.064453125,True,0.06253443526170799,0.0506887052341598,-0.12424778306122963,0.748155856345968
