station,fold,horizon_steps,method,condition,ramp_group,attempted_n,usable_n,unavailable_n,availability_rate,covered_n,issued_coverage,service_coverage,eligible_for_conditional_metrics,metric_denominator,service_denominator
CSGS2,q1_2020,1,clean_condition_cqr,clean,non_ramp,5641,5641,0,1.0,5320,0.943095195887254,0.943095195887254,True,usable_predictions,attempted_predictions
CSGS2,q1_2020,1,clean_condition_cqr,clean,ramp,183,183,0,1.0,34,0.18579234972677597,0.18579234972677597,True,usable_predictions,attempted_predictions
CSGS2,q1_2020,1,clean_condition_cqr,combined_outage,non_ramp,5641,5641,0,1.0,5455,0.9670271228505584,0.9670271228505584,True,usable_predictions,attempted_predictions
CSGS2,q1_2020,1,clean_condition_cqr,combined_outage,ramp,183,183,0,1.0,166,0.907103825136612,0.907103825136612,True,usable_predictions,attempted_predictions
CSGS2,q1_2020,1,clean_condition_cqr,irradiance_outage,non_ramp,5641,5641,0,1.0,5375,0.9528452402056373,0.9528452402056373,True,usable_predictions,attempted_predictions
CSGS2,q1_2020,1,clean_condition_cqr,irradiance_outage,ramp,183,183,0,1.0,60,0.32786885245901637,0.32786885245901637,True,usable_predictions,attempted_predictions
CSGS2,q1_2020,1,clean_condition_cqr,recent_power_outage,non_ramp,5641,5641,0,1.0,5441,0.9645452933876972,0.9645452933876972,True,usable_predictions,attempted_predictions
CSGS2,q1_2020,1,clean_condition_cqr,recent_power_outage,ramp,183,183,0,1.0,168,0.9180327868852459,0.9180327868852459,True,usable_predictions,attempted_predictions
CSGS2,q1_2020,1,clean_condition_cqr,weather_outage,non_ramp,5641,5641,0,1.0,5315,0.9422088282219465,0.9422088282219465,True,usable_predictions,attempted_predictions
CSGS2,q1_2020,1,clean_condition_cqr,weather_outage,ramp,183,183,0,1.0,31,0.16939890710382513,0.16939890710382513,True,usable_predictions,attempted_predictions
CSGS2,q1_2020,1,lgbm_condition_cqr,clean,non_ramp,5641,5641,0,1.0,5280,0.9360042545647935,0.9360042545647935,True,usable_predictions,attempted_predictions
CSGS2,q1_2020,1,lgbm_condition_cqr,clean,ramp,183,183,0,1.0,61,0.3333333333333333,0.3333333333333333,True,usable_predictions,attempted_predictions
CSGS2,q1_2020,1,lgbm_condition_cqr,combined_outage,non_ramp,5641,5641,0,1.0,5447,0.9656089345860663,0.9656089345860663,True,usable_predictions,attempted_predictions
CSGS2,q1_2020,1,lgbm_condition_cqr,combined_outage,ramp,183,183,0,1.0,164,0.8961748633879781,0.8961748633879781,True,usable_predictions,attempted_predictions
CSGS2,q1_2020,1,lgbm_condition_cqr,irradiance_outage,non_ramp,5641,5641,0,1.0,5250,0.930686048572948,0.930686048572948,True,usable_predictions,attempted_predictions
CSGS2,q1_2020,1,lgbm_condition_cqr,irradiance_outage,ramp,183,183,0,1.0,70,0.3825136612021858,0.3825136612021858,True,usable_predictions,attempted_predictions
CSGS2,q1_2020,1,lgbm_condition_cqr,recent_power_outage,non_ramp,5641,5641,0,1.0,5446,0.9654316610530048,0.9654316610530048,True,usable_predictions,attempted_predictions
CSGS2,q1_2020,1,lgbm_condition_cqr,recent_power_outage,ramp,183,183,0,1.0,164,0.8961748633879781,0.8961748633879781,True,usable_predictions,attempted_predictions
CSGS2,q1_2020,1,lgbm_condition_cqr,weather_outage,non_ramp,5641,5641,0,1.0,5285,0.936890622230101,0.936890622230101,True,usable_predictions,attempted_predictions
CSGS2,q1_2020,1,lgbm_condition_cqr,weather_outage,ramp,183,183,0,1.0,55,0.3005464480874317,0.3005464480874317,True,usable_predictions,attempted_predictions
CSGS2,q1_2020,1,oracle_ramp_mondrian,clean,non_ramp,5641,5641,0,1.0,5087,0.9017904626839213,0.9017904626839213,True,usable_predictions,attempted_predictions
CSGS2,q1_2020,1,oracle_ramp_mondrian,clean,ramp,183,183,0,1.0,163,0.8907103825136612,0.8907103825136612,True,usable_predictions,attempted_predictions
CSGS2,q1_2020,1,oracle_ramp_mondrian,combined_outage,non_ramp,5641,5641,0,1.0,4881,0.8652721148732494,0.8652721148732494,True,usable_predictions,attempted_predictions
CSGS2,q1_2020,1,oracle_ramp_mondrian,combined_outage,ramp,183,183,0,1.0,162,0.8852459016393442,0.8852459016393442,True,usable_predictions,attempted_predictions
CSGS2,q1_2020,1,oracle_ramp_mondrian,irradiance_outage,non_ramp,5641,5641,0,1.0,5182,0.9186314483247651,0.9186314483247651,True,usable_predictions,attempted_predictions
CSGS2,q1_2020,1,oracle_ramp_mondrian,irradiance_outage,ramp,183,183,0,1.0,169,0.9234972677595629,0.9234972677595629,True,usable_predictions,attempted_predictions
CSGS2,q1_2020,1,oracle_ramp_mondrian,recent_power_outage,non_ramp,5641,5641,0,1.0,4718,0.8363765289842227,0.8363765289842227,True,usable_predictions,attempted_predictions
CSGS2,q1_2020,1,oracle_ramp_mondrian,recent_power_outage,ramp,183,183,0,1.0,162,0.8852459016393442,0.8852459016393442,True,usable_predictions,attempted_predictions
CSGS2,q1_2020,1,oracle_ramp_mondrian,weather_outage,non_ramp,5641,5641,0,1.0,5119,0.9074632157418897,0.9074632157418897,True,usable_predictions,attempted_predictions
CSGS2,q1_2020,1,oracle_ramp_mondrian,weather_outage,ramp,183,183,0,1.0,162,0.8852459016393442,0.8852459016393442,True,usable_predictions,attempted_predictions
CSGS2,q1_2020,1,persistence_condition_cqr,clean,non_ramp,5641,5641,0,1.0,5480,0.9714589611770963,0.9714589611770963,True,usable_predictions,attempted_predictions
CSGS2,q1_2020,1,persistence_condition_cqr,clean,ramp,183,183,0,1.0,0,0.0,0.0,True,usable_predictions,attempted_predictions
CSGS2,q1_2020,1,persistence_condition_cqr,combined_outage,non_ramp,5641,5641,0,1.0,5449,0.9659634816521894,0.9659634816521894,True,usable_predictions,attempted_predictions
CSGS2,q1_2020,1,persistence_condition_cqr,combined_outage,ramp,183,183,0,1.0,157,0.8579234972677595,0.8579234972677595,True,usable_predictions,attempted_predictions
CSGS2,q1_2020,1,persistence_condition_cqr,irradiance_outage,non_ramp,5641,5641,0,1.0,5480,0.9714589611770963,0.9714589611770963,True,usable_predictions,attempted_predictions
CSGS2,q1_2020,1,persistence_condition_cqr,irradiance_outage,ramp,183,183,0,1.0,0,0.0,0.0,True,usable_predictions,attempted_predictions
CSGS2,q1_2020,1,persistence_condition_cqr,recent_power_outage,non_ramp,5641,5641,0,1.0,5449,0.9659634816521894,0.9659634816521894,True,usable_predictions,attempted_predictions
CSGS2,q1_2020,1,persistence_condition_cqr,recent_power_outage,ramp,183,183,0,1.0,157,0.8579234972677595,0.8579234972677595,True,usable_predictions,attempted_predictions
CSGS2,q1_2020,1,persistence_condition_cqr,weather_outage,non_ramp,5641,5641,0,1.0,5480,0.9714589611770963,0.9714589611770963,True,usable_predictions,attempted_predictions
CSGS2,q1_2020,1,persistence_condition_cqr,weather_outage,ramp,183,183,0,1.0,0,0.0,0.0,True,usable_predictions,attempted_predictions
CSGS2,q1_2020,1,robust_condition_cqr,clean,non_ramp,5641,5641,0,1.0,5233,0.9276723985109023,0.9276723985109023,True,usable_predictions,attempted_predictions
CSGS2,q1_2020,1,robust_condition_cqr,clean,ramp,183,183,0,1.0,75,0.4098360655737705,0.4098360655737705,True,usable_predictions,attempted_predictions
CSGS2,q1_2020,1,robust_condition_cqr,combined_outage,non_ramp,5641,5641,0,1.0,5011,0.8883176741712462,0.8883176741712462,True,usable_predictions,attempted_predictions
CSGS2,q1_2020,1,robust_condition_cqr,combined_outage,ramp,183,183,0,1.0,100,0.546448087431694,0.546448087431694,True,usable_predictions,attempted_predictions
CSGS2,q1_2020,1,robust_condition_cqr,irradiance_outage,non_ramp,5641,5641,0,1.0,5295,0.9386633575607162,0.9386633575607162,True,usable_predictions,attempted_predictions
CSGS2,q1_2020,1,robust_condition_cqr,irradiance_outage,ramp,183,183,0,1.0,74,0.40437158469945356,0.40437158469945356,True,usable_predictions,attempted_predictions
CSGS2,q1_2020,1,robust_condition_cqr,recent_power_outage,non_ramp,5641,5641,0,1.0,4858,0.8611948236128346,0.8611948236128346,True,usable_predictions,attempted_predictions
CSGS2,q1_2020,1,robust_condition_cqr,recent_power_outage,ramp,183,183,0,1.0,105,0.5737704918032787,0.5737704918032787,True,usable_predictions,attempted_predictions
CSGS2,q1_2020,1,robust_condition_cqr,weather_outage,non_ramp,5641,5641,0,1.0,5284,0.9367133486970395,0.9367133486970395,True,usable_predictions,attempted_predictions
CSGS2,q1_2020,1,robust_condition_cqr,weather_outage,ramp,183,183,0,1.0,70,0.3825136612021858,0.3825136612021858,True,usable_predictions,attempted_predictions
CSGS2,q1_2020,1,robust_local_cqr,clean,non_ramp,5641,5641,0,1.0,5282,0.9363588016309166,0.9363588016309166,True,usable_predictions,attempted_predictions
CSGS2,q1_2020,1,robust_local_cqr,clean,ramp,183,183,0,1.0,94,0.5136612021857924,0.5136612021857924,True,usable_predictions,attempted_predictions
CSGS2,q1_2020,1,robust_local_cqr,combined_outage,non_ramp,5641,5641,0,1.0,5080,0.9005495479524906,0.9005495479524906,True,usable_predictions,attempted_predictions
CSGS2,q1_2020,1,robust_local_cqr,combined_outage,ramp,183,183,0,1.0,113,0.6174863387978142,0.6174863387978142,True,usable_predictions,attempted_predictions
CSGS2,q1_2020,1,robust_local_cqr,irradiance_outage,non_ramp,5641,5641,0,1.0,5386,0.9547952490693139,0.9547952490693139,True,usable_predictions,attempted_predictions
CSGS2,q1_2020,1,robust_local_cqr,irradiance_outage,ramp,183,183,0,1.0,96,0.5245901639344263,0.5245901639344263,True,usable_predictions,attempted_predictions
CSGS2,q1_2020,1,robust_local_cqr,recent_power_outage,non_ramp,5641,5641,0,1.0,4949,0.8773267151214323,0.8773267151214323,True,usable_predictions,attempted_predictions
CSGS2,q1_2020,1,robust_local_cqr,recent_power_outage,ramp,183,183,0,1.0,119,0.6502732240437158,0.6502732240437158,True,usable_predictions,attempted_predictions
CSGS2,q1_2020,1,robust_local_cqr,weather_outage,non_ramp,5641,5641,0,1.0,5342,0.9469952136146074,0.9469952136146074,True,usable_predictions,attempted_predictions
CSGS2,q1_2020,1,robust_local_cqr,weather_outage,ramp,183,183,0,1.0,86,0.46994535519125685,0.46994535519125685,True,usable_predictions,attempted_predictions
CSGS2,q1_2020,1,robust_risk_mondrian,clean,non_ramp,5641,5641,0,1.0,5221,0.9255451161141641,0.9255451161141641,True,usable_predictions,attempted_predictions
CSGS2,q1_2020,1,robust_risk_mondrian,clean,ramp,183,183,0,1.0,90,0.4918032786885246,0.4918032786885246,True,usable_predictions,attempted_predictions
CSGS2,q1_2020,1,robust_risk_mondrian,combined_outage,non_ramp,5641,5641,0,1.0,5075,0.8996631802871832,0.8996631802871832,True,usable_predictions,attempted_predictions
CSGS2,q1_2020,1,robust_risk_mondrian,combined_outage,ramp,183,183,0,1.0,108,0.5901639344262295,0.5901639344262295,True,usable_predictions,attempted_predictions
CSGS2,q1_2020,1,robust_risk_mondrian,irradiance_outage,non_ramp,5641,5641,0,1.0,5295,0.9386633575607162,0.9386633575607162,True,usable_predictions,attempted_predictions
CSGS2,q1_2020,1,robust_risk_mondrian,irradiance_outage,ramp,183,183,0,1.0,90,0.4918032786885246,0.4918032786885246,True,usable_predictions,attempted_predictions
CSGS2,q1_2020,1,robust_risk_mondrian,recent_power_outage,non_ramp,5641,5641,0,1.0,4887,0.8663357560716185,0.8663357560716185,True,usable_predictions,attempted_predictions
CSGS2,q1_2020,1,robust_risk_mondrian,recent_power_outage,ramp,183,183,0,1.0,110,0.6010928961748634,0.6010928961748634,True,usable_predictions,attempted_predictions
CSGS2,q1_2020,1,robust_risk_mondrian,weather_outage,non_ramp,5641,5641,0,1.0,5287,0.937245169296224,0.937245169296224,True,usable_predictions,attempted_predictions
CSGS2,q1_2020,1,robust_risk_mondrian,weather_outage,ramp,183,183,0,1.0,80,0.4371584699453552,0.4371584699453552,True,usable_predictions,attempted_predictions
CSGS2,q1_2020,1,robust_rolling_cqr,clean,non_ramp,5641,5641,0,1.0,5195,0.9209360042545648,0.9209360042545648,True,usable_predictions,attempted_predictions
CSGS2,q1_2020,1,robust_rolling_cqr,clean,ramp,183,183,0,1.0,75,0.4098360655737705,0.4098360655737705,True,usable_predictions,attempted_predictions
CSGS2,q1_2020,1,robust_rolling_cqr,combined_outage,non_ramp,5641,5641,0,1.0,5145,0.9120723276014892,0.9120723276014892,True,usable_predictions,attempted_predictions
CSGS2,q1_2020,1,robust_rolling_cqr,combined_outage,ramp,183,183,0,1.0,105,0.5737704918032787,0.5737704918032787,True,usable_predictions,attempted_predictions
CSGS2,q1_2020,1,robust_rolling_cqr,irradiance_outage,non_ramp,5641,5641,0,1.0,5232,0.9274951249778408,0.9274951249778408,True,usable_predictions,attempted_predictions
CSGS2,q1_2020,1,robust_rolling_cqr,irradiance_outage,ramp,183,183,0,1.0,74,0.40437158469945356,0.40437158469945356,True,usable_predictions,attempted_predictions
CSGS2,q1_2020,1,robust_rolling_cqr,recent_power_outage,non_ramp,5641,5641,0,1.0,5104,0.9048041127459671,0.9048041127459671,True,usable_predictions,attempted_predictions
CSGS2,q1_2020,1,robust_rolling_cqr,recent_power_outage,ramp,183,183,0,1.0,108,0.5901639344262295,0.5901639344262295,True,usable_predictions,attempted_predictions
CSGS2,q1_2020,1,robust_rolling_cqr,weather_outage,non_ramp,5641,5641,0,1.0,5208,0.9232405601843645,0.9232405601843645,True,usable_predictions,attempted_predictions
CSGS2,q1_2020,1,robust_rolling_cqr,weather_outage,ramp,183,183,0,1.0,70,0.3825136612021858,0.3825136612021858,True,usable_predictions,attempted_predictions
CSGS2,q1_2020,4,clean_condition_cqr,clean,non_ramp,5351,5351,0,1.0,4959,0.9267426649224444,0.9267426649224444,True,usable_predictions,attempted_predictions
CSGS2,q1_2020,4,clean_condition_cqr,clean,ramp,473,473,0,1.0,294,0.6215644820295984,0.6215644820295984,True,usable_predictions,attempted_predictions
CSGS2,q1_2020,4,clean_condition_cqr,combined_outage,non_ramp,5351,5351,0,1.0,5158,0.9639319753317137,0.9639319753317137,True,usable_predictions,attempted_predictions
CSGS2,q1_2020,4,clean_condition_cqr,combined_outage,ramp,473,473,0,1.0,439,0.9281183932346723,0.9281183932346723,True,usable_predictions,attempted_predictions
CSGS2,q1_2020,4,clean_condition_cqr,irradiance_outage,non_ramp,5351,5351,0,1.0,4919,0.9192674266492245,0.9192674266492245,True,usable_predictions,attempted_predictions
CSGS2,q1_2020,4,clean_condition_cqr,irradiance_outage,ramp,473,473,0,1.0,345,0.7293868921775899,0.7293868921775899,True,usable_predictions,attempted_predictions
CSGS2,q1_2020,4,clean_condition_cqr,recent_power_outage,non_ramp,5351,5351,0,1.0,5165,0.9652401420295272,0.9652401420295272,True,usable_predictions,attempted_predictions
CSGS2,q1_2020,4,clean_condition_cqr,recent_power_outage,ramp,473,473,0,1.0,436,0.9217758985200846,0.9217758985200846,True,usable_predictions,attempted_predictions
CSGS2,q1_2020,4,clean_condition_cqr,weather_outage,non_ramp,5351,5351,0,1.0,4993,0.9330966174546814,0.9330966174546814,True,usable_predictions,attempted_predictions
CSGS2,q1_2020,4,clean_condition_cqr,weather_outage,ramp,473,473,0,1.0,268,0.5665961945031712,0.5665961945031712,True,usable_predictions,attempted_predictions
CSGS2,q1_2020,4,lgbm_condition_cqr,clean,non_ramp,5351,5351,0,1.0,5113,0.9555223322743412,0.9555223322743412,True,usable_predictions,attempted_predictions
CSGS2,q1_2020,4,lgbm_condition_cqr,clean,ramp,473,473,0,1.0,294,0.6215644820295984,0.6215644820295984,True,usable_predictions,attempted_predictions
CSGS2,q1_2020,4,lgbm_condition_cqr,combined_outage,non_ramp,5351,5351,0,1.0,5030,0.9400112128574099,0.9400112128574099,True,usable_predictions,attempted_predictions
CSGS2,q1_2020,4,lgbm_condition_cqr,combined_outage,ramp,473,473,0,1.0,441,0.9323467230443975,0.9323467230443975,True,usable_predictions,attempted_predictions
CSGS2,q1_2020,4,lgbm_condition_cqr,irradiance_outage,non_ramp,5351,5351,0,1.0,5003,0.9349654270229864,0.9349654270229864,True,usable_predictions,attempted_predictions
CSGS2,q1_2020,4,lgbm_condition_cqr,irradiance_outage,ramp,473,473,0,1.0,311,0.6575052854122622,0.6575052854122622,True,usable_predictions,attempted_predictions
CSGS2,q1_2020,4,lgbm_condition_cqr,recent_power_outage,non_ramp,5351,5351,0,1.0,5059,0.9454307606054942,0.9454307606054942,True,usable_predictions,attempted_predictions
CSGS2,q1_2020,4,lgbm_condition_cqr,recent_power_outage,ramp,473,473,0,1.0,440,0.9302325581395349,0.9302325581395349,True,usable_predictions,attempted_predictions
CSGS2,q1_2020,4,lgbm_condition_cqr,weather_outage,non_ramp,5351,5351,0,1.0,5127,0.9581386656699682,0.9581386656699682,True,usable_predictions,attempted_predictions
CSGS2,q1_2020,4,lgbm_condition_cqr,weather_outage,ramp,473,473,0,1.0,278,0.587737843551797,0.587737843551797,True,usable_predictions,attempted_predictions
CSGS2,q1_2020,4,oracle_ramp_mondrian,clean,non_ramp,5351,5351,0,1.0,4610,0.8615212109886002,0.8615212109886002,True,usable_predictions,attempted_predictions
CSGS2,q1_2020,4,oracle_ramp_mondrian,clean,ramp,473,473,0,1.0,423,0.8942917547568711,0.8942917547568711,True,usable_predictions,attempted_predictions
CSGS2,q1_2020,4,oracle_ramp_mondrian,combined_outage,non_ramp,5351,5351,0,1.0,4633,0.8658194729957017,0.8658194729957017,True,usable_predictions,attempted_predictions
CSGS2,q1_2020,4,oracle_ramp_mondrian,combined_outage,ramp,473,473,0,1.0,424,0.8964059196617337,0.8964059196617337,True,usable_predictions,attempted_predictions
CSGS2,q1_2020,4,oracle_ramp_mondrian,irradiance_outage,non_ramp,5351,5351,0,1.0,4609,0.8613343300317697,0.8613343300317697,True,usable_predictions,attempted_predictions
CSGS2,q1_2020,4,oracle_ramp_mondrian,irradiance_outage,ramp,473,473,0,1.0,424,0.8964059196617337,0.8964059196617337,True,usable_predictions,attempted_predictions
CSGS2,q1_2020,4,oracle_ramp_mondrian,recent_power_outage,non_ramp,5351,5351,0,1.0,4588,0.8574098299383293,0.8574098299383293,True,usable_predictions,attempted_predictions
CSGS2,q1_2020,4,oracle_ramp_mondrian,recent_power_outage,ramp,473,473,0,1.0,421,0.8900634249471459,0.8900634249471459,True,usable_predictions,attempted_predictions
CSGS2,q1_2020,4,oracle_ramp_mondrian,weather_outage,non_ramp,5351,5351,0,1.0,4604,0.8603999252476172,0.8603999252476172,True,usable_predictions,attempted_predictions
CSGS2,q1_2020,4,oracle_ramp_mondrian,weather_outage,ramp,473,473,0,1.0,430,0.9090909090909091,0.9090909090909091,True,usable_predictions,attempted_predictions
CSGS2,q1_2020,4,persistence_condition_cqr,clean,non_ramp,5351,5351,0,1.0,5351,1.0,1.0,True,usable_predictions,attempted_predictions
CSGS2,q1_2020,4,persistence_condition_cqr,clean,ramp,473,473,0,1.0,167,0.35306553911205074,0.35306553911205074,True,usable_predictions,attempted_predictions
CSGS2,q1_2020,4,persistence_condition_cqr,combined_outage,non_ramp,5351,5351,0,1.0,5218,0.9751448327415436,0.9751448327415436,True,usable_predictions,attempted_predictions
CSGS2,q1_2020,4,persistence_condition_cqr,combined_outage,ramp,473,473,0,1.0,402,0.8498942917547568,0.8498942917547568,True,usable_predictions,attempted_predictions
CSGS2,q1_2020,4,persistence_condition_cqr,irradiance_outage,non_ramp,5351,5351,0,1.0,5351,1.0,1.0,True,usable_predictions,attempted_predictions
CSGS2,q1_2020,4,persistence_condition_cqr,irradiance_outage,ramp,473,473,0,1.0,167,0.35306553911205074,0.35306553911205074,True,usable_predictions,attempted_predictions
CSGS2,q1_2020,4,persistence_condition_cqr,recent_power_outage,non_ramp,5351,5351,0,1.0,5218,0.9751448327415436,0.9751448327415436,True,usable_predictions,attempted_predictions
CSGS2,q1_2020,4,persistence_condition_cqr,recent_power_outage,ramp,473,473,0,1.0,402,0.8498942917547568,0.8498942917547568,True,usable_predictions,attempted_predictions
CSGS2,q1_2020,4,persistence_condition_cqr,weather_outage,non_ramp,5351,5351,0,1.0,5351,1.0,1.0,True,usable_predictions,attempted_predictions
CSGS2,q1_2020,4,persistence_condition_cqr,weather_outage,ramp,473,473,0,1.0,167,0.35306553911205074,0.35306553911205074,True,usable_predictions,attempted_predictions
CSGS2,q1_2020,4,robust_condition_cqr,clean,non_ramp,5351,5351,0,1.0,4802,0.897402354700056,0.897402354700056,True,usable_predictions,attempted_predictions
CSGS2,q1_2020,4,robust_condition_cqr,clean,ramp,473,473,0,1.0,312,0.6596194503171248,0.6596194503171248,True,usable_predictions,attempted_predictions
CSGS2,q1_2020,4,robust_condition_cqr,combined_outage,non_ramp,5351,5351,0,1.0,4757,0.8889927116426836,0.8889927116426836,True,usable_predictions,attempted_predictions
CSGS2,q1_2020,4,robust_condition_cqr,combined_outage,ramp,473,473,0,1.0,382,0.8076109936575053,0.8076109936575053,True,usable_predictions,attempted_predictions
CSGS2,q1_2020,4,robust_condition_cqr,irradiance_outage,non_ramp,5351,5351,0,1.0,4815,0.8998318071388526,0.8998318071388526,True,usable_predictions,attempted_predictions
CSGS2,q1_2020,4,robust_condition_cqr,irradiance_outage,ramp,473,473,0,1.0,343,0.7251585623678647,0.7251585623678647,True,usable_predictions,attempted_predictions
CSGS2,q1_2020,4,robust_condition_cqr,recent_power_outage,non_ramp,5351,5351,0,1.0,4721,0.8822649971967856,0.8822649971967856,True,usable_predictions,attempted_predictions
CSGS2,q1_2020,4,robust_condition_cqr,recent_power_outage,ramp,473,473,0,1.0,348,0.7357293868921776,0.7357293868921776,True,usable_predictions,attempted_predictions
CSGS2,q1_2020,4,robust_condition_cqr,weather_outage,non_ramp,5351,5351,0,1.0,4868,0.909736497850869,0.909736497850869,True,usable_predictions,attempted_predictions
CSGS2,q1_2020,4,robust_condition_cqr,weather_outage,ramp,473,473,0,1.0,292,0.6173361522198731,0.6173361522198731,True,usable_predictions,attempted_predictions
CSGS2,q1_2020,4,robust_local_cqr,clean,non_ramp,5351,5351,0,1.0,4895,0.9147822836852925,0.9147822836852925,True,usable_predictions,attempted_predictions
CSGS2,q1_2020,4,robust_local_cqr,clean,ramp,473,473,0,1.0,378,0.7991543340380549,0.7991543340380549,True,usable_predictions,attempted_predictions
CSGS2,q1_2020,4,robust_local_cqr,combined_outage,non_ramp,5351,5351,0,1.0,4832,0.903008783404971,0.903008783404971,True,usable_predictions,attempted_predictions
CSGS2,q1_2020,4,robust_local_cqr,combined_outage,ramp,473,473,0,1.0,400,0.8456659619450317,0.8456659619450317,True,usable_predictions,attempted_predictions
CSGS2,q1_2020,4,robust_local_cqr,irradiance_outage,non_ramp,5351,5351,0,1.0,4943,0.9237525696131564,0.9237525696131564,True,usable_predictions,attempted_predictions
CSGS2,q1_2020,4,robust_local_cqr,irradiance_outage,ramp,473,473,0,1.0,392,0.828752642706131,0.828752642706131,True,usable_predictions,attempted_predictions
CSGS2,q1_2020,4,robust_local_cqr,recent_power_outage,non_ramp,5351,5351,0,1.0,4868,0.909736497850869,0.909736497850869,True,usable_predictions,attempted_predictions
CSGS2,q1_2020,4,robust_local_cqr,recent_power_outage,ramp,473,473,0,1.0,392,0.828752642706131,0.828752642706131,True,usable_predictions,attempted_predictions
CSGS2,q1_2020,4,robust_local_cqr,weather_outage,non_ramp,5351,5351,0,1.0,4944,0.9239394505699869,0.9239394505699869,True,usable_predictions,attempted_predictions
CSGS2,q1_2020,4,robust_local_cqr,weather_outage,ramp,473,473,0,1.0,357,0.7547568710359408,0.7547568710359408,True,usable_predictions,attempted_predictions
CSGS2,q1_2020,4,robust_risk_mondrian,clean,non_ramp,5351,5351,0,1.0,4861,0.9084283311530555,0.9084283311530555,True,usable_predictions,attempted_predictions
CSGS2,q1_2020,4,robust_risk_mondrian,clean,ramp,473,473,0,1.0,383,0.8097251585623678,0.8097251585623678,True,usable_predictions,attempted_predictions
CSGS2,q1_2020,4,robust_risk_mondrian,combined_outage,non_ramp,5351,5351,0,1.0,4796,0.8962810689590731,0.8962810689590731,True,usable_predictions,attempted_predictions
CSGS2,q1_2020,4,robust_risk_mondrian,combined_outage,ramp,473,473,0,1.0,383,0.8097251585623678,0.8097251585623678,True,usable_predictions,attempted_predictions
CSGS2,q1_2020,4,robust_risk_mondrian,irradiance_outage,non_ramp,5351,5351,0,1.0,4880,0.911979069332835,0.911979069332835,True,usable_predictions,attempted_predictions
CSGS2,q1_2020,4,robust_risk_mondrian,irradiance_outage,ramp,473,473,0,1.0,388,0.8202959830866807,0.8202959830866807,True,usable_predictions,attempted_predictions
CSGS2,q1_2020,4,robust_risk_mondrian,recent_power_outage,non_ramp,5351,5351,0,1.0,4810,0.8988974023547001,0.8988974023547001,True,usable_predictions,attempted_predictions
CSGS2,q1_2020,4,robust_risk_mondrian,recent_power_outage,ramp,473,473,0,1.0,358,0.7568710359408034,0.7568710359408034,True,usable_predictions,attempted_predictions
CSGS2,q1_2020,4,robust_risk_mondrian,weather_outage,non_ramp,5351,5351,0,1.0,4925,0.9203887123902075,0.9203887123902075,True,usable_predictions,attempted_predictions
CSGS2,q1_2020,4,robust_risk_mondrian,weather_outage,ramp,473,473,0,1.0,358,0.7568710359408034,0.7568710359408034,True,usable_predictions,attempted_predictions
CSGS2,q1_2020,4,robust_rolling_cqr,clean,non_ramp,5351,5351,0,1.0,4867,0.9095496168940385,0.9095496168940385,True,usable_predictions,attempted_predictions
CSGS2,q1_2020,4,robust_rolling_cqr,clean,ramp,473,473,0,1.0,341,0.7209302325581395,0.7209302325581395,True,usable_predictions,attempted_predictions
CSGS2,q1_2020,4,robust_rolling_cqr,combined_outage,non_ramp,5351,5351,0,1.0,4819,0.9005793309661746,0.9005793309661746,True,usable_predictions,attempted_predictions
CSGS2,q1_2020,4,robust_rolling_cqr,combined_outage,ramp,473,473,0,1.0,383,0.8097251585623678,0.8097251585623678,True,usable_predictions,attempted_predictions
CSGS2,q1_2020,4,robust_rolling_cqr,irradiance_outage,non_ramp,5351,5351,0,1.0,4858,0.907867688282564,0.907867688282564,True,usable_predictions,attempted_predictions
CSGS2,q1_2020,4,robust_rolling_cqr,irradiance_outage,ramp,473,473,0,1.0,350,0.7399577167019028,0.7399577167019028,True,usable_predictions,attempted_predictions
CSGS2,q1_2020,4,robust_rolling_cqr,recent_power_outage,non_ramp,5351,5351,0,1.0,4838,0.9041300691459541,0.9041300691459541,True,usable_predictions,attempted_predictions
CSGS2,q1_2020,4,robust_rolling_cqr,recent_power_outage,ramp,473,473,0,1.0,374,0.7906976744186046,0.7906976744186046,True,usable_predictions,attempted_predictions
CSGS2,q1_2020,4,robust_rolling_cqr,weather_outage,non_ramp,5351,5351,0,1.0,4925,0.9203887123902075,0.9203887123902075,True,usable_predictions,attempted_predictions
CSGS2,q1_2020,4,robust_rolling_cqr,weather_outage,ramp,473,473,0,1.0,312,0.6596194503171248,0.6596194503171248,True,usable_predictions,attempted_predictions
CSGS2,q2_2020,1,clean_condition_cqr,clean,non_ramp,5487,5487,0,1.0,4942,0.9006743211226536,0.9006743211226536,True,usable_predictions,attempted_predictions
CSGS2,q2_2020,1,clean_condition_cqr,clean,ramp,337,337,0,1.0,74,0.2195845697329377,0.2195845697329377,True,usable_predictions,attempted_predictions
CSGS2,q2_2020,1,clean_condition_cqr,combined_outage,non_ramp,5487,5487,0,1.0,4042,0.7366502642609805,0.7366502642609805,True,usable_predictions,attempted_predictions
CSGS2,q2_2020,1,clean_condition_cqr,combined_outage,ramp,337,337,0,1.0,156,0.4629080118694362,0.4629080118694362,True,usable_predictions,attempted_predictions
CSGS2,q2_2020,1,clean_condition_cqr,irradiance_outage,non_ramp,5487,5487,0,1.0,5079,0.9256424275560415,0.9256424275560415,True,usable_predictions,attempted_predictions
CSGS2,q2_2020,1,clean_condition_cqr,irradiance_outage,ramp,337,337,0,1.0,123,0.3649851632047478,0.3649851632047478,True,usable_predictions,attempted_predictions
CSGS2,q2_2020,1,clean_condition_cqr,recent_power_outage,non_ramp,5487,5487,0,1.0,4019,0.7324585383634045,0.7324585383634045,True,usable_predictions,attempted_predictions
CSGS2,q2_2020,1,clean_condition_cqr,recent_power_outage,ramp,337,337,0,1.0,152,0.45103857566765576,0.45103857566765576,True,usable_predictions,attempted_predictions
CSGS2,q2_2020,1,clean_condition_cqr,weather_outage,non_ramp,5487,5487,0,1.0,4947,0.9015855658829962,0.9015855658829962,True,usable_predictions,attempted_predictions
CSGS2,q2_2020,1,clean_condition_cqr,weather_outage,ramp,337,337,0,1.0,76,0.22551928783382788,0.22551928783382788,True,usable_predictions,attempted_predictions
CSGS2,q2_2020,1,lgbm_condition_cqr,clean,non_ramp,5487,5487,0,1.0,5001,0.9114270092946966,0.9114270092946966,True,usable_predictions,attempted_predictions
CSGS2,q2_2020,1,lgbm_condition_cqr,clean,ramp,337,337,0,1.0,142,0.42136498516320475,0.42136498516320475,True,usable_predictions,attempted_predictions
CSGS2,q2_2020,1,lgbm_condition_cqr,combined_outage,non_ramp,5487,5487,0,1.0,4025,0.7335520320758155,0.7335520320758155,True,usable_predictions,attempted_predictions
CSGS2,q2_2020,1,lgbm_condition_cqr,combined_outage,ramp,337,337,0,1.0,159,0.47181008902077154,0.47181008902077154,True,usable_predictions,attempted_predictions
CSGS2,q2_2020,1,lgbm_condition_cqr,irradiance_outage,non_ramp,5487,5487,0,1.0,5095,0.9285584107891379,0.9285584107891379,True,usable_predictions,attempted_predictions
CSGS2,q2_2020,1,lgbm_condition_cqr,irradiance_outage,ramp,337,337,0,1.0,165,0.4896142433234421,0.4896142433234421,True,usable_predictions,attempted_predictions
CSGS2,q2_2020,1,lgbm_condition_cqr,recent_power_outage,non_ramp,5487,5487,0,1.0,4029,0.7342810278840897,0.7342810278840897,True,usable_predictions,attempted_predictions
CSGS2,q2_2020,1,lgbm_condition_cqr,recent_power_outage,ramp,337,337,0,1.0,166,0.49258160237388726,0.49258160237388726,True,usable_predictions,attempted_predictions
CSGS2,q2_2020,1,lgbm_condition_cqr,weather_outage,non_ramp,5487,5487,0,1.0,4972,0.9061417896847093,0.9061417896847093,True,usable_predictions,attempted_predictions
CSGS2,q2_2020,1,lgbm_condition_cqr,weather_outage,ramp,337,337,0,1.0,143,0.42433234421364985,0.42433234421364985,True,usable_predictions,attempted_predictions
CSGS2,q2_2020,1,oracle_ramp_mondrian,clean,non_ramp,5487,5487,0,1.0,4885,0.8902861308547476,0.8902861308547476,True,usable_predictions,attempted_predictions
CSGS2,q2_2020,1,oracle_ramp_mondrian,clean,ramp,337,337,0,1.0,282,0.8367952522255193,0.8367952522255193,True,usable_predictions,attempted_predictions
CSGS2,q2_2020,1,oracle_ramp_mondrian,combined_outage,non_ramp,5487,5487,0,1.0,4926,0.8977583378895572,0.8977583378895572,True,usable_predictions,attempted_predictions
CSGS2,q2_2020,1,oracle_ramp_mondrian,combined_outage,ramp,337,337,0,1.0,291,0.8635014836795252,0.8635014836795252,True,usable_predictions,attempted_predictions
CSGS2,q2_2020,1,oracle_ramp_mondrian,irradiance_outage,non_ramp,5487,5487,0,1.0,4956,0.9032258064516129,0.9032258064516129,True,usable_predictions,attempted_predictions
CSGS2,q2_2020,1,oracle_ramp_mondrian,irradiance_outage,ramp,337,337,0,1.0,302,0.8961424332344213,0.8961424332344213,True,usable_predictions,attempted_predictions
CSGS2,q2_2020,1,oracle_ramp_mondrian,recent_power_outage,non_ramp,5487,5487,0,1.0,4904,0.8937488609440496,0.8937488609440496,True,usable_predictions,attempted_predictions
CSGS2,q2_2020,1,oracle_ramp_mondrian,recent_power_outage,ramp,337,337,0,1.0,293,0.8694362017804155,0.8694362017804155,True,usable_predictions,attempted_predictions
CSGS2,q2_2020,1,oracle_ramp_mondrian,weather_outage,non_ramp,5487,5487,0,1.0,4865,0.8866411518133771,0.8866411518133771,True,usable_predictions,attempted_predictions
CSGS2,q2_2020,1,oracle_ramp_mondrian,weather_outage,ramp,337,337,0,1.0,279,0.827893175074184,0.827893175074184,True,usable_predictions,attempted_predictions
CSGS2,q2_2020,1,persistence_condition_cqr,clean,non_ramp,5487,5487,0,1.0,4950,0.9021323127392018,0.9021323127392018,True,usable_predictions,attempted_predictions
CSGS2,q2_2020,1,persistence_condition_cqr,clean,ramp,337,337,0,1.0,0,0.0,0.0,True,usable_predictions,attempted_predictions
CSGS2,q2_2020,1,persistence_condition_cqr,combined_outage,non_ramp,5487,5487,0,1.0,4638,0.8452706396938218,0.8452706396938218,True,usable_predictions,attempted_predictions
CSGS2,q2_2020,1,persistence_condition_cqr,combined_outage,ramp,337,337,0,1.0,250,0.7418397626112759,0.7418397626112759,True,usable_predictions,attempted_predictions
CSGS2,q2_2020,1,persistence_condition_cqr,irradiance_outage,non_ramp,5487,5487,0,1.0,4950,0.9021323127392018,0.9021323127392018,True,usable_predictions,attempted_predictions
CSGS2,q2_2020,1,persistence_condition_cqr,irradiance_outage,ramp,337,337,0,1.0,0,0.0,0.0,True,usable_predictions,attempted_predictions
CSGS2,q2_2020,1,persistence_condition_cqr,recent_power_outage,non_ramp,5487,5487,0,1.0,4638,0.8452706396938218,0.8452706396938218,True,usable_predictions,attempted_predictions
CSGS2,q2_2020,1,persistence_condition_cqr,recent_power_outage,ramp,337,337,0,1.0,250,0.7418397626112759,0.7418397626112759,True,usable_predictions,attempted_predictions
CSGS2,q2_2020,1,persistence_condition_cqr,weather_outage,non_ramp,5487,5487,0,1.0,4950,0.9021323127392018,0.9021323127392018,True,usable_predictions,attempted_predictions
CSGS2,q2_2020,1,persistence_condition_cqr,weather_outage,ramp,337,337,0,1.0,0,0.0,0.0,True,usable_predictions,attempted_predictions
CSGS2,q2_2020,1,robust_condition_cqr,clean,non_ramp,5487,5487,0,1.0,4934,0.8992163295061053,0.8992163295061053,True,usable_predictions,attempted_predictions
CSGS2,q2_2020,1,robust_condition_cqr,clean,ramp,337,337,0,1.0,135,0.40059347181008903,0.40059347181008903,True,usable_predictions,attempted_predictions
CSGS2,q2_2020,1,robust_condition_cqr,combined_outage,non_ramp,5487,5487,0,1.0,4962,0.9043193001640241,0.9043193001640241,True,usable_predictions,attempted_predictions
CSGS2,q2_2020,1,robust_condition_cqr,combined_outage,ramp,337,337,0,1.0,211,0.6261127596439169,0.6261127596439169,True,usable_predictions,attempted_predictions
CSGS2,q2_2020,1,robust_condition_cqr,irradiance_outage,non_ramp,5487,5487,0,1.0,4974,0.9065062875888463,0.9065062875888463,True,usable_predictions,attempted_predictions
CSGS2,q2_2020,1,robust_condition_cqr,irradiance_outage,ramp,337,337,0,1.0,148,0.4391691394658754,0.4391691394658754,True,usable_predictions,attempted_predictions
CSGS2,q2_2020,1,robust_condition_cqr,recent_power_outage,non_ramp,5487,5487,0,1.0,4968,0.9054127938764353,0.9054127938764353,True,usable_predictions,attempted_predictions
CSGS2,q2_2020,1,robust_condition_cqr,recent_power_outage,ramp,337,337,0,1.0,194,0.5756676557863502,0.5756676557863502,True,usable_predictions,attempted_predictions
CSGS2,q2_2020,1,robust_condition_cqr,weather_outage,non_ramp,5487,5487,0,1.0,4919,0.8964825952250774,0.8964825952250774,True,usable_predictions,attempted_predictions
CSGS2,q2_2020,1,robust_condition_cqr,weather_outage,ramp,337,337,0,1.0,139,0.4124629080118694,0.4124629080118694,True,usable_predictions,attempted_predictions
CSGS2,q2_2020,1,robust_local_cqr,clean,non_ramp,5487,5487,0,1.0,5127,0.9343903772553308,0.9343903772553308,True,usable_predictions,attempted_predictions
CSGS2,q2_2020,1,robust_local_cqr,clean,ramp,337,337,0,1.0,166,0.49258160237388726,0.49258160237388726,True,usable_predictions,attempted_predictions
CSGS2,q2_2020,1,robust_local_cqr,combined_outage,non_ramp,5487,5487,0,1.0,4824,0.8791689447785676,0.8791689447785676,True,usable_predictions,attempted_predictions
CSGS2,q2_2020,1,robust_local_cqr,combined_outage,ramp,337,337,0,1.0,240,0.712166172106825,0.712166172106825,True,usable_predictions,attempted_predictions
CSGS2,q2_2020,1,robust_local_cqr,irradiance_outage,non_ramp,5487,5487,0,1.0,5182,0.9444140696190997,0.9444140696190997,True,usable_predictions,attempted_predictions
CSGS2,q2_2020,1,robust_local_cqr,irradiance_outage,ramp,337,337,0,1.0,174,0.516320474777448,0.516320474777448,True,usable_predictions,attempted_predictions
CSGS2,q2_2020,1,robust_local_cqr,recent_power_outage,non_ramp,5487,5487,0,1.0,5070,0.9240021869874249,0.9240021869874249,True,usable_predictions,attempted_predictions
CSGS2,q2_2020,1,robust_local_cqr,recent_power_outage,ramp,337,337,0,1.0,235,0.6973293768545994,0.6973293768545994,True,usable_predictions,attempted_predictions
CSGS2,q2_2020,1,robust_local_cqr,weather_outage,non_ramp,5487,5487,0,1.0,5122,0.9334791324949882,0.9334791324949882,True,usable_predictions,attempted_predictions
CSGS2,q2_2020,1,robust_local_cqr,weather_outage,ramp,337,337,0,1.0,173,0.5133531157270029,0.5133531157270029,True,usable_predictions,attempted_predictions
CSGS2,q2_2020,1,robust_risk_mondrian,clean,non_ramp,5487,5487,0,1.0,4979,0.907417532349189,0.907417532349189,True,usable_predictions,attempted_predictions
CSGS2,q2_2020,1,robust_risk_mondrian,clean,ramp,337,337,0,1.0,151,0.44807121661721067,0.44807121661721067,True,usable_predictions,attempted_predictions
CSGS2,q2_2020,1,robust_risk_mondrian,combined_outage,non_ramp,5487,5487,0,1.0,4927,0.8979405868416257,0.8979405868416257,True,usable_predictions,attempted_predictions
CSGS2,q2_2020,1,robust_risk_mondrian,combined_outage,ramp,337,337,0,1.0,216,0.6409495548961425,0.6409495548961425,True,usable_predictions,attempted_predictions
CSGS2,q2_2020,1,robust_risk_mondrian,irradiance_outage,non_ramp,5487,5487,0,1.0,5105,0.9303809003098232,0.9303809003098232,True,usable_predictions,attempted_predictions
CSGS2,q2_2020,1,robust_risk_mondrian,irradiance_outage,ramp,337,337,0,1.0,163,0.4836795252225519,0.4836795252225519,True,usable_predictions,attempted_predictions
CSGS2,q2_2020,1,robust_risk_mondrian,recent_power_outage,non_ramp,5487,5487,0,1.0,5042,0.9188992163295061,0.9188992163295061,True,usable_predictions,attempted_predictions
CSGS2,q2_2020,1,robust_risk_mondrian,recent_power_outage,ramp,337,337,0,1.0,224,0.6646884272997032,0.6646884272997032,True,usable_predictions,attempted_predictions
CSGS2,q2_2020,1,robust_risk_mondrian,weather_outage,non_ramp,5487,5487,0,1.0,4948,0.9017678148350647,0.9017678148350647,True,usable_predictions,attempted_predictions
CSGS2,q2_2020,1,robust_risk_mondrian,weather_outage,ramp,337,337,0,1.0,159,0.47181008902077154,0.47181008902077154,True,usable_predictions,attempted_predictions
CSGS2,q2_2020,1,robust_rolling_cqr,clean,non_ramp,5487,5487,0,1.0,5107,0.9307453982139603,0.9307453982139603,True,usable_predictions,attempted_predictions
CSGS2,q2_2020,1,robust_rolling_cqr,clean,ramp,337,337,0,1.0,139,0.4124629080118694,0.4124629080118694,True,usable_predictions,attempted_predictions
CSGS2,q2_2020,1,robust_rolling_cqr,combined_outage,non_ramp,5487,5487,0,1.0,4953,0.9026790595954073,0.9026790595954073,True,usable_predictions,attempted_predictions
CSGS2,q2_2020,1,robust_rolling_cqr,combined_outage,ramp,337,337,0,1.0,211,0.6261127596439169,0.6261127596439169,True,usable_predictions,attempted_predictions
CSGS2,q2_2020,1,robust_rolling_cqr,irradiance_outage,non_ramp,5487,5487,0,1.0,5093,0.9281939128850009,0.9281939128850009,True,usable_predictions,attempted_predictions
CSGS2,q2_2020,1,robust_rolling_cqr,irradiance_outage,ramp,337,337,0,1.0,151,0.44807121661721067,0.44807121661721067,True,usable_predictions,attempted_predictions
CSGS2,q2_2020,1,robust_rolling_cqr,recent_power_outage,non_ramp,5487,5487,0,1.0,5021,0.9150719883360671,0.9150719883360671,True,usable_predictions,attempted_predictions
CSGS2,q2_2020,1,robust_rolling_cqr,recent_power_outage,ramp,337,337,0,1.0,205,0.6083086053412463,0.6083086053412463,True,usable_predictions,attempted_predictions
CSGS2,q2_2020,1,robust_rolling_cqr,weather_outage,non_ramp,5487,5487,0,1.0,5100,0.9294696555494806,0.9294696555494806,True,usable_predictions,attempted_predictions
CSGS2,q2_2020,1,robust_rolling_cqr,weather_outage,ramp,337,337,0,1.0,142,0.42136498516320475,0.42136498516320475,True,usable_predictions,attempted_predictions
CSGS2,q2_2020,4,clean_condition_cqr,clean,non_ramp,5267,5267,0,1.0,4860,0.9227264097209037,0.9227264097209037,True,usable_predictions,attempted_predictions
CSGS2,q2_2020,4,clean_condition_cqr,clean,ramp,557,557,0,1.0,321,0.5763016157989228,0.5763016157989228,True,usable_predictions,attempted_predictions
CSGS2,q2_2020,4,clean_condition_cqr,combined_outage,non_ramp,5267,5267,0,1.0,3812,0.7237516612872603,0.7237516612872603,True,usable_predictions,attempted_predictions
CSGS2,q2_2020,4,clean_condition_cqr,combined_outage,ramp,557,557,0,1.0,372,0.6678635547576302,0.6678635547576302,True,usable_predictions,attempted_predictions
CSGS2,q2_2020,4,clean_condition_cqr,irradiance_outage,non_ramp,5267,5267,0,1.0,4714,0.8950066451490412,0.8950066451490412,True,usable_predictions,attempted_predictions
CSGS2,q2_2020,4,clean_condition_cqr,irradiance_outage,ramp,557,557,0,1.0,381,0.6840215439856373,0.6840215439856373,True,usable_predictions,attempted_predictions
CSGS2,q2_2020,4,clean_condition_cqr,recent_power_outage,non_ramp,5267,5267,0,1.0,4063,0.7714068729827226,0.7714068729827226,True,usable_predictions,attempted_predictions
CSGS2,q2_2020,4,clean_condition_cqr,recent_power_outage,ramp,557,557,0,1.0,412,0.7396768402154399,0.7396768402154399,True,usable_predictions,attempted_predictions
CSGS2,q2_2020,4,clean_condition_cqr,weather_outage,non_ramp,5267,5267,0,1.0,4887,0.9278526675526866,0.9278526675526866,True,usable_predictions,attempted_predictions
CSGS2,q2_2020,4,clean_condition_cqr,weather_outage,ramp,557,557,0,1.0,323,0.5798922800718133,0.5798922800718133,True,usable_predictions,attempted_predictions
CSGS2,q2_2020,4,lgbm_condition_cqr,clean,non_ramp,5267,5267,0,1.0,4782,0.9079172204290867,0.9079172204290867,True,usable_predictions,attempted_predictions
CSGS2,q2_2020,4,lgbm_condition_cqr,clean,ramp,557,557,0,1.0,352,0.6319569120287253,0.6319569120287253,True,usable_predictions,attempted_predictions
CSGS2,q2_2020,4,lgbm_condition_cqr,combined_outage,non_ramp,5267,5267,0,1.0,4162,0.7902031516992596,0.7902031516992596,True,usable_predictions,attempted_predictions
CSGS2,q2_2020,4,lgbm_condition_cqr,combined_outage,ramp,557,557,0,1.0,417,0.748653500897666,0.748653500897666,True,usable_predictions,attempted_predictions
CSGS2,q2_2020,4,lgbm_condition_cqr,irradiance_outage,non_ramp,5267,5267,0,1.0,4641,0.8811467628631099,0.8811467628631099,True,usable_predictions,attempted_predictions
CSGS2,q2_2020,4,lgbm_condition_cqr,irradiance_outage,ramp,557,557,0,1.0,416,0.7468581687612208,0.7468581687612208,True,usable_predictions,attempted_predictions
CSGS2,q2_2020,4,lgbm_condition_cqr,recent_power_outage,non_ramp,5267,5267,0,1.0,4280,0.8126067970381622,0.8126067970381622,True,usable_predictions,attempted_predictions
CSGS2,q2_2020,4,lgbm_condition_cqr,recent_power_outage,ramp,557,557,0,1.0,446,0.800718132854578,0.800718132854578,True,usable_predictions,attempted_predictions
CSGS2,q2_2020,4,lgbm_condition_cqr,weather_outage,non_ramp,5267,5267,0,1.0,4689,0.8902601101196127,0.8902601101196127,True,usable_predictions,attempted_predictions
CSGS2,q2_2020,4,lgbm_condition_cqr,weather_outage,ramp,557,557,0,1.0,346,0.6211849192100538,0.6211849192100538,True,usable_predictions,attempted_predictions
CSGS2,q2_2020,4,oracle_ramp_mondrian,clean,non_ramp,5267,5267,0,1.0,4735,0.8989937345737612,0.8989937345737612,True,usable_predictions,attempted_predictions
CSGS2,q2_2020,4,oracle_ramp_mondrian,clean,ramp,557,557,0,1.0,451,0.8096947935368043,0.8096947935368043,True,usable_predictions,attempted_predictions
CSGS2,q2_2020,4,oracle_ramp_mondrian,combined_outage,non_ramp,5267,5267,0,1.0,4824,0.9158913992785267,0.9158913992785267,True,usable_predictions,attempted_predictions
CSGS2,q2_2020,4,oracle_ramp_mondrian,combined_outage,ramp,557,557,0,1.0,457,0.8204667863554758,0.8204667863554758,True,usable_predictions,attempted_predictions
CSGS2,q2_2020,4,oracle_ramp_mondrian,irradiance_outage,non_ramp,5267,5267,0,1.0,4788,0.9090563888361496,0.9090563888361496,True,usable_predictions,attempted_predictions
CSGS2,q2_2020,4,oracle_ramp_mondrian,irradiance_outage,ramp,557,557,0,1.0,451,0.8096947935368043,0.8096947935368043,True,usable_predictions,attempted_predictions
CSGS2,q2_2020,4,oracle_ramp_mondrian,recent_power_outage,non_ramp,5267,5267,0,1.0,4753,0.9024112397949496,0.9024112397949496,True,usable_predictions,attempted_predictions
CSGS2,q2_2020,4,oracle_ramp_mondrian,recent_power_outage,ramp,557,557,0,1.0,454,0.8150807899461401,0.8150807899461401,True,usable_predictions,attempted_predictions
CSGS2,q2_2020,4,oracle_ramp_mondrian,weather_outage,non_ramp,5267,5267,0,1.0,4793,0.9100056958420353,0.9100056958420353,True,usable_predictions,attempted_predictions
CSGS2,q2_2020,4,oracle_ramp_mondrian,weather_outage,ramp,557,557,0,1.0,458,0.822262118491921,0.822262118491921,True,usable_predictions,attempted_predictions
CSGS2,q2_2020,4,persistence_condition_cqr,clean,non_ramp,5267,5267,0,1.0,5061,0.9608885513575091,0.9608885513575091,True,usable_predictions,attempted_predictions
CSGS2,q2_2020,4,persistence_condition_cqr,clean,ramp,557,557,0,1.0,0,0.0,0.0,True,usable_predictions,attempted_predictions
CSGS2,q2_2020,4,persistence_condition_cqr,combined_outage,non_ramp,5267,5267,0,1.0,4438,0.8426048984241503,0.8426048984241503,True,usable_predictions,attempted_predictions
CSGS2,q2_2020,4,persistence_condition_cqr,combined_outage,ramp,557,557,0,1.0,337,0.6050269299820467,0.6050269299820467,True,usable_predictions,attempted_predictions
CSGS2,q2_2020,4,persistence_condition_cqr,irradiance_outage,non_ramp,5267,5267,0,1.0,5061,0.9608885513575091,0.9608885513575091,True,usable_predictions,attempted_predictions
CSGS2,q2_2020,4,persistence_condition_cqr,irradiance_outage,ramp,557,557,0,1.0,0,0.0,0.0,True,usable_predictions,attempted_predictions
CSGS2,q2_2020,4,persistence_condition_cqr,recent_power_outage,non_ramp,5267,5267,0,1.0,4438,0.8426048984241503,0.8426048984241503,True,usable_predictions,attempted_predictions
CSGS2,q2_2020,4,persistence_condition_cqr,recent_power_outage,ramp,557,557,0,1.0,337,0.6050269299820467,0.6050269299820467,True,usable_predictions,attempted_predictions
CSGS2,q2_2020,4,persistence_condition_cqr,weather_outage,non_ramp,5267,5267,0,1.0,5061,0.9608885513575091,0.9608885513575091,True,usable_predictions,attempted_predictions
CSGS2,q2_2020,4,persistence_condition_cqr,weather_outage,ramp,557,557,0,1.0,0,0.0,0.0,True,usable_predictions,attempted_predictions
CSGS2,q2_2020,4,robust_condition_cqr,clean,non_ramp,5267,5267,0,1.0,4841,0.9191190430985381,0.9191190430985381,True,usable_predictions,attempted_predictions
CSGS2,q2_2020,4,robust_condition_cqr,clean,ramp,557,557,0,1.0,356,0.6391382405745063,0.6391382405745063,True,usable_predictions,attempted_predictions
CSGS2,q2_2020,4,robust_condition_cqr,combined_outage,non_ramp,5267,5267,0,1.0,4870,0.9246250237326752,0.9246250237326752,True,usable_predictions,attempted_predictions
CSGS2,q2_2020,4,robust_condition_cqr,combined_outage,ramp,557,557,0,1.0,421,0.755834829443447,0.755834829443447,True,usable_predictions,attempted_predictions
CSGS2,q2_2020,4,robust_condition_cqr,irradiance_outage,non_ramp,5267,5267,0,1.0,4870,0.9246250237326752,0.9246250237326752,True,usable_predictions,attempted_predictions
CSGS2,q2_2020,4,robust_condition_cqr,irradiance_outage,ramp,557,557,0,1.0,389,0.6983842010771992,0.6983842010771992,True,usable_predictions,attempted_predictions
CSGS2,q2_2020,4,robust_condition_cqr,recent_power_outage,non_ramp,5267,5267,0,1.0,4820,0.9151319536738182,0.9151319536738182,True,usable_predictions,attempted_predictions
CSGS2,q2_2020,4,robust_condition_cqr,recent_power_outage,ramp,557,557,0,1.0,391,0.7019748653500898,0.7019748653500898,True,usable_predictions,attempted_predictions
CSGS2,q2_2020,4,robust_condition_cqr,weather_outage,non_ramp,5267,5267,0,1.0,4901,0.9305107271691665,0.9305107271691665,True,usable_predictions,attempted_predictions
CSGS2,q2_2020,4,robust_condition_cqr,weather_outage,ramp,557,557,0,1.0,363,0.651705565529623,0.651705565529623,True,usable_predictions,attempted_predictions
CSGS2,q2_2020,4,robust_local_cqr,clean,non_ramp,5267,5267,0,1.0,4946,0.9390544902221378,0.9390544902221378,True,usable_predictions,attempted_predictions
CSGS2,q2_2020,4,robust_local_cqr,clean,ramp,557,557,0,1.0,411,0.7378815080789947,0.7378815080789947,True,usable_predictions,attempted_predictions
CSGS2,q2_2020,4,robust_local_cqr,combined_outage,non_ramp,5267,5267,0,1.0,4746,0.9010822099867097,0.9010822099867097,True,usable_predictions,attempted_predictions
CSGS2,q2_2020,4,robust_local_cqr,combined_outage,ramp,557,557,0,1.0,444,0.7971274685816876,0.7971274685816876,True,usable_predictions,attempted_predictions
CSGS2,q2_2020,4,robust_local_cqr,irradiance_outage,non_ramp,5267,5267,0,1.0,4915,0.9331687867856465,0.9331687867856465,True,usable_predictions,attempted_predictions
CSGS2,q2_2020,4,robust_local_cqr,irradiance_outage,ramp,557,557,0,1.0,427,0.7666068222621185,0.7666068222621185,True,usable_predictions,attempted_predictions
CSGS2,q2_2020,4,robust_local_cqr,recent_power_outage,non_ramp,5267,5267,0,1.0,4912,0.932599202582115,0.932599202582115,True,usable_predictions,attempted_predictions
CSGS2,q2_2020,4,robust_local_cqr,recent_power_outage,ramp,557,557,0,1.0,439,0.7881508078994613,0.7881508078994613,True,usable_predictions,attempted_predictions
CSGS2,q2_2020,4,robust_local_cqr,weather_outage,non_ramp,5267,5267,0,1.0,4925,0.9350674007974179,0.9350674007974179,True,usable_predictions,attempted_predictions
CSGS2,q2_2020,4,robust_local_cqr,weather_outage,ramp,557,557,0,1.0,415,0.7450628366247756,0.7450628366247756,True,usable_predictions,attempted_predictions
CSGS2,q2_2020,4,robust_risk_mondrian,clean,non_ramp,5267,5267,0,1.0,4817,0.9145623694702867,0.9145623694702867,True,usable_predictions,attempted_predictions
CSGS2,q2_2020,4,robust_risk_mondrian,clean,ramp,557,557,0,1.0,407,0.7307001795332136,0.7307001795332136,True,usable_predictions,attempted_predictions
CSGS2,q2_2020,4,robust_risk_mondrian,combined_outage,non_ramp,5267,5267,0,1.0,4643,0.8815264856654642,0.8815264856654642,True,usable_predictions,attempted_predictions
CSGS2,q2_2020,4,robust_risk_mondrian,combined_outage,ramp,557,557,0,1.0,431,0.7737881508078994,0.7737881508078994,True,usable_predictions,attempted_predictions
CSGS2,q2_2020,4,robust_risk_mondrian,irradiance_outage,non_ramp,5267,5267,0,1.0,4901,0.9305107271691665,0.9305107271691665,True,usable_predictions,attempted_predictions
CSGS2,q2_2020,4,robust_risk_mondrian,irradiance_outage,ramp,557,557,0,1.0,445,0.7989228007181328,0.7989228007181328,True,usable_predictions,attempted_predictions
CSGS2,q2_2020,4,robust_risk_mondrian,recent_power_outage,non_ramp,5267,5267,0,1.0,4620,0.87715967343839,0.87715967343839,True,usable_predictions,attempted_predictions
CSGS2,q2_2020,4,robust_risk_mondrian,recent_power_outage,ramp,557,557,0,1.0,370,0.6642728904847397,0.6642728904847397,True,usable_predictions,attempted_predictions
CSGS2,q2_2020,4,robust_risk_mondrian,weather_outage,non_ramp,5267,5267,0,1.0,4826,0.9162711220808809,0.9162711220808809,True,usable_predictions,attempted_predictions
CSGS2,q2_2020,4,robust_risk_mondrian,weather_outage,ramp,557,557,0,1.0,432,0.7755834829443446,0.7755834829443446,True,usable_predictions,attempted_predictions
CSGS2,q2_2020,4,robust_rolling_cqr,clean,non_ramp,5267,5267,0,1.0,4846,0.9200683501044238,0.9200683501044238,True,usable_predictions,attempted_predictions
CSGS2,q2_2020,4,robust_rolling_cqr,clean,ramp,557,557,0,1.0,363,0.651705565529623,0.651705565529623,True,usable_predictions,attempted_predictions
CSGS2,q2_2020,4,robust_rolling_cqr,combined_outage,non_ramp,5267,5267,0,1.0,4789,0.9092462502373267,0.9092462502373267,True,usable_predictions,attempted_predictions
CSGS2,q2_2020,4,robust_rolling_cqr,combined_outage,ramp,557,557,0,1.0,405,0.7271095152603232,0.7271095152603232,True,usable_predictions,attempted_predictions
CSGS2,q2_2020,4,robust_rolling_cqr,irradiance_outage,non_ramp,5267,5267,0,1.0,4837,0.9183595974938294,0.9183595974938294,True,usable_predictions,attempted_predictions
CSGS2,q2_2020,4,robust_rolling_cqr,irradiance_outage,ramp,557,557,0,1.0,386,0.6929982046678635,0.6929982046678635,True,usable_predictions,attempted_predictions
CSGS2,q2_2020,4,robust_rolling_cqr,recent_power_outage,non_ramp,5267,5267,0,1.0,4806,0.9124738940573381,0.9124738940573381,True,usable_predictions,attempted_predictions
CSGS2,q2_2020,4,robust_rolling_cqr,recent_power_outage,ramp,557,557,0,1.0,390,0.7001795332136446,0.7001795332136446,True,usable_predictions,attempted_predictions
CSGS2,q2_2020,4,robust_rolling_cqr,weather_outage,non_ramp,5267,5267,0,1.0,4860,0.9227264097209037,0.9227264097209037,True,usable_predictions,attempted_predictions
CSGS2,q2_2020,4,robust_rolling_cqr,weather_outage,ramp,557,557,0,1.0,365,0.6552962298025135,0.6552962298025135,True,usable_predictions,attempted_predictions
CSGS2,q3_2020,1,clean_condition_cqr,clean,non_ramp,5637,5637,0,1.0,5323,0.9442966116728756,0.9442966116728756,True,usable_predictions,attempted_predictions
CSGS2,q3_2020,1,clean_condition_cqr,clean,ramp,251,251,0,1.0,55,0.21912350597609562,0.21912350597609562,True,usable_predictions,attempted_predictions
CSGS2,q3_2020,1,clean_condition_cqr,combined_outage,non_ramp,5637,5637,0,1.0,5304,0.940926024481107,0.940926024481107,True,usable_predictions,attempted_predictions
CSGS2,q3_2020,1,clean_condition_cqr,combined_outage,ramp,251,251,0,1.0,233,0.9282868525896414,0.9282868525896414,True,usable_predictions,attempted_predictions
CSGS2,q3_2020,1,clean_condition_cqr,irradiance_outage,non_ramp,5637,5637,0,1.0,5289,0.9382650345928686,0.9382650345928686,True,usable_predictions,attempted_predictions
CSGS2,q3_2020,1,clean_condition_cqr,irradiance_outage,ramp,251,251,0,1.0,75,0.29880478087649404,0.29880478087649404,True,usable_predictions,attempted_predictions
CSGS2,q3_2020,1,clean_condition_cqr,recent_power_outage,non_ramp,5637,5637,0,1.0,5305,0.9411034238069895,0.9411034238069895,True,usable_predictions,attempted_predictions
CSGS2,q3_2020,1,clean_condition_cqr,recent_power_outage,ramp,251,251,0,1.0,233,0.9282868525896414,0.9282868525896414,True,usable_predictions,attempted_predictions
CSGS2,q3_2020,1,clean_condition_cqr,weather_outage,non_ramp,5637,5637,0,1.0,5308,0.9416356217846372,0.9416356217846372,True,usable_predictions,attempted_predictions
CSGS2,q3_2020,1,clean_condition_cqr,weather_outage,ramp,251,251,0,1.0,56,0.22310756972111553,0.22310756972111553,True,usable_predictions,attempted_predictions
CSGS2,q3_2020,1,lgbm_condition_cqr,clean,non_ramp,5637,5637,0,1.0,5232,0.9281532730175626,0.9281532730175626,True,usable_predictions,attempted_predictions
CSGS2,q3_2020,1,lgbm_condition_cqr,clean,ramp,251,251,0,1.0,95,0.3784860557768924,0.3784860557768924,True,usable_predictions,attempted_predictions
CSGS2,q3_2020,1,lgbm_condition_cqr,combined_outage,non_ramp,5637,5637,0,1.0,5299,0.9400390278516941,0.9400390278516941,True,usable_predictions,attempted_predictions
CSGS2,q3_2020,1,lgbm_condition_cqr,combined_outage,ramp,251,251,0,1.0,232,0.9243027888446215,0.9243027888446215,True,usable_predictions,attempted_predictions
CSGS2,q3_2020,1,lgbm_condition_cqr,irradiance_outage,non_ramp,5637,5637,0,1.0,5257,0.9325882561646266,0.9325882561646266,True,usable_predictions,attempted_predictions
CSGS2,q3_2020,1,lgbm_condition_cqr,irradiance_outage,ramp,251,251,0,1.0,133,0.5298804780876494,0.5298804780876494,True,usable_predictions,attempted_predictions
CSGS2,q3_2020,1,lgbm_condition_cqr,recent_power_outage,non_ramp,5637,5637,0,1.0,5306,0.9412808231328721,0.9412808231328721,True,usable_predictions,attempted_predictions
CSGS2,q3_2020,1,lgbm_condition_cqr,recent_power_outage,ramp,251,251,0,1.0,231,0.9203187250996016,0.9203187250996016,True,usable_predictions,attempted_predictions
CSGS2,q3_2020,1,lgbm_condition_cqr,weather_outage,non_ramp,5637,5637,0,1.0,5234,0.9285080716693277,0.9285080716693277,True,usable_predictions,attempted_predictions
CSGS2,q3_2020,1,lgbm_condition_cqr,weather_outage,ramp,251,251,0,1.0,93,0.3705179282868526,0.3705179282868526,True,usable_predictions,attempted_predictions
CSGS2,q3_2020,1,oracle_ramp_mondrian,clean,non_ramp,5637,5637,0,1.0,5014,0.8894802199751641,0.8894802199751641,True,usable_predictions,attempted_predictions
CSGS2,q3_2020,1,oracle_ramp_mondrian,clean,ramp,251,251,0,1.0,239,0.952191235059761,0.952191235059761,True,usable_predictions,attempted_predictions
CSGS2,q3_2020,1,oracle_ramp_mondrian,combined_outage,non_ramp,5637,5637,0,1.0,5177,0.9183963100940217,0.9183963100940217,True,usable_predictions,attempted_predictions
CSGS2,q3_2020,1,oracle_ramp_mondrian,combined_outage,ramp,251,251,0,1.0,241,0.9601593625498008,0.9601593625498008,True,usable_predictions,attempted_predictions
CSGS2,q3_2020,1,oracle_ramp_mondrian,irradiance_outage,non_ramp,5637,5637,0,1.0,5067,0.8988823842469399,0.8988823842469399,True,usable_predictions,attempted_predictions
CSGS2,q3_2020,1,oracle_ramp_mondrian,irradiance_outage,ramp,251,251,0,1.0,242,0.9641434262948207,0.9641434262948207,True,usable_predictions,attempted_predictions
CSGS2,q3_2020,1,oracle_ramp_mondrian,recent_power_outage,non_ramp,5637,5637,0,1.0,5116,0.9075749512151854,0.9075749512151854,True,usable_predictions,attempted_predictions
CSGS2,q3_2020,1,oracle_ramp_mondrian,recent_power_outage,ramp,251,251,0,1.0,242,0.9641434262948207,0.9641434262948207,True,usable_predictions,attempted_predictions
CSGS2,q3_2020,1,oracle_ramp_mondrian,weather_outage,non_ramp,5637,5637,0,1.0,5090,0.9029625687422388,0.9029625687422388,True,usable_predictions,attempted_predictions
CSGS2,q3_2020,1,oracle_ramp_mondrian,weather_outage,ramp,251,251,0,1.0,241,0.9601593625498008,0.9601593625498008,True,usable_predictions,attempted_predictions
CSGS2,q3_2020,1,persistence_condition_cqr,clean,non_ramp,5637,5637,0,1.0,5429,0.9631009402164272,0.9631009402164272,True,usable_predictions,attempted_predictions
CSGS2,q3_2020,1,persistence_condition_cqr,clean,ramp,251,251,0,1.0,0,0.0,0.0,True,usable_predictions,attempted_predictions
CSGS2,q3_2020,1,persistence_condition_cqr,combined_outage,non_ramp,5637,5637,0,1.0,5316,0.9430548163916977,0.9430548163916977,True,usable_predictions,attempted_predictions
CSGS2,q3_2020,1,persistence_condition_cqr,combined_outage,ramp,251,251,0,1.0,214,0.852589641434263,0.852589641434263,True,usable_predictions,attempted_predictions
CSGS2,q3_2020,1,persistence_condition_cqr,irradiance_outage,non_ramp,5637,5637,0,1.0,5429,0.9631009402164272,0.9631009402164272,True,usable_predictions,attempted_predictions
CSGS2,q3_2020,1,persistence_condition_cqr,irradiance_outage,ramp,251,251,0,1.0,0,0.0,0.0,True,usable_predictions,attempted_predictions
CSGS2,q3_2020,1,persistence_condition_cqr,recent_power_outage,non_ramp,5637,5637,0,1.0,5316,0.9430548163916977,0.9430548163916977,True,usable_predictions,attempted_predictions
CSGS2,q3_2020,1,persistence_condition_cqr,recent_power_outage,ramp,251,251,0,1.0,214,0.852589641434263,0.852589641434263,True,usable_predictions,attempted_predictions
CSGS2,q3_2020,1,persistence_condition_cqr,weather_outage,non_ramp,5637,5637,0,1.0,5429,0.9631009402164272,0.9631009402164272,True,usable_predictions,attempted_predictions
CSGS2,q3_2020,1,persistence_condition_cqr,weather_outage,ramp,251,251,0,1.0,0,0.0,0.0,True,usable_predictions,attempted_predictions
CSGS2,q3_2020,1,robust_condition_cqr,clean,non_ramp,5637,5637,0,1.0,5245,0.9304594642540358,0.9304594642540358,True,usable_predictions,attempted_predictions
CSGS2,q3_2020,1,robust_condition_cqr,clean,ramp,251,251,0,1.0,88,0.350597609561753,0.350597609561753,True,usable_predictions,attempted_predictions
CSGS2,q3_2020,1,robust_condition_cqr,combined_outage,non_ramp,5637,5637,0,1.0,5264,0.9338300514458046,0.9338300514458046,True,usable_predictions,attempted_predictions
CSGS2,q3_2020,1,robust_condition_cqr,combined_outage,ramp,251,251,0,1.0,184,0.7330677290836654,0.7330677290836654,True,usable_predictions,attempted_predictions
CSGS2,q3_2020,1,robust_condition_cqr,irradiance_outage,non_ramp,5637,5637,0,1.0,5292,0.9387972325705163,0.9387972325705163,True,usable_predictions,attempted_predictions
CSGS2,q3_2020,1,robust_condition_cqr,irradiance_outage,ramp,251,251,0,1.0,112,0.44621513944223107,0.44621513944223107,True,usable_predictions,attempted_predictions
CSGS2,q3_2020,1,robust_condition_cqr,recent_power_outage,non_ramp,5637,5637,0,1.0,5199,0.922299095263438,0.922299095263438,True,usable_predictions,attempted_predictions
CSGS2,q3_2020,1,robust_condition_cqr,recent_power_outage,ramp,251,251,0,1.0,169,0.6733067729083665,0.6733067729083665,True,usable_predictions,attempted_predictions
CSGS2,q3_2020,1,robust_condition_cqr,weather_outage,non_ramp,5637,5637,0,1.0,5245,0.9304594642540358,0.9304594642540358,True,usable_predictions,attempted_predictions
CSGS2,q3_2020,1,robust_condition_cqr,weather_outage,ramp,251,251,0,1.0,91,0.36254980079681276,0.36254980079681276,True,usable_predictions,attempted_predictions
CSGS2,q3_2020,1,robust_local_cqr,clean,non_ramp,5637,5637,0,1.0,5192,0.92105729998226,0.92105729998226,True,usable_predictions,attempted_predictions
CSGS2,q3_2020,1,robust_local_cqr,clean,ramp,251,251,0,1.0,130,0.5179282868525896,0.5179282868525896,True,usable_predictions,attempted_predictions
CSGS2,q3_2020,1,robust_local_cqr,combined_outage,non_ramp,5637,5637,0,1.0,5103,0.905268759978712,0.905268759978712,True,usable_predictions,attempted_predictions
CSGS2,q3_2020,1,robust_local_cqr,combined_outage,ramp,251,251,0,1.0,194,0.7729083665338645,0.7729083665338645,True,usable_predictions,attempted_predictions
CSGS2,q3_2020,1,robust_local_cqr,irradiance_outage,non_ramp,5637,5637,0,1.0,5273,0.9354266453787475,0.9354266453787475,True,usable_predictions,attempted_predictions
CSGS2,q3_2020,1,robust_local_cqr,irradiance_outage,ramp,251,251,0,1.0,147,0.5856573705179283,0.5856573705179283,True,usable_predictions,attempted_predictions
CSGS2,q3_2020,1,robust_local_cqr,recent_power_outage,non_ramp,5637,5637,0,1.0,5115,0.9073975518893028,0.9073975518893028,True,usable_predictions,attempted_predictions
CSGS2,q3_2020,1,robust_local_cqr,recent_power_outage,ramp,251,251,0,1.0,188,0.749003984063745,0.749003984063745,True,usable_predictions,attempted_predictions
CSGS2,q3_2020,1,robust_local_cqr,weather_outage,non_ramp,5637,5637,0,1.0,5290,0.9384424339187512,0.9384424339187512,True,usable_predictions,attempted_predictions
CSGS2,q3_2020,1,robust_local_cqr,weather_outage,ramp,251,251,0,1.0,141,0.5617529880478087,0.5617529880478087,True,usable_predictions,attempted_predictions
CSGS2,q3_2020,1,robust_risk_mondrian,clean,non_ramp,5637,5637,0,1.0,5250,0.9313464608834486,0.9313464608834486,True,usable_predictions,attempted_predictions
CSGS2,q3_2020,1,robust_risk_mondrian,clean,ramp,251,251,0,1.0,128,0.5099601593625498,0.5099601593625498,True,usable_predictions,attempted_predictions
CSGS2,q3_2020,1,robust_risk_mondrian,combined_outage,non_ramp,5637,5637,0,1.0,5239,0.9293950682987404,0.9293950682987404,True,usable_predictions,attempted_predictions
CSGS2,q3_2020,1,robust_risk_mondrian,combined_outage,ramp,251,251,0,1.0,189,0.7529880478087649,0.7529880478087649,True,usable_predictions,attempted_predictions
CSGS2,q3_2020,1,robust_risk_mondrian,irradiance_outage,non_ramp,5637,5637,0,1.0,5231,0.92797587369168,0.92797587369168,True,usable_predictions,attempted_predictions
CSGS2,q3_2020,1,robust_risk_mondrian,irradiance_outage,ramp,251,251,0,1.0,139,0.5537848605577689,0.5537848605577689,True,usable_predictions,attempted_predictions
CSGS2,q3_2020,1,robust_risk_mondrian,recent_power_outage,non_ramp,5637,5637,0,1.0,5191,0.9208799006563775,0.9208799006563775,True,usable_predictions,attempted_predictions
CSGS2,q3_2020,1,robust_risk_mondrian,recent_power_outage,ramp,251,251,0,1.0,179,0.7131474103585658,0.7131474103585658,True,usable_predictions,attempted_predictions
CSGS2,q3_2020,1,robust_risk_mondrian,weather_outage,non_ramp,5637,5637,0,1.0,5251,0.9315238602093312,0.9315238602093312,True,usable_predictions,attempted_predictions
CSGS2,q3_2020,1,robust_risk_mondrian,weather_outage,ramp,251,251,0,1.0,133,0.5298804780876494,0.5298804780876494,True,usable_predictions,attempted_predictions
CSGS2,q3_2020,1,robust_rolling_cqr,clean,non_ramp,5637,5637,0,1.0,5196,0.9217668972857903,0.9217668972857903,True,usable_predictions,attempted_predictions
CSGS2,q3_2020,1,robust_rolling_cqr,clean,ramp,251,251,0,1.0,91,0.36254980079681276,0.36254980079681276,True,usable_predictions,attempted_predictions
CSGS2,q3_2020,1,robust_rolling_cqr,combined_outage,non_ramp,5637,5637,0,1.0,5145,0.9127195316657797,0.9127195316657797,True,usable_predictions,attempted_predictions
CSGS2,q3_2020,1,robust_rolling_cqr,combined_outage,ramp,251,251,0,1.0,183,0.7290836653386454,0.7290836653386454,True,usable_predictions,attempted_predictions
CSGS2,q3_2020,1,robust_rolling_cqr,irradiance_outage,non_ramp,5637,5637,0,1.0,5202,0.9228312932410857,0.9228312932410857,True,usable_predictions,attempted_predictions
CSGS2,q3_2020,1,robust_rolling_cqr,irradiance_outage,ramp,251,251,0,1.0,115,0.4581673306772908,0.4581673306772908,True,usable_predictions,attempted_predictions
CSGS2,q3_2020,1,robust_rolling_cqr,recent_power_outage,non_ramp,5637,5637,0,1.0,5141,0.9120099343622494,0.9120099343622494,True,usable_predictions,attempted_predictions
CSGS2,q3_2020,1,robust_rolling_cqr,recent_power_outage,ramp,251,251,0,1.0,173,0.6892430278884463,0.6892430278884463,True,usable_predictions,attempted_predictions
CSGS2,q3_2020,1,robust_rolling_cqr,weather_outage,non_ramp,5637,5637,0,1.0,5209,0.9240730885222637,0.9240730885222637,True,usable_predictions,attempted_predictions
CSGS2,q3_2020,1,robust_rolling_cqr,weather_outage,ramp,251,251,0,1.0,99,0.3944223107569721,0.3944223107569721,True,usable_predictions,attempted_predictions
CSGS2,q3_2020,4,clean_condition_cqr,clean,non_ramp,5439,5439,0,1.0,5123,0.9419010847582276,0.9419010847582276,True,usable_predictions,attempted_predictions
CSGS2,q3_2020,4,clean_condition_cqr,clean,ramp,449,449,0,1.0,296,0.6592427616926503,0.6592427616926503,True,usable_predictions,attempted_predictions
CSGS2,q3_2020,4,clean_condition_cqr,combined_outage,non_ramp,5439,5439,0,1.0,5093,0.9363853649567935,0.9363853649567935,True,usable_predictions,attempted_predictions
CSGS2,q3_2020,4,clean_condition_cqr,combined_outage,ramp,449,449,0,1.0,427,0.9510022271714922,0.9510022271714922,True,usable_predictions,attempted_predictions
CSGS2,q3_2020,4,clean_condition_cqr,irradiance_outage,non_ramp,5439,5439,0,1.0,5032,0.9251700680272109,0.9251700680272109,True,usable_predictions,attempted_predictions
CSGS2,q3_2020,4,clean_condition_cqr,irradiance_outage,ramp,449,449,0,1.0,360,0.8017817371937639,0.8017817371937639,True,usable_predictions,attempted_predictions
CSGS2,q3_2020,4,clean_condition_cqr,recent_power_outage,non_ramp,5439,5439,0,1.0,5116,0.9406140834712263,0.9406140834712263,True,usable_predictions,attempted_predictions
CSGS2,q3_2020,4,clean_condition_cqr,recent_power_outage,ramp,449,449,0,1.0,421,0.9376391982182628,0.9376391982182628,True,usable_predictions,attempted_predictions
CSGS2,q3_2020,4,clean_condition_cqr,weather_outage,non_ramp,5439,5439,0,1.0,5144,0.9457620886192315,0.9457620886192315,True,usable_predictions,attempted_predictions
CSGS2,q3_2020,4,clean_condition_cqr,weather_outage,ramp,449,449,0,1.0,302,0.6726057906458798,0.6726057906458798,True,usable_predictions,attempted_predictions
CSGS2,q3_2020,4,lgbm_condition_cqr,clean,non_ramp,5439,5439,0,1.0,5144,0.9457620886192315,0.9457620886192315,True,usable_predictions,attempted_predictions
CSGS2,q3_2020,4,lgbm_condition_cqr,clean,ramp,449,449,0,1.0,337,0.7505567928730512,0.7505567928730512,True,usable_predictions,attempted_predictions
CSGS2,q3_2020,4,lgbm_condition_cqr,combined_outage,non_ramp,5439,5439,0,1.0,5079,0.9338113623827909,0.9338113623827909,True,usable_predictions,attempted_predictions
CSGS2,q3_2020,4,lgbm_condition_cqr,combined_outage,ramp,449,449,0,1.0,432,0.9621380846325167,0.9621380846325167,True,usable_predictions,attempted_predictions
CSGS2,q3_2020,4,lgbm_condition_cqr,irradiance_outage,non_ramp,5439,5439,0,1.0,5102,0.9380400808972238,0.9380400808972238,True,usable_predictions,attempted_predictions
CSGS2,q3_2020,4,lgbm_condition_cqr,irradiance_outage,ramp,449,449,0,1.0,383,0.8530066815144766,0.8530066815144766,True,usable_predictions,attempted_predictions
CSGS2,q3_2020,4,lgbm_condition_cqr,recent_power_outage,non_ramp,5439,5439,0,1.0,5096,0.9369369369369369,0.9369369369369369,True,usable_predictions,attempted_predictions
CSGS2,q3_2020,4,lgbm_condition_cqr,recent_power_outage,ramp,449,449,0,1.0,431,0.9599109131403119,0.9599109131403119,True,usable_predictions,attempted_predictions
CSGS2,q3_2020,4,lgbm_condition_cqr,weather_outage,non_ramp,5439,5439,0,1.0,5118,0.9409817981246553,0.9409817981246553,True,usable_predictions,attempted_predictions
CSGS2,q3_2020,4,lgbm_condition_cqr,weather_outage,ramp,449,449,0,1.0,338,0.7527839643652561,0.7527839643652561,True,usable_predictions,attempted_predictions
CSGS2,q3_2020,4,oracle_ramp_mondrian,clean,non_ramp,5439,5439,0,1.0,5001,0.9194704908990623,0.9194704908990623,True,usable_predictions,attempted_predictions
CSGS2,q3_2020,4,oracle_ramp_mondrian,clean,ramp,449,449,0,1.0,421,0.9376391982182628,0.9376391982182628,True,usable_predictions,attempted_predictions
CSGS2,q3_2020,4,oracle_ramp_mondrian,combined_outage,non_ramp,5439,5439,0,1.0,5010,0.9211252068394925,0.9211252068394925,True,usable_predictions,attempted_predictions
CSGS2,q3_2020,4,oracle_ramp_mondrian,combined_outage,ramp,449,449,0,1.0,420,0.9354120267260579,0.9354120267260579,True,usable_predictions,attempted_predictions
CSGS2,q3_2020,4,oracle_ramp_mondrian,irradiance_outage,non_ramp,5439,5439,0,1.0,5026,0.924066924066924,0.924066924066924,True,usable_predictions,attempted_predictions
CSGS2,q3_2020,4,oracle_ramp_mondrian,irradiance_outage,ramp,449,449,0,1.0,421,0.9376391982182628,0.9376391982182628,True,usable_predictions,attempted_predictions
CSGS2,q3_2020,4,oracle_ramp_mondrian,recent_power_outage,non_ramp,5439,5439,0,1.0,5043,0.92719249862107,0.92719249862107,True,usable_predictions,attempted_predictions
CSGS2,q3_2020,4,oracle_ramp_mondrian,recent_power_outage,ramp,449,449,0,1.0,426,0.9487750556792873,0.9487750556792873,True,usable_predictions,attempted_predictions
CSGS2,q3_2020,4,oracle_ramp_mondrian,weather_outage,non_ramp,5439,5439,0,1.0,5029,0.9246184960470675,0.9246184960470675,True,usable_predictions,attempted_predictions
CSGS2,q3_2020,4,oracle_ramp_mondrian,weather_outage,ramp,449,449,0,1.0,421,0.9376391982182628,0.9376391982182628,True,usable_predictions,attempted_predictions
CSGS2,q3_2020,4,persistence_condition_cqr,clean,non_ramp,5439,5439,0,1.0,5409,0.9944842801985659,0.9944842801985659,True,usable_predictions,attempted_predictions
CSGS2,q3_2020,4,persistence_condition_cqr,clean,ramp,449,449,0,1.0,0,0.0,0.0,True,usable_predictions,attempted_predictions
CSGS2,q3_2020,4,persistence_condition_cqr,combined_outage,non_ramp,5439,5439,0,1.0,5197,0.9555065269350984,0.9555065269350984,True,usable_predictions,attempted_predictions
CSGS2,q3_2020,4,persistence_condition_cqr,combined_outage,ramp,449,449,0,1.0,362,0.8062360801781737,0.8062360801781737,True,usable_predictions,attempted_predictions
CSGS2,q3_2020,4,persistence_condition_cqr,irradiance_outage,non_ramp,5439,5439,0,1.0,5409,0.9944842801985659,0.9944842801985659,True,usable_predictions,attempted_predictions
CSGS2,q3_2020,4,persistence_condition_cqr,irradiance_outage,ramp,449,449,0,1.0,0,0.0,0.0,True,usable_predictions,attempted_predictions
CSGS2,q3_2020,4,persistence_condition_cqr,recent_power_outage,non_ramp,5439,5439,0,1.0,5197,0.9555065269350984,0.9555065269350984,True,usable_predictions,attempted_predictions
CSGS2,q3_2020,4,persistence_condition_cqr,recent_power_outage,ramp,449,449,0,1.0,362,0.8062360801781737,0.8062360801781737,True,usable_predictions,attempted_predictions
CSGS2,q3_2020,4,persistence_condition_cqr,weather_outage,non_ramp,5439,5439,0,1.0,5409,0.9944842801985659,0.9944842801985659,True,usable_predictions,attempted_predictions
CSGS2,q3_2020,4,persistence_condition_cqr,weather_outage,ramp,449,449,0,1.0,0,0.0,0.0,True,usable_predictions,attempted_predictions
CSGS2,q3_2020,4,robust_condition_cqr,clean,non_ramp,5439,5439,0,1.0,5089,0.9356499356499357,0.9356499356499357,True,usable_predictions,attempted_predictions
CSGS2,q3_2020,4,robust_condition_cqr,clean,ramp,449,449,0,1.0,333,0.7416481069042317,0.7416481069042317,True,usable_predictions,attempted_predictions
CSGS2,q3_2020,4,robust_condition_cqr,combined_outage,non_ramp,5439,5439,0,1.0,5074,0.9328920757492186,0.9328920757492186,True,usable_predictions,attempted_predictions
CSGS2,q3_2020,4,robust_condition_cqr,combined_outage,ramp,449,449,0,1.0,374,0.8329621380846325,0.8329621380846325,True,usable_predictions,attempted_predictions
CSGS2,q3_2020,4,robust_condition_cqr,irradiance_outage,non_ramp,5439,5439,0,1.0,5101,0.9378562235705092,0.9378562235705092,True,usable_predictions,attempted_predictions
CSGS2,q3_2020,4,robust_condition_cqr,irradiance_outage,ramp,449,449,0,1.0,351,0.7817371937639198,0.7817371937639198,True,usable_predictions,attempted_predictions
CSGS2,q3_2020,4,robust_condition_cqr,recent_power_outage,non_ramp,5439,5439,0,1.0,5141,0.9452105166390881,0.9452105166390881,True,usable_predictions,attempted_predictions
CSGS2,q3_2020,4,robust_condition_cqr,recent_power_outage,ramp,449,449,0,1.0,360,0.8017817371937639,0.8017817371937639,True,usable_predictions,attempted_predictions
CSGS2,q3_2020,4,robust_condition_cqr,weather_outage,non_ramp,5439,5439,0,1.0,5117,0.9407979407979408,0.9407979407979408,True,usable_predictions,attempted_predictions
CSGS2,q3_2020,4,robust_condition_cqr,weather_outage,ramp,449,449,0,1.0,335,0.7461024498886414,0.7461024498886414,True,usable_predictions,attempted_predictions
CSGS2,q3_2020,4,robust_local_cqr,clean,non_ramp,5439,5439,0,1.0,5027,0.9242507813936386,0.9242507813936386,True,usable_predictions,attempted_predictions
CSGS2,q3_2020,4,robust_local_cqr,clean,ramp,449,449,0,1.0,354,0.7884187082405345,0.7884187082405345,True,usable_predictions,attempted_predictions
CSGS2,q3_2020,4,robust_local_cqr,combined_outage,non_ramp,5439,5439,0,1.0,5071,0.9323405037690752,0.9323405037690752,True,usable_predictions,attempted_predictions
CSGS2,q3_2020,4,robust_local_cqr,combined_outage,ramp,449,449,0,1.0,389,0.8663697104677061,0.8663697104677061,True,usable_predictions,attempted_predictions
CSGS2,q3_2020,4,robust_local_cqr,irradiance_outage,non_ramp,5439,5439,0,1.0,5161,0.9488876631733775,0.9488876631733775,True,usable_predictions,attempted_predictions
CSGS2,q3_2020,4,robust_local_cqr,irradiance_outage,ramp,449,449,0,1.0,380,0.8463251670378619,0.8463251670378619,True,usable_predictions,attempted_predictions
CSGS2,q3_2020,4,robust_local_cqr,recent_power_outage,non_ramp,5439,5439,0,1.0,5032,0.9251700680272109,0.9251700680272109,True,usable_predictions,attempted_predictions
CSGS2,q3_2020,4,robust_local_cqr,recent_power_outage,ramp,449,449,0,1.0,376,0.8374164810690423,0.8374164810690423,True,usable_predictions,attempted_predictions
CSGS2,q3_2020,4,robust_local_cqr,weather_outage,non_ramp,5439,5439,0,1.0,5060,0.9303180731752161,0.9303180731752161,True,usable_predictions,attempted_predictions
CSGS2,q3_2020,4,robust_local_cqr,weather_outage,ramp,449,449,0,1.0,359,0.799554565701559,0.799554565701559,True,usable_predictions,attempted_predictions
CSGS2,q3_2020,4,robust_risk_mondrian,clean,non_ramp,5439,5439,0,1.0,5094,0.936569222283508,0.936569222283508,True,usable_predictions,attempted_predictions
CSGS2,q3_2020,4,robust_risk_mondrian,clean,ramp,449,449,0,1.0,369,0.821826280623608,0.821826280623608,True,usable_predictions,attempted_predictions
CSGS2,q3_2020,4,robust_risk_mondrian,combined_outage,non_ramp,5439,5439,0,1.0,5074,0.9328920757492186,0.9328920757492186,True,usable_predictions,attempted_predictions
CSGS2,q3_2020,4,robust_risk_mondrian,combined_outage,ramp,449,449,0,1.0,377,0.8396436525612472,0.8396436525612472,True,usable_predictions,attempted_predictions
CSGS2,q3_2020,4,robust_risk_mondrian,irradiance_outage,non_ramp,5439,5439,0,1.0,5177,0.951829380400809,0.951829380400809,True,usable_predictions,attempted_predictions
CSGS2,q3_2020,4,robust_risk_mondrian,irradiance_outage,ramp,449,449,0,1.0,384,0.8552338530066815,0.8552338530066815,True,usable_predictions,attempted_predictions
CSGS2,q3_2020,4,robust_risk_mondrian,recent_power_outage,non_ramp,5439,5439,0,1.0,5146,0.9461298032726604,0.9461298032726604,True,usable_predictions,attempted_predictions
CSGS2,q3_2020,4,robust_risk_mondrian,recent_power_outage,ramp,449,449,0,1.0,378,0.8418708240534521,0.8418708240534521,True,usable_predictions,attempted_predictions
CSGS2,q3_2020,4,robust_risk_mondrian,weather_outage,non_ramp,5439,5439,0,1.0,5140,0.9450266593123736,0.9450266593123736,True,usable_predictions,attempted_predictions
CSGS2,q3_2020,4,robust_risk_mondrian,weather_outage,ramp,449,449,0,1.0,374,0.8329621380846325,0.8329621380846325,True,usable_predictions,attempted_predictions
CSGS2,q3_2020,4,robust_rolling_cqr,clean,non_ramp,5439,5439,0,1.0,4999,0.9191027762456334,0.9191027762456334,True,usable_predictions,attempted_predictions
CSGS2,q3_2020,4,robust_rolling_cqr,clean,ramp,449,449,0,1.0,325,0.7238307349665924,0.7238307349665924,True,usable_predictions,attempted_predictions
CSGS2,q3_2020,4,robust_rolling_cqr,combined_outage,non_ramp,5439,5439,0,1.0,4957,0.9113807685236257,0.9113807685236257,True,usable_predictions,attempted_predictions
CSGS2,q3_2020,4,robust_rolling_cqr,combined_outage,ramp,449,449,0,1.0,370,0.8240534521158129,0.8240534521158129,True,usable_predictions,attempted_predictions
CSGS2,q3_2020,4,robust_rolling_cqr,irradiance_outage,non_ramp,5439,5439,0,1.0,4975,0.9146902004044861,0.9146902004044861,True,usable_predictions,attempted_predictions
CSGS2,q3_2020,4,robust_rolling_cqr,irradiance_outage,ramp,449,449,0,1.0,342,0.7616926503340757,0.7616926503340757,True,usable_predictions,attempted_predictions
CSGS2,q3_2020,4,robust_rolling_cqr,recent_power_outage,non_ramp,5439,5439,0,1.0,4981,0.9157933443647729,0.9157933443647729,True,usable_predictions,attempted_predictions
CSGS2,q3_2020,4,robust_rolling_cqr,recent_power_outage,ramp,449,449,0,1.0,351,0.7817371937639198,0.7817371937639198,True,usable_predictions,attempted_predictions
CSGS2,q3_2020,4,robust_rolling_cqr,weather_outage,non_ramp,5439,5439,0,1.0,5020,0.9229637801066373,0.9229637801066373,True,usable_predictions,attempted_predictions
CSGS2,q3_2020,4,robust_rolling_cqr,weather_outage,ramp,449,449,0,1.0,321,0.7149220489977728,0.7149220489977728,True,usable_predictions,attempted_predictions
CSGS2,q4_2020,1,clean_condition_cqr,clean,non_ramp,5628,5628,0,1.0,5413,0.9617981520966595,0.9617981520966595,True,usable_predictions,attempted_predictions
CSGS2,q4_2020,1,clean_condition_cqr,clean,ramp,260,260,0,1.0,69,0.2653846153846154,0.2653846153846154,True,usable_predictions,attempted_predictions
CSGS2,q4_2020,1,clean_condition_cqr,combined_outage,non_ramp,5628,5628,0,1.0,5027,0.8932125088841507,0.8932125088841507,True,usable_predictions,attempted_predictions
CSGS2,q4_2020,1,clean_condition_cqr,combined_outage,ramp,260,260,0,1.0,226,0.8692307692307693,0.8692307692307693,True,usable_predictions,attempted_predictions
CSGS2,q4_2020,1,clean_condition_cqr,irradiance_outage,non_ramp,5628,5628,0,1.0,5338,0.9484719260838664,0.9484719260838664,True,usable_predictions,attempted_predictions
CSGS2,q4_2020,1,clean_condition_cqr,irradiance_outage,ramp,260,260,0,1.0,87,0.3346153846153846,0.3346153846153846,True,usable_predictions,attempted_predictions
CSGS2,q4_2020,1,clean_condition_cqr,recent_power_outage,non_ramp,5628,5628,0,1.0,4995,0.8875266524520256,0.8875266524520256,True,usable_predictions,attempted_predictions
CSGS2,q4_2020,1,clean_condition_cqr,recent_power_outage,ramp,260,260,0,1.0,223,0.8576923076923076,0.8576923076923076,True,usable_predictions,attempted_predictions
CSGS2,q4_2020,1,clean_condition_cqr,weather_outage,non_ramp,5628,5628,0,1.0,5403,0.9600213219616205,0.9600213219616205,True,usable_predictions,attempted_predictions
CSGS2,q4_2020,1,clean_condition_cqr,weather_outage,ramp,260,260,0,1.0,56,0.2153846153846154,0.2153846153846154,True,usable_predictions,attempted_predictions
CSGS2,q4_2020,1,lgbm_condition_cqr,clean,non_ramp,5628,5628,0,1.0,5366,0.9534470504619759,0.9534470504619759,True,usable_predictions,attempted_predictions
CSGS2,q4_2020,1,lgbm_condition_cqr,clean,ramp,260,260,0,1.0,101,0.38846153846153847,0.38846153846153847,True,usable_predictions,attempted_predictions
CSGS2,q4_2020,1,lgbm_condition_cqr,combined_outage,non_ramp,5628,5628,0,1.0,4993,0.8871712864250177,0.8871712864250177,True,usable_predictions,attempted_predictions
CSGS2,q4_2020,1,lgbm_condition_cqr,combined_outage,ramp,260,260,0,1.0,227,0.8730769230769231,0.8730769230769231,True,usable_predictions,attempted_predictions
CSGS2,q4_2020,1,lgbm_condition_cqr,irradiance_outage,non_ramp,5628,5628,0,1.0,3857,0.6853233830845771,0.6853233830845771,True,usable_predictions,attempted_predictions
CSGS2,q4_2020,1,lgbm_condition_cqr,irradiance_outage,ramp,260,260,0,1.0,110,0.4230769230769231,0.4230769230769231,True,usable_predictions,attempted_predictions
CSGS2,q4_2020,1,lgbm_condition_cqr,recent_power_outage,non_ramp,5628,5628,0,1.0,4995,0.8875266524520256,0.8875266524520256,True,usable_predictions,attempted_predictions
CSGS2,q4_2020,1,lgbm_condition_cqr,recent_power_outage,ramp,260,260,0,1.0,228,0.8769230769230769,0.8769230769230769,True,usable_predictions,attempted_predictions
CSGS2,q4_2020,1,lgbm_condition_cqr,weather_outage,non_ramp,5628,5628,0,1.0,5391,0.9578891257995735,0.9578891257995735,True,usable_predictions,attempted_predictions
CSGS2,q4_2020,1,lgbm_condition_cqr,weather_outage,ramp,260,260,0,1.0,95,0.36538461538461536,0.36538461538461536,True,usable_predictions,attempted_predictions
CSGS2,q4_2020,1,oracle_ramp_mondrian,clean,non_ramp,5628,5628,0,1.0,5241,0.9312366737739872,0.9312366737739872,True,usable_predictions,attempted_predictions
CSGS2,q4_2020,1,oracle_ramp_mondrian,clean,ramp,260,260,0,1.0,233,0.8961538461538462,0.8961538461538462,True,usable_predictions,attempted_predictions
CSGS2,q4_2020,1,oracle_ramp_mondrian,combined_outage,non_ramp,5628,5628,0,1.0,5159,0.9166666666666666,0.9166666666666666,True,usable_predictions,attempted_predictions
CSGS2,q4_2020,1,oracle_ramp_mondrian,combined_outage,ramp,260,260,0,1.0,222,0.8538461538461538,0.8538461538461538,True,usable_predictions,attempted_predictions
CSGS2,q4_2020,1,oracle_ramp_mondrian,irradiance_outage,non_ramp,5628,5628,0,1.0,5191,0.9223525230987918,0.9223525230987918,True,usable_predictions,attempted_predictions
CSGS2,q4_2020,1,oracle_ramp_mondrian,irradiance_outage,ramp,260,260,0,1.0,236,0.9076923076923077,0.9076923076923077,True,usable_predictions,attempted_predictions
CSGS2,q4_2020,1,oracle_ramp_mondrian,recent_power_outage,non_ramp,5628,5628,0,1.0,5048,0.8969438521677328,0.8969438521677328,True,usable_predictions,attempted_predictions
CSGS2,q4_2020,1,oracle_ramp_mondrian,recent_power_outage,ramp,260,260,0,1.0,224,0.8615384615384616,0.8615384615384616,True,usable_predictions,attempted_predictions
CSGS2,q4_2020,1,oracle_ramp_mondrian,weather_outage,non_ramp,5628,5628,0,1.0,5205,0.9248400852878464,0.9248400852878464,True,usable_predictions,attempted_predictions
CSGS2,q4_2020,1,oracle_ramp_mondrian,weather_outage,ramp,260,260,0,1.0,232,0.8923076923076924,0.8923076923076924,True,usable_predictions,attempted_predictions
CSGS2,q4_2020,1,persistence_condition_cqr,clean,non_ramp,5628,5628,0,1.0,5213,0.9262615493958778,0.9262615493958778,True,usable_predictions,attempted_predictions
CSGS2,q4_2020,1,persistence_condition_cqr,clean,ramp,260,260,0,1.0,0,0.0,0.0,True,usable_predictions,attempted_predictions
CSGS2,q4_2020,1,persistence_condition_cqr,combined_outage,non_ramp,5628,5628,0,1.0,4675,0.8306680881307748,0.8306680881307748,True,usable_predictions,attempted_predictions
CSGS2,q4_2020,1,persistence_condition_cqr,combined_outage,ramp,260,260,0,1.0,162,0.6230769230769231,0.6230769230769231,True,usable_predictions,attempted_predictions
CSGS2,q4_2020,1,persistence_condition_cqr,irradiance_outage,non_ramp,5628,5628,0,1.0,5213,0.9262615493958778,0.9262615493958778,True,usable_predictions,attempted_predictions
CSGS2,q4_2020,1,persistence_condition_cqr,irradiance_outage,ramp,260,260,0,1.0,0,0.0,0.0,True,usable_predictions,attempted_predictions
CSGS2,q4_2020,1,persistence_condition_cqr,recent_power_outage,non_ramp,5628,5628,0,1.0,4675,0.8306680881307748,0.8306680881307748,True,usable_predictions,attempted_predictions
CSGS2,q4_2020,1,persistence_condition_cqr,recent_power_outage,ramp,260,260,0,1.0,162,0.6230769230769231,0.6230769230769231,True,usable_predictions,attempted_predictions
CSGS2,q4_2020,1,persistence_condition_cqr,weather_outage,non_ramp,5628,5628,0,1.0,5213,0.9262615493958778,0.9262615493958778,True,usable_predictions,attempted_predictions
CSGS2,q4_2020,1,persistence_condition_cqr,weather_outage,ramp,260,260,0,1.0,0,0.0,0.0,True,usable_predictions,attempted_predictions
CSGS2,q4_2020,1,robust_condition_cqr,clean,non_ramp,5628,5628,0,1.0,5377,0.9554015636105189,0.9554015636105189,True,usable_predictions,attempted_predictions
CSGS2,q4_2020,1,robust_condition_cqr,clean,ramp,260,260,0,1.0,109,0.41923076923076924,0.41923076923076924,True,usable_predictions,attempted_predictions
CSGS2,q4_2020,1,robust_condition_cqr,combined_outage,non_ramp,5628,5628,0,1.0,5220,0.9275053304904051,0.9275053304904051,True,usable_predictions,attempted_predictions
CSGS2,q4_2020,1,robust_condition_cqr,combined_outage,ramp,260,260,0,1.0,130,0.5,0.5,True,usable_predictions,attempted_predictions
CSGS2,q4_2020,1,robust_condition_cqr,irradiance_outage,non_ramp,5628,5628,0,1.0,5248,0.9324804548685146,0.9324804548685146,True,usable_predictions,attempted_predictions
CSGS2,q4_2020,1,robust_condition_cqr,irradiance_outage,ramp,260,260,0,1.0,132,0.5076923076923077,0.5076923076923077,True,usable_predictions,attempted_predictions
CSGS2,q4_2020,1,robust_condition_cqr,recent_power_outage,non_ramp,5628,5628,0,1.0,5139,0.9131130063965884,0.9131130063965884,True,usable_predictions,attempted_predictions
CSGS2,q4_2020,1,robust_condition_cqr,recent_power_outage,ramp,260,260,0,1.0,139,0.5346153846153846,0.5346153846153846,True,usable_predictions,attempted_predictions
CSGS2,q4_2020,1,robust_condition_cqr,weather_outage,non_ramp,5628,5628,0,1.0,5321,0.9454513148542999,0.9454513148542999,True,usable_predictions,attempted_predictions
CSGS2,q4_2020,1,robust_condition_cqr,weather_outage,ramp,260,260,0,1.0,103,0.39615384615384613,0.39615384615384613,True,usable_predictions,attempted_predictions
CSGS2,q4_2020,1,robust_local_cqr,clean,non_ramp,5628,5628,0,1.0,5460,0.9701492537313433,0.9701492537313433,True,usable_predictions,attempted_predictions
CSGS2,q4_2020,1,robust_local_cqr,clean,ramp,260,260,0,1.0,166,0.6384615384615384,0.6384615384615384,True,usable_predictions,attempted_predictions
CSGS2,q4_2020,1,robust_local_cqr,combined_outage,non_ramp,5628,5628,0,1.0,5264,0.9353233830845771,0.9353233830845771,True,usable_predictions,attempted_predictions
CSGS2,q4_2020,1,robust_local_cqr,combined_outage,ramp,260,260,0,1.0,157,0.6038461538461538,0.6038461538461538,True,usable_predictions,attempted_predictions
CSGS2,q4_2020,1,robust_local_cqr,irradiance_outage,non_ramp,5628,5628,0,1.0,5466,0.9712153518123667,0.9712153518123667,True,usable_predictions,attempted_predictions
CSGS2,q4_2020,1,robust_local_cqr,irradiance_outage,ramp,260,260,0,1.0,177,0.6807692307692308,0.6807692307692308,True,usable_predictions,attempted_predictions
CSGS2,q4_2020,1,robust_local_cqr,recent_power_outage,non_ramp,5628,5628,0,1.0,5264,0.9353233830845771,0.9353233830845771,True,usable_predictions,attempted_predictions
CSGS2,q4_2020,1,robust_local_cqr,recent_power_outage,ramp,260,260,0,1.0,173,0.6653846153846154,0.6653846153846154,True,usable_predictions,attempted_predictions
CSGS2,q4_2020,1,robust_local_cqr,weather_outage,non_ramp,5628,5628,0,1.0,5475,0.9728144989339019,0.9728144989339019,True,usable_predictions,attempted_predictions
CSGS2,q4_2020,1,robust_local_cqr,weather_outage,ramp,260,260,0,1.0,159,0.6115384615384616,0.6115384615384616,True,usable_predictions,attempted_predictions
CSGS2,q4_2020,1,robust_risk_mondrian,clean,non_ramp,5628,5628,0,1.0,5342,0.949182658137882,0.949182658137882,True,usable_predictions,attempted_predictions
CSGS2,q4_2020,1,robust_risk_mondrian,clean,ramp,260,260,0,1.0,145,0.5576923076923077,0.5576923076923077,True,usable_predictions,attempted_predictions
CSGS2,q4_2020,1,robust_risk_mondrian,combined_outage,non_ramp,5628,5628,0,1.0,5217,0.9269722814498934,0.9269722814498934,True,usable_predictions,attempted_predictions
CSGS2,q4_2020,1,robust_risk_mondrian,combined_outage,ramp,260,260,0,1.0,132,0.5076923076923077,0.5076923076923077,True,usable_predictions,attempted_predictions
CSGS2,q4_2020,1,robust_risk_mondrian,irradiance_outage,non_ramp,5628,5628,0,1.0,5254,0.933546552949538,0.933546552949538,True,usable_predictions,attempted_predictions
CSGS2,q4_2020,1,robust_risk_mondrian,irradiance_outage,ramp,260,260,0,1.0,145,0.5576923076923077,0.5576923076923077,True,usable_predictions,attempted_predictions
CSGS2,q4_2020,1,robust_risk_mondrian,recent_power_outage,non_ramp,5628,5628,0,1.0,5228,0.9289267945984364,0.9289267945984364,True,usable_predictions,attempted_predictions
CSGS2,q4_2020,1,robust_risk_mondrian,recent_power_outage,ramp,260,260,0,1.0,154,0.5923076923076923,0.5923076923076923,True,usable_predictions,attempted_predictions
CSGS2,q4_2020,1,robust_risk_mondrian,weather_outage,non_ramp,5628,5628,0,1.0,5305,0.9426083866382374,0.9426083866382374,True,usable_predictions,attempted_predictions
CSGS2,q4_2020,1,robust_risk_mondrian,weather_outage,ramp,260,260,0,1.0,130,0.5,0.5,True,usable_predictions,attempted_predictions
CSGS2,q4_2020,1,robust_rolling_cqr,clean,non_ramp,5628,5628,0,1.0,5199,0.923773987206823,0.923773987206823,True,usable_predictions,attempted_predictions
CSGS2,q4_2020,1,robust_rolling_cqr,clean,ramp,260,260,0,1.0,111,0.4269230769230769,0.4269230769230769,True,usable_predictions,attempted_predictions
CSGS2,q4_2020,1,robust_rolling_cqr,combined_outage,non_ramp,5628,5628,0,1.0,5142,0.9136460554371002,0.9136460554371002,True,usable_predictions,attempted_predictions
CSGS2,q4_2020,1,robust_rolling_cqr,combined_outage,ramp,260,260,0,1.0,136,0.5230769230769231,0.5230769230769231,True,usable_predictions,attempted_predictions
CSGS2,q4_2020,1,robust_rolling_cqr,irradiance_outage,non_ramp,5628,5628,0,1.0,5247,0.9323027718550106,0.9323027718550106,True,usable_predictions,attempted_predictions
CSGS2,q4_2020,1,robust_rolling_cqr,irradiance_outage,ramp,260,260,0,1.0,132,0.5076923076923077,0.5076923076923077,True,usable_predictions,attempted_predictions
CSGS2,q4_2020,1,robust_rolling_cqr,recent_power_outage,non_ramp,5628,5628,0,1.0,5133,0.912046908315565,0.912046908315565,True,usable_predictions,attempted_predictions
CSGS2,q4_2020,1,robust_rolling_cqr,recent_power_outage,ramp,260,260,0,1.0,147,0.5653846153846154,0.5653846153846154,True,usable_predictions,attempted_predictions
CSGS2,q4_2020,1,robust_rolling_cqr,weather_outage,non_ramp,5628,5628,0,1.0,5210,0.925728500355366,0.925728500355366,True,usable_predictions,attempted_predictions
CSGS2,q4_2020,1,robust_rolling_cqr,weather_outage,ramp,260,260,0,1.0,102,0.3923076923076923,0.3923076923076923,True,usable_predictions,attempted_predictions
CSGS2,q4_2020,4,clean_condition_cqr,clean,non_ramp,5118,5118,0,1.0,4780,0.9339585775693631,0.9339585775693631,True,usable_predictions,attempted_predictions
CSGS2,q4_2020,4,clean_condition_cqr,clean,ramp,770,770,0,1.0,486,0.6311688311688312,0.6311688311688312,True,usable_predictions,attempted_predictions
CSGS2,q4_2020,4,clean_condition_cqr,combined_outage,non_ramp,5118,5118,0,1.0,4610,0.9007424775302852,0.9007424775302852,True,usable_predictions,attempted_predictions
CSGS2,q4_2020,4,clean_condition_cqr,combined_outage,ramp,770,770,0,1.0,712,0.9246753246753247,0.9246753246753247,True,usable_predictions,attempted_predictions
CSGS2,q4_2020,4,clean_condition_cqr,irradiance_outage,non_ramp,5118,5118,0,1.0,4860,0.9495896834701055,0.9495896834701055,True,usable_predictions,attempted_predictions
CSGS2,q4_2020,4,clean_condition_cqr,irradiance_outage,ramp,770,770,0,1.0,549,0.712987012987013,0.712987012987013,True,usable_predictions,attempted_predictions
CSGS2,q4_2020,4,clean_condition_cqr,recent_power_outage,non_ramp,5118,5118,0,1.0,4463,0.872020320437671,0.872020320437671,True,usable_predictions,attempted_predictions
CSGS2,q4_2020,4,clean_condition_cqr,recent_power_outage,ramp,770,770,0,1.0,699,0.9077922077922078,0.9077922077922078,True,usable_predictions,attempted_predictions
CSGS2,q4_2020,4,clean_condition_cqr,weather_outage,non_ramp,5118,5118,0,1.0,4782,0.9343493552168816,0.9343493552168816,True,usable_predictions,attempted_predictions
CSGS2,q4_2020,4,clean_condition_cqr,weather_outage,ramp,770,770,0,1.0,445,0.577922077922078,0.577922077922078,True,usable_predictions,attempted_predictions
CSGS2,q4_2020,4,lgbm_condition_cqr,clean,non_ramp,5118,5118,0,1.0,4807,0.9392340758108636,0.9392340758108636,True,usable_predictions,attempted_predictions
CSGS2,q4_2020,4,lgbm_condition_cqr,clean,ramp,770,770,0,1.0,510,0.6623376623376623,0.6623376623376623,True,usable_predictions,attempted_predictions
CSGS2,q4_2020,4,lgbm_condition_cqr,combined_outage,non_ramp,5118,5118,0,1.0,4669,0.9122704181320829,0.9122704181320829,True,usable_predictions,attempted_predictions
CSGS2,q4_2020,4,lgbm_condition_cqr,combined_outage,ramp,770,770,0,1.0,725,0.9415584415584416,0.9415584415584416,True,usable_predictions,attempted_predictions
CSGS2,q4_2020,4,lgbm_condition_cqr,irradiance_outage,non_ramp,5118,5118,0,1.0,4908,0.958968347010551,0.958968347010551,True,usable_predictions,attempted_predictions
CSGS2,q4_2020,4,lgbm_condition_cqr,irradiance_outage,ramp,770,770,0,1.0,568,0.7376623376623377,0.7376623376623377,True,usable_predictions,attempted_predictions
CSGS2,q4_2020,4,lgbm_condition_cqr,recent_power_outage,non_ramp,5118,5118,0,1.0,4507,0.8806174286830794,0.8806174286830794,True,usable_predictions,attempted_predictions
CSGS2,q4_2020,4,lgbm_condition_cqr,recent_power_outage,ramp,770,770,0,1.0,703,0.912987012987013,0.912987012987013,True,usable_predictions,attempted_predictions
CSGS2,q4_2020,4,lgbm_condition_cqr,weather_outage,non_ramp,5118,5118,0,1.0,4809,0.9396248534583822,0.9396248534583822,True,usable_predictions,attempted_predictions
CSGS2,q4_2020,4,lgbm_condition_cqr,weather_outage,ramp,770,770,0,1.0,491,0.6376623376623377,0.6376623376623377,True,usable_predictions,attempted_predictions
CSGS2,q4_2020,4,oracle_ramp_mondrian,clean,non_ramp,5118,5118,0,1.0,4690,0.9163735834310277,0.9163735834310277,True,usable_predictions,attempted_predictions
CSGS2,q4_2020,4,oracle_ramp_mondrian,clean,ramp,770,770,0,1.0,684,0.8883116883116883,0.8883116883116883,True,usable_predictions,attempted_predictions
CSGS2,q4_2020,4,oracle_ramp_mondrian,combined_outage,non_ramp,5118,5118,0,1.0,4750,0.9280969128565846,0.9280969128565846,True,usable_predictions,attempted_predictions
CSGS2,q4_2020,4,oracle_ramp_mondrian,combined_outage,ramp,770,770,0,1.0,680,0.8831168831168831,0.8831168831168831,True,usable_predictions,attempted_predictions
CSGS2,q4_2020,4,oracle_ramp_mondrian,irradiance_outage,non_ramp,5118,5118,0,1.0,4764,0.9308323563892146,0.9308323563892146,True,usable_predictions,attempted_predictions
CSGS2,q4_2020,4,oracle_ramp_mondrian,irradiance_outage,ramp,770,770,0,1.0,666,0.8649350649350649,0.8649350649350649,True,usable_predictions,attempted_predictions
CSGS2,q4_2020,4,oracle_ramp_mondrian,recent_power_outage,non_ramp,5118,5118,0,1.0,4652,0.908948808128175,0.908948808128175,True,usable_predictions,attempted_predictions
CSGS2,q4_2020,4,oracle_ramp_mondrian,recent_power_outage,ramp,770,770,0,1.0,709,0.9207792207792208,0.9207792207792208,True,usable_predictions,attempted_predictions
CSGS2,q4_2020,4,oracle_ramp_mondrian,weather_outage,non_ramp,5118,5118,0,1.0,4692,0.9167643610785463,0.9167643610785463,True,usable_predictions,attempted_predictions
CSGS2,q4_2020,4,oracle_ramp_mondrian,weather_outage,ramp,770,770,0,1.0,665,0.8636363636363636,0.8636363636363636,True,usable_predictions,attempted_predictions
CSGS2,q4_2020,4,persistence_condition_cqr,clean,non_ramp,5118,5118,0,1.0,5009,0.9787026182102384,0.9787026182102384,True,usable_predictions,attempted_predictions
CSGS2,q4_2020,4,persistence_condition_cqr,clean,ramp,770,770,0,1.0,0,0.0,0.0,True,usable_predictions,attempted_predictions
CSGS2,q4_2020,4,persistence_condition_cqr,combined_outage,non_ramp,5118,5118,0,1.0,4398,0.8593200468933178,0.8593200468933178,True,usable_predictions,attempted_predictions
CSGS2,q4_2020,4,persistence_condition_cqr,combined_outage,ramp,770,770,0,1.0,400,0.5194805194805194,0.5194805194805194,True,usable_predictions,attempted_predictions
CSGS2,q4_2020,4,persistence_condition_cqr,irradiance_outage,non_ramp,5118,5118,0,1.0,5009,0.9787026182102384,0.9787026182102384,True,usable_predictions,attempted_predictions
CSGS2,q4_2020,4,persistence_condition_cqr,irradiance_outage,ramp,770,770,0,1.0,0,0.0,0.0,True,usable_predictions,attempted_predictions
CSGS2,q4_2020,4,persistence_condition_cqr,recent_power_outage,non_ramp,5118,5118,0,1.0,4398,0.8593200468933178,0.8593200468933178,True,usable_predictions,attempted_predictions
CSGS2,q4_2020,4,persistence_condition_cqr,recent_power_outage,ramp,770,770,0,1.0,400,0.5194805194805194,0.5194805194805194,True,usable_predictions,attempted_predictions
CSGS2,q4_2020,4,persistence_condition_cqr,weather_outage,non_ramp,5118,5118,0,1.0,5009,0.9787026182102384,0.9787026182102384,True,usable_predictions,attempted_predictions
CSGS2,q4_2020,4,persistence_condition_cqr,weather_outage,ramp,770,770,0,1.0,0,0.0,0.0,True,usable_predictions,attempted_predictions
CSGS2,q4_2020,4,robust_condition_cqr,clean,non_ramp,5118,5118,0,1.0,4748,0.9277061352090661,0.9277061352090661,True,usable_predictions,attempted_predictions
CSGS2,q4_2020,4,robust_condition_cqr,clean,ramp,770,770,0,1.0,540,0.7012987012987013,0.7012987012987013,True,usable_predictions,attempted_predictions
CSGS2,q4_2020,4,robust_condition_cqr,combined_outage,non_ramp,5118,5118,0,1.0,4783,0.9345447440406409,0.9345447440406409,True,usable_predictions,attempted_predictions
CSGS2,q4_2020,4,robust_condition_cqr,combined_outage,ramp,770,770,0,1.0,566,0.7350649350649351,0.7350649350649351,True,usable_predictions,attempted_predictions
CSGS2,q4_2020,4,robust_condition_cqr,irradiance_outage,non_ramp,5118,5118,0,1.0,4805,0.9388432981633451,0.9388432981633451,True,usable_predictions,attempted_predictions
CSGS2,q4_2020,4,robust_condition_cqr,irradiance_outage,ramp,770,770,0,1.0,578,0.7506493506493507,0.7506493506493507,True,usable_predictions,attempted_predictions
CSGS2,q4_2020,4,robust_condition_cqr,recent_power_outage,non_ramp,5118,5118,0,1.0,4718,0.9218444704962876,0.9218444704962876,True,usable_predictions,attempted_predictions
CSGS2,q4_2020,4,robust_condition_cqr,recent_power_outage,ramp,770,770,0,1.0,558,0.7246753246753247,0.7246753246753247,True,usable_predictions,attempted_predictions
CSGS2,q4_2020,4,robust_condition_cqr,weather_outage,non_ramp,5118,5118,0,1.0,4740,0.9261430246189918,0.9261430246189918,True,usable_predictions,attempted_predictions
CSGS2,q4_2020,4,robust_condition_cqr,weather_outage,ramp,770,770,0,1.0,501,0.6506493506493507,0.6506493506493507,True,usable_predictions,attempted_predictions
CSGS2,q4_2020,4,robust_local_cqr,clean,non_ramp,5118,5118,0,1.0,4834,0.9445095740523642,0.9445095740523642,True,usable_predictions,attempted_predictions
CSGS2,q4_2020,4,robust_local_cqr,clean,ramp,770,770,0,1.0,661,0.8584415584415584,0.8584415584415584,True,usable_predictions,attempted_predictions
CSGS2,q4_2020,4,robust_local_cqr,combined_outage,non_ramp,5118,5118,0,1.0,4813,0.9404064087534193,0.9404064087534193,True,usable_predictions,attempted_predictions
CSGS2,q4_2020,4,robust_local_cqr,combined_outage,ramp,770,770,0,1.0,624,0.8103896103896104,0.8103896103896104,True,usable_predictions,attempted_predictions
CSGS2,q4_2020,4,robust_local_cqr,irradiance_outage,non_ramp,5118,5118,0,1.0,4886,0.9546697928878468,0.9546697928878468,True,usable_predictions,attempted_predictions
CSGS2,q4_2020,4,robust_local_cqr,irradiance_outage,ramp,770,770,0,1.0,657,0.8532467532467533,0.8532467532467533,True,usable_predictions,attempted_predictions
CSGS2,q4_2020,4,robust_local_cqr,recent_power_outage,non_ramp,5118,5118,0,1.0,4803,0.9384525205158265,0.9384525205158265,True,usable_predictions,attempted_predictions
CSGS2,q4_2020,4,robust_local_cqr,recent_power_outage,ramp,770,770,0,1.0,645,0.8376623376623377,0.8376623376623377,True,usable_predictions,attempted_predictions
CSGS2,q4_2020,4,robust_local_cqr,weather_outage,non_ramp,5118,5118,0,1.0,4843,0.9462680734661977,0.9462680734661977,True,usable_predictions,attempted_predictions
CSGS2,q4_2020,4,robust_local_cqr,weather_outage,ramp,770,770,0,1.0,627,0.8142857142857143,0.8142857142857143,True,usable_predictions,attempted_predictions
CSGS2,q4_2020,4,robust_risk_mondrian,clean,non_ramp,5118,5118,0,1.0,4782,0.9343493552168816,0.9343493552168816,True,usable_predictions,attempted_predictions
CSGS2,q4_2020,4,robust_risk_mondrian,clean,ramp,770,770,0,1.0,620,0.8051948051948052,0.8051948051948052,True,usable_predictions,attempted_predictions
CSGS2,q4_2020,4,robust_risk_mondrian,combined_outage,non_ramp,5118,5118,0,1.0,4767,0.9314185228604924,0.9314185228604924,True,usable_predictions,attempted_predictions
CSGS2,q4_2020,4,robust_risk_mondrian,combined_outage,ramp,770,770,0,1.0,615,0.7987012987012987,0.7987012987012987,True,usable_predictions,attempted_predictions
CSGS2,q4_2020,4,robust_risk_mondrian,irradiance_outage,non_ramp,5118,5118,0,1.0,4813,0.9404064087534193,0.9404064087534193,True,usable_predictions,attempted_predictions
CSGS2,q4_2020,4,robust_risk_mondrian,irradiance_outage,ramp,770,770,0,1.0,637,0.8272727272727273,0.8272727272727273,True,usable_predictions,attempted_predictions
CSGS2,q4_2020,4,robust_risk_mondrian,recent_power_outage,non_ramp,5118,5118,0,1.0,4763,0.9306369675654552,0.9306369675654552,True,usable_predictions,attempted_predictions
CSGS2,q4_2020,4,robust_risk_mondrian,recent_power_outage,ramp,770,770,0,1.0,600,0.7792207792207793,0.7792207792207793,True,usable_predictions,attempted_predictions
CSGS2,q4_2020,4,robust_risk_mondrian,weather_outage,non_ramp,5118,5118,0,1.0,4747,0.9275107463853067,0.9275107463853067,True,usable_predictions,attempted_predictions
CSGS2,q4_2020,4,robust_risk_mondrian,weather_outage,ramp,770,770,0,1.0,588,0.7636363636363637,0.7636363636363637,True,usable_predictions,attempted_predictions
CSGS2,q4_2020,4,robust_rolling_cqr,clean,non_ramp,5118,5118,0,1.0,4716,0.9214536928487691,0.9214536928487691,True,usable_predictions,attempted_predictions
CSGS2,q4_2020,4,robust_rolling_cqr,clean,ramp,770,770,0,1.0,557,0.7233766233766233,0.7233766233766233,True,usable_predictions,attempted_predictions
CSGS2,q4_2020,4,robust_rolling_cqr,combined_outage,non_ramp,5118,5118,0,1.0,4698,0.917936694021102,0.917936694021102,True,usable_predictions,attempted_predictions
CSGS2,q4_2020,4,robust_rolling_cqr,combined_outage,ramp,770,770,0,1.0,555,0.7207792207792207,0.7207792207792207,True,usable_predictions,attempted_predictions
CSGS2,q4_2020,4,robust_rolling_cqr,irradiance_outage,non_ramp,5118,5118,0,1.0,4715,0.9212583040250097,0.9212583040250097,True,usable_predictions,attempted_predictions
CSGS2,q4_2020,4,robust_rolling_cqr,irradiance_outage,ramp,770,770,0,1.0,571,0.7415584415584415,0.7415584415584415,True,usable_predictions,attempted_predictions
CSGS2,q4_2020,4,robust_rolling_cqr,recent_power_outage,non_ramp,5118,5118,0,1.0,4686,0.9155920281359906,0.9155920281359906,True,usable_predictions,attempted_predictions
CSGS2,q4_2020,4,robust_rolling_cqr,recent_power_outage,ramp,770,770,0,1.0,570,0.7402597402597403,0.7402597402597403,True,usable_predictions,attempted_predictions
CSGS2,q4_2020,4,robust_rolling_cqr,weather_outage,non_ramp,5118,5118,0,1.0,4727,0.9236029699101211,0.9236029699101211,True,usable_predictions,attempted_predictions
CSGS2,q4_2020,4,robust_rolling_cqr,weather_outage,ramp,770,770,0,1.0,529,0.687012987012987,0.687012987012987,True,usable_predictions,attempted_predictions
CSGS5,q1_2020,1,clean_condition_cqr,clean,non_ramp,3372,3372,0,1.0,3013,0.8935349940688019,0.8935349940688019,True,usable_predictions,attempted_predictions
CSGS5,q1_2020,1,clean_condition_cqr,clean,ramp,334,334,0,1.0,106,0.31736526946107785,0.31736526946107785,True,usable_predictions,attempted_predictions
CSGS5,q1_2020,1,clean_condition_cqr,combined_outage,non_ramp,3372,3372,0,1.0,2892,0.8576512455516014,0.8576512455516014,True,usable_predictions,attempted_predictions
CSGS5,q1_2020,1,clean_condition_cqr,combined_outage,ramp,334,334,0,1.0,265,0.7934131736526946,0.7934131736526946,True,usable_predictions,attempted_predictions
CSGS5,q1_2020,1,clean_condition_cqr,irradiance_outage,non_ramp,3372,3372,0,1.0,3046,0.9033214709371293,0.9033214709371293,True,usable_predictions,attempted_predictions
CSGS5,q1_2020,1,clean_condition_cqr,irradiance_outage,ramp,334,334,0,1.0,188,0.562874251497006,0.562874251497006,True,usable_predictions,attempted_predictions
CSGS5,q1_2020,1,clean_condition_cqr,recent_power_outage,non_ramp,3372,3372,0,1.0,2843,0.8431198102016607,0.8431198102016607,True,usable_predictions,attempted_predictions
CSGS5,q1_2020,1,clean_condition_cqr,recent_power_outage,ramp,334,334,0,1.0,220,0.6586826347305389,0.6586826347305389,True,usable_predictions,attempted_predictions
CSGS5,q1_2020,1,clean_condition_cqr,weather_outage,non_ramp,3372,3372,0,1.0,3038,0.9009489916963227,0.9009489916963227,True,usable_predictions,attempted_predictions
CSGS5,q1_2020,1,clean_condition_cqr,weather_outage,ramp,334,334,0,1.0,109,0.3263473053892216,0.3263473053892216,True,usable_predictions,attempted_predictions
CSGS5,q1_2020,1,lgbm_condition_cqr,clean,non_ramp,3372,3372,0,1.0,2972,0.8813760379596679,0.8813760379596679,True,usable_predictions,attempted_predictions
CSGS5,q1_2020,1,lgbm_condition_cqr,clean,ramp,334,334,0,1.0,165,0.4940119760479042,0.4940119760479042,True,usable_predictions,attempted_predictions
CSGS5,q1_2020,1,lgbm_condition_cqr,combined_outage,non_ramp,3372,3372,0,1.0,2883,0.854982206405694,0.854982206405694,True,usable_predictions,attempted_predictions
CSGS5,q1_2020,1,lgbm_condition_cqr,combined_outage,ramp,334,334,0,1.0,267,0.7994011976047904,0.7994011976047904,True,usable_predictions,attempted_predictions
CSGS5,q1_2020,1,lgbm_condition_cqr,irradiance_outage,non_ramp,3372,3372,0,1.0,2779,0.8241399762752076,0.8241399762752076,True,usable_predictions,attempted_predictions
CSGS5,q1_2020,1,lgbm_condition_cqr,irradiance_outage,ramp,334,334,0,1.0,210,0.6287425149700598,0.6287425149700598,True,usable_predictions,attempted_predictions
CSGS5,q1_2020,1,lgbm_condition_cqr,recent_power_outage,non_ramp,3372,3372,0,1.0,2882,0.8546856465005931,0.8546856465005931,True,usable_predictions,attempted_predictions
CSGS5,q1_2020,1,lgbm_condition_cqr,recent_power_outage,ramp,334,334,0,1.0,273,0.8173652694610778,0.8173652694610778,True,usable_predictions,attempted_predictions
CSGS5,q1_2020,1,lgbm_condition_cqr,weather_outage,non_ramp,3372,3372,0,1.0,3009,0.8923487544483986,0.8923487544483986,True,usable_predictions,attempted_predictions
CSGS5,q1_2020,1,lgbm_condition_cqr,weather_outage,ramp,334,334,0,1.0,169,0.5059880239520959,0.5059880239520959,True,usable_predictions,attempted_predictions
CSGS5,q1_2020,1,oracle_ramp_mondrian,clean,non_ramp,3372,3372,0,1.0,3061,0.9077698695136418,0.9077698695136418,True,usable_predictions,attempted_predictions
CSGS5,q1_2020,1,oracle_ramp_mondrian,clean,ramp,334,334,0,1.0,306,0.9161676646706587,0.9161676646706587,True,usable_predictions,attempted_predictions
CSGS5,q1_2020,1,oracle_ramp_mondrian,combined_outage,non_ramp,3372,3372,0,1.0,2303,0.6829774614472124,0.6829774614472124,True,usable_predictions,attempted_predictions
CSGS5,q1_2020,1,oracle_ramp_mondrian,combined_outage,ramp,334,334,0,1.0,294,0.8802395209580839,0.8802395209580839,True,usable_predictions,attempted_predictions
CSGS5,q1_2020,1,oracle_ramp_mondrian,irradiance_outage,non_ramp,3372,3372,0,1.0,3142,0.9317912218268091,0.9317912218268091,True,usable_predictions,attempted_predictions
CSGS5,q1_2020,1,oracle_ramp_mondrian,irradiance_outage,ramp,334,334,0,1.0,306,0.9161676646706587,0.9161676646706587,True,usable_predictions,attempted_predictions
CSGS5,q1_2020,1,oracle_ramp_mondrian,recent_power_outage,non_ramp,3372,3372,0,1.0,2984,0.8849347568208779,0.8849347568208779,True,usable_predictions,attempted_predictions
CSGS5,q1_2020,1,oracle_ramp_mondrian,recent_power_outage,ramp,334,334,0,1.0,289,0.8652694610778443,0.8652694610778443,True,usable_predictions,attempted_predictions
CSGS5,q1_2020,1,oracle_ramp_mondrian,weather_outage,non_ramp,3372,3372,0,1.0,3083,0.91429418742586,0.91429418742586,True,usable_predictions,attempted_predictions
CSGS5,q1_2020,1,oracle_ramp_mondrian,weather_outage,ramp,334,334,0,1.0,304,0.9101796407185628,0.9101796407185628,True,usable_predictions,attempted_predictions
CSGS5,q1_2020,1,persistence_condition_cqr,clean,non_ramp,3372,3372,0,1.0,3112,0.9228944246737841,0.9228944246737841,True,usable_predictions,attempted_predictions
CSGS5,q1_2020,1,persistence_condition_cqr,clean,ramp,334,334,0,1.0,0,0.0,0.0,True,usable_predictions,attempted_predictions
CSGS5,q1_2020,1,persistence_condition_cqr,combined_outage,non_ramp,3372,2679,693,0.7944839857651246,2242,0.8368794326241135,0.6648873072360617,True,usable_predictions,attempted_predictions
CSGS5,q1_2020,1,persistence_condition_cqr,combined_outage,ramp,334,305,29,0.9131736526946108,226,0.740983606557377,0.6766467065868264,True,usable_predictions,attempted_predictions
CSGS5,q1_2020,1,persistence_condition_cqr,irradiance_outage,non_ramp,3372,3372,0,1.0,3112,0.9228944246737841,0.9228944246737841,True,usable_predictions,attempted_predictions
CSGS5,q1_2020,1,persistence_condition_cqr,irradiance_outage,ramp,334,334,0,1.0,0,0.0,0.0,True,usable_predictions,attempted_predictions
CSGS5,q1_2020,1,persistence_condition_cqr,recent_power_outage,non_ramp,3372,2679,693,0.7944839857651246,2242,0.8368794326241135,0.6648873072360617,True,usable_predictions,attempted_predictions
CSGS5,q1_2020,1,persistence_condition_cqr,recent_power_outage,ramp,334,305,29,0.9131736526946108,226,0.740983606557377,0.6766467065868264,True,usable_predictions,attempted_predictions
CSGS5,q1_2020,1,persistence_condition_cqr,weather_outage,non_ramp,3372,3372,0,1.0,3112,0.9228944246737841,0.9228944246737841,True,usable_predictions,attempted_predictions
CSGS5,q1_2020,1,persistence_condition_cqr,weather_outage,ramp,334,334,0,1.0,0,0.0,0.0,True,usable_predictions,attempted_predictions
CSGS5,q1_2020,1,robust_condition_cqr,clean,non_ramp,3372,3372,0,1.0,3061,0.9077698695136418,0.9077698695136418,True,usable_predictions,attempted_predictions
CSGS5,q1_2020,1,robust_condition_cqr,clean,ramp,334,334,0,1.0,173,0.5179640718562875,0.5179640718562875,True,usable_predictions,attempted_predictions
CSGS5,q1_2020,1,robust_condition_cqr,combined_outage,non_ramp,3372,3372,0,1.0,2377,0.7049228944246738,0.7049228944246738,True,usable_predictions,attempted_predictions
CSGS5,q1_2020,1,robust_condition_cqr,combined_outage,ramp,334,334,0,1.0,217,0.6497005988023952,0.6497005988023952,True,usable_predictions,attempted_predictions
CSGS5,q1_2020,1,robust_condition_cqr,irradiance_outage,non_ramp,3372,3372,0,1.0,3142,0.9317912218268091,0.9317912218268091,True,usable_predictions,attempted_predictions
CSGS5,q1_2020,1,robust_condition_cqr,irradiance_outage,ramp,334,334,0,1.0,195,0.5838323353293413,0.5838323353293413,True,usable_predictions,attempted_predictions
CSGS5,q1_2020,1,robust_condition_cqr,recent_power_outage,non_ramp,3372,3372,0,1.0,2984,0.8849347568208779,0.8849347568208779,True,usable_predictions,attempted_predictions
CSGS5,q1_2020,1,robust_condition_cqr,recent_power_outage,ramp,334,334,0,1.0,221,0.6616766467065869,0.6616766467065869,True,usable_predictions,attempted_predictions
CSGS5,q1_2020,1,robust_condition_cqr,weather_outage,non_ramp,3372,3372,0,1.0,3083,0.91429418742586,0.91429418742586,True,usable_predictions,attempted_predictions
CSGS5,q1_2020,1,robust_condition_cqr,weather_outage,ramp,334,334,0,1.0,180,0.5389221556886228,0.5389221556886228,True,usable_predictions,attempted_predictions
CSGS5,q1_2020,1,robust_local_cqr,clean,non_ramp,3372,3372,0,1.0,3184,0.9442467378410438,0.9442467378410438,True,usable_predictions,attempted_predictions
CSGS5,q1_2020,1,robust_local_cqr,clean,ramp,334,334,0,1.0,219,0.655688622754491,0.655688622754491,True,usable_predictions,attempted_predictions
CSGS5,q1_2020,1,robust_local_cqr,combined_outage,non_ramp,3372,3372,0,1.0,2597,0.7701660735468565,0.7701660735468565,True,usable_predictions,attempted_predictions
CSGS5,q1_2020,1,robust_local_cqr,combined_outage,ramp,334,334,0,1.0,244,0.7305389221556886,0.7305389221556886,True,usable_predictions,attempted_predictions
CSGS5,q1_2020,1,robust_local_cqr,irradiance_outage,non_ramp,3372,3372,0,1.0,3231,0.958185053380783,0.958185053380783,True,usable_predictions,attempted_predictions
CSGS5,q1_2020,1,robust_local_cqr,irradiance_outage,ramp,334,334,0,1.0,226,0.6766467065868264,0.6766467065868264,True,usable_predictions,attempted_predictions
CSGS5,q1_2020,1,robust_local_cqr,recent_power_outage,non_ramp,3372,3372,0,1.0,3126,0.9270462633451957,0.9270462633451957,True,usable_predictions,attempted_predictions
CSGS5,q1_2020,1,robust_local_cqr,recent_power_outage,ramp,334,334,0,1.0,230,0.688622754491018,0.688622754491018,True,usable_predictions,attempted_predictions
CSGS5,q1_2020,1,robust_local_cqr,weather_outage,non_ramp,3372,3372,0,1.0,3196,0.9478054567022538,0.9478054567022538,True,usable_predictions,attempted_predictions
CSGS5,q1_2020,1,robust_local_cqr,weather_outage,ramp,334,334,0,1.0,221,0.6616766467065869,0.6616766467065869,True,usable_predictions,attempted_predictions
CSGS5,q1_2020,1,robust_risk_mondrian,clean,non_ramp,3372,3372,0,1.0,3104,0.9205219454329775,0.9205219454329775,True,usable_predictions,attempted_predictions
CSGS5,q1_2020,1,robust_risk_mondrian,clean,ramp,334,334,0,1.0,208,0.6227544910179641,0.6227544910179641,True,usable_predictions,attempted_predictions
CSGS5,q1_2020,1,robust_risk_mondrian,combined_outage,non_ramp,3372,3372,0,1.0,2493,0.7393238434163701,0.7393238434163701,True,usable_predictions,attempted_predictions
CSGS5,q1_2020,1,robust_risk_mondrian,combined_outage,ramp,334,334,0,1.0,231,0.6916167664670658,0.6916167664670658,True,usable_predictions,attempted_predictions
CSGS5,q1_2020,1,robust_risk_mondrian,irradiance_outage,non_ramp,3372,3372,0,1.0,3161,0.9374258600237247,0.9374258600237247,True,usable_predictions,attempted_predictions
CSGS5,q1_2020,1,robust_risk_mondrian,irradiance_outage,ramp,334,334,0,1.0,208,0.6227544910179641,0.6227544910179641,True,usable_predictions,attempted_predictions
CSGS5,q1_2020,1,robust_risk_mondrian,recent_power_outage,non_ramp,3372,3372,0,1.0,2984,0.8849347568208779,0.8849347568208779,True,usable_predictions,attempted_predictions
CSGS5,q1_2020,1,robust_risk_mondrian,recent_power_outage,ramp,334,334,0,1.0,221,0.6616766467065869,0.6616766467065869,True,usable_predictions,attempted_predictions
CSGS5,q1_2020,1,robust_risk_mondrian,weather_outage,non_ramp,3372,3372,0,1.0,3135,0.9297153024911032,0.9297153024911032,True,usable_predictions,attempted_predictions
CSGS5,q1_2020,1,robust_risk_mondrian,weather_outage,ramp,334,334,0,1.0,203,0.6077844311377245,0.6077844311377245,True,usable_predictions,attempted_predictions
CSGS5,q1_2020,1,robust_rolling_cqr,clean,non_ramp,3372,3372,0,1.0,3128,0.9276393831553974,0.9276393831553974,True,usable_predictions,attempted_predictions
CSGS5,q1_2020,1,robust_rolling_cqr,clean,ramp,334,334,0,1.0,180,0.5389221556886228,0.5389221556886228,True,usable_predictions,attempted_predictions
CSGS5,q1_2020,1,robust_rolling_cqr,combined_outage,non_ramp,3372,3372,0,1.0,3032,0.8991696322657177,0.8991696322657177,True,usable_predictions,attempted_predictions
CSGS5,q1_2020,1,robust_rolling_cqr,combined_outage,ramp,334,334,0,1.0,284,0.8502994011976048,0.8502994011976048,True,usable_predictions,attempted_predictions
CSGS5,q1_2020,1,robust_rolling_cqr,irradiance_outage,non_ramp,3372,3372,0,1.0,3161,0.9374258600237247,0.9374258600237247,True,usable_predictions,attempted_predictions
CSGS5,q1_2020,1,robust_rolling_cqr,irradiance_outage,ramp,334,334,0,1.0,196,0.5868263473053892,0.5868263473053892,True,usable_predictions,attempted_predictions
CSGS5,q1_2020,1,robust_rolling_cqr,recent_power_outage,non_ramp,3372,3372,0,1.0,3079,0.9131079478054567,0.9131079478054567,True,usable_predictions,attempted_predictions
CSGS5,q1_2020,1,robust_rolling_cqr,recent_power_outage,ramp,334,334,0,1.0,228,0.6826347305389222,0.6826347305389222,True,usable_predictions,attempted_predictions
CSGS5,q1_2020,1,robust_rolling_cqr,weather_outage,non_ramp,3372,3372,0,1.0,3134,0.9294187425860023,0.9294187425860023,True,usable_predictions,attempted_predictions
CSGS5,q1_2020,1,robust_rolling_cqr,weather_outage,ramp,334,334,0,1.0,186,0.5568862275449101,0.5568862275449101,True,usable_predictions,attempted_predictions
CSGS5,q1_2020,4,clean_condition_cqr,clean,non_ramp,2896,2896,0,1.0,2664,0.919889502762431,0.919889502762431,True,usable_predictions,attempted_predictions
CSGS5,q1_2020,4,clean_condition_cqr,clean,ramp,543,543,0,1.0,344,0.6335174953959485,0.6335174953959485,True,usable_predictions,attempted_predictions
CSGS5,q1_2020,4,clean_condition_cqr,combined_outage,non_ramp,2896,2896,0,1.0,2348,0.8107734806629834,0.8107734806629834,True,usable_predictions,attempted_predictions
CSGS5,q1_2020,4,clean_condition_cqr,combined_outage,ramp,543,543,0,1.0,457,0.8416206261510129,0.8416206261510129,True,usable_predictions,attempted_predictions
CSGS5,q1_2020,4,clean_condition_cqr,irradiance_outage,non_ramp,2896,2896,0,1.0,2459,0.8491022099447514,0.8491022099447514,True,usable_predictions,attempted_predictions
CSGS5,q1_2020,4,clean_condition_cqr,irradiance_outage,ramp,543,543,0,1.0,387,0.712707182320442,0.712707182320442,True,usable_predictions,attempted_predictions
CSGS5,q1_2020,4,clean_condition_cqr,recent_power_outage,non_ramp,2896,2896,0,1.0,2377,0.8207872928176796,0.8207872928176796,True,usable_predictions,attempted_predictions
CSGS5,q1_2020,4,clean_condition_cqr,recent_power_outage,ramp,543,543,0,1.0,373,0.6869244935543278,0.6869244935543278,True,usable_predictions,attempted_predictions
CSGS5,q1_2020,4,clean_condition_cqr,weather_outage,non_ramp,2896,2896,0,1.0,2703,0.9333563535911602,0.9333563535911602,True,usable_predictions,attempted_predictions
CSGS5,q1_2020,4,clean_condition_cqr,weather_outage,ramp,543,543,0,1.0,335,0.6169429097605893,0.6169429097605893,True,usable_predictions,attempted_predictions
CSGS5,q1_2020,4,lgbm_condition_cqr,clean,non_ramp,2896,2896,0,1.0,2627,0.9071132596685083,0.9071132596685083,True,usable_predictions,attempted_predictions
CSGS5,q1_2020,4,lgbm_condition_cqr,clean,ramp,543,543,0,1.0,279,0.5138121546961326,0.5138121546961326,True,usable_predictions,attempted_predictions
CSGS5,q1_2020,4,lgbm_condition_cqr,combined_outage,non_ramp,2896,2896,0,1.0,2438,0.8418508287292817,0.8418508287292817,True,usable_predictions,attempted_predictions
CSGS5,q1_2020,4,lgbm_condition_cqr,combined_outage,ramp,543,543,0,1.0,437,0.8047882136279927,0.8047882136279927,True,usable_predictions,attempted_predictions
CSGS5,q1_2020,4,lgbm_condition_cqr,irradiance_outage,non_ramp,2896,2896,0,1.0,2444,0.8439226519337016,0.8439226519337016,True,usable_predictions,attempted_predictions
CSGS5,q1_2020,4,lgbm_condition_cqr,irradiance_outage,ramp,543,543,0,1.0,321,0.5911602209944752,0.5911602209944752,True,usable_predictions,attempted_predictions
CSGS5,q1_2020,4,lgbm_condition_cqr,recent_power_outage,non_ramp,2896,2896,0,1.0,2398,0.8280386740331491,0.8280386740331491,True,usable_predictions,attempted_predictions
CSGS5,q1_2020,4,lgbm_condition_cqr,recent_power_outage,ramp,543,543,0,1.0,411,0.7569060773480663,0.7569060773480663,True,usable_predictions,attempted_predictions
CSGS5,q1_2020,4,lgbm_condition_cqr,weather_outage,non_ramp,2896,2896,0,1.0,2607,0.900207182320442,0.900207182320442,True,usable_predictions,attempted_predictions
CSGS5,q1_2020,4,lgbm_condition_cqr,weather_outage,ramp,543,543,0,1.0,264,0.4861878453038674,0.4861878453038674,True,usable_predictions,attempted_predictions
CSGS5,q1_2020,4,oracle_ramp_mondrian,clean,non_ramp,2896,2896,0,1.0,2499,0.862914364640884,0.862914364640884,True,usable_predictions,attempted_predictions
CSGS5,q1_2020,4,oracle_ramp_mondrian,clean,ramp,543,543,0,1.0,477,0.8784530386740331,0.8784530386740331,True,usable_predictions,attempted_predictions
CSGS5,q1_2020,4,oracle_ramp_mondrian,combined_outage,non_ramp,2896,2896,0,1.0,1873,0.6467541436464088,0.6467541436464088,True,usable_predictions,attempted_predictions
CSGS5,q1_2020,4,oracle_ramp_mondrian,combined_outage,ramp,543,543,0,1.0,489,0.9005524861878453,0.9005524861878453,True,usable_predictions,attempted_predictions
CSGS5,q1_2020,4,oracle_ramp_mondrian,irradiance_outage,non_ramp,2896,2896,0,1.0,2412,0.8328729281767956,0.8328729281767956,True,usable_predictions,attempted_predictions
CSGS5,q1_2020,4,oracle_ramp_mondrian,irradiance_outage,ramp,543,543,0,1.0,480,0.8839779005524862,0.8839779005524862,True,usable_predictions,attempted_predictions
CSGS5,q1_2020,4,oracle_ramp_mondrian,recent_power_outage,non_ramp,2896,2896,0,1.0,2362,0.8156077348066298,0.8156077348066298,True,usable_predictions,attempted_predictions
CSGS5,q1_2020,4,oracle_ramp_mondrian,recent_power_outage,ramp,543,543,0,1.0,480,0.8839779005524862,0.8839779005524862,True,usable_predictions,attempted_predictions
CSGS5,q1_2020,4,oracle_ramp_mondrian,weather_outage,non_ramp,2896,2896,0,1.0,2528,0.8729281767955801,0.8729281767955801,True,usable_predictions,attempted_predictions
CSGS5,q1_2020,4,oracle_ramp_mondrian,weather_outage,ramp,543,543,0,1.0,483,0.8895027624309392,0.8895027624309392,True,usable_predictions,attempted_predictions
CSGS5,q1_2020,4,persistence_condition_cqr,clean,non_ramp,2896,2896,0,1.0,2851,0.9844613259668509,0.9844613259668509,True,usable_predictions,attempted_predictions
CSGS5,q1_2020,4,persistence_condition_cqr,clean,ramp,543,543,0,1.0,0,0.0,0.0,True,usable_predictions,attempted_predictions
CSGS5,q1_2020,4,persistence_condition_cqr,combined_outage,non_ramp,2896,2314,582,0.7990331491712708,2036,0.8798617113223854,0.7030386740331491,True,usable_predictions,attempted_predictions
CSGS5,q1_2020,4,persistence_condition_cqr,combined_outage,ramp,543,398,145,0.7329650092081031,223,0.5603015075376885,0.4106813996316759,True,usable_predictions,attempted_predictions
CSGS5,q1_2020,4,persistence_condition_cqr,irradiance_outage,non_ramp,2896,2896,0,1.0,2851,0.9844613259668509,0.9844613259668509,True,usable_predictions,attempted_predictions
CSGS5,q1_2020,4,persistence_condition_cqr,irradiance_outage,ramp,543,543,0,1.0,0,0.0,0.0,True,usable_predictions,attempted_predictions
CSGS5,q1_2020,4,persistence_condition_cqr,recent_power_outage,non_ramp,2896,2314,582,0.7990331491712708,2036,0.8798617113223854,0.7030386740331491,True,usable_predictions,attempted_predictions
CSGS5,q1_2020,4,persistence_condition_cqr,recent_power_outage,ramp,543,398,145,0.7329650092081031,223,0.5603015075376885,0.4106813996316759,True,usable_predictions,attempted_predictions
CSGS5,q1_2020,4,persistence_condition_cqr,weather_outage,non_ramp,2896,2896,0,1.0,2851,0.9844613259668509,0.9844613259668509,True,usable_predictions,attempted_predictions
CSGS5,q1_2020,4,persistence_condition_cqr,weather_outage,ramp,543,543,0,1.0,0,0.0,0.0,True,usable_predictions,attempted_predictions
CSGS5,q1_2020,4,robust_condition_cqr,clean,non_ramp,2896,2896,0,1.0,2582,0.8915745856353591,0.8915745856353591,True,usable_predictions,attempted_predictions
CSGS5,q1_2020,4,robust_condition_cqr,clean,ramp,543,543,0,1.0,412,0.7587476979742173,0.7587476979742173,True,usable_predictions,attempted_predictions
CSGS5,q1_2020,4,robust_condition_cqr,combined_outage,non_ramp,2896,2896,0,1.0,1954,0.6747237569060773,0.6747237569060773,True,usable_predictions,attempted_predictions
CSGS5,q1_2020,4,robust_condition_cqr,combined_outage,ramp,543,543,0,1.0,418,0.7697974217311234,0.7697974217311234,True,usable_predictions,attempted_predictions
CSGS5,q1_2020,4,robust_condition_cqr,irradiance_outage,non_ramp,2896,2896,0,1.0,2484,0.8577348066298343,0.8577348066298343,True,usable_predictions,attempted_predictions
CSGS5,q1_2020,4,robust_condition_cqr,irradiance_outage,ramp,543,543,0,1.0,406,0.7476979742173112,0.7476979742173112,True,usable_predictions,attempted_predictions
CSGS5,q1_2020,4,robust_condition_cqr,recent_power_outage,non_ramp,2896,2896,0,1.0,2448,0.8453038674033149,0.8453038674033149,True,usable_predictions,attempted_predictions
CSGS5,q1_2020,4,robust_condition_cqr,recent_power_outage,ramp,543,543,0,1.0,425,0.7826887661141805,0.7826887661141805,True,usable_predictions,attempted_predictions
CSGS5,q1_2020,4,robust_condition_cqr,weather_outage,non_ramp,2896,2896,0,1.0,2620,0.9046961325966851,0.9046961325966851,True,usable_predictions,attempted_predictions
CSGS5,q1_2020,4,robust_condition_cqr,weather_outage,ramp,543,543,0,1.0,402,0.7403314917127072,0.7403314917127072,True,usable_predictions,attempted_predictions
CSGS5,q1_2020,4,robust_local_cqr,clean,non_ramp,2896,2896,0,1.0,2685,0.9271408839779005,0.9271408839779005,True,usable_predictions,attempted_predictions
CSGS5,q1_2020,4,robust_local_cqr,clean,ramp,543,543,0,1.0,444,0.8176795580110497,0.8176795580110497,True,usable_predictions,attempted_predictions
CSGS5,q1_2020,4,robust_local_cqr,combined_outage,non_ramp,2896,2896,0,1.0,2099,0.724792817679558,0.724792817679558,True,usable_predictions,attempted_predictions
CSGS5,q1_2020,4,robust_local_cqr,combined_outage,ramp,543,543,0,1.0,463,0.852670349907919,0.852670349907919,True,usable_predictions,attempted_predictions
CSGS5,q1_2020,4,robust_local_cqr,irradiance_outage,non_ramp,2896,2896,0,1.0,2697,0.9312845303867403,0.9312845303867403,True,usable_predictions,attempted_predictions
CSGS5,q1_2020,4,robust_local_cqr,irradiance_outage,ramp,543,543,0,1.0,436,0.8029465930018416,0.8029465930018416,True,usable_predictions,attempted_predictions
CSGS5,q1_2020,4,robust_local_cqr,recent_power_outage,non_ramp,2896,2896,0,1.0,2667,0.9209254143646409,0.9209254143646409,True,usable_predictions,attempted_predictions
CSGS5,q1_2020,4,robust_local_cqr,recent_power_outage,ramp,543,543,0,1.0,470,0.8655616942909761,0.8655616942909761,True,usable_predictions,attempted_predictions
CSGS5,q1_2020,4,robust_local_cqr,weather_outage,non_ramp,2896,2896,0,1.0,2712,0.93646408839779,0.93646408839779,True,usable_predictions,attempted_predictions
CSGS5,q1_2020,4,robust_local_cqr,weather_outage,ramp,543,543,0,1.0,433,0.7974217311233885,0.7974217311233885,True,usable_predictions,attempted_predictions
CSGS5,q1_2020,4,robust_risk_mondrian,clean,non_ramp,2896,2896,0,1.0,2616,0.9033149171270718,0.9033149171270718,True,usable_predictions,attempted_predictions
CSGS5,q1_2020,4,robust_risk_mondrian,clean,ramp,543,543,0,1.0,435,0.8011049723756906,0.8011049723756906,True,usable_predictions,attempted_predictions
CSGS5,q1_2020,4,robust_risk_mondrian,combined_outage,non_ramp,2896,2896,0,1.0,1984,0.6850828729281768,0.6850828729281768,True,usable_predictions,attempted_predictions
CSGS5,q1_2020,4,robust_risk_mondrian,combined_outage,ramp,543,543,0,1.0,427,0.7863720073664825,0.7863720073664825,True,usable_predictions,attempted_predictions
CSGS5,q1_2020,4,robust_risk_mondrian,irradiance_outage,non_ramp,2896,2896,0,1.0,2559,0.8836325966850829,0.8836325966850829,True,usable_predictions,attempted_predictions
CSGS5,q1_2020,4,robust_risk_mondrian,irradiance_outage,ramp,543,543,0,1.0,433,0.7974217311233885,0.7974217311233885,True,usable_predictions,attempted_predictions
CSGS5,q1_2020,4,robust_risk_mondrian,recent_power_outage,non_ramp,2896,2896,0,1.0,2441,0.8428867403314917,0.8428867403314917,True,usable_predictions,attempted_predictions
CSGS5,q1_2020,4,robust_risk_mondrian,recent_power_outage,ramp,543,543,0,1.0,431,0.7937384898710865,0.7937384898710865,True,usable_predictions,attempted_predictions
CSGS5,q1_2020,4,robust_risk_mondrian,weather_outage,non_ramp,2896,2896,0,1.0,2676,0.9240331491712708,0.9240331491712708,True,usable_predictions,attempted_predictions
CSGS5,q1_2020,4,robust_risk_mondrian,weather_outage,ramp,543,543,0,1.0,430,0.7918968692449355,0.7918968692449355,True,usable_predictions,attempted_predictions
CSGS5,q1_2020,4,robust_rolling_cqr,clean,non_ramp,2896,2896,0,1.0,2635,0.9098756906077348,0.9098756906077348,True,usable_predictions,attempted_predictions
CSGS5,q1_2020,4,robust_rolling_cqr,clean,ramp,543,543,0,1.0,424,0.7808471454880295,0.7808471454880295,True,usable_predictions,attempted_predictions
CSGS5,q1_2020,4,robust_rolling_cqr,combined_outage,non_ramp,2896,2896,0,1.0,2501,0.8636049723756906,0.8636049723756906,True,usable_predictions,attempted_predictions
CSGS5,q1_2020,4,robust_rolling_cqr,combined_outage,ramp,543,543,0,1.0,514,0.9465930018416207,0.9465930018416207,True,usable_predictions,attempted_predictions
CSGS5,q1_2020,4,robust_rolling_cqr,irradiance_outage,non_ramp,2896,2896,0,1.0,2629,0.9078038674033149,0.9078038674033149,True,usable_predictions,attempted_predictions
CSGS5,q1_2020,4,robust_rolling_cqr,irradiance_outage,ramp,543,543,0,1.0,426,0.7845303867403315,0.7845303867403315,True,usable_predictions,attempted_predictions
CSGS5,q1_2020,4,robust_rolling_cqr,recent_power_outage,non_ramp,2896,2896,0,1.0,2597,0.8967541436464088,0.8967541436464088,True,usable_predictions,attempted_predictions
CSGS5,q1_2020,4,robust_rolling_cqr,recent_power_outage,ramp,543,543,0,1.0,443,0.8158379373848987,0.8158379373848987,True,usable_predictions,attempted_predictions
CSGS5,q1_2020,4,robust_rolling_cqr,weather_outage,non_ramp,2896,2896,0,1.0,2657,0.9174723756906077,0.9174723756906077,True,usable_predictions,attempted_predictions
CSGS5,q1_2020,4,robust_rolling_cqr,weather_outage,ramp,543,543,0,1.0,414,0.7624309392265194,0.7624309392265194,True,usable_predictions,attempted_predictions
CSGS5,q2_2020,1,clean_condition_cqr,clean,non_ramp,4040,4040,0,1.0,3833,0.9487623762376237,0.9487623762376237,True,usable_predictions,attempted_predictions
CSGS5,q2_2020,1,clean_condition_cqr,clean,ramp,658,658,0,1.0,253,0.3844984802431611,0.3844984802431611,True,usable_predictions,attempted_predictions
CSGS5,q2_2020,1,clean_condition_cqr,combined_outage,non_ramp,4040,4040,0,1.0,3508,0.8683168316831683,0.8683168316831683,True,usable_predictions,attempted_predictions
CSGS5,q2_2020,1,clean_condition_cqr,combined_outage,ramp,658,658,0,1.0,557,0.8465045592705167,0.8465045592705167,True,usable_predictions,attempted_predictions
CSGS5,q2_2020,1,clean_condition_cqr,irradiance_outage,non_ramp,4040,4040,0,1.0,3708,0.9178217821782179,0.9178217821782179,True,usable_predictions,attempted_predictions
CSGS5,q2_2020,1,clean_condition_cqr,irradiance_outage,ramp,658,658,0,1.0,408,0.6200607902735562,0.6200607902735562,True,usable_predictions,attempted_predictions
CSGS5,q2_2020,1,clean_condition_cqr,recent_power_outage,non_ramp,4040,4040,0,1.0,3617,0.8952970297029703,0.8952970297029703,True,usable_predictions,attempted_predictions
CSGS5,q2_2020,1,clean_condition_cqr,recent_power_outage,ramp,658,658,0,1.0,534,0.8115501519756839,0.8115501519756839,True,usable_predictions,attempted_predictions
CSGS5,q2_2020,1,clean_condition_cqr,weather_outage,non_ramp,4040,4040,0,1.0,3835,0.9492574257425742,0.9492574257425742,True,usable_predictions,attempted_predictions
CSGS5,q2_2020,1,clean_condition_cqr,weather_outage,ramp,658,658,0,1.0,262,0.3981762917933131,0.3981762917933131,True,usable_predictions,attempted_predictions
CSGS5,q2_2020,1,lgbm_condition_cqr,clean,non_ramp,4040,4040,0,1.0,3838,0.95,0.95,True,usable_predictions,attempted_predictions
CSGS5,q2_2020,1,lgbm_condition_cqr,clean,ramp,658,658,0,1.0,364,0.5531914893617021,0.5531914893617021,True,usable_predictions,attempted_predictions
CSGS5,q2_2020,1,lgbm_condition_cqr,combined_outage,non_ramp,4040,4040,0,1.0,3521,0.8715346534653465,0.8715346534653465,True,usable_predictions,attempted_predictions
CSGS5,q2_2020,1,lgbm_condition_cqr,combined_outage,ramp,658,658,0,1.0,562,0.8541033434650456,0.8541033434650456,True,usable_predictions,attempted_predictions
CSGS5,q2_2020,1,lgbm_condition_cqr,irradiance_outage,non_ramp,4040,4040,0,1.0,3652,0.903960396039604,0.903960396039604,True,usable_predictions,attempted_predictions
CSGS5,q2_2020,1,lgbm_condition_cqr,irradiance_outage,ramp,658,658,0,1.0,456,0.6930091185410334,0.6930091185410334,True,usable_predictions,attempted_predictions
CSGS5,q2_2020,1,lgbm_condition_cqr,recent_power_outage,non_ramp,4040,4040,0,1.0,3820,0.9455445544554455,0.9455445544554455,True,usable_predictions,attempted_predictions
CSGS5,q2_2020,1,lgbm_condition_cqr,recent_power_outage,ramp,658,658,0,1.0,559,0.8495440729483282,0.8495440729483282,True,usable_predictions,attempted_predictions
CSGS5,q2_2020,1,lgbm_condition_cqr,weather_outage,non_ramp,4040,4040,0,1.0,3839,0.9502475247524752,0.9502475247524752,True,usable_predictions,attempted_predictions
CSGS5,q2_2020,1,lgbm_condition_cqr,weather_outage,ramp,658,658,0,1.0,375,0.5699088145896657,0.5699088145896657,True,usable_predictions,attempted_predictions
CSGS5,q2_2020,1,oracle_ramp_mondrian,clean,non_ramp,4040,4040,0,1.0,3719,0.9205445544554456,0.9205445544554456,True,usable_predictions,attempted_predictions
CSGS5,q2_2020,1,oracle_ramp_mondrian,clean,ramp,658,658,0,1.0,608,0.9240121580547113,0.9240121580547113,True,usable_predictions,attempted_predictions
CSGS5,q2_2020,1,oracle_ramp_mondrian,combined_outage,non_ramp,4040,4040,0,1.0,3908,0.9673267326732673,0.9673267326732673,True,usable_predictions,attempted_predictions
CSGS5,q2_2020,1,oracle_ramp_mondrian,combined_outage,ramp,658,658,0,1.0,624,0.9483282674772037,0.9483282674772037,True,usable_predictions,attempted_predictions
CSGS5,q2_2020,1,oracle_ramp_mondrian,irradiance_outage,non_ramp,4040,4040,0,1.0,3775,0.9344059405940595,0.9344059405940595,True,usable_predictions,attempted_predictions
CSGS5,q2_2020,1,oracle_ramp_mondrian,irradiance_outage,ramp,658,658,0,1.0,583,0.8860182370820668,0.8860182370820668,True,usable_predictions,attempted_predictions
CSGS5,q2_2020,1,oracle_ramp_mondrian,recent_power_outage,non_ramp,4040,4040,0,1.0,3773,0.933910891089109,0.933910891089109,True,usable_predictions,attempted_predictions
CSGS5,q2_2020,1,oracle_ramp_mondrian,recent_power_outage,ramp,658,658,0,1.0,590,0.8966565349544073,0.8966565349544073,True,usable_predictions,attempted_predictions
CSGS5,q2_2020,1,oracle_ramp_mondrian,weather_outage,non_ramp,4040,4040,0,1.0,3709,0.9180693069306931,0.9180693069306931,True,usable_predictions,attempted_predictions
CSGS5,q2_2020,1,oracle_ramp_mondrian,weather_outage,ramp,658,658,0,1.0,596,0.9057750759878419,0.9057750759878419,True,usable_predictions,attempted_predictions
CSGS5,q2_2020,1,persistence_condition_cqr,clean,non_ramp,4040,4040,0,1.0,3985,0.9863861386138614,0.9863861386138614,True,usable_predictions,attempted_predictions
CSGS5,q2_2020,1,persistence_condition_cqr,clean,ramp,658,658,0,1.0,0,0.0,0.0,True,usable_predictions,attempted_predictions
CSGS5,q2_2020,1,persistence_condition_cqr,combined_outage,non_ramp,4040,3319,721,0.8215346534653465,3150,0.9490810485085869,0.7797029702970297,True,usable_predictions,attempted_predictions
CSGS5,q2_2020,1,persistence_condition_cqr,combined_outage,ramp,658,650,8,0.9878419452887538,581,0.8938461538461538,0.8829787234042553,True,usable_predictions,attempted_predictions
CSGS5,q2_2020,1,persistence_condition_cqr,irradiance_outage,non_ramp,4040,4040,0,1.0,3985,0.9863861386138614,0.9863861386138614,True,usable_predictions,attempted_predictions
CSGS5,q2_2020,1,persistence_condition_cqr,irradiance_outage,ramp,658,658,0,1.0,0,0.0,0.0,True,usable_predictions,attempted_predictions
CSGS5,q2_2020,1,persistence_condition_cqr,recent_power_outage,non_ramp,4040,3319,721,0.8215346534653465,3150,0.9490810485085869,0.7797029702970297,True,usable_predictions,attempted_predictions
CSGS5,q2_2020,1,persistence_condition_cqr,recent_power_outage,ramp,658,650,8,0.9878419452887538,581,0.8938461538461538,0.8829787234042553,True,usable_predictions,attempted_predictions
CSGS5,q2_2020,1,persistence_condition_cqr,weather_outage,non_ramp,4040,4040,0,1.0,3985,0.9863861386138614,0.9863861386138614,True,usable_predictions,attempted_predictions
CSGS5,q2_2020,1,persistence_condition_cqr,weather_outage,ramp,658,658,0,1.0,0,0.0,0.0,True,usable_predictions,attempted_predictions
CSGS5,q2_2020,1,robust_condition_cqr,clean,non_ramp,4040,4040,0,1.0,3794,0.939108910891089,0.939108910891089,True,usable_predictions,attempted_predictions
CSGS5,q2_2020,1,robust_condition_cqr,clean,ramp,658,658,0,1.0,378,0.574468085106383,0.574468085106383,True,usable_predictions,attempted_predictions
CSGS5,q2_2020,1,robust_condition_cqr,combined_outage,non_ramp,4040,4040,0,1.0,3921,0.9705445544554455,0.9705445544554455,True,usable_predictions,attempted_predictions
CSGS5,q2_2020,1,robust_condition_cqr,combined_outage,ramp,658,658,0,1.0,590,0.8966565349544073,0.8966565349544073,True,usable_predictions,attempted_predictions
CSGS5,q2_2020,1,robust_condition_cqr,irradiance_outage,non_ramp,4040,4040,0,1.0,3797,0.9398514851485148,0.9398514851485148,True,usable_predictions,attempted_predictions
CSGS5,q2_2020,1,robust_condition_cqr,irradiance_outage,ramp,658,658,0,1.0,406,0.6170212765957447,0.6170212765957447,True,usable_predictions,attempted_predictions
CSGS5,q2_2020,1,robust_condition_cqr,recent_power_outage,non_ramp,4040,4040,0,1.0,3848,0.9524752475247524,0.9524752475247524,True,usable_predictions,attempted_predictions
CSGS5,q2_2020,1,robust_condition_cqr,recent_power_outage,ramp,658,658,0,1.0,413,0.6276595744680851,0.6276595744680851,True,usable_predictions,attempted_predictions
CSGS5,q2_2020,1,robust_condition_cqr,weather_outage,non_ramp,4040,4040,0,1.0,3785,0.9368811881188119,0.9368811881188119,True,usable_predictions,attempted_predictions
CSGS5,q2_2020,1,robust_condition_cqr,weather_outage,ramp,658,658,0,1.0,353,0.5364741641337386,0.5364741641337386,True,usable_predictions,attempted_predictions
CSGS5,q2_2020,1,robust_local_cqr,clean,non_ramp,4040,4040,0,1.0,3828,0.9475247524752475,0.9475247524752475,True,usable_predictions,attempted_predictions
CSGS5,q2_2020,1,robust_local_cqr,clean,ramp,658,658,0,1.0,450,0.6838905775075987,0.6838905775075987,True,usable_predictions,attempted_predictions
CSGS5,q2_2020,1,robust_local_cqr,combined_outage,non_ramp,4040,4040,0,1.0,3687,0.9126237623762377,0.9126237623762377,True,usable_predictions,attempted_predictions
CSGS5,q2_2020,1,robust_local_cqr,combined_outage,ramp,658,658,0,1.0,554,0.8419452887537994,0.8419452887537994,True,usable_predictions,attempted_predictions
CSGS5,q2_2020,1,robust_local_cqr,irradiance_outage,non_ramp,4040,4040,0,1.0,3866,0.9569306930693069,0.9569306930693069,True,usable_predictions,attempted_predictions
CSGS5,q2_2020,1,robust_local_cqr,irradiance_outage,ramp,658,658,0,1.0,462,0.7021276595744681,0.7021276595744681,True,usable_predictions,attempted_predictions
CSGS5,q2_2020,1,robust_local_cqr,recent_power_outage,non_ramp,4040,4040,0,1.0,3838,0.95,0.95,True,usable_predictions,attempted_predictions
CSGS5,q2_2020,1,robust_local_cqr,recent_power_outage,ramp,658,658,0,1.0,464,0.7051671732522796,0.7051671732522796,True,usable_predictions,attempted_predictions
CSGS5,q2_2020,1,robust_local_cqr,weather_outage,non_ramp,4040,4040,0,1.0,3820,0.9455445544554455,0.9455445544554455,True,usable_predictions,attempted_predictions
CSGS5,q2_2020,1,robust_local_cqr,weather_outage,ramp,658,658,0,1.0,448,0.6808510638297872,0.6808510638297872,True,usable_predictions,attempted_predictions
CSGS5,q2_2020,1,robust_risk_mondrian,clean,non_ramp,4040,4040,0,1.0,3819,0.9452970297029702,0.9452970297029702,True,usable_predictions,attempted_predictions
CSGS5,q2_2020,1,robust_risk_mondrian,clean,ramp,658,658,0,1.0,417,0.6337386018237082,0.6337386018237082,True,usable_predictions,attempted_predictions
CSGS5,q2_2020,1,robust_risk_mondrian,combined_outage,non_ramp,4040,4040,0,1.0,3917,0.9695544554455445,0.9695544554455445,True,usable_predictions,attempted_predictions
CSGS5,q2_2020,1,robust_risk_mondrian,combined_outage,ramp,658,658,0,1.0,595,0.9042553191489362,0.9042553191489362,True,usable_predictions,attempted_predictions
CSGS5,q2_2020,1,robust_risk_mondrian,irradiance_outage,non_ramp,4040,4040,0,1.0,3832,0.9485148514851485,0.9485148514851485,True,usable_predictions,attempted_predictions
CSGS5,q2_2020,1,robust_risk_mondrian,irradiance_outage,ramp,658,658,0,1.0,448,0.6808510638297872,0.6808510638297872,True,usable_predictions,attempted_predictions
CSGS5,q2_2020,1,robust_risk_mondrian,recent_power_outage,non_ramp,4040,4040,0,1.0,3908,0.9673267326732673,0.9673267326732673,True,usable_predictions,attempted_predictions
CSGS5,q2_2020,1,robust_risk_mondrian,recent_power_outage,ramp,658,658,0,1.0,455,0.6914893617021277,0.6914893617021277,True,usable_predictions,attempted_predictions
CSGS5,q2_2020,1,robust_risk_mondrian,weather_outage,non_ramp,4040,4040,0,1.0,3801,0.9408415841584158,0.9408415841584158,True,usable_predictions,attempted_predictions
CSGS5,q2_2020,1,robust_risk_mondrian,weather_outage,ramp,658,658,0,1.0,390,0.5927051671732523,0.5927051671732523,True,usable_predictions,attempted_predictions
CSGS5,q2_2020,1,robust_rolling_cqr,clean,non_ramp,4040,4040,0,1.0,3863,0.9561881188118811,0.9561881188118811,True,usable_predictions,attempted_predictions
CSGS5,q2_2020,1,robust_rolling_cqr,clean,ramp,658,658,0,1.0,391,0.5942249240121581,0.5942249240121581,True,usable_predictions,attempted_predictions
CSGS5,q2_2020,1,robust_rolling_cqr,combined_outage,non_ramp,4040,4040,0,1.0,3729,0.9230198019801981,0.9230198019801981,True,usable_predictions,attempted_predictions
CSGS5,q2_2020,1,robust_rolling_cqr,combined_outage,ramp,658,658,0,1.0,514,0.7811550151975684,0.7811550151975684,True,usable_predictions,attempted_predictions
CSGS5,q2_2020,1,robust_rolling_cqr,irradiance_outage,non_ramp,4040,4040,0,1.0,3860,0.9554455445544554,0.9554455445544554,True,usable_predictions,attempted_predictions
CSGS5,q2_2020,1,robust_rolling_cqr,irradiance_outage,ramp,658,658,0,1.0,415,0.6306990881458967,0.6306990881458967,True,usable_predictions,attempted_predictions
CSGS5,q2_2020,1,robust_rolling_cqr,recent_power_outage,non_ramp,4040,4040,0,1.0,3837,0.9497524752475247,0.9497524752475247,True,usable_predictions,attempted_predictions
CSGS5,q2_2020,1,robust_rolling_cqr,recent_power_outage,ramp,658,658,0,1.0,410,0.6231003039513677,0.6231003039513677,True,usable_predictions,attempted_predictions
CSGS5,q2_2020,1,robust_rolling_cqr,weather_outage,non_ramp,4040,4040,0,1.0,3873,0.9586633663366336,0.9586633663366336,True,usable_predictions,attempted_predictions
CSGS5,q2_2020,1,robust_rolling_cqr,weather_outage,ramp,658,658,0,1.0,379,0.5759878419452887,0.5759878419452887,True,usable_predictions,attempted_predictions
CSGS5,q2_2020,4,clean_condition_cqr,clean,non_ramp,3767,3767,0,1.0,3573,0.9485001327316167,0.9485001327316167,True,usable_predictions,attempted_predictions
CSGS5,q2_2020,4,clean_condition_cqr,clean,ramp,659,659,0,1.0,373,0.5660091047040972,0.5660091047040972,True,usable_predictions,attempted_predictions
CSGS5,q2_2020,4,clean_condition_cqr,combined_outage,non_ramp,3767,3767,0,1.0,3271,0.8683302362622777,0.8683302362622777,True,usable_predictions,attempted_predictions
CSGS5,q2_2020,4,clean_condition_cqr,combined_outage,ramp,659,659,0,1.0,606,0.9195751138088012,0.9195751138088012,True,usable_predictions,attempted_predictions
CSGS5,q2_2020,4,clean_condition_cqr,irradiance_outage,non_ramp,3767,3767,0,1.0,3435,0.9118662065303955,0.9118662065303955,True,usable_predictions,attempted_predictions
CSGS5,q2_2020,4,clean_condition_cqr,irradiance_outage,ramp,659,659,0,1.0,453,0.6874051593323217,0.6874051593323217,True,usable_predictions,attempted_predictions
CSGS5,q2_2020,4,clean_condition_cqr,recent_power_outage,non_ramp,3767,3767,0,1.0,3550,0.9423944783647464,0.9423944783647464,True,usable_predictions,attempted_predictions
CSGS5,q2_2020,4,clean_condition_cqr,recent_power_outage,ramp,659,659,0,1.0,513,0.7784522003034902,0.7784522003034902,True,usable_predictions,attempted_predictions
CSGS5,q2_2020,4,clean_condition_cqr,weather_outage,non_ramp,3767,3767,0,1.0,3566,0.9466418900982214,0.9466418900982214,True,usable_predictions,attempted_predictions
CSGS5,q2_2020,4,clean_condition_cqr,weather_outage,ramp,659,659,0,1.0,383,0.5811836115326252,0.5811836115326252,True,usable_predictions,attempted_predictions
CSGS5,q2_2020,4,lgbm_condition_cqr,clean,non_ramp,3767,3767,0,1.0,3585,0.9516856915317229,0.9516856915317229,True,usable_predictions,attempted_predictions
CSGS5,q2_2020,4,lgbm_condition_cqr,clean,ramp,659,659,0,1.0,484,0.7344461305007587,0.7344461305007587,True,usable_predictions,attempted_predictions
CSGS5,q2_2020,4,lgbm_condition_cqr,combined_outage,non_ramp,3767,3767,0,1.0,3281,0.8709848685956995,0.8709848685956995,True,usable_predictions,attempted_predictions
CSGS5,q2_2020,4,lgbm_condition_cqr,combined_outage,ramp,659,659,0,1.0,591,0.8968133535660091,0.8968133535660091,True,usable_predictions,attempted_predictions
CSGS5,q2_2020,4,lgbm_condition_cqr,irradiance_outage,non_ramp,3767,3767,0,1.0,3422,0.9084151844969471,0.9084151844969471,True,usable_predictions,attempted_predictions
CSGS5,q2_2020,4,lgbm_condition_cqr,irradiance_outage,ramp,659,659,0,1.0,498,0.7556904400606981,0.7556904400606981,True,usable_predictions,attempted_predictions
CSGS5,q2_2020,4,lgbm_condition_cqr,recent_power_outage,non_ramp,3767,3767,0,1.0,3522,0.9349615078311654,0.9349615078311654,True,usable_predictions,attempted_predictions
CSGS5,q2_2020,4,lgbm_condition_cqr,recent_power_outage,ramp,659,659,0,1.0,568,0.8619119878603946,0.8619119878603946,True,usable_predictions,attempted_predictions
CSGS5,q2_2020,4,lgbm_condition_cqr,weather_outage,non_ramp,3767,3767,0,1.0,3598,0.9551367135651713,0.9551367135651713,True,usable_predictions,attempted_predictions
CSGS5,q2_2020,4,lgbm_condition_cqr,weather_outage,ramp,659,659,0,1.0,492,0.7465857359635811,0.7465857359635811,True,usable_predictions,attempted_predictions
CSGS5,q2_2020,4,oracle_ramp_mondrian,clean,non_ramp,3767,3767,0,1.0,3402,0.9031059198301036,0.9031059198301036,True,usable_predictions,attempted_predictions
CSGS5,q2_2020,4,oracle_ramp_mondrian,clean,ramp,659,659,0,1.0,575,0.8725341426403642,0.8725341426403642,True,usable_predictions,attempted_predictions
CSGS5,q2_2020,4,oracle_ramp_mondrian,combined_outage,non_ramp,3767,3767,0,1.0,3577,0.9495619856649854,0.9495619856649854,True,usable_predictions,attempted_predictions
CSGS5,q2_2020,4,oracle_ramp_mondrian,combined_outage,ramp,659,659,0,1.0,594,0.9013657056145675,0.9013657056145675,True,usable_predictions,attempted_predictions
CSGS5,q2_2020,4,oracle_ramp_mondrian,irradiance_outage,non_ramp,3767,3767,0,1.0,3344,0.887709052296257,0.887709052296257,True,usable_predictions,attempted_predictions
CSGS5,q2_2020,4,oracle_ramp_mondrian,irradiance_outage,ramp,659,659,0,1.0,578,0.8770864946889226,0.8770864946889226,True,usable_predictions,attempted_predictions
CSGS5,q2_2020,4,oracle_ramp_mondrian,recent_power_outage,non_ramp,3767,3767,0,1.0,3436,0.9121316697637377,0.9121316697637377,True,usable_predictions,attempted_predictions
CSGS5,q2_2020,4,oracle_ramp_mondrian,recent_power_outage,ramp,659,659,0,1.0,577,0.8755690440060698,0.8755690440060698,True,usable_predictions,attempted_predictions
CSGS5,q2_2020,4,oracle_ramp_mondrian,weather_outage,non_ramp,3767,3767,0,1.0,3382,0.8977966551632599,0.8977966551632599,True,usable_predictions,attempted_predictions
CSGS5,q2_2020,4,oracle_ramp_mondrian,weather_outage,ramp,659,659,0,1.0,581,0.881638846737481,0.881638846737481,True,usable_predictions,attempted_predictions
CSGS5,q2_2020,4,persistence_condition_cqr,clean,non_ramp,3767,3767,0,1.0,3767,1.0,1.0,True,usable_predictions,attempted_predictions
CSGS5,q2_2020,4,persistence_condition_cqr,clean,ramp,659,659,0,1.0,212,0.3216995447647951,0.3216995447647951,True,usable_predictions,attempted_predictions
CSGS5,q2_2020,4,persistence_condition_cqr,combined_outage,non_ramp,3767,3113,654,0.8263870453942129,2972,0.9547060713138452,0.7889567294929652,True,usable_predictions,attempted_predictions
CSGS5,q2_2020,4,persistence_condition_cqr,combined_outage,ramp,659,586,73,0.8892261001517451,506,0.863481228668942,0.7678300455235205,True,usable_predictions,attempted_predictions
CSGS5,q2_2020,4,persistence_condition_cqr,irradiance_outage,non_ramp,3767,3767,0,1.0,3767,1.0,1.0,True,usable_predictions,attempted_predictions
CSGS5,q2_2020,4,persistence_condition_cqr,irradiance_outage,ramp,659,659,0,1.0,212,0.3216995447647951,0.3216995447647951,True,usable_predictions,attempted_predictions
CSGS5,q2_2020,4,persistence_condition_cqr,recent_power_outage,non_ramp,3767,3113,654,0.8263870453942129,2972,0.9547060713138452,0.7889567294929652,True,usable_predictions,attempted_predictions
CSGS5,q2_2020,4,persistence_condition_cqr,recent_power_outage,ramp,659,586,73,0.8892261001517451,506,0.863481228668942,0.7678300455235205,True,usable_predictions,attempted_predictions
CSGS5,q2_2020,4,persistence_condition_cqr,weather_outage,non_ramp,3767,3767,0,1.0,3767,1.0,1.0,True,usable_predictions,attempted_predictions
CSGS5,q2_2020,4,persistence_condition_cqr,weather_outage,ramp,659,659,0,1.0,212,0.3216995447647951,0.3216995447647951,True,usable_predictions,attempted_predictions
CSGS5,q2_2020,4,robust_condition_cqr,clean,non_ramp,3767,3767,0,1.0,3480,0.9238120520307938,0.9238120520307938,True,usable_predictions,attempted_predictions
CSGS5,q2_2020,4,robust_condition_cqr,clean,ramp,659,659,0,1.0,461,0.6995447647951442,0.6995447647951442,True,usable_predictions,attempted_predictions
CSGS5,q2_2020,4,robust_condition_cqr,combined_outage,non_ramp,3767,3767,0,1.0,3573,0.9485001327316167,0.9485001327316167,True,usable_predictions,attempted_predictions
CSGS5,q2_2020,4,robust_condition_cqr,combined_outage,ramp,659,659,0,1.0,613,0.9301972685887708,0.9301972685887708,True,usable_predictions,attempted_predictions
CSGS5,q2_2020,4,robust_condition_cqr,irradiance_outage,non_ramp,3767,3767,0,1.0,3418,0.9073533315635784,0.9073533315635784,True,usable_predictions,attempted_predictions
CSGS5,q2_2020,4,robust_condition_cqr,irradiance_outage,ramp,659,659,0,1.0,493,0.7481031866464339,0.7481031866464339,True,usable_predictions,attempted_predictions
CSGS5,q2_2020,4,robust_condition_cqr,recent_power_outage,non_ramp,3767,3767,0,1.0,3498,0.928590390230953,0.928590390230953,True,usable_predictions,attempted_predictions
CSGS5,q2_2020,4,robust_condition_cqr,recent_power_outage,ramp,659,659,0,1.0,485,0.7359635811836115,0.7359635811836115,True,usable_predictions,attempted_predictions
CSGS5,q2_2020,4,robust_condition_cqr,weather_outage,non_ramp,3767,3767,0,1.0,3470,0.9211574196973719,0.9211574196973719,True,usable_predictions,attempted_predictions
CSGS5,q2_2020,4,robust_condition_cqr,weather_outage,ramp,659,659,0,1.0,467,0.708649468892261,0.708649468892261,True,usable_predictions,attempted_predictions
CSGS5,q2_2020,4,robust_local_cqr,clean,non_ramp,3767,3767,0,1.0,3551,0.9426599415980886,0.9426599415980886,True,usable_predictions,attempted_predictions
CSGS5,q2_2020,4,robust_local_cqr,clean,ramp,659,659,0,1.0,499,0.7572078907435509,0.7572078907435509,True,usable_predictions,attempted_predictions
CSGS5,q2_2020,4,robust_local_cqr,combined_outage,non_ramp,3767,3767,0,1.0,3443,0.913989912397133,0.913989912397133,True,usable_predictions,attempted_predictions
CSGS5,q2_2020,4,robust_local_cqr,combined_outage,ramp,659,659,0,1.0,547,0.8300455235204856,0.8300455235204856,True,usable_predictions,attempted_predictions
CSGS5,q2_2020,4,robust_local_cqr,irradiance_outage,non_ramp,3767,3767,0,1.0,3439,0.9129280594637643,0.9129280594637643,True,usable_predictions,attempted_predictions
CSGS5,q2_2020,4,robust_local_cqr,irradiance_outage,ramp,659,659,0,1.0,515,0.7814871016691958,0.7814871016691958,True,usable_predictions,attempted_predictions
CSGS5,q2_2020,4,robust_local_cqr,recent_power_outage,non_ramp,3767,3767,0,1.0,3510,0.9317759490310592,0.9317759490310592,True,usable_predictions,attempted_predictions
CSGS5,q2_2020,4,robust_local_cqr,recent_power_outage,ramp,659,659,0,1.0,505,0.7663125948406677,0.7663125948406677,True,usable_predictions,attempted_predictions
CSGS5,q2_2020,4,robust_local_cqr,weather_outage,non_ramp,3767,3767,0,1.0,3548,0.9418635518980621,0.9418635518980621,True,usable_predictions,attempted_predictions
CSGS5,q2_2020,4,robust_local_cqr,weather_outage,ramp,659,659,0,1.0,505,0.7663125948406677,0.7663125948406677,True,usable_predictions,attempted_predictions
CSGS5,q2_2020,4,robust_risk_mondrian,clean,non_ramp,3767,3767,0,1.0,3483,0.9246084417308202,0.9246084417308202,True,usable_predictions,attempted_predictions
CSGS5,q2_2020,4,robust_risk_mondrian,clean,ramp,659,659,0,1.0,499,0.7572078907435509,0.7572078907435509,True,usable_predictions,attempted_predictions
CSGS5,q2_2020,4,robust_risk_mondrian,combined_outage,non_ramp,3767,3767,0,1.0,3528,0.9365542872312185,0.9365542872312185,True,usable_predictions,attempted_predictions
CSGS5,q2_2020,4,robust_risk_mondrian,combined_outage,ramp,659,659,0,1.0,580,0.8801213960546282,0.8801213960546282,True,usable_predictions,attempted_predictions
CSGS5,q2_2020,4,robust_risk_mondrian,irradiance_outage,non_ramp,3767,3767,0,1.0,3424,0.9089461109636315,0.9089461109636315,True,usable_predictions,attempted_predictions
CSGS5,q2_2020,4,robust_risk_mondrian,irradiance_outage,ramp,659,659,0,1.0,508,0.7708649468892261,0.7708649468892261,True,usable_predictions,attempted_predictions
CSGS5,q2_2020,4,robust_risk_mondrian,recent_power_outage,non_ramp,3767,3767,0,1.0,3520,0.934430581364481,0.934430581364481,True,usable_predictions,attempted_predictions
CSGS5,q2_2020,4,robust_risk_mondrian,recent_power_outage,ramp,659,659,0,1.0,496,0.7526555386949925,0.7526555386949925,True,usable_predictions,attempted_predictions
CSGS5,q2_2020,4,robust_risk_mondrian,weather_outage,non_ramp,3767,3767,0,1.0,3466,0.9200955667640032,0.9200955667640032,True,usable_predictions,attempted_predictions
CSGS5,q2_2020,4,robust_risk_mondrian,weather_outage,ramp,659,659,0,1.0,508,0.7708649468892261,0.7708649468892261,True,usable_predictions,attempted_predictions
CSGS5,q2_2020,4,robust_rolling_cqr,clean,non_ramp,3767,3767,0,1.0,3530,0.9370852136979029,0.9370852136979029,True,usable_predictions,attempted_predictions
CSGS5,q2_2020,4,robust_rolling_cqr,clean,ramp,659,659,0,1.0,478,0.7253414264036419,0.7253414264036419,True,usable_predictions,attempted_predictions
CSGS5,q2_2020,4,robust_rolling_cqr,combined_outage,non_ramp,3767,3767,0,1.0,3402,0.9031059198301036,0.9031059198301036,True,usable_predictions,attempted_predictions
CSGS5,q2_2020,4,robust_rolling_cqr,combined_outage,ramp,659,659,0,1.0,572,0.8679817905918058,0.8679817905918058,True,usable_predictions,attempted_predictions
CSGS5,q2_2020,4,robust_rolling_cqr,irradiance_outage,non_ramp,3767,3767,0,1.0,3473,0.9219538093973985,0.9219538093973985,True,usable_predictions,attempted_predictions
CSGS5,q2_2020,4,robust_rolling_cqr,irradiance_outage,ramp,659,659,0,1.0,500,0.7587253414264037,0.7587253414264037,True,usable_predictions,attempted_predictions
CSGS5,q2_2020,4,robust_rolling_cqr,recent_power_outage,non_ramp,3767,3767,0,1.0,3501,0.9293867799309795,0.9293867799309795,True,usable_predictions,attempted_predictions
CSGS5,q2_2020,4,robust_rolling_cqr,recent_power_outage,ramp,659,659,0,1.0,487,0.7389984825493171,0.7389984825493171,True,usable_predictions,attempted_predictions
CSGS5,q2_2020,4,robust_rolling_cqr,weather_outage,non_ramp,3767,3767,0,1.0,3523,0.9352269710645076,0.9352269710645076,True,usable_predictions,attempted_predictions
CSGS5,q2_2020,4,robust_rolling_cqr,weather_outage,ramp,659,659,0,1.0,479,0.7268588770864947,0.7268588770864947,True,usable_predictions,attempted_predictions
CSGS5,q3_2020,1,clean_condition_cqr,clean,non_ramp,4006,4006,0,1.0,3891,0.9712930604093859,0.9712930604093859,True,usable_predictions,attempted_predictions
CSGS5,q3_2020,1,clean_condition_cqr,clean,ramp,588,588,0,1.0,319,0.5425170068027211,0.5425170068027211,True,usable_predictions,attempted_predictions
CSGS5,q3_2020,1,clean_condition_cqr,combined_outage,non_ramp,4006,4006,0,1.0,3740,0.9335996005991013,0.9335996005991013,True,usable_predictions,attempted_predictions
CSGS5,q3_2020,1,clean_condition_cqr,combined_outage,ramp,588,588,0,1.0,525,0.8928571428571429,0.8928571428571429,True,usable_predictions,attempted_predictions
CSGS5,q3_2020,1,clean_condition_cqr,irradiance_outage,non_ramp,4006,4006,0,1.0,3803,0.9493260109835248,0.9493260109835248,True,usable_predictions,attempted_predictions
CSGS5,q3_2020,1,clean_condition_cqr,irradiance_outage,ramp,588,588,0,1.0,366,0.6224489795918368,0.6224489795918368,True,usable_predictions,attempted_predictions
CSGS5,q3_2020,1,clean_condition_cqr,recent_power_outage,non_ramp,4006,4006,0,1.0,3862,0.964053919121318,0.964053919121318,True,usable_predictions,attempted_predictions
CSGS5,q3_2020,1,clean_condition_cqr,recent_power_outage,ramp,588,588,0,1.0,453,0.7704081632653061,0.7704081632653061,True,usable_predictions,attempted_predictions
CSGS5,q3_2020,1,clean_condition_cqr,weather_outage,non_ramp,4006,4006,0,1.0,3884,0.9695456814777833,0.9695456814777833,True,usable_predictions,attempted_predictions
CSGS5,q3_2020,1,clean_condition_cqr,weather_outage,ramp,588,588,0,1.0,318,0.5408163265306123,0.5408163265306123,True,usable_predictions,attempted_predictions
CSGS5,q3_2020,1,lgbm_condition_cqr,clean,non_ramp,4006,4006,0,1.0,3809,0.9508237643534698,0.9508237643534698,True,usable_predictions,attempted_predictions
CSGS5,q3_2020,1,lgbm_condition_cqr,clean,ramp,588,588,0,1.0,360,0.6122448979591837,0.6122448979591837,True,usable_predictions,attempted_predictions
CSGS5,q3_2020,1,lgbm_condition_cqr,combined_outage,non_ramp,4006,4006,0,1.0,3770,0.9410883674488267,0.9410883674488267,True,usable_predictions,attempted_predictions
CSGS5,q3_2020,1,lgbm_condition_cqr,combined_outage,ramp,588,588,0,1.0,530,0.9013605442176871,0.9013605442176871,True,usable_predictions,attempted_predictions
CSGS5,q3_2020,1,lgbm_condition_cqr,irradiance_outage,non_ramp,4006,4006,0,1.0,3750,0.9360958562156765,0.9360958562156765,True,usable_predictions,attempted_predictions
CSGS5,q3_2020,1,lgbm_condition_cqr,irradiance_outage,ramp,588,588,0,1.0,369,0.6275510204081632,0.6275510204081632,True,usable_predictions,attempted_predictions
CSGS5,q3_2020,1,lgbm_condition_cqr,recent_power_outage,non_ramp,4006,4006,0,1.0,3762,0.9390913629555666,0.9390913629555666,True,usable_predictions,attempted_predictions
CSGS5,q3_2020,1,lgbm_condition_cqr,recent_power_outage,ramp,588,588,0,1.0,511,0.8690476190476191,0.8690476190476191,True,usable_predictions,attempted_predictions
CSGS5,q3_2020,1,lgbm_condition_cqr,weather_outage,non_ramp,4006,4006,0,1.0,3809,0.9508237643534698,0.9508237643534698,True,usable_predictions,attempted_predictions
CSGS5,q3_2020,1,lgbm_condition_cqr,weather_outage,ramp,588,588,0,1.0,363,0.6173469387755102,0.6173469387755102,True,usable_predictions,attempted_predictions
CSGS5,q3_2020,1,oracle_ramp_mondrian,clean,non_ramp,4006,4006,0,1.0,3608,0.9006490264603095,0.9006490264603095,True,usable_predictions,attempted_predictions
CSGS5,q3_2020,1,oracle_ramp_mondrian,clean,ramp,588,588,0,1.0,530,0.9013605442176871,0.9013605442176871,True,usable_predictions,attempted_predictions
CSGS5,q3_2020,1,oracle_ramp_mondrian,combined_outage,non_ramp,4006,4006,0,1.0,3698,0.9231153270094857,0.9231153270094857,True,usable_predictions,attempted_predictions
CSGS5,q3_2020,1,oracle_ramp_mondrian,combined_outage,ramp,588,588,0,1.0,539,0.9166666666666666,0.9166666666666666,True,usable_predictions,attempted_predictions
CSGS5,q3_2020,1,oracle_ramp_mondrian,irradiance_outage,non_ramp,4006,4006,0,1.0,3763,0.9393409885172241,0.9393409885172241,True,usable_predictions,attempted_predictions
CSGS5,q3_2020,1,oracle_ramp_mondrian,irradiance_outage,ramp,588,588,0,1.0,529,0.8996598639455783,0.8996598639455783,True,usable_predictions,attempted_predictions
CSGS5,q3_2020,1,oracle_ramp_mondrian,recent_power_outage,non_ramp,4006,4006,0,1.0,3663,0.9143784323514728,0.9143784323514728,True,usable_predictions,attempted_predictions
CSGS5,q3_2020,1,oracle_ramp_mondrian,recent_power_outage,ramp,588,588,0,1.0,548,0.9319727891156463,0.9319727891156463,True,usable_predictions,attempted_predictions
CSGS5,q3_2020,1,oracle_ramp_mondrian,weather_outage,non_ramp,4006,4006,0,1.0,3598,0.8981527708437343,0.8981527708437343,True,usable_predictions,attempted_predictions
CSGS5,q3_2020,1,oracle_ramp_mondrian,weather_outage,ramp,588,588,0,1.0,537,0.9132653061224489,0.9132653061224489,True,usable_predictions,attempted_predictions
CSGS5,q3_2020,1,persistence_condition_cqr,clean,non_ramp,4006,4006,0,1.0,4006,1.0,1.0,True,usable_predictions,attempted_predictions
CSGS5,q3_2020,1,persistence_condition_cqr,clean,ramp,588,588,0,1.0,162,0.2755102040816326,0.2755102040816326,True,usable_predictions,attempted_predictions
CSGS5,q3_2020,1,persistence_condition_cqr,combined_outage,non_ramp,4006,3289,717,0.8210184722915627,3074,0.9346305868044998,0.7673489765351972,True,usable_predictions,attempted_predictions
CSGS5,q3_2020,1,persistence_condition_cqr,combined_outage,ramp,588,575,13,0.9778911564625851,497,0.8643478260869565,0.8452380952380952,True,usable_predictions,attempted_predictions
CSGS5,q3_2020,1,persistence_condition_cqr,irradiance_outage,non_ramp,4006,4006,0,1.0,4006,1.0,1.0,True,usable_predictions,attempted_predictions
CSGS5,q3_2020,1,persistence_condition_cqr,irradiance_outage,ramp,588,588,0,1.0,162,0.2755102040816326,0.2755102040816326,True,usable_predictions,attempted_predictions
CSGS5,q3_2020,1,persistence_condition_cqr,recent_power_outage,non_ramp,4006,3289,717,0.8210184722915627,3074,0.9346305868044998,0.7673489765351972,True,usable_predictions,attempted_predictions
CSGS5,q3_2020,1,persistence_condition_cqr,recent_power_outage,ramp,588,575,13,0.9778911564625851,497,0.8643478260869565,0.8452380952380952,True,usable_predictions,attempted_predictions
CSGS5,q3_2020,1,persistence_condition_cqr,weather_outage,non_ramp,4006,4006,0,1.0,4006,1.0,1.0,True,usable_predictions,attempted_predictions
CSGS5,q3_2020,1,persistence_condition_cqr,weather_outage,ramp,588,588,0,1.0,162,0.2755102040816326,0.2755102040816326,True,usable_predictions,attempted_predictions
CSGS5,q3_2020,1,robust_condition_cqr,clean,non_ramp,4006,4006,0,1.0,3823,0.954318522216675,0.954318522216675,True,usable_predictions,attempted_predictions
CSGS5,q3_2020,1,robust_condition_cqr,clean,ramp,588,588,0,1.0,356,0.6054421768707483,0.6054421768707483,True,usable_predictions,attempted_predictions
CSGS5,q3_2020,1,robust_condition_cqr,combined_outage,non_ramp,4006,4006,0,1.0,3765,0.9398402396405392,0.9398402396405392,True,usable_predictions,attempted_predictions
CSGS5,q3_2020,1,robust_condition_cqr,combined_outage,ramp,588,588,0,1.0,465,0.7908163265306123,0.7908163265306123,True,usable_predictions,attempted_predictions
CSGS5,q3_2020,1,robust_condition_cqr,irradiance_outage,non_ramp,4006,4006,0,1.0,3826,0.9550673989016475,0.9550673989016475,True,usable_predictions,attempted_predictions
CSGS5,q3_2020,1,robust_condition_cqr,irradiance_outage,ramp,588,588,0,1.0,361,0.6139455782312925,0.6139455782312925,True,usable_predictions,attempted_predictions
CSGS5,q3_2020,1,robust_condition_cqr,recent_power_outage,non_ramp,4006,4006,0,1.0,3791,0.9463305042436345,0.9463305042436345,True,usable_predictions,attempted_predictions
CSGS5,q3_2020,1,robust_condition_cqr,recent_power_outage,ramp,588,588,0,1.0,403,0.685374149659864,0.685374149659864,True,usable_predictions,attempted_predictions
CSGS5,q3_2020,1,robust_condition_cqr,weather_outage,non_ramp,4006,4006,0,1.0,3806,0.9500748876684972,0.9500748876684972,True,usable_predictions,attempted_predictions
CSGS5,q3_2020,1,robust_condition_cqr,weather_outage,ramp,588,588,0,1.0,363,0.6173469387755102,0.6173469387755102,True,usable_predictions,attempted_predictions
CSGS5,q3_2020,1,robust_local_cqr,clean,non_ramp,4006,4006,0,1.0,3800,0.9485771342985522,0.9485771342985522,True,usable_predictions,attempted_predictions
CSGS5,q3_2020,1,robust_local_cqr,clean,ramp,588,588,0,1.0,422,0.717687074829932,0.717687074829932,True,usable_predictions,attempted_predictions
CSGS5,q3_2020,1,robust_local_cqr,combined_outage,non_ramp,4006,4006,0,1.0,3692,0.9216175736395407,0.9216175736395407,True,usable_predictions,attempted_predictions
CSGS5,q3_2020,1,robust_local_cqr,combined_outage,ramp,588,588,0,1.0,495,0.8418367346938775,0.8418367346938775,True,usable_predictions,attempted_predictions
CSGS5,q3_2020,1,robust_local_cqr,irradiance_outage,non_ramp,4006,4006,0,1.0,3887,0.9702945581627559,0.9702945581627559,True,usable_predictions,attempted_predictions
CSGS5,q3_2020,1,robust_local_cqr,irradiance_outage,ramp,588,588,0,1.0,423,0.7193877551020408,0.7193877551020408,True,usable_predictions,attempted_predictions
CSGS5,q3_2020,1,robust_local_cqr,recent_power_outage,non_ramp,4006,4006,0,1.0,3817,0.95282076884673,0.95282076884673,True,usable_predictions,attempted_predictions
CSGS5,q3_2020,1,robust_local_cqr,recent_power_outage,ramp,588,588,0,1.0,451,0.7670068027210885,0.7670068027210885,True,usable_predictions,attempted_predictions
CSGS5,q3_2020,1,robust_local_cqr,weather_outage,non_ramp,4006,4006,0,1.0,3799,0.9483275087368946,0.9483275087368946,True,usable_predictions,attempted_predictions
CSGS5,q3_2020,1,robust_local_cqr,weather_outage,ramp,588,588,0,1.0,429,0.7295918367346939,0.7295918367346939,True,usable_predictions,attempted_predictions
CSGS5,q3_2020,1,robust_risk_mondrian,clean,non_ramp,4006,4006,0,1.0,3761,0.9388417373939091,0.9388417373939091,True,usable_predictions,attempted_predictions
CSGS5,q3_2020,1,robust_risk_mondrian,clean,ramp,588,588,0,1.0,421,0.7159863945578231,0.7159863945578231,True,usable_predictions,attempted_predictions
CSGS5,q3_2020,1,robust_risk_mondrian,combined_outage,non_ramp,4006,4006,0,1.0,3792,0.946580129805292,0.946580129805292,True,usable_predictions,attempted_predictions
CSGS5,q3_2020,1,robust_risk_mondrian,combined_outage,ramp,588,588,0,1.0,474,0.8061224489795918,0.8061224489795918,True,usable_predictions,attempted_predictions
CSGS5,q3_2020,1,robust_risk_mondrian,irradiance_outage,non_ramp,4006,4006,0,1.0,3836,0.9575636545182227,0.9575636545182227,True,usable_predictions,attempted_predictions
CSGS5,q3_2020,1,robust_risk_mondrian,irradiance_outage,ramp,588,588,0,1.0,410,0.6972789115646258,0.6972789115646258,True,usable_predictions,attempted_predictions
CSGS5,q3_2020,1,robust_risk_mondrian,recent_power_outage,non_ramp,4006,4006,0,1.0,3783,0.9443334997503744,0.9443334997503744,True,usable_predictions,attempted_predictions
CSGS5,q3_2020,1,robust_risk_mondrian,recent_power_outage,ramp,588,588,0,1.0,428,0.7278911564625851,0.7278911564625851,True,usable_predictions,attempted_predictions
CSGS5,q3_2020,1,robust_risk_mondrian,weather_outage,non_ramp,4006,4006,0,1.0,3768,0.9405891163255118,0.9405891163255118,True,usable_predictions,attempted_predictions
CSGS5,q3_2020,1,robust_risk_mondrian,weather_outage,ramp,588,588,0,1.0,431,0.7329931972789115,0.7329931972789115,True,usable_predictions,attempted_predictions
CSGS5,q3_2020,1,robust_rolling_cqr,clean,non_ramp,4006,4006,0,1.0,3792,0.946580129805292,0.946580129805292,True,usable_predictions,attempted_predictions
CSGS5,q3_2020,1,robust_rolling_cqr,clean,ramp,588,588,0,1.0,355,0.6037414965986394,0.6037414965986394,True,usable_predictions,attempted_predictions
CSGS5,q3_2020,1,robust_rolling_cqr,combined_outage,non_ramp,4006,4006,0,1.0,3684,0.9196205691462805,0.9196205691462805,True,usable_predictions,attempted_predictions
CSGS5,q3_2020,1,robust_rolling_cqr,combined_outage,ramp,588,588,0,1.0,452,0.7687074829931972,0.7687074829931972,True,usable_predictions,attempted_predictions
CSGS5,q3_2020,1,robust_rolling_cqr,irradiance_outage,non_ramp,4006,4006,0,1.0,3829,0.9558162755866201,0.9558162755866201,True,usable_predictions,attempted_predictions
CSGS5,q3_2020,1,robust_rolling_cqr,irradiance_outage,ramp,588,588,0,1.0,358,0.608843537414966,0.608843537414966,True,usable_predictions,attempted_predictions
CSGS5,q3_2020,1,robust_rolling_cqr,recent_power_outage,non_ramp,4006,4006,0,1.0,3777,0.9428357463804293,0.9428357463804293,True,usable_predictions,attempted_predictions
CSGS5,q3_2020,1,robust_rolling_cqr,recent_power_outage,ramp,588,588,0,1.0,399,0.6785714285714286,0.6785714285714286,True,usable_predictions,attempted_predictions
CSGS5,q3_2020,1,robust_rolling_cqr,weather_outage,non_ramp,4006,4006,0,1.0,3785,0.9448327508736895,0.9448327508736895,True,usable_predictions,attempted_predictions
CSGS5,q3_2020,1,robust_rolling_cqr,weather_outage,ramp,588,588,0,1.0,357,0.6071428571428571,0.6071428571428571,True,usable_predictions,attempted_predictions
CSGS5,q3_2020,4,clean_condition_cqr,clean,non_ramp,3793,3793,0,1.0,3632,0.9575533878196678,0.9575533878196678,True,usable_predictions,attempted_predictions
CSGS5,q3_2020,4,clean_condition_cqr,clean,ramp,527,527,0,1.0,341,0.6470588235294118,0.6470588235294118,True,usable_predictions,attempted_predictions
CSGS5,q3_2020,4,clean_condition_cqr,combined_outage,non_ramp,3793,3793,0,1.0,3627,0.9562351700500923,0.9562351700500923,True,usable_predictions,attempted_predictions
CSGS5,q3_2020,4,clean_condition_cqr,combined_outage,ramp,527,527,0,1.0,503,0.9544592030360531,0.9544592030360531,True,usable_predictions,attempted_predictions
CSGS5,q3_2020,4,clean_condition_cqr,irradiance_outage,non_ramp,3793,3793,0,1.0,3582,0.9443712101239125,0.9443712101239125,True,usable_predictions,attempted_predictions
CSGS5,q3_2020,4,clean_condition_cqr,irradiance_outage,ramp,527,527,0,1.0,400,0.7590132827324478,0.7590132827324478,True,usable_predictions,attempted_predictions
CSGS5,q3_2020,4,clean_condition_cqr,recent_power_outage,non_ramp,3793,3793,0,1.0,3647,0.9615080411283944,0.9615080411283944,True,usable_predictions,attempted_predictions
CSGS5,q3_2020,4,clean_condition_cqr,recent_power_outage,ramp,527,527,0,1.0,407,0.7722960151802657,0.7722960151802657,True,usable_predictions,attempted_predictions
CSGS5,q3_2020,4,clean_condition_cqr,weather_outage,non_ramp,3793,3793,0,1.0,3626,0.9559715264961771,0.9559715264961771,True,usable_predictions,attempted_predictions
CSGS5,q3_2020,4,clean_condition_cqr,weather_outage,ramp,527,527,0,1.0,347,0.6584440227703985,0.6584440227703985,True,usable_predictions,attempted_predictions
CSGS5,q3_2020,4,lgbm_condition_cqr,clean,non_ramp,3793,3793,0,1.0,3537,0.9325072501977326,0.9325072501977326,True,usable_predictions,attempted_predictions
CSGS5,q3_2020,4,lgbm_condition_cqr,clean,ramp,527,527,0,1.0,365,0.6925996204933587,0.6925996204933587,True,usable_predictions,attempted_predictions
CSGS5,q3_2020,4,lgbm_condition_cqr,combined_outage,non_ramp,3793,3793,0,1.0,3522,0.928552596889006,0.928552596889006,True,usable_predictions,attempted_predictions
CSGS5,q3_2020,4,lgbm_condition_cqr,combined_outage,ramp,527,527,0,1.0,482,0.9146110056925996,0.9146110056925996,True,usable_predictions,attempted_predictions
CSGS5,q3_2020,4,lgbm_condition_cqr,irradiance_outage,non_ramp,3793,3793,0,1.0,3498,0.9222251515950435,0.9222251515950435,True,usable_predictions,attempted_predictions
CSGS5,q3_2020,4,lgbm_condition_cqr,irradiance_outage,ramp,527,527,0,1.0,430,0.8159392789373814,0.8159392789373814,True,usable_predictions,attempted_predictions
CSGS5,q3_2020,4,lgbm_condition_cqr,recent_power_outage,non_ramp,3793,3793,0,1.0,3608,0.9512259425257052,0.9512259425257052,True,usable_predictions,attempted_predictions
CSGS5,q3_2020,4,lgbm_condition_cqr,recent_power_outage,ramp,527,527,0,1.0,469,0.889943074003795,0.889943074003795,True,usable_predictions,attempted_predictions
CSGS5,q3_2020,4,lgbm_condition_cqr,weather_outage,non_ramp,3793,3793,0,1.0,3523,0.9288162404429212,0.9288162404429212,True,usable_predictions,attempted_predictions
CSGS5,q3_2020,4,lgbm_condition_cqr,weather_outage,ramp,527,527,0,1.0,369,0.7001897533206831,0.7001897533206831,True,usable_predictions,attempted_predictions
CSGS5,q3_2020,4,oracle_ramp_mondrian,clean,non_ramp,3793,3793,0,1.0,3451,0.9098339045610335,0.9098339045610335,True,usable_predictions,attempted_predictions
CSGS5,q3_2020,4,oracle_ramp_mondrian,clean,ramp,527,527,0,1.0,489,0.9278937381404174,0.9278937381404174,True,usable_predictions,attempted_predictions
CSGS5,q3_2020,4,oracle_ramp_mondrian,combined_outage,non_ramp,3793,3793,0,1.0,3391,0.8940152913261271,0.8940152913261271,True,usable_predictions,attempted_predictions
CSGS5,q3_2020,4,oracle_ramp_mondrian,combined_outage,ramp,527,527,0,1.0,473,0.8975332068311196,0.8975332068311196,True,usable_predictions,attempted_predictions
CSGS5,q3_2020,4,oracle_ramp_mondrian,irradiance_outage,non_ramp,3793,3793,0,1.0,3435,0.9056156076983918,0.9056156076983918,True,usable_predictions,attempted_predictions
CSGS5,q3_2020,4,oracle_ramp_mondrian,irradiance_outage,ramp,527,527,0,1.0,491,0.9316888045540797,0.9316888045540797,True,usable_predictions,attempted_predictions
CSGS5,q3_2020,4,oracle_ramp_mondrian,recent_power_outage,non_ramp,3793,3793,0,1.0,3460,0.9122066965462694,0.9122066965462694,True,usable_predictions,attempted_predictions
CSGS5,q3_2020,4,oracle_ramp_mondrian,recent_power_outage,ramp,527,527,0,1.0,484,0.9184060721062619,0.9184060721062619,True,usable_predictions,attempted_predictions
CSGS5,q3_2020,4,oracle_ramp_mondrian,weather_outage,non_ramp,3793,3793,0,1.0,3444,0.9079883996836278,0.9079883996836278,True,usable_predictions,attempted_predictions
CSGS5,q3_2020,4,oracle_ramp_mondrian,weather_outage,ramp,527,527,0,1.0,488,0.9259962049335864,0.9259962049335864,True,usable_predictions,attempted_predictions
CSGS5,q3_2020,4,persistence_condition_cqr,clean,non_ramp,3793,3793,0,1.0,3793,1.0,1.0,True,usable_predictions,attempted_predictions
CSGS5,q3_2020,4,persistence_condition_cqr,clean,ramp,527,527,0,1.0,168,0.3187855787476281,0.3187855787476281,True,usable_predictions,attempted_predictions
CSGS5,q3_2020,4,persistence_condition_cqr,combined_outage,non_ramp,3793,3113,680,0.8207223833377274,2955,0.9492451011885641,0.7790667018191405,True,usable_predictions,attempted_predictions
CSGS5,q3_2020,4,persistence_condition_cqr,combined_outage,ramp,527,477,50,0.905123339658444,373,0.7819706498951782,0.7077798861480076,True,usable_predictions,attempted_predictions
CSGS5,q3_2020,4,persistence_condition_cqr,irradiance_outage,non_ramp,3793,3793,0,1.0,3793,1.0,1.0,True,usable_predictions,attempted_predictions
CSGS5,q3_2020,4,persistence_condition_cqr,irradiance_outage,ramp,527,527,0,1.0,168,0.3187855787476281,0.3187855787476281,True,usable_predictions,attempted_predictions
CSGS5,q3_2020,4,persistence_condition_cqr,recent_power_outage,non_ramp,3793,3113,680,0.8207223833377274,2955,0.9492451011885641,0.7790667018191405,True,usable_predictions,attempted_predictions
CSGS5,q3_2020,4,persistence_condition_cqr,recent_power_outage,ramp,527,477,50,0.905123339658444,373,0.7819706498951782,0.7077798861480076,True,usable_predictions,attempted_predictions
CSGS5,q3_2020,4,persistence_condition_cqr,weather_outage,non_ramp,3793,3793,0,1.0,3793,1.0,1.0,True,usable_predictions,attempted_predictions
CSGS5,q3_2020,4,persistence_condition_cqr,weather_outage,ramp,527,527,0,1.0,168,0.3187855787476281,0.3187855787476281,True,usable_predictions,attempted_predictions
CSGS5,q3_2020,4,robust_condition_cqr,clean,non_ramp,3793,3793,0,1.0,3557,0.9377801212760348,0.9377801212760348,True,usable_predictions,attempted_predictions
CSGS5,q3_2020,4,robust_condition_cqr,clean,ramp,527,527,0,1.0,383,0.7267552182163188,0.7267552182163188,True,usable_predictions,attempted_predictions
CSGS5,q3_2020,4,robust_condition_cqr,combined_outage,non_ramp,3793,3793,0,1.0,3475,0.9161613498549961,0.9161613498549961,True,usable_predictions,attempted_predictions
CSGS5,q3_2020,4,robust_condition_cqr,combined_outage,ramp,527,527,0,1.0,439,0.8330170777988615,0.8330170777988615,True,usable_predictions,attempted_predictions
CSGS5,q3_2020,4,robust_condition_cqr,irradiance_outage,non_ramp,3793,3793,0,1.0,3536,0.9322436066438176,0.9322436066438176,True,usable_predictions,attempted_predictions
CSGS5,q3_2020,4,robust_condition_cqr,irradiance_outage,ramp,527,527,0,1.0,403,0.7647058823529411,0.7647058823529411,True,usable_predictions,attempted_predictions
CSGS5,q3_2020,4,robust_condition_cqr,recent_power_outage,non_ramp,3793,3793,0,1.0,3550,0.9359346163986291,0.9359346163986291,True,usable_predictions,attempted_predictions
CSGS5,q3_2020,4,robust_condition_cqr,recent_power_outage,ramp,527,527,0,1.0,405,0.7685009487666035,0.7685009487666035,True,usable_predictions,attempted_predictions
CSGS5,q3_2020,4,robust_condition_cqr,weather_outage,non_ramp,3793,3793,0,1.0,3548,0.9354073292907988,0.9354073292907988,True,usable_predictions,attempted_predictions
CSGS5,q3_2020,4,robust_condition_cqr,weather_outage,ramp,527,527,0,1.0,375,0.7115749525616698,0.7115749525616698,True,usable_predictions,attempted_predictions
CSGS5,q3_2020,4,robust_local_cqr,clean,non_ramp,3793,3793,0,1.0,3596,0.948062219878724,0.948062219878724,True,usable_predictions,attempted_predictions
CSGS5,q3_2020,4,robust_local_cqr,clean,ramp,527,527,0,1.0,407,0.7722960151802657,0.7722960151802657,True,usable_predictions,attempted_predictions
CSGS5,q3_2020,4,robust_local_cqr,combined_outage,non_ramp,3793,3793,0,1.0,3444,0.9079883996836278,0.9079883996836278,True,usable_predictions,attempted_predictions
CSGS5,q3_2020,4,robust_local_cqr,combined_outage,ramp,527,527,0,1.0,452,0.857685009487666,0.857685009487666,True,usable_predictions,attempted_predictions
CSGS5,q3_2020,4,robust_local_cqr,irradiance_outage,non_ramp,3793,3793,0,1.0,3613,0.9525441602952808,0.9525441602952808,True,usable_predictions,attempted_predictions
CSGS5,q3_2020,4,robust_local_cqr,irradiance_outage,ramp,527,527,0,1.0,437,0.8292220113851992,0.8292220113851992,True,usable_predictions,attempted_predictions
CSGS5,q3_2020,4,robust_local_cqr,recent_power_outage,non_ramp,3793,3793,0,1.0,3606,0.950698655417875,0.950698655417875,True,usable_predictions,attempted_predictions
CSGS5,q3_2020,4,robust_local_cqr,recent_power_outage,ramp,527,527,0,1.0,433,0.8216318785578748,0.8216318785578748,True,usable_predictions,attempted_predictions
CSGS5,q3_2020,4,robust_local_cqr,weather_outage,non_ramp,3793,3793,0,1.0,3606,0.950698655417875,0.950698655417875,True,usable_predictions,attempted_predictions
CSGS5,q3_2020,4,robust_local_cqr,weather_outage,ramp,527,527,0,1.0,398,0.7552182163187856,0.7552182163187856,True,usable_predictions,attempted_predictions
CSGS5,q3_2020,4,robust_risk_mondrian,clean,non_ramp,3793,3793,0,1.0,3555,0.9372528341682046,0.9372528341682046,True,usable_predictions,attempted_predictions
CSGS5,q3_2020,4,robust_risk_mondrian,clean,ramp,527,527,0,1.0,397,0.7533206831119544,0.7533206831119544,True,usable_predictions,attempted_predictions
CSGS5,q3_2020,4,robust_risk_mondrian,combined_outage,non_ramp,3793,3793,0,1.0,3442,0.9074611125757975,0.9074611125757975,True,usable_predictions,attempted_predictions
CSGS5,q3_2020,4,robust_risk_mondrian,combined_outage,ramp,527,527,0,1.0,440,0.8349146110056926,0.8349146110056926,True,usable_predictions,attempted_predictions
CSGS5,q3_2020,4,robust_risk_mondrian,irradiance_outage,non_ramp,3793,3793,0,1.0,3551,0.9361982599525441,0.9361982599525441,True,usable_predictions,attempted_predictions
CSGS5,q3_2020,4,robust_risk_mondrian,irradiance_outage,ramp,527,527,0,1.0,417,0.7912713472485768,0.7912713472485768,True,usable_predictions,attempted_predictions
CSGS5,q3_2020,4,robust_risk_mondrian,recent_power_outage,non_ramp,3793,3793,0,1.0,3556,0.9375164777221197,0.9375164777221197,True,usable_predictions,attempted_predictions
CSGS5,q3_2020,4,robust_risk_mondrian,recent_power_outage,ramp,527,527,0,1.0,415,0.7874762808349146,0.7874762808349146,True,usable_predictions,attempted_predictions
CSGS5,q3_2020,4,robust_risk_mondrian,weather_outage,non_ramp,3793,3793,0,1.0,3542,0.9338254679673083,0.9338254679673083,True,usable_predictions,attempted_predictions
CSGS5,q3_2020,4,robust_risk_mondrian,weather_outage,ramp,527,527,0,1.0,390,0.7400379506641366,0.7400379506641366,True,usable_predictions,attempted_predictions
CSGS5,q3_2020,4,robust_rolling_cqr,clean,non_ramp,3793,3793,0,1.0,3531,0.930925388874242,0.930925388874242,True,usable_predictions,attempted_predictions
CSGS5,q3_2020,4,robust_rolling_cqr,clean,ramp,527,527,0,1.0,377,0.715370018975332,0.715370018975332,True,usable_predictions,attempted_predictions
CSGS5,q3_2020,4,robust_rolling_cqr,combined_outage,non_ramp,3793,3793,0,1.0,3463,0.9129976272080148,0.9129976272080148,True,usable_predictions,attempted_predictions
CSGS5,q3_2020,4,robust_rolling_cqr,combined_outage,ramp,527,527,0,1.0,433,0.8216318785578748,0.8216318785578748,True,usable_predictions,attempted_predictions
CSGS5,q3_2020,4,robust_rolling_cqr,irradiance_outage,non_ramp,3793,3793,0,1.0,3516,0.9269707355655155,0.9269707355655155,True,usable_predictions,attempted_predictions
CSGS5,q3_2020,4,robust_rolling_cqr,irradiance_outage,ramp,527,527,0,1.0,396,0.7514231499051234,0.7514231499051234,True,usable_predictions,attempted_predictions
CSGS5,q3_2020,4,robust_rolling_cqr,recent_power_outage,non_ramp,3793,3793,0,1.0,3511,0.9256525177959399,0.9256525177959399,True,usable_predictions,attempted_predictions
CSGS5,q3_2020,4,robust_rolling_cqr,recent_power_outage,ramp,527,527,0,1.0,391,0.7419354838709677,0.7419354838709677,True,usable_predictions,attempted_predictions
CSGS5,q3_2020,4,robust_rolling_cqr,weather_outage,non_ramp,3793,3793,0,1.0,3536,0.9322436066438176,0.9322436066438176,True,usable_predictions,attempted_predictions
CSGS5,q3_2020,4,robust_rolling_cqr,weather_outage,ramp,527,527,0,1.0,365,0.6925996204933587,0.6925996204933587,True,usable_predictions,attempted_predictions
CSGS5,q4_2020,1,clean_condition_cqr,clean,non_ramp,3372,3372,0,1.0,3249,0.9635231316725978,0.9635231316725978,True,usable_predictions,attempted_predictions
CSGS5,q4_2020,1,clean_condition_cqr,clean,ramp,297,297,0,1.0,130,0.4377104377104377,0.4377104377104377,True,usable_predictions,attempted_predictions
CSGS5,q4_2020,1,clean_condition_cqr,combined_outage,non_ramp,3372,3372,0,1.0,3212,0.9525504151838672,0.9525504151838672,True,usable_predictions,attempted_predictions
CSGS5,q4_2020,1,clean_condition_cqr,combined_outage,ramp,297,297,0,1.0,274,0.9225589225589226,0.9225589225589226,True,usable_predictions,attempted_predictions
CSGS5,q4_2020,1,clean_condition_cqr,irradiance_outage,non_ramp,3372,3372,0,1.0,3237,0.9599644128113879,0.9599644128113879,True,usable_predictions,attempted_predictions
CSGS5,q4_2020,1,clean_condition_cqr,irradiance_outage,ramp,297,297,0,1.0,177,0.5959595959595959,0.5959595959595959,True,usable_predictions,attempted_predictions
CSGS5,q4_2020,1,clean_condition_cqr,recent_power_outage,non_ramp,3372,3372,0,1.0,3176,0.9418742586002372,0.9418742586002372,True,usable_predictions,attempted_predictions
CSGS5,q4_2020,1,clean_condition_cqr,recent_power_outage,ramp,297,297,0,1.0,222,0.7474747474747475,0.7474747474747475,True,usable_predictions,attempted_predictions
CSGS5,q4_2020,1,clean_condition_cqr,weather_outage,non_ramp,3372,3372,0,1.0,3245,0.9623368920521945,0.9623368920521945,True,usable_predictions,attempted_predictions
CSGS5,q4_2020,1,clean_condition_cqr,weather_outage,ramp,297,297,0,1.0,124,0.4175084175084175,0.4175084175084175,True,usable_predictions,attempted_predictions
CSGS5,q4_2020,1,lgbm_condition_cqr,clean,non_ramp,3372,3372,0,1.0,3163,0.9380189798339265,0.9380189798339265,True,usable_predictions,attempted_predictions
CSGS5,q4_2020,1,lgbm_condition_cqr,clean,ramp,297,297,0,1.0,159,0.5353535353535354,0.5353535353535354,True,usable_predictions,attempted_predictions
CSGS5,q4_2020,1,lgbm_condition_cqr,combined_outage,non_ramp,3372,3372,0,1.0,3230,0.9578884934756821,0.9578884934756821,True,usable_predictions,attempted_predictions
CSGS5,q4_2020,1,lgbm_condition_cqr,combined_outage,ramp,297,297,0,1.0,271,0.9124579124579124,0.9124579124579124,True,usable_predictions,attempted_predictions
CSGS5,q4_2020,1,lgbm_condition_cqr,irradiance_outage,non_ramp,3372,3372,0,1.0,3323,0.9854685646500593,0.9854685646500593,True,usable_predictions,attempted_predictions
CSGS5,q4_2020,1,lgbm_condition_cqr,irradiance_outage,ramp,297,297,0,1.0,186,0.6262626262626263,0.6262626262626263,True,usable_predictions,attempted_predictions
CSGS5,q4_2020,1,lgbm_condition_cqr,recent_power_outage,non_ramp,3372,3372,0,1.0,3122,0.9258600237247924,0.9258600237247924,True,usable_predictions,attempted_predictions
CSGS5,q4_2020,1,lgbm_condition_cqr,recent_power_outage,ramp,297,297,0,1.0,268,0.9023569023569024,0.9023569023569024,True,usable_predictions,attempted_predictions
CSGS5,q4_2020,1,lgbm_condition_cqr,weather_outage,non_ramp,3372,3372,0,1.0,3170,0.9400948991696323,0.9400948991696323,True,usable_predictions,attempted_predictions
CSGS5,q4_2020,1,lgbm_condition_cqr,weather_outage,ramp,297,297,0,1.0,159,0.5353535353535354,0.5353535353535354,True,usable_predictions,attempted_predictions
CSGS5,q4_2020,1,oracle_ramp_mondrian,clean,non_ramp,3372,3372,0,1.0,3010,0.8926453143534994,0.8926453143534994,True,usable_predictions,attempted_predictions
CSGS5,q4_2020,1,oracle_ramp_mondrian,clean,ramp,297,297,0,1.0,265,0.8922558922558923,0.8922558922558923,True,usable_predictions,attempted_predictions
CSGS5,q4_2020,1,oracle_ramp_mondrian,combined_outage,non_ramp,3372,3372,0,1.0,2954,0.8760379596678529,0.8760379596678529,True,usable_predictions,attempted_predictions
CSGS5,q4_2020,1,oracle_ramp_mondrian,combined_outage,ramp,297,297,0,1.0,276,0.9292929292929293,0.9292929292929293,True,usable_predictions,attempted_predictions
CSGS5,q4_2020,1,oracle_ramp_mondrian,irradiance_outage,non_ramp,3372,3372,0,1.0,3140,0.9311981020166074,0.9311981020166074,True,usable_predictions,attempted_predictions
CSGS5,q4_2020,1,oracle_ramp_mondrian,irradiance_outage,ramp,297,297,0,1.0,267,0.898989898989899,0.898989898989899,True,usable_predictions,attempted_predictions
CSGS5,q4_2020,1,oracle_ramp_mondrian,recent_power_outage,non_ramp,3372,3372,0,1.0,3036,0.900355871886121,0.900355871886121,True,usable_predictions,attempted_predictions
CSGS5,q4_2020,1,oracle_ramp_mondrian,recent_power_outage,ramp,297,297,0,1.0,268,0.9023569023569024,0.9023569023569024,True,usable_predictions,attempted_predictions
CSGS5,q4_2020,1,oracle_ramp_mondrian,weather_outage,non_ramp,3372,3372,0,1.0,3058,0.9068801897983393,0.9068801897983393,True,usable_predictions,attempted_predictions
CSGS5,q4_2020,1,oracle_ramp_mondrian,weather_outage,ramp,297,297,0,1.0,265,0.8922558922558923,0.8922558922558923,True,usable_predictions,attempted_predictions
CSGS5,q4_2020,1,persistence_condition_cqr,clean,non_ramp,3372,3372,0,1.0,3372,1.0,1.0,True,usable_predictions,attempted_predictions
CSGS5,q4_2020,1,persistence_condition_cqr,clean,ramp,297,297,0,1.0,85,0.28619528619528617,0.28619528619528617,True,usable_predictions,attempted_predictions
CSGS5,q4_2020,1,persistence_condition_cqr,combined_outage,non_ramp,3372,2659,713,0.788552787663108,2271,0.854080481383979,0.6734875444839857,True,usable_predictions,attempted_predictions
CSGS5,q4_2020,1,persistence_condition_cqr,combined_outage,ramp,297,275,22,0.9259259259259259,222,0.8072727272727273,0.7474747474747475,True,usable_predictions,attempted_predictions
CSGS5,q4_2020,1,persistence_condition_cqr,irradiance_outage,non_ramp,3372,3372,0,1.0,3372,1.0,1.0,True,usable_predictions,attempted_predictions
CSGS5,q4_2020,1,persistence_condition_cqr,irradiance_outage,ramp,297,297,0,1.0,85,0.28619528619528617,0.28619528619528617,True,usable_predictions,attempted_predictions
CSGS5,q4_2020,1,persistence_condition_cqr,recent_power_outage,non_ramp,3372,2659,713,0.788552787663108,2271,0.854080481383979,0.6734875444839857,True,usable_predictions,attempted_predictions
CSGS5,q4_2020,1,persistence_condition_cqr,recent_power_outage,ramp,297,275,22,0.9259259259259259,222,0.8072727272727273,0.7474747474747475,True,usable_predictions,attempted_predictions
CSGS5,q4_2020,1,persistence_condition_cqr,weather_outage,non_ramp,3372,3372,0,1.0,3372,1.0,1.0,True,usable_predictions,attempted_predictions
CSGS5,q4_2020,1,persistence_condition_cqr,weather_outage,ramp,297,297,0,1.0,85,0.28619528619528617,0.28619528619528617,True,usable_predictions,attempted_predictions
CSGS5,q4_2020,1,robust_condition_cqr,clean,non_ramp,3372,3372,0,1.0,3164,0.9383155397390273,0.9383155397390273,True,usable_predictions,attempted_predictions
CSGS5,q4_2020,1,robust_condition_cqr,clean,ramp,297,297,0,1.0,165,0.5555555555555556,0.5555555555555556,True,usable_predictions,attempted_predictions
CSGS5,q4_2020,1,robust_condition_cqr,combined_outage,non_ramp,3372,3372,0,1.0,3025,0.8970937129300118,0.8970937129300118,True,usable_predictions,attempted_predictions
CSGS5,q4_2020,1,robust_condition_cqr,combined_outage,ramp,297,297,0,1.0,230,0.7744107744107744,0.7744107744107744,True,usable_predictions,attempted_predictions
CSGS5,q4_2020,1,robust_condition_cqr,irradiance_outage,non_ramp,3372,3372,0,1.0,3169,0.9397983392645315,0.9397983392645315,True,usable_predictions,attempted_predictions
CSGS5,q4_2020,1,robust_condition_cqr,irradiance_outage,ramp,297,297,0,1.0,177,0.5959595959595959,0.5959595959595959,True,usable_predictions,attempted_predictions
CSGS5,q4_2020,1,robust_condition_cqr,recent_power_outage,non_ramp,3372,3372,0,1.0,3168,0.9395017793594306,0.9395017793594306,True,usable_predictions,attempted_predictions
CSGS5,q4_2020,1,robust_condition_cqr,recent_power_outage,ramp,297,297,0,1.0,176,0.5925925925925926,0.5925925925925926,True,usable_predictions,attempted_predictions
CSGS5,q4_2020,1,robust_condition_cqr,weather_outage,non_ramp,3372,3372,0,1.0,3188,0.9454329774614472,0.9454329774614472,True,usable_predictions,attempted_predictions
CSGS5,q4_2020,1,robust_condition_cqr,weather_outage,ramp,297,297,0,1.0,171,0.5757575757575758,0.5757575757575758,True,usable_predictions,attempted_predictions
CSGS5,q4_2020,1,robust_local_cqr,clean,non_ramp,3372,3372,0,1.0,3208,0.9513641755634639,0.9513641755634639,True,usable_predictions,attempted_predictions
CSGS5,q4_2020,1,robust_local_cqr,clean,ramp,297,297,0,1.0,197,0.6632996632996633,0.6632996632996633,True,usable_predictions,attempted_predictions
CSGS5,q4_2020,1,robust_local_cqr,combined_outage,non_ramp,3372,3372,0,1.0,3073,0.9113285883748518,0.9113285883748518,True,usable_predictions,attempted_predictions
CSGS5,q4_2020,1,robust_local_cqr,combined_outage,ramp,297,297,0,1.0,241,0.8114478114478114,0.8114478114478114,True,usable_predictions,attempted_predictions
CSGS5,q4_2020,1,robust_local_cqr,irradiance_outage,non_ramp,3372,3372,0,1.0,3235,0.9593712930011863,0.9593712930011863,True,usable_predictions,attempted_predictions
CSGS5,q4_2020,1,robust_local_cqr,irradiance_outage,ramp,297,297,0,1.0,205,0.6902356902356902,0.6902356902356902,True,usable_predictions,attempted_predictions
CSGS5,q4_2020,1,robust_local_cqr,recent_power_outage,non_ramp,3372,3372,0,1.0,3199,0.9486951364175563,0.9486951364175563,True,usable_predictions,attempted_predictions
CSGS5,q4_2020,1,robust_local_cqr,recent_power_outage,ramp,297,297,0,1.0,196,0.6599326599326599,0.6599326599326599,True,usable_predictions,attempted_predictions
CSGS5,q4_2020,1,robust_local_cqr,weather_outage,non_ramp,3372,3372,0,1.0,3242,0.961447212336892,0.961447212336892,True,usable_predictions,attempted_predictions
CSGS5,q4_2020,1,robust_local_cqr,weather_outage,ramp,297,297,0,1.0,208,0.7003367003367004,0.7003367003367004,True,usable_predictions,attempted_predictions
CSGS5,q4_2020,1,robust_risk_mondrian,clean,non_ramp,3372,3372,0,1.0,3133,0.9291221826809015,0.9291221826809015,True,usable_predictions,attempted_predictions
CSGS5,q4_2020,1,robust_risk_mondrian,clean,ramp,297,297,0,1.0,182,0.6127946127946128,0.6127946127946128,True,usable_predictions,attempted_predictions
CSGS5,q4_2020,1,robust_risk_mondrian,combined_outage,non_ramp,3372,3372,0,1.0,3065,0.9089561091340451,0.9089561091340451,True,usable_predictions,attempted_predictions
CSGS5,q4_2020,1,robust_risk_mondrian,combined_outage,ramp,297,297,0,1.0,237,0.797979797979798,0.797979797979798,True,usable_predictions,attempted_predictions
CSGS5,q4_2020,1,robust_risk_mondrian,irradiance_outage,non_ramp,3372,3372,0,1.0,3150,0.9341637010676157,0.9341637010676157,True,usable_predictions,attempted_predictions
CSGS5,q4_2020,1,robust_risk_mondrian,irradiance_outage,ramp,297,297,0,1.0,194,0.6531986531986532,0.6531986531986532,True,usable_predictions,attempted_predictions
CSGS5,q4_2020,1,robust_risk_mondrian,recent_power_outage,non_ramp,3372,3372,0,1.0,3125,0.9267497034400949,0.9267497034400949,True,usable_predictions,attempted_predictions
CSGS5,q4_2020,1,robust_risk_mondrian,recent_power_outage,ramp,297,297,0,1.0,181,0.6094276094276094,0.6094276094276094,True,usable_predictions,attempted_predictions
CSGS5,q4_2020,1,robust_risk_mondrian,weather_outage,non_ramp,3372,3372,0,1.0,3160,0.9371293001186239,0.9371293001186239,True,usable_predictions,attempted_predictions
CSGS5,q4_2020,1,robust_risk_mondrian,weather_outage,ramp,297,297,0,1.0,191,0.6430976430976431,0.6430976430976431,True,usable_predictions,attempted_predictions
CSGS5,q4_2020,1,robust_rolling_cqr,clean,non_ramp,3372,3372,0,1.0,3162,0.9377224199288257,0.9377224199288257,True,usable_predictions,attempted_predictions
CSGS5,q4_2020,1,robust_rolling_cqr,clean,ramp,297,297,0,1.0,167,0.5622895622895623,0.5622895622895623,True,usable_predictions,attempted_predictions
CSGS5,q4_2020,1,robust_rolling_cqr,combined_outage,non_ramp,3372,3372,0,1.0,3043,0.9024317912218268,0.9024317912218268,True,usable_predictions,attempted_predictions
CSGS5,q4_2020,1,robust_rolling_cqr,combined_outage,ramp,297,297,0,1.0,236,0.7946127946127947,0.7946127946127947,True,usable_predictions,attempted_predictions
CSGS5,q4_2020,1,robust_rolling_cqr,irradiance_outage,non_ramp,3372,3372,0,1.0,3172,0.9406880189798339,0.9406880189798339,True,usable_predictions,attempted_predictions
CSGS5,q4_2020,1,robust_rolling_cqr,irradiance_outage,ramp,297,297,0,1.0,178,0.5993265993265994,0.5993265993265994,True,usable_predictions,attempted_predictions
CSGS5,q4_2020,1,robust_rolling_cqr,recent_power_outage,non_ramp,3372,3372,0,1.0,3147,0.9332740213523132,0.9332740213523132,True,usable_predictions,attempted_predictions
CSGS5,q4_2020,1,robust_rolling_cqr,recent_power_outage,ramp,297,297,0,1.0,179,0.6026936026936027,0.6026936026936027,True,usable_predictions,attempted_predictions
CSGS5,q4_2020,1,robust_rolling_cqr,weather_outage,non_ramp,3372,3372,0,1.0,3163,0.9380189798339265,0.9380189798339265,True,usable_predictions,attempted_predictions
CSGS5,q4_2020,1,robust_rolling_cqr,weather_outage,ramp,297,297,0,1.0,169,0.569023569023569,0.569023569023569,True,usable_predictions,attempted_predictions
CSGS5,q4_2020,4,clean_condition_cqr,clean,non_ramp,2911,2911,0,1.0,2781,0.9553418069391961,0.9553418069391961,True,usable_predictions,attempted_predictions
CSGS5,q4_2020,4,clean_condition_cqr,clean,ramp,482,482,0,1.0,331,0.6867219917012448,0.6867219917012448,True,usable_predictions,attempted_predictions
CSGS5,q4_2020,4,clean_condition_cqr,combined_outage,non_ramp,2911,2911,0,1.0,2788,0.9577464788732394,0.9577464788732394,True,usable_predictions,attempted_predictions
CSGS5,q4_2020,4,clean_condition_cqr,combined_outage,ramp,482,482,0,1.0,468,0.970954356846473,0.970954356846473,True,usable_predictions,attempted_predictions
CSGS5,q4_2020,4,clean_condition_cqr,irradiance_outage,non_ramp,2911,2911,0,1.0,2778,0.9543112332531776,0.9543112332531776,True,usable_predictions,attempted_predictions
CSGS5,q4_2020,4,clean_condition_cqr,irradiance_outage,ramp,482,482,0,1.0,394,0.8174273858921162,0.8174273858921162,True,usable_predictions,attempted_predictions
CSGS5,q4_2020,4,clean_condition_cqr,recent_power_outage,non_ramp,2911,2911,0,1.0,2668,0.9165235314324974,0.9165235314324974,True,usable_predictions,attempted_predictions
CSGS5,q4_2020,4,clean_condition_cqr,recent_power_outage,ramp,482,482,0,1.0,401,0.8319502074688797,0.8319502074688797,True,usable_predictions,attempted_predictions
CSGS5,q4_2020,4,clean_condition_cqr,weather_outage,non_ramp,2911,2911,0,1.0,2769,0.9512195121951219,0.9512195121951219,True,usable_predictions,attempted_predictions
CSGS5,q4_2020,4,clean_condition_cqr,weather_outage,ramp,482,482,0,1.0,310,0.6431535269709544,0.6431535269709544,True,usable_predictions,attempted_predictions
CSGS5,q4_2020,4,lgbm_condition_cqr,clean,non_ramp,2911,2911,0,1.0,2781,0.9553418069391961,0.9553418069391961,True,usable_predictions,attempted_predictions
CSGS5,q4_2020,4,lgbm_condition_cqr,clean,ramp,482,482,0,1.0,299,0.6203319502074689,0.6203319502074689,True,usable_predictions,attempted_predictions
CSGS5,q4_2020,4,lgbm_condition_cqr,combined_outage,non_ramp,2911,2911,0,1.0,2683,0.9216763998625902,0.9216763998625902,True,usable_predictions,attempted_predictions
CSGS5,q4_2020,4,lgbm_condition_cqr,combined_outage,ramp,482,482,0,1.0,458,0.950207468879668,0.950207468879668,True,usable_predictions,attempted_predictions
CSGS5,q4_2020,4,lgbm_condition_cqr,irradiance_outage,non_ramp,2911,2911,0,1.0,2844,0.9769838543455857,0.9769838543455857,True,usable_predictions,attempted_predictions
CSGS5,q4_2020,4,lgbm_condition_cqr,irradiance_outage,ramp,482,482,0,1.0,387,0.8029045643153527,0.8029045643153527,True,usable_predictions,attempted_predictions
CSGS5,q4_2020,4,lgbm_condition_cqr,recent_power_outage,non_ramp,2911,2911,0,1.0,2664,0.9151494331844727,0.9151494331844727,True,usable_predictions,attempted_predictions
CSGS5,q4_2020,4,lgbm_condition_cqr,recent_power_outage,ramp,482,482,0,1.0,443,0.9190871369294605,0.9190871369294605,True,usable_predictions,attempted_predictions
CSGS5,q4_2020,4,lgbm_condition_cqr,weather_outage,non_ramp,2911,2911,0,1.0,2780,0.95499828237719,0.95499828237719,True,usable_predictions,attempted_predictions
CSGS5,q4_2020,4,lgbm_condition_cqr,weather_outage,ramp,482,482,0,1.0,283,0.5871369294605809,0.5871369294605809,True,usable_predictions,attempted_predictions
CSGS5,q4_2020,4,oracle_ramp_mondrian,clean,non_ramp,2911,2911,0,1.0,2670,0.9172105805565098,0.9172105805565098,True,usable_predictions,attempted_predictions
CSGS5,q4_2020,4,oracle_ramp_mondrian,clean,ramp,482,482,0,1.0,445,0.9232365145228216,0.9232365145228216,True,usable_predictions,attempted_predictions
CSGS5,q4_2020,4,oracle_ramp_mondrian,combined_outage,non_ramp,2911,2911,0,1.0,2541,0.8728959120577121,0.8728959120577121,True,usable_predictions,attempted_predictions
CSGS5,q4_2020,4,oracle_ramp_mondrian,combined_outage,ramp,482,482,0,1.0,443,0.9190871369294605,0.9190871369294605,True,usable_predictions,attempted_predictions
CSGS5,q4_2020,4,oracle_ramp_mondrian,irradiance_outage,non_ramp,2911,2911,0,1.0,2720,0.934386808656819,0.934386808656819,True,usable_predictions,attempted_predictions
CSGS5,q4_2020,4,oracle_ramp_mondrian,irradiance_outage,ramp,482,482,0,1.0,456,0.946058091286307,0.946058091286307,True,usable_predictions,attempted_predictions
CSGS5,q4_2020,4,oracle_ramp_mondrian,recent_power_outage,non_ramp,2911,2911,0,1.0,2668,0.9165235314324974,0.9165235314324974,True,usable_predictions,attempted_predictions
CSGS5,q4_2020,4,oracle_ramp_mondrian,recent_power_outage,ramp,482,482,0,1.0,451,0.9356846473029046,0.9356846473029046,True,usable_predictions,attempted_predictions
CSGS5,q4_2020,4,oracle_ramp_mondrian,weather_outage,non_ramp,2911,2911,0,1.0,2663,0.9148059086224665,0.9148059086224665,True,usable_predictions,attempted_predictions
CSGS5,q4_2020,4,oracle_ramp_mondrian,weather_outage,ramp,482,482,0,1.0,444,0.921161825726141,0.921161825726141,True,usable_predictions,attempted_predictions
CSGS5,q4_2020,4,persistence_condition_cqr,clean,non_ramp,2911,2911,0,1.0,2911,1.0,1.0,True,usable_predictions,attempted_predictions
CSGS5,q4_2020,4,persistence_condition_cqr,clean,ramp,482,482,0,1.0,85,0.17634854771784234,0.17634854771784234,True,usable_predictions,attempted_predictions
CSGS5,q4_2020,4,persistence_condition_cqr,combined_outage,non_ramp,2911,2322,589,0.797664032978358,2067,0.8901808785529716,0.7100652696667812,True,usable_predictions,attempted_predictions
CSGS5,q4_2020,4,persistence_condition_cqr,combined_outage,ramp,482,336,146,0.6970954356846473,212,0.6309523809523809,0.43983402489626555,True,usable_predictions,attempted_predictions
CSGS5,q4_2020,4,persistence_condition_cqr,irradiance_outage,non_ramp,2911,2911,0,1.0,2911,1.0,1.0,True,usable_predictions,attempted_predictions
CSGS5,q4_2020,4,persistence_condition_cqr,irradiance_outage,ramp,482,482,0,1.0,85,0.17634854771784234,0.17634854771784234,True,usable_predictions,attempted_predictions
CSGS5,q4_2020,4,persistence_condition_cqr,recent_power_outage,non_ramp,2911,2322,589,0.797664032978358,2067,0.8901808785529716,0.7100652696667812,True,usable_predictions,attempted_predictions
CSGS5,q4_2020,4,persistence_condition_cqr,recent_power_outage,ramp,482,336,146,0.6970954356846473,212,0.6309523809523809,0.43983402489626555,True,usable_predictions,attempted_predictions
CSGS5,q4_2020,4,persistence_condition_cqr,weather_outage,non_ramp,2911,2911,0,1.0,2911,1.0,1.0,True,usable_predictions,attempted_predictions
CSGS5,q4_2020,4,persistence_condition_cqr,weather_outage,ramp,482,482,0,1.0,85,0.17634854771784234,0.17634854771784234,True,usable_predictions,attempted_predictions
CSGS5,q4_2020,4,robust_condition_cqr,clean,non_ramp,2911,2911,0,1.0,2754,0.9460666437650292,0.9460666437650292,True,usable_predictions,attempted_predictions
CSGS5,q4_2020,4,robust_condition_cqr,clean,ramp,482,482,0,1.0,359,0.7448132780082988,0.7448132780082988,True,usable_predictions,attempted_predictions
CSGS5,q4_2020,4,robust_condition_cqr,combined_outage,non_ramp,2911,2911,0,1.0,2582,0.8869804190999656,0.8869804190999656,True,usable_predictions,attempted_predictions
CSGS5,q4_2020,4,robust_condition_cqr,combined_outage,ramp,482,482,0,1.0,397,0.8236514522821576,0.8236514522821576,True,usable_predictions,attempted_predictions
CSGS5,q4_2020,4,robust_condition_cqr,irradiance_outage,non_ramp,2911,2911,0,1.0,2790,0.9584335279972518,0.9584335279972518,True,usable_predictions,attempted_predictions
CSGS5,q4_2020,4,robust_condition_cqr,irradiance_outage,ramp,482,482,0,1.0,371,0.7697095435684648,0.7697095435684648,True,usable_predictions,attempted_predictions
CSGS5,q4_2020,4,robust_condition_cqr,recent_power_outage,non_ramp,2911,2911,0,1.0,2734,0.9391961525249055,0.9391961525249055,True,usable_predictions,attempted_predictions
CSGS5,q4_2020,4,robust_condition_cqr,recent_power_outage,ramp,482,482,0,1.0,379,0.7863070539419087,0.7863070539419087,True,usable_predictions,attempted_predictions
CSGS5,q4_2020,4,robust_condition_cqr,weather_outage,non_ramp,2911,2911,0,1.0,2746,0.9433184472689797,0.9433184472689797,True,usable_predictions,attempted_predictions
CSGS5,q4_2020,4,robust_condition_cqr,weather_outage,ramp,482,482,0,1.0,339,0.7033195020746889,0.7033195020746889,True,usable_predictions,attempted_predictions
CSGS5,q4_2020,4,robust_local_cqr,clean,non_ramp,2911,2911,0,1.0,2758,0.947440742013054,0.947440742013054,True,usable_predictions,attempted_predictions
CSGS5,q4_2020,4,robust_local_cqr,clean,ramp,482,482,0,1.0,374,0.7759336099585062,0.7759336099585062,True,usable_predictions,attempted_predictions
CSGS5,q4_2020,4,robust_local_cqr,combined_outage,non_ramp,2911,2911,0,1.0,2621,0.9003778770182068,0.9003778770182068,True,usable_predictions,attempted_predictions
CSGS5,q4_2020,4,robust_local_cqr,combined_outage,ramp,482,482,0,1.0,409,0.8485477178423236,0.8485477178423236,True,usable_predictions,attempted_predictions
CSGS5,q4_2020,4,robust_local_cqr,irradiance_outage,non_ramp,2911,2911,0,1.0,2783,0.9560288560632085,0.9560288560632085,True,usable_predictions,attempted_predictions
CSGS5,q4_2020,4,robust_local_cqr,irradiance_outage,ramp,482,482,0,1.0,389,0.8070539419087137,0.8070539419087137,True,usable_predictions,attempted_predictions
CSGS5,q4_2020,4,robust_local_cqr,recent_power_outage,non_ramp,2911,2911,0,1.0,2763,0.9491583648230848,0.9491583648230848,True,usable_predictions,attempted_predictions
CSGS5,q4_2020,4,robust_local_cqr,recent_power_outage,ramp,482,482,0,1.0,398,0.8257261410788381,0.8257261410788381,True,usable_predictions,attempted_predictions
CSGS5,q4_2020,4,robust_local_cqr,weather_outage,non_ramp,2911,2911,0,1.0,2767,0.9505324630711096,0.9505324630711096,True,usable_predictions,attempted_predictions
CSGS5,q4_2020,4,robust_local_cqr,weather_outage,ramp,482,482,0,1.0,361,0.7489626556016598,0.7489626556016598,True,usable_predictions,attempted_predictions
CSGS5,q4_2020,4,robust_risk_mondrian,clean,non_ramp,2911,2911,0,1.0,2712,0.9316386121607695,0.9316386121607695,True,usable_predictions,attempted_predictions
CSGS5,q4_2020,4,robust_risk_mondrian,clean,ramp,482,482,0,1.0,376,0.7800829875518672,0.7800829875518672,True,usable_predictions,attempted_predictions
CSGS5,q4_2020,4,robust_risk_mondrian,combined_outage,non_ramp,2911,2911,0,1.0,2614,0.8979732050841636,0.8979732050841636,True,usable_predictions,attempted_predictions
CSGS5,q4_2020,4,robust_risk_mondrian,combined_outage,ramp,482,482,0,1.0,392,0.8132780082987552,0.8132780082987552,True,usable_predictions,attempted_predictions
CSGS5,q4_2020,4,robust_risk_mondrian,irradiance_outage,non_ramp,2911,2911,0,1.0,2741,0.9416008244589488,0.9416008244589488,True,usable_predictions,attempted_predictions
CSGS5,q4_2020,4,robust_risk_mondrian,irradiance_outage,ramp,482,482,0,1.0,386,0.8008298755186722,0.8008298755186722,True,usable_predictions,attempted_predictions
CSGS5,q4_2020,4,robust_risk_mondrian,recent_power_outage,non_ramp,2911,2911,0,1.0,2707,0.9299209893507385,0.9299209893507385,True,usable_predictions,attempted_predictions
CSGS5,q4_2020,4,robust_risk_mondrian,recent_power_outage,ramp,482,482,0,1.0,388,0.8049792531120332,0.8049792531120332,True,usable_predictions,attempted_predictions
CSGS5,q4_2020,4,robust_risk_mondrian,weather_outage,non_ramp,2911,2911,0,1.0,2713,0.9319821367227756,0.9319821367227756,True,usable_predictions,attempted_predictions
CSGS5,q4_2020,4,robust_risk_mondrian,weather_outage,ramp,482,482,0,1.0,370,0.7676348547717843,0.7676348547717843,True,usable_predictions,attempted_predictions
CSGS5,q4_2020,4,robust_rolling_cqr,clean,non_ramp,2911,2911,0,1.0,2715,0.932669185846788,0.932669185846788,True,usable_predictions,attempted_predictions
CSGS5,q4_2020,4,robust_rolling_cqr,clean,ramp,482,482,0,1.0,350,0.7261410788381742,0.7261410788381742,True,usable_predictions,attempted_predictions
CSGS5,q4_2020,4,robust_rolling_cqr,combined_outage,non_ramp,2911,2911,0,1.0,2625,0.9017519752662315,0.9017519752662315,True,usable_predictions,attempted_predictions
CSGS5,q4_2020,4,robust_rolling_cqr,combined_outage,ramp,482,482,0,1.0,406,0.8423236514522822,0.8423236514522822,True,usable_predictions,attempted_predictions
CSGS5,q4_2020,4,robust_rolling_cqr,irradiance_outage,non_ramp,2911,2911,0,1.0,2719,0.9340432840948127,0.9340432840948127,True,usable_predictions,attempted_predictions
CSGS5,q4_2020,4,robust_rolling_cqr,irradiance_outage,ramp,482,482,0,1.0,349,0.7240663900414938,0.7240663900414938,True,usable_predictions,attempted_predictions
CSGS5,q4_2020,4,robust_rolling_cqr,recent_power_outage,non_ramp,2911,2911,0,1.0,2695,0.9257986946066644,0.9257986946066644,True,usable_predictions,attempted_predictions
CSGS5,q4_2020,4,robust_rolling_cqr,recent_power_outage,ramp,482,482,0,1.0,368,0.7634854771784232,0.7634854771784232,True,usable_predictions,attempted_predictions
CSGS5,q4_2020,4,robust_rolling_cqr,weather_outage,non_ramp,2911,2911,0,1.0,2729,0.9374785297148747,0.9374785297148747,True,usable_predictions,attempted_predictions
CSGS5,q4_2020,4,robust_rolling_cqr,weather_outage,ramp,482,482,0,1.0,332,0.6887966804979253,0.6887966804979253,True,usable_predictions,attempted_predictions
CSGS6,q1_2020,1,clean_condition_cqr,clean,non_ramp,5458,5458,0,1.0,5148,0.9432026383290583,0.9432026383290583,True,usable_predictions,attempted_predictions
CSGS6,q1_2020,1,clean_condition_cqr,clean,ramp,366,366,0,1.0,95,0.25956284153005466,0.25956284153005466,True,usable_predictions,attempted_predictions
CSGS6,q1_2020,1,clean_condition_cqr,combined_outage,non_ramp,5458,5458,0,1.0,4602,0.8431659948699157,0.8431659948699157,True,usable_predictions,attempted_predictions
CSGS6,q1_2020,1,clean_condition_cqr,combined_outage,ramp,366,366,0,1.0,340,0.9289617486338798,0.9289617486338798,True,usable_predictions,attempted_predictions
CSGS6,q1_2020,1,clean_condition_cqr,irradiance_outage,non_ramp,5458,5458,0,1.0,4920,0.9014290949065592,0.9014290949065592,True,usable_predictions,attempted_predictions
CSGS6,q1_2020,1,clean_condition_cqr,irradiance_outage,ramp,366,366,0,1.0,210,0.5737704918032787,0.5737704918032787,True,usable_predictions,attempted_predictions
CSGS6,q1_2020,1,clean_condition_cqr,recent_power_outage,non_ramp,5458,5458,0,1.0,4809,0.8810919750824477,0.8810919750824477,True,usable_predictions,attempted_predictions
CSGS6,q1_2020,1,clean_condition_cqr,recent_power_outage,ramp,366,366,0,1.0,274,0.7486338797814208,0.7486338797814208,True,usable_predictions,attempted_predictions
CSGS6,q1_2020,1,clean_condition_cqr,weather_outage,non_ramp,5458,5458,0,1.0,5169,0.9470502015390253,0.9470502015390253,True,usable_predictions,attempted_predictions
CSGS6,q1_2020,1,clean_condition_cqr,weather_outage,ramp,366,366,0,1.0,103,0.2814207650273224,0.2814207650273224,True,usable_predictions,attempted_predictions
CSGS6,q1_2020,1,lgbm_condition_cqr,clean,non_ramp,5458,5458,0,1.0,5196,0.9519970685232686,0.9519970685232686,True,usable_predictions,attempted_predictions
CSGS6,q1_2020,1,lgbm_condition_cqr,clean,ramp,366,366,0,1.0,191,0.5218579234972678,0.5218579234972678,True,usable_predictions,attempted_predictions
CSGS6,q1_2020,1,lgbm_condition_cqr,combined_outage,non_ramp,5458,5458,0,1.0,4824,0.8838402345181385,0.8838402345181385,True,usable_predictions,attempted_predictions
CSGS6,q1_2020,1,lgbm_condition_cqr,combined_outage,ramp,366,366,0,1.0,345,0.9426229508196722,0.9426229508196722,True,usable_predictions,attempted_predictions
CSGS6,q1_2020,1,lgbm_condition_cqr,irradiance_outage,non_ramp,5458,5458,0,1.0,4944,0.9058263100036643,0.9058263100036643,True,usable_predictions,attempted_predictions
CSGS6,q1_2020,1,lgbm_condition_cqr,irradiance_outage,ramp,366,366,0,1.0,274,0.7486338797814208,0.7486338797814208,True,usable_predictions,attempted_predictions
CSGS6,q1_2020,1,lgbm_condition_cqr,recent_power_outage,non_ramp,5458,5458,0,1.0,4757,0.8715646757053865,0.8715646757053865,True,usable_predictions,attempted_predictions
CSGS6,q1_2020,1,lgbm_condition_cqr,recent_power_outage,ramp,366,366,0,1.0,336,0.9180327868852459,0.9180327868852459,True,usable_predictions,attempted_predictions
CSGS6,q1_2020,1,lgbm_condition_cqr,weather_outage,non_ramp,5458,5458,0,1.0,5188,0.9505313301575669,0.9505313301575669,True,usable_predictions,attempted_predictions
CSGS6,q1_2020,1,lgbm_condition_cqr,weather_outage,ramp,366,366,0,1.0,192,0.5245901639344263,0.5245901639344263,True,usable_predictions,attempted_predictions
CSGS6,q1_2020,1,oracle_ramp_mondrian,clean,non_ramp,5458,5458,0,1.0,5202,0.9530963722975448,0.9530963722975448,True,usable_predictions,attempted_predictions
CSGS6,q1_2020,1,oracle_ramp_mondrian,clean,ramp,366,366,0,1.0,315,0.860655737704918,0.860655737704918,True,usable_predictions,attempted_predictions
CSGS6,q1_2020,1,oracle_ramp_mondrian,combined_outage,non_ramp,5458,5458,0,1.0,4898,0.8973983144008795,0.8973983144008795,True,usable_predictions,attempted_predictions
CSGS6,q1_2020,1,oracle_ramp_mondrian,combined_outage,ramp,366,366,0,1.0,316,0.8633879781420765,0.8633879781420765,True,usable_predictions,attempted_predictions
CSGS6,q1_2020,1,oracle_ramp_mondrian,irradiance_outage,non_ramp,5458,5458,0,1.0,5203,0.9532795895932576,0.9532795895932576,True,usable_predictions,attempted_predictions
CSGS6,q1_2020,1,oracle_ramp_mondrian,irradiance_outage,ramp,366,366,0,1.0,325,0.8879781420765027,0.8879781420765027,True,usable_predictions,attempted_predictions
CSGS6,q1_2020,1,oracle_ramp_mondrian,recent_power_outage,non_ramp,5458,5458,0,1.0,5123,0.9386222059362404,0.9386222059362404,True,usable_predictions,attempted_predictions
CSGS6,q1_2020,1,oracle_ramp_mondrian,recent_power_outage,ramp,366,366,0,1.0,316,0.8633879781420765,0.8633879781420765,True,usable_predictions,attempted_predictions
CSGS6,q1_2020,1,oracle_ramp_mondrian,weather_outage,non_ramp,5458,5458,0,1.0,5191,0.951080982044705,0.951080982044705,True,usable_predictions,attempted_predictions
CSGS6,q1_2020,1,oracle_ramp_mondrian,weather_outage,ramp,366,366,0,1.0,315,0.860655737704918,0.860655737704918,True,usable_predictions,attempted_predictions
CSGS6,q1_2020,1,persistence_condition_cqr,clean,non_ramp,5458,5458,0,1.0,5243,0.9606082814217662,0.9606082814217662,True,usable_predictions,attempted_predictions
CSGS6,q1_2020,1,persistence_condition_cqr,clean,ramp,366,366,0,1.0,0,0.0,0.0,True,usable_predictions,attempted_predictions
CSGS6,q1_2020,1,persistence_condition_cqr,combined_outage,non_ramp,5458,5458,0,1.0,4830,0.8849395382924148,0.8849395382924148,True,usable_predictions,attempted_predictions
CSGS6,q1_2020,1,persistence_condition_cqr,combined_outage,ramp,366,366,0,1.0,291,0.7950819672131147,0.7950819672131147,True,usable_predictions,attempted_predictions
CSGS6,q1_2020,1,persistence_condition_cqr,irradiance_outage,non_ramp,5458,5458,0,1.0,5243,0.9606082814217662,0.9606082814217662,True,usable_predictions,attempted_predictions
CSGS6,q1_2020,1,persistence_condition_cqr,irradiance_outage,ramp,366,366,0,1.0,0,0.0,0.0,True,usable_predictions,attempted_predictions
CSGS6,q1_2020,1,persistence_condition_cqr,recent_power_outage,non_ramp,5458,5458,0,1.0,4830,0.8849395382924148,0.8849395382924148,True,usable_predictions,attempted_predictions
CSGS6,q1_2020,1,persistence_condition_cqr,recent_power_outage,ramp,366,366,0,1.0,291,0.7950819672131147,0.7950819672131147,True,usable_predictions,attempted_predictions
CSGS6,q1_2020,1,persistence_condition_cqr,weather_outage,non_ramp,5458,5458,0,1.0,5243,0.9606082814217662,0.9606082814217662,True,usable_predictions,attempted_predictions
CSGS6,q1_2020,1,persistence_condition_cqr,weather_outage,ramp,366,366,0,1.0,0,0.0,0.0,True,usable_predictions,attempted_predictions
CSGS6,q1_2020,1,robust_condition_cqr,clean,non_ramp,5458,5458,0,1.0,5202,0.9530963722975448,0.9530963722975448,True,usable_predictions,attempted_predictions
CSGS6,q1_2020,1,robust_condition_cqr,clean,ramp,366,366,0,1.0,179,0.4890710382513661,0.4890710382513661,True,usable_predictions,attempted_predictions
CSGS6,q1_2020,1,robust_condition_cqr,combined_outage,non_ramp,5458,5458,0,1.0,4984,0.9131550018321729,0.9131550018321729,True,usable_predictions,attempted_predictions
CSGS6,q1_2020,1,robust_condition_cqr,combined_outage,ramp,366,366,0,1.0,205,0.5601092896174863,0.5601092896174863,True,usable_predictions,attempted_predictions
CSGS6,q1_2020,1,robust_condition_cqr,irradiance_outage,non_ramp,5458,5458,0,1.0,5203,0.9532795895932576,0.9532795895932576,True,usable_predictions,attempted_predictions
CSGS6,q1_2020,1,robust_condition_cqr,irradiance_outage,ramp,366,366,0,1.0,206,0.5628415300546448,0.5628415300546448,True,usable_predictions,attempted_predictions
CSGS6,q1_2020,1,robust_condition_cqr,recent_power_outage,non_ramp,5458,5458,0,1.0,5123,0.9386222059362404,0.9386222059362404,True,usable_predictions,attempted_predictions
CSGS6,q1_2020,1,robust_condition_cqr,recent_power_outage,ramp,366,366,0,1.0,218,0.5956284153005464,0.5956284153005464,True,usable_predictions,attempted_predictions
CSGS6,q1_2020,1,robust_condition_cqr,weather_outage,non_ramp,5458,5458,0,1.0,5191,0.951080982044705,0.951080982044705,True,usable_predictions,attempted_predictions
CSGS6,q1_2020,1,robust_condition_cqr,weather_outage,ramp,366,366,0,1.0,184,0.5027322404371585,0.5027322404371585,True,usable_predictions,attempted_predictions
CSGS6,q1_2020,1,robust_local_cqr,clean,non_ramp,5458,5458,0,1.0,5292,0.9695859289116893,0.9695859289116893,True,usable_predictions,attempted_predictions
CSGS6,q1_2020,1,robust_local_cqr,clean,ramp,366,366,0,1.0,216,0.5901639344262295,0.5901639344262295,True,usable_predictions,attempted_predictions
CSGS6,q1_2020,1,robust_local_cqr,combined_outage,non_ramp,5458,5458,0,1.0,5143,0.9422865518504947,0.9422865518504947,True,usable_predictions,attempted_predictions
CSGS6,q1_2020,1,robust_local_cqr,combined_outage,ramp,366,366,0,1.0,251,0.6857923497267759,0.6857923497267759,True,usable_predictions,attempted_predictions
CSGS6,q1_2020,1,robust_local_cqr,irradiance_outage,non_ramp,5458,5458,0,1.0,5324,0.9754488823744961,0.9754488823744961,True,usable_predictions,attempted_predictions
CSGS6,q1_2020,1,robust_local_cqr,irradiance_outage,ramp,366,366,0,1.0,248,0.6775956284153005,0.6775956284153005,True,usable_predictions,attempted_predictions
CSGS6,q1_2020,1,robust_local_cqr,recent_power_outage,non_ramp,5458,5458,0,1.0,5235,0.9591425430560645,0.9591425430560645,True,usable_predictions,attempted_predictions
CSGS6,q1_2020,1,robust_local_cqr,recent_power_outage,ramp,366,366,0,1.0,241,0.6584699453551912,0.6584699453551912,True,usable_predictions,attempted_predictions
CSGS6,q1_2020,1,robust_local_cqr,weather_outage,non_ramp,5458,5458,0,1.0,5301,0.9712348845731037,0.9712348845731037,True,usable_predictions,attempted_predictions
CSGS6,q1_2020,1,robust_local_cqr,weather_outage,ramp,366,366,0,1.0,222,0.6065573770491803,0.6065573770491803,True,usable_predictions,attempted_predictions
CSGS6,q1_2020,1,robust_risk_mondrian,clean,non_ramp,5458,5458,0,1.0,5248,0.9615243679003298,0.9615243679003298,True,usable_predictions,attempted_predictions
CSGS6,q1_2020,1,robust_risk_mondrian,clean,ramp,366,366,0,1.0,204,0.5573770491803278,0.5573770491803278,True,usable_predictions,attempted_predictions
CSGS6,q1_2020,1,robust_risk_mondrian,combined_outage,non_ramp,5458,5458,0,1.0,5113,0.9367900329791132,0.9367900329791132,True,usable_predictions,attempted_predictions
CSGS6,q1_2020,1,robust_risk_mondrian,combined_outage,ramp,366,366,0,1.0,223,0.6092896174863388,0.6092896174863388,True,usable_predictions,attempted_predictions
CSGS6,q1_2020,1,robust_risk_mondrian,irradiance_outage,non_ramp,5458,5458,0,1.0,5225,0.9573103700989374,0.9573103700989374,True,usable_predictions,attempted_predictions
CSGS6,q1_2020,1,robust_risk_mondrian,irradiance_outage,ramp,366,366,0,1.0,216,0.5901639344262295,0.5901639344262295,True,usable_predictions,attempted_predictions
CSGS6,q1_2020,1,robust_risk_mondrian,recent_power_outage,non_ramp,5458,5458,0,1.0,5157,0.9448515939904727,0.9448515939904727,True,usable_predictions,attempted_predictions
CSGS6,q1_2020,1,robust_risk_mondrian,recent_power_outage,ramp,366,366,0,1.0,232,0.6338797814207651,0.6338797814207651,True,usable_predictions,attempted_predictions
CSGS6,q1_2020,1,robust_risk_mondrian,weather_outage,non_ramp,5458,5458,0,1.0,5251,0.962074019787468,0.962074019787468,True,usable_predictions,attempted_predictions
CSGS6,q1_2020,1,robust_risk_mondrian,weather_outage,ramp,366,366,0,1.0,203,0.5546448087431693,0.5546448087431693,True,usable_predictions,attempted_predictions
CSGS6,q1_2020,1,robust_rolling_cqr,clean,non_ramp,5458,5458,0,1.0,5212,0.9549285452546721,0.9549285452546721,True,usable_predictions,attempted_predictions
CSGS6,q1_2020,1,robust_rolling_cqr,clean,ramp,366,366,0,1.0,180,0.4918032786885246,0.4918032786885246,True,usable_predictions,attempted_predictions
CSGS6,q1_2020,1,robust_rolling_cqr,combined_outage,non_ramp,5458,5458,0,1.0,5098,0.9340417735434225,0.9340417735434225,True,usable_predictions,attempted_predictions
CSGS6,q1_2020,1,robust_rolling_cqr,combined_outage,ramp,366,366,0,1.0,216,0.5901639344262295,0.5901639344262295,True,usable_predictions,attempted_predictions
CSGS6,q1_2020,1,robust_rolling_cqr,irradiance_outage,non_ramp,5458,5458,0,1.0,5218,0.9560278490289483,0.9560278490289483,True,usable_predictions,attempted_predictions
CSGS6,q1_2020,1,robust_rolling_cqr,irradiance_outage,ramp,366,366,0,1.0,209,0.5710382513661202,0.5710382513661202,True,usable_predictions,attempted_predictions
CSGS6,q1_2020,1,robust_rolling_cqr,recent_power_outage,non_ramp,5458,5458,0,1.0,5172,0.9475998534261634,0.9475998534261634,True,usable_predictions,attempted_predictions
CSGS6,q1_2020,1,robust_rolling_cqr,recent_power_outage,ramp,366,366,0,1.0,222,0.6065573770491803,0.6065573770491803,True,usable_predictions,attempted_predictions
CSGS6,q1_2020,1,robust_rolling_cqr,weather_outage,non_ramp,5458,5458,0,1.0,5201,0.9529131550018322,0.9529131550018322,True,usable_predictions,attempted_predictions
CSGS6,q1_2020,1,robust_rolling_cqr,weather_outage,ramp,366,366,0,1.0,187,0.5109289617486339,0.5109289617486339,True,usable_predictions,attempted_predictions
CSGS6,q1_2020,4,clean_condition_cqr,clean,non_ramp,4614,4614,0,1.0,4343,0.9412657130472475,0.9412657130472475,True,usable_predictions,attempted_predictions
CSGS6,q1_2020,4,clean_condition_cqr,clean,ramp,1210,1210,0,1.0,956,0.7900826446280992,0.7900826446280992,True,usable_predictions,attempted_predictions
CSGS6,q1_2020,4,clean_condition_cqr,combined_outage,non_ramp,4614,4614,0,1.0,4029,0.8732119635890767,0.8732119635890767,True,usable_predictions,attempted_predictions
CSGS6,q1_2020,4,clean_condition_cqr,combined_outage,ramp,1210,1210,0,1.0,1159,0.9578512396694215,0.9578512396694215,True,usable_predictions,attempted_predictions
CSGS6,q1_2020,4,clean_condition_cqr,irradiance_outage,non_ramp,4614,4614,0,1.0,4002,0.8673602080624188,0.8673602080624188,True,usable_predictions,attempted_predictions
CSGS6,q1_2020,4,clean_condition_cqr,irradiance_outage,ramp,1210,1210,0,1.0,1062,0.8776859504132232,0.8776859504132232,True,usable_predictions,attempted_predictions
CSGS6,q1_2020,4,clean_condition_cqr,recent_power_outage,non_ramp,4614,4614,0,1.0,3719,0.806025140875596,0.806025140875596,True,usable_predictions,attempted_predictions
CSGS6,q1_2020,4,clean_condition_cqr,recent_power_outage,ramp,1210,1210,0,1.0,1047,0.8652892561983471,0.8652892561983471,True,usable_predictions,attempted_predictions
CSGS6,q1_2020,4,clean_condition_cqr,weather_outage,non_ramp,4614,4614,0,1.0,4314,0.9349804941482445,0.9349804941482445,True,usable_predictions,attempted_predictions
CSGS6,q1_2020,4,clean_condition_cqr,weather_outage,ramp,1210,1210,0,1.0,942,0.7785123966942149,0.7785123966942149,True,usable_predictions,attempted_predictions
CSGS6,q1_2020,4,lgbm_condition_cqr,clean,non_ramp,4614,4614,0,1.0,4318,0.9358474208929346,0.9358474208929346,True,usable_predictions,attempted_predictions
CSGS6,q1_2020,4,lgbm_condition_cqr,clean,ramp,1210,1210,0,1.0,1017,0.8404958677685951,0.8404958677685951,True,usable_predictions,attempted_predictions
CSGS6,q1_2020,4,lgbm_condition_cqr,combined_outage,non_ramp,4614,4614,0,1.0,3954,0.8569570871261378,0.8569570871261378,True,usable_predictions,attempted_predictions
CSGS6,q1_2020,4,lgbm_condition_cqr,combined_outage,ramp,1210,1210,0,1.0,1199,0.990909090909091,0.990909090909091,True,usable_predictions,attempted_predictions
CSGS6,q1_2020,4,lgbm_condition_cqr,irradiance_outage,non_ramp,4614,4614,0,1.0,4018,0.8708279150411791,0.8708279150411791,True,usable_predictions,attempted_predictions
CSGS6,q1_2020,4,lgbm_condition_cqr,irradiance_outage,ramp,1210,1210,0,1.0,1152,0.9520661157024793,0.9520661157024793,True,usable_predictions,attempted_predictions
CSGS6,q1_2020,4,lgbm_condition_cqr,recent_power_outage,non_ramp,4614,4614,0,1.0,3667,0.794755093194625,0.794755093194625,True,usable_predictions,attempted_predictions
CSGS6,q1_2020,4,lgbm_condition_cqr,recent_power_outage,ramp,1210,1210,0,1.0,1145,0.9462809917355371,0.9462809917355371,True,usable_predictions,attempted_predictions
CSGS6,q1_2020,4,lgbm_condition_cqr,weather_outage,non_ramp,4614,4614,0,1.0,4234,0.917641959254443,0.917641959254443,True,usable_predictions,attempted_predictions
CSGS6,q1_2020,4,lgbm_condition_cqr,weather_outage,ramp,1210,1210,0,1.0,986,0.8148760330578513,0.8148760330578513,True,usable_predictions,attempted_predictions
CSGS6,q1_2020,4,oracle_ramp_mondrian,clean,non_ramp,4614,4614,0,1.0,4168,0.9033376679670568,0.9033376679670568,True,usable_predictions,attempted_predictions
CSGS6,q1_2020,4,oracle_ramp_mondrian,clean,ramp,1210,1210,0,1.0,1083,0.8950413223140495,0.8950413223140495,True,usable_predictions,attempted_predictions
CSGS6,q1_2020,4,oracle_ramp_mondrian,combined_outage,non_ramp,4614,4614,0,1.0,4031,0.8736454269614218,0.8736454269614218,True,usable_predictions,attempted_predictions
CSGS6,q1_2020,4,oracle_ramp_mondrian,combined_outage,ramp,1210,1210,0,1.0,1095,0.9049586776859504,0.9049586776859504,True,usable_predictions,attempted_predictions
CSGS6,q1_2020,4,oracle_ramp_mondrian,irradiance_outage,non_ramp,4614,4614,0,1.0,4158,0.9011703511053316,0.9011703511053316,True,usable_predictions,attempted_predictions
CSGS6,q1_2020,4,oracle_ramp_mondrian,irradiance_outage,ramp,1210,1210,0,1.0,1094,0.9041322314049587,0.9041322314049587,True,usable_predictions,attempted_predictions
CSGS6,q1_2020,4,oracle_ramp_mondrian,recent_power_outage,non_ramp,4614,4614,0,1.0,4148,0.8990030342436064,0.8990030342436064,True,usable_predictions,attempted_predictions
CSGS6,q1_2020,4,oracle_ramp_mondrian,recent_power_outage,ramp,1210,1210,0,1.0,1101,0.9099173553719008,0.9099173553719008,True,usable_predictions,attempted_predictions
CSGS6,q1_2020,4,oracle_ramp_mondrian,weather_outage,non_ramp,4614,4614,0,1.0,4160,0.9016038144776767,0.9016038144776767,True,usable_predictions,attempted_predictions
CSGS6,q1_2020,4,oracle_ramp_mondrian,weather_outage,ramp,1210,1210,0,1.0,1093,0.903305785123967,0.903305785123967,True,usable_predictions,attempted_predictions
CSGS6,q1_2020,4,persistence_condition_cqr,clean,non_ramp,4614,4614,0,1.0,4614,1.0,1.0,True,usable_predictions,attempted_predictions
CSGS6,q1_2020,4,persistence_condition_cqr,clean,ramp,1210,1210,0,1.0,594,0.4909090909090909,0.4909090909090909,True,usable_predictions,attempted_predictions
CSGS6,q1_2020,4,persistence_condition_cqr,combined_outage,non_ramp,4614,4614,0,1.0,4157,0.9009536194191591,0.9009536194191591,True,usable_predictions,attempted_predictions
CSGS6,q1_2020,4,persistence_condition_cqr,combined_outage,ramp,1210,1210,0,1.0,905,0.7479338842975206,0.7479338842975206,True,usable_predictions,attempted_predictions
CSGS6,q1_2020,4,persistence_condition_cqr,irradiance_outage,non_ramp,4614,4614,0,1.0,4614,1.0,1.0,True,usable_predictions,attempted_predictions
CSGS6,q1_2020,4,persistence_condition_cqr,irradiance_outage,ramp,1210,1210,0,1.0,594,0.4909090909090909,0.4909090909090909,True,usable_predictions,attempted_predictions
CSGS6,q1_2020,4,persistence_condition_cqr,recent_power_outage,non_ramp,4614,4614,0,1.0,4157,0.9009536194191591,0.9009536194191591,True,usable_predictions,attempted_predictions
CSGS6,q1_2020,4,persistence_condition_cqr,recent_power_outage,ramp,1210,1210,0,1.0,905,0.7479338842975206,0.7479338842975206,True,usable_predictions,attempted_predictions
CSGS6,q1_2020,4,persistence_condition_cqr,weather_outage,non_ramp,4614,4614,0,1.0,4614,1.0,1.0,True,usable_predictions,attempted_predictions
CSGS6,q1_2020,4,persistence_condition_cqr,weather_outage,ramp,1210,1210,0,1.0,594,0.4909090909090909,0.4909090909090909,True,usable_predictions,attempted_predictions
CSGS6,q1_2020,4,robust_condition_cqr,clean,non_ramp,4614,4614,0,1.0,4305,0.9330299089726918,0.9330299089726918,True,usable_predictions,attempted_predictions
CSGS6,q1_2020,4,robust_condition_cqr,clean,ramp,1210,1210,0,1.0,1005,0.8305785123966942,0.8305785123966942,True,usable_predictions,attempted_predictions
CSGS6,q1_2020,4,robust_condition_cqr,combined_outage,non_ramp,4614,4614,0,1.0,4192,0.9085392284351972,0.9085392284351972,True,usable_predictions,attempted_predictions
CSGS6,q1_2020,4,robust_condition_cqr,combined_outage,ramp,1210,1210,0,1.0,1020,0.8429752066115702,0.8429752066115702,True,usable_predictions,attempted_predictions
CSGS6,q1_2020,4,robust_condition_cqr,irradiance_outage,non_ramp,4614,4614,0,1.0,4234,0.917641959254443,0.917641959254443,True,usable_predictions,attempted_predictions
CSGS6,q1_2020,4,robust_condition_cqr,irradiance_outage,ramp,1210,1210,0,1.0,1043,0.8619834710743801,0.8619834710743801,True,usable_predictions,attempted_predictions
CSGS6,q1_2020,4,robust_condition_cqr,recent_power_outage,non_ramp,4614,4614,0,1.0,4246,0.9202427394885132,0.9202427394885132,True,usable_predictions,attempted_predictions
CSGS6,q1_2020,4,robust_condition_cqr,recent_power_outage,ramp,1210,1210,0,1.0,1005,0.8305785123966942,0.8305785123966942,True,usable_predictions,attempted_predictions
CSGS6,q1_2020,4,robust_condition_cqr,weather_outage,non_ramp,4614,4614,0,1.0,4283,0.9282618118768964,0.9282618118768964,True,usable_predictions,attempted_predictions
CSGS6,q1_2020,4,robust_condition_cqr,weather_outage,ramp,1210,1210,0,1.0,1007,0.8322314049586776,0.8322314049586776,True,usable_predictions,attempted_predictions
CSGS6,q1_2020,4,robust_local_cqr,clean,non_ramp,4614,4614,0,1.0,4416,0.9570871261378413,0.9570871261378413,True,usable_predictions,attempted_predictions
CSGS6,q1_2020,4,robust_local_cqr,clean,ramp,1210,1210,0,1.0,1052,0.8694214876033057,0.8694214876033057,True,usable_predictions,attempted_predictions
CSGS6,q1_2020,4,robust_local_cqr,combined_outage,non_ramp,4614,4614,0,1.0,4202,0.9107065452969224,0.9107065452969224,True,usable_predictions,attempted_predictions
CSGS6,q1_2020,4,robust_local_cqr,combined_outage,ramp,1210,1210,0,1.0,1050,0.8677685950413223,0.8677685950413223,True,usable_predictions,attempted_predictions
CSGS6,q1_2020,4,robust_local_cqr,irradiance_outage,non_ramp,4614,4614,0,1.0,4417,0.9573038578240138,0.9573038578240138,True,usable_predictions,attempted_predictions
CSGS6,q1_2020,4,robust_local_cqr,irradiance_outage,ramp,1210,1210,0,1.0,1098,0.9074380165289256,0.9074380165289256,True,usable_predictions,attempted_predictions
CSGS6,q1_2020,4,robust_local_cqr,recent_power_outage,non_ramp,4614,4614,0,1.0,4378,0.9488513220632857,0.9488513220632857,True,usable_predictions,attempted_predictions
CSGS6,q1_2020,4,robust_local_cqr,recent_power_outage,ramp,1210,1210,0,1.0,1064,0.8793388429752066,0.8793388429752066,True,usable_predictions,attempted_predictions
CSGS6,q1_2020,4,robust_local_cqr,weather_outage,non_ramp,4614,4614,0,1.0,4380,0.9492847854356307,0.9492847854356307,True,usable_predictions,attempted_predictions
CSGS6,q1_2020,4,robust_local_cqr,weather_outage,ramp,1210,1210,0,1.0,1064,0.8793388429752066,0.8793388429752066,True,usable_predictions,attempted_predictions
CSGS6,q1_2020,4,robust_risk_mondrian,clean,non_ramp,4614,4614,0,1.0,4301,0.9321629822280018,0.9321629822280018,True,usable_predictions,attempted_predictions
CSGS6,q1_2020,4,robust_risk_mondrian,clean,ramp,1210,1210,0,1.0,1051,0.868595041322314,0.868595041322314,True,usable_predictions,attempted_predictions
CSGS6,q1_2020,4,robust_risk_mondrian,combined_outage,non_ramp,4614,4614,0,1.0,4083,0.8849154746423927,0.8849154746423927,True,usable_predictions,attempted_predictions
CSGS6,q1_2020,4,robust_risk_mondrian,combined_outage,ramp,1210,1210,0,1.0,1035,0.8553719008264463,0.8553719008264463,True,usable_predictions,attempted_predictions
CSGS6,q1_2020,4,robust_risk_mondrian,irradiance_outage,non_ramp,4614,4614,0,1.0,4280,0.9276116168183789,0.9276116168183789,True,usable_predictions,attempted_predictions
CSGS6,q1_2020,4,robust_risk_mondrian,irradiance_outage,ramp,1210,1210,0,1.0,1071,0.8851239669421488,0.8851239669421488,True,usable_predictions,attempted_predictions
CSGS6,q1_2020,4,robust_risk_mondrian,recent_power_outage,non_ramp,4614,4614,0,1.0,4286,0.928912006935414,0.928912006935414,True,usable_predictions,attempted_predictions
CSGS6,q1_2020,4,robust_risk_mondrian,recent_power_outage,ramp,1210,1210,0,1.0,1045,0.8636363636363636,0.8636363636363636,True,usable_predictions,attempted_predictions
CSGS6,q1_2020,4,robust_risk_mondrian,weather_outage,non_ramp,4614,4614,0,1.0,4314,0.9349804941482445,0.9349804941482445,True,usable_predictions,attempted_predictions
CSGS6,q1_2020,4,robust_risk_mondrian,weather_outage,ramp,1210,1210,0,1.0,1070,0.8842975206611571,0.8842975206611571,True,usable_predictions,attempted_predictions
CSGS6,q1_2020,4,robust_rolling_cqr,clean,non_ramp,4614,4614,0,1.0,4298,0.9315127871694842,0.9315127871694842,True,usable_predictions,attempted_predictions
CSGS6,q1_2020,4,robust_rolling_cqr,clean,ramp,1210,1210,0,1.0,1007,0.8322314049586776,0.8322314049586776,True,usable_predictions,attempted_predictions
CSGS6,q1_2020,4,robust_rolling_cqr,combined_outage,non_ramp,4614,4614,0,1.0,4198,0.9098396185522324,0.9098396185522324,True,usable_predictions,attempted_predictions
CSGS6,q1_2020,4,robust_rolling_cqr,combined_outage,ramp,1210,1210,0,1.0,1035,0.8553719008264463,0.8553719008264463,True,usable_predictions,attempted_predictions
CSGS6,q1_2020,4,robust_rolling_cqr,irradiance_outage,non_ramp,4614,4614,0,1.0,4266,0.9245773732119635,0.9245773732119635,True,usable_predictions,attempted_predictions
CSGS6,q1_2020,4,robust_rolling_cqr,irradiance_outage,ramp,1210,1210,0,1.0,1048,0.8661157024793389,0.8661157024793389,True,usable_predictions,attempted_predictions
CSGS6,q1_2020,4,robust_rolling_cqr,recent_power_outage,non_ramp,4614,4614,0,1.0,4282,0.9280450801907238,0.9280450801907238,True,usable_predictions,attempted_predictions
CSGS6,q1_2020,4,robust_rolling_cqr,recent_power_outage,ramp,1210,1210,0,1.0,1020,0.8429752066115702,0.8429752066115702,True,usable_predictions,attempted_predictions
CSGS6,q1_2020,4,robust_rolling_cqr,weather_outage,non_ramp,4614,4614,0,1.0,4273,0.9260944950151713,0.9260944950151713,True,usable_predictions,attempted_predictions
CSGS6,q1_2020,4,robust_rolling_cqr,weather_outage,ramp,1210,1210,0,1.0,1008,0.8330578512396695,0.8330578512396695,True,usable_predictions,attempted_predictions
CSGS6,q2_2020,1,clean_condition_cqr,clean,non_ramp,5337,5337,0,1.0,4854,0.9094997189432266,0.9094997189432266,True,usable_predictions,attempted_predictions
CSGS6,q2_2020,1,clean_condition_cqr,clean,ramp,487,487,0,1.0,148,0.30390143737166325,0.30390143737166325,True,usable_predictions,attempted_predictions
CSGS6,q2_2020,1,clean_condition_cqr,combined_outage,non_ramp,5337,5337,0,1.0,5218,0.9777028293048529,0.9777028293048529,True,usable_predictions,attempted_predictions
CSGS6,q2_2020,1,clean_condition_cqr,combined_outage,ramp,487,487,0,1.0,478,0.9815195071868583,0.9815195071868583,True,usable_predictions,attempted_predictions
CSGS6,q2_2020,1,clean_condition_cqr,irradiance_outage,non_ramp,5337,5337,0,1.0,4982,0.933483230279183,0.933483230279183,True,usable_predictions,attempted_predictions
CSGS6,q2_2020,1,clean_condition_cqr,irradiance_outage,ramp,487,487,0,1.0,313,0.6427104722792608,0.6427104722792608,True,usable_predictions,attempted_predictions
CSGS6,q2_2020,1,clean_condition_cqr,recent_power_outage,non_ramp,5337,5337,0,1.0,5102,0.9559677721566423,0.9559677721566423,True,usable_predictions,attempted_predictions
CSGS6,q2_2020,1,clean_condition_cqr,recent_power_outage,ramp,487,487,0,1.0,470,0.9650924024640657,0.9650924024640657,True,usable_predictions,attempted_predictions
CSGS6,q2_2020,1,clean_condition_cqr,weather_outage,non_ramp,5337,5337,0,1.0,4853,0.9093123477609144,0.9093123477609144,True,usable_predictions,attempted_predictions
CSGS6,q2_2020,1,clean_condition_cqr,weather_outage,ramp,487,487,0,1.0,153,0.3141683778234086,0.3141683778234086,True,usable_predictions,attempted_predictions
CSGS6,q2_2020,1,lgbm_condition_cqr,clean,non_ramp,5337,5337,0,1.0,4919,0.921678845793517,0.921678845793517,True,usable_predictions,attempted_predictions
CSGS6,q2_2020,1,lgbm_condition_cqr,clean,ramp,487,487,0,1.0,233,0.4784394250513347,0.4784394250513347,True,usable_predictions,attempted_predictions
CSGS6,q2_2020,1,lgbm_condition_cqr,combined_outage,non_ramp,5337,5337,0,1.0,5038,0.943976016488664,0.943976016488664,True,usable_predictions,attempted_predictions
CSGS6,q2_2020,1,lgbm_condition_cqr,combined_outage,ramp,487,487,0,1.0,456,0.9363449691991786,0.9363449691991786,True,usable_predictions,attempted_predictions
CSGS6,q2_2020,1,lgbm_condition_cqr,irradiance_outage,non_ramp,5337,5337,0,1.0,4652,0.8716507401161702,0.8716507401161702,True,usable_predictions,attempted_predictions
CSGS6,q2_2020,1,lgbm_condition_cqr,irradiance_outage,ramp,487,487,0,1.0,315,0.6468172484599589,0.6468172484599589,True,usable_predictions,attempted_predictions
CSGS6,q2_2020,1,lgbm_condition_cqr,recent_power_outage,non_ramp,5337,5337,0,1.0,4931,0.9239272999812629,0.9239272999812629,True,usable_predictions,attempted_predictions
CSGS6,q2_2020,1,lgbm_condition_cqr,recent_power_outage,ramp,487,487,0,1.0,452,0.9281314168377823,0.9281314168377823,True,usable_predictions,attempted_predictions
CSGS6,q2_2020,1,lgbm_condition_cqr,weather_outage,non_ramp,5337,5337,0,1.0,4877,0.9138092561364062,0.9138092561364062,True,usable_predictions,attempted_predictions
CSGS6,q2_2020,1,lgbm_condition_cqr,weather_outage,ramp,487,487,0,1.0,233,0.4784394250513347,0.4784394250513347,True,usable_predictions,attempted_predictions
CSGS6,q2_2020,1,oracle_ramp_mondrian,clean,non_ramp,5337,5337,0,1.0,4943,0.9261757541690088,0.9261757541690088,True,usable_predictions,attempted_predictions
CSGS6,q2_2020,1,oracle_ramp_mondrian,clean,ramp,487,487,0,1.0,474,0.973305954825462,0.973305954825462,True,usable_predictions,attempted_predictions
CSGS6,q2_2020,1,oracle_ramp_mondrian,combined_outage,non_ramp,5337,5337,0,1.0,4775,0.8946973955405658,0.8946973955405658,True,usable_predictions,attempted_predictions
CSGS6,q2_2020,1,oracle_ramp_mondrian,combined_outage,ramp,487,487,0,1.0,462,0.9486652977412731,0.9486652977412731,True,usable_predictions,attempted_predictions
CSGS6,q2_2020,1,oracle_ramp_mondrian,irradiance_outage,non_ramp,5337,5337,0,1.0,5000,0.936855911560802,0.936855911560802,True,usable_predictions,attempted_predictions
CSGS6,q2_2020,1,oracle_ramp_mondrian,irradiance_outage,ramp,487,487,0,1.0,463,0.9507186858316222,0.9507186858316222,True,usable_predictions,attempted_predictions
CSGS6,q2_2020,1,oracle_ramp_mondrian,recent_power_outage,non_ramp,5337,5337,0,1.0,4983,0.9336706014614953,0.9336706014614953,True,usable_predictions,attempted_predictions
CSGS6,q2_2020,1,oracle_ramp_mondrian,recent_power_outage,ramp,487,487,0,1.0,456,0.9363449691991786,0.9363449691991786,True,usable_predictions,attempted_predictions
CSGS6,q2_2020,1,oracle_ramp_mondrian,weather_outage,non_ramp,5337,5337,0,1.0,4929,0.9235525576166386,0.9235525576166386,True,usable_predictions,attempted_predictions
CSGS6,q2_2020,1,oracle_ramp_mondrian,weather_outage,ramp,487,487,0,1.0,468,0.9609856262833676,0.9609856262833676,True,usable_predictions,attempted_predictions
CSGS6,q2_2020,1,persistence_condition_cqr,clean,non_ramp,5337,5337,0,1.0,5042,0.9447255012179127,0.9447255012179127,True,usable_predictions,attempted_predictions
CSGS6,q2_2020,1,persistence_condition_cqr,clean,ramp,487,487,0,1.0,0,0.0,0.0,True,usable_predictions,attempted_predictions
CSGS6,q2_2020,1,persistence_condition_cqr,combined_outage,non_ramp,5337,5337,0,1.0,5236,0.9810755105864718,0.9810755105864718,True,usable_predictions,attempted_predictions
CSGS6,q2_2020,1,persistence_condition_cqr,combined_outage,ramp,487,487,0,1.0,450,0.9240246406570842,0.9240246406570842,True,usable_predictions,attempted_predictions
CSGS6,q2_2020,1,persistence_condition_cqr,irradiance_outage,non_ramp,5337,5337,0,1.0,5042,0.9447255012179127,0.9447255012179127,True,usable_predictions,attempted_predictions
CSGS6,q2_2020,1,persistence_condition_cqr,irradiance_outage,ramp,487,487,0,1.0,0,0.0,0.0,True,usable_predictions,attempted_predictions
CSGS6,q2_2020,1,persistence_condition_cqr,recent_power_outage,non_ramp,5337,5337,0,1.0,5236,0.9810755105864718,0.9810755105864718,True,usable_predictions,attempted_predictions
CSGS6,q2_2020,1,persistence_condition_cqr,recent_power_outage,ramp,487,487,0,1.0,450,0.9240246406570842,0.9240246406570842,True,usable_predictions,attempted_predictions
CSGS6,q2_2020,1,persistence_condition_cqr,weather_outage,non_ramp,5337,5337,0,1.0,5042,0.9447255012179127,0.9447255012179127,True,usable_predictions,attempted_predictions
CSGS6,q2_2020,1,persistence_condition_cqr,weather_outage,ramp,487,487,0,1.0,0,0.0,0.0,True,usable_predictions,attempted_predictions
CSGS6,q2_2020,1,robust_condition_cqr,clean,non_ramp,5337,5337,0,1.0,4943,0.9261757541690088,0.9261757541690088,True,usable_predictions,attempted_predictions
CSGS6,q2_2020,1,robust_condition_cqr,clean,ramp,487,487,0,1.0,277,0.5687885010266941,0.5687885010266941,True,usable_predictions,attempted_predictions
CSGS6,q2_2020,1,robust_condition_cqr,combined_outage,non_ramp,5337,5337,0,1.0,4873,0.9130597714071575,0.9130597714071575,True,usable_predictions,attempted_predictions
CSGS6,q2_2020,1,robust_condition_cqr,combined_outage,ramp,487,487,0,1.0,336,0.6899383983572895,0.6899383983572895,True,usable_predictions,attempted_predictions
CSGS6,q2_2020,1,robust_condition_cqr,irradiance_outage,non_ramp,5337,5337,0,1.0,5000,0.936855911560802,0.936855911560802,True,usable_predictions,attempted_predictions
CSGS6,q2_2020,1,robust_condition_cqr,irradiance_outage,ramp,487,487,0,1.0,280,0.5749486652977412,0.5749486652977412,True,usable_predictions,attempted_predictions
CSGS6,q2_2020,1,robust_condition_cqr,recent_power_outage,non_ramp,5337,5337,0,1.0,4983,0.9336706014614953,0.9336706014614953,True,usable_predictions,attempted_predictions
CSGS6,q2_2020,1,robust_condition_cqr,recent_power_outage,ramp,487,487,0,1.0,297,0.6098562628336756,0.6098562628336756,True,usable_predictions,attempted_predictions
CSGS6,q2_2020,1,robust_condition_cqr,weather_outage,non_ramp,5337,5337,0,1.0,4929,0.9235525576166386,0.9235525576166386,True,usable_predictions,attempted_predictions
CSGS6,q2_2020,1,robust_condition_cqr,weather_outage,ramp,487,487,0,1.0,270,0.5544147843942505,0.5544147843942505,True,usable_predictions,attempted_predictions
CSGS6,q2_2020,1,robust_local_cqr,clean,non_ramp,5337,5337,0,1.0,5066,0.9492224095934045,0.9492224095934045,True,usable_predictions,attempted_predictions
CSGS6,q2_2020,1,robust_local_cqr,clean,ramp,487,487,0,1.0,333,0.6837782340862423,0.6837782340862423,True,usable_predictions,attempted_predictions
CSGS6,q2_2020,1,robust_local_cqr,combined_outage,non_ramp,5337,5337,0,1.0,4913,0.920554618699644,0.920554618699644,True,usable_predictions,attempted_predictions
CSGS6,q2_2020,1,robust_local_cqr,combined_outage,ramp,487,487,0,1.0,377,0.7741273100616016,0.7741273100616016,True,usable_predictions,attempted_predictions
CSGS6,q2_2020,1,robust_local_cqr,irradiance_outage,non_ramp,5337,5337,0,1.0,5093,0.9542814315158329,0.9542814315158329,True,usable_predictions,attempted_predictions
CSGS6,q2_2020,1,robust_local_cqr,irradiance_outage,ramp,487,487,0,1.0,343,0.704312114989733,0.704312114989733,True,usable_predictions,attempted_predictions
CSGS6,q2_2020,1,robust_local_cqr,recent_power_outage,non_ramp,5337,5337,0,1.0,5135,0.9621510211729436,0.9621510211729436,True,usable_predictions,attempted_predictions
CSGS6,q2_2020,1,robust_local_cqr,recent_power_outage,ramp,487,487,0,1.0,348,0.7145790554414785,0.7145790554414785,True,usable_predictions,attempted_predictions
CSGS6,q2_2020,1,robust_local_cqr,weather_outage,non_ramp,5337,5337,0,1.0,5057,0.9475360689525951,0.9475360689525951,True,usable_predictions,attempted_predictions
CSGS6,q2_2020,1,robust_local_cqr,weather_outage,ramp,487,487,0,1.0,331,0.6796714579055442,0.6796714579055442,True,usable_predictions,attempted_predictions
CSGS6,q2_2020,1,robust_risk_mondrian,clean,non_ramp,5337,5337,0,1.0,5023,0.9411654487539817,0.9411654487539817,True,usable_predictions,attempted_predictions
CSGS6,q2_2020,1,robust_risk_mondrian,clean,ramp,487,487,0,1.0,325,0.6673511293634496,0.6673511293634496,True,usable_predictions,attempted_predictions
CSGS6,q2_2020,1,robust_risk_mondrian,combined_outage,non_ramp,5337,5337,0,1.0,4820,0.9031290987446131,0.9031290987446131,True,usable_predictions,attempted_predictions
CSGS6,q2_2020,1,robust_risk_mondrian,combined_outage,ramp,487,487,0,1.0,339,0.6960985626283368,0.6960985626283368,True,usable_predictions,attempted_predictions
CSGS6,q2_2020,1,robust_risk_mondrian,irradiance_outage,non_ramp,5337,5337,0,1.0,5038,0.943976016488664,0.943976016488664,True,usable_predictions,attempted_predictions
CSGS6,q2_2020,1,robust_risk_mondrian,irradiance_outage,ramp,487,487,0,1.0,295,0.6057494866529775,0.6057494866529775,True,usable_predictions,attempted_predictions
CSGS6,q2_2020,1,robust_risk_mondrian,recent_power_outage,non_ramp,5337,5337,0,1.0,5085,0.9527824620573356,0.9527824620573356,True,usable_predictions,attempted_predictions
CSGS6,q2_2020,1,robust_risk_mondrian,recent_power_outage,ramp,487,487,0,1.0,330,0.6776180698151951,0.6776180698151951,True,usable_predictions,attempted_predictions
CSGS6,q2_2020,1,robust_risk_mondrian,weather_outage,non_ramp,5337,5337,0,1.0,5018,0.9402285928424209,0.9402285928424209,True,usable_predictions,attempted_predictions
CSGS6,q2_2020,1,robust_risk_mondrian,weather_outage,ramp,487,487,0,1.0,331,0.6796714579055442,0.6796714579055442,True,usable_predictions,attempted_predictions
CSGS6,q2_2020,1,robust_rolling_cqr,clean,non_ramp,5337,5337,0,1.0,5017,0.9400412216601087,0.9400412216601087,True,usable_predictions,attempted_predictions
CSGS6,q2_2020,1,robust_rolling_cqr,clean,ramp,487,487,0,1.0,279,0.5728952772073922,0.5728952772073922,True,usable_predictions,attempted_predictions
CSGS6,q2_2020,1,robust_rolling_cqr,combined_outage,non_ramp,5337,5337,0,1.0,4899,0.9179314221472737,0.9179314221472737,True,usable_predictions,attempted_predictions
CSGS6,q2_2020,1,robust_rolling_cqr,combined_outage,ramp,487,487,0,1.0,338,0.6940451745379876,0.6940451745379876,True,usable_predictions,attempted_predictions
CSGS6,q2_2020,1,robust_rolling_cqr,irradiance_outage,non_ramp,5337,5337,0,1.0,5045,0.9452876147648491,0.9452876147648491,True,usable_predictions,attempted_predictions
CSGS6,q2_2020,1,robust_rolling_cqr,irradiance_outage,ramp,487,487,0,1.0,283,0.5811088295687885,0.5811088295687885,True,usable_predictions,attempted_predictions
CSGS6,q2_2020,1,robust_rolling_cqr,recent_power_outage,non_ramp,5337,5337,0,1.0,5022,0.9409780775716695,0.9409780775716695,True,usable_predictions,attempted_predictions
CSGS6,q2_2020,1,robust_rolling_cqr,recent_power_outage,ramp,487,487,0,1.0,297,0.6098562628336756,0.6098562628336756,True,usable_predictions,attempted_predictions
CSGS6,q2_2020,1,robust_rolling_cqr,weather_outage,non_ramp,5337,5337,0,1.0,5020,0.9406033352070452,0.9406033352070452,True,usable_predictions,attempted_predictions
CSGS6,q2_2020,1,robust_rolling_cqr,weather_outage,ramp,487,487,0,1.0,272,0.5585215605749486,0.5585215605749486,True,usable_predictions,attempted_predictions
CSGS6,q2_2020,4,clean_condition_cqr,clean,non_ramp,5096,5096,0,1.0,4676,0.9175824175824175,0.9175824175824175,True,usable_predictions,attempted_predictions
CSGS6,q2_2020,4,clean_condition_cqr,clean,ramp,728,728,0,1.0,458,0.6291208791208791,0.6291208791208791,True,usable_predictions,attempted_predictions
CSGS6,q2_2020,4,clean_condition_cqr,combined_outage,non_ramp,5096,5096,0,1.0,4862,0.9540816326530612,0.9540816326530612,True,usable_predictions,attempted_predictions
CSGS6,q2_2020,4,clean_condition_cqr,combined_outage,ramp,728,728,0,1.0,696,0.9560439560439561,0.9560439560439561,True,usable_predictions,attempted_predictions
CSGS6,q2_2020,4,clean_condition_cqr,irradiance_outage,non_ramp,5096,5096,0,1.0,4646,0.9116954474097331,0.9116954474097331,True,usable_predictions,attempted_predictions
CSGS6,q2_2020,4,clean_condition_cqr,irradiance_outage,ramp,728,728,0,1.0,588,0.8076923076923077,0.8076923076923077,True,usable_predictions,attempted_predictions
CSGS6,q2_2020,4,clean_condition_cqr,recent_power_outage,non_ramp,5096,5096,0,1.0,4612,0.9050235478806907,0.9050235478806907,True,usable_predictions,attempted_predictions
CSGS6,q2_2020,4,clean_condition_cqr,recent_power_outage,ramp,728,728,0,1.0,623,0.8557692307692307,0.8557692307692307,True,usable_predictions,attempted_predictions
CSGS6,q2_2020,4,clean_condition_cqr,weather_outage,non_ramp,5096,5096,0,1.0,4623,0.9071821036106751,0.9071821036106751,True,usable_predictions,attempted_predictions
CSGS6,q2_2020,4,clean_condition_cqr,weather_outage,ramp,728,728,0,1.0,487,0.6689560439560439,0.6689560439560439,True,usable_predictions,attempted_predictions
CSGS6,q2_2020,4,lgbm_condition_cqr,clean,non_ramp,5096,5096,0,1.0,4642,0.9109105180533752,0.9109105180533752,True,usable_predictions,attempted_predictions
CSGS6,q2_2020,4,lgbm_condition_cqr,clean,ramp,728,728,0,1.0,526,0.7225274725274725,0.7225274725274725,True,usable_predictions,attempted_predictions
CSGS6,q2_2020,4,lgbm_condition_cqr,combined_outage,non_ramp,5096,5096,0,1.0,4854,0.9525117739403454,0.9525117739403454,True,usable_predictions,attempted_predictions
CSGS6,q2_2020,4,lgbm_condition_cqr,combined_outage,ramp,728,728,0,1.0,711,0.9766483516483516,0.9766483516483516,True,usable_predictions,attempted_predictions
CSGS6,q2_2020,4,lgbm_condition_cqr,irradiance_outage,non_ramp,5096,5096,0,1.0,4872,0.9560439560439561,0.9560439560439561,True,usable_predictions,attempted_predictions
CSGS6,q2_2020,4,lgbm_condition_cqr,irradiance_outage,ramp,728,728,0,1.0,605,0.8310439560439561,0.8310439560439561,True,usable_predictions,attempted_predictions
CSGS6,q2_2020,4,lgbm_condition_cqr,recent_power_outage,non_ramp,5096,5096,0,1.0,4872,0.9560439560439561,0.9560439560439561,True,usable_predictions,attempted_predictions
CSGS6,q2_2020,4,lgbm_condition_cqr,recent_power_outage,ramp,728,728,0,1.0,699,0.9601648351648352,0.9601648351648352,True,usable_predictions,attempted_predictions
CSGS6,q2_2020,4,lgbm_condition_cqr,weather_outage,non_ramp,5096,5096,0,1.0,4653,0.9130690737833596,0.9130690737833596,True,usable_predictions,attempted_predictions
CSGS6,q2_2020,4,lgbm_condition_cqr,weather_outage,ramp,728,728,0,1.0,525,0.7211538461538461,0.7211538461538461,True,usable_predictions,attempted_predictions
CSGS6,q2_2020,4,oracle_ramp_mondrian,clean,non_ramp,5096,5096,0,1.0,4451,0.8734301412872841,0.8734301412872841,True,usable_predictions,attempted_predictions
CSGS6,q2_2020,4,oracle_ramp_mondrian,clean,ramp,728,728,0,1.0,606,0.8324175824175825,0.8324175824175825,True,usable_predictions,attempted_predictions
CSGS6,q2_2020,4,oracle_ramp_mondrian,combined_outage,non_ramp,5096,5096,0,1.0,4434,0.8700941915227629,0.8700941915227629,True,usable_predictions,attempted_predictions
CSGS6,q2_2020,4,oracle_ramp_mondrian,combined_outage,ramp,728,728,0,1.0,625,0.8585164835164835,0.8585164835164835,True,usable_predictions,attempted_predictions
CSGS6,q2_2020,4,oracle_ramp_mondrian,irradiance_outage,non_ramp,5096,5096,0,1.0,4500,0.8830455259026687,0.8830455259026687,True,usable_predictions,attempted_predictions
CSGS6,q2_2020,4,oracle_ramp_mondrian,irradiance_outage,ramp,728,728,0,1.0,612,0.8406593406593407,0.8406593406593407,True,usable_predictions,attempted_predictions
CSGS6,q2_2020,4,oracle_ramp_mondrian,recent_power_outage,non_ramp,5096,5096,0,1.0,4526,0.8881475667189953,0.8881475667189953,True,usable_predictions,attempted_predictions
CSGS6,q2_2020,4,oracle_ramp_mondrian,recent_power_outage,ramp,728,728,0,1.0,628,0.8626373626373627,0.8626373626373627,True,usable_predictions,attempted_predictions
CSGS6,q2_2020,4,oracle_ramp_mondrian,weather_outage,non_ramp,5096,5096,0,1.0,4422,0.8677394034536892,0.8677394034536892,True,usable_predictions,attempted_predictions
CSGS6,q2_2020,4,oracle_ramp_mondrian,weather_outage,ramp,728,728,0,1.0,617,0.8475274725274725,0.8475274725274725,True,usable_predictions,attempted_predictions
CSGS6,q2_2020,4,persistence_condition_cqr,clean,non_ramp,5096,5096,0,1.0,5096,1.0,1.0,True,usable_predictions,attempted_predictions
CSGS6,q2_2020,4,persistence_condition_cqr,clean,ramp,728,728,0,1.0,375,0.5151098901098901,0.5151098901098901,True,usable_predictions,attempted_predictions
CSGS6,q2_2020,4,persistence_condition_cqr,combined_outage,non_ramp,5096,5096,0,1.0,5051,0.9911695447409733,0.9911695447409733,True,usable_predictions,attempted_predictions
CSGS6,q2_2020,4,persistence_condition_cqr,combined_outage,ramp,728,728,0,1.0,689,0.9464285714285714,0.9464285714285714,True,usable_predictions,attempted_predictions
CSGS6,q2_2020,4,persistence_condition_cqr,irradiance_outage,non_ramp,5096,5096,0,1.0,5096,1.0,1.0,True,usable_predictions,attempted_predictions
CSGS6,q2_2020,4,persistence_condition_cqr,irradiance_outage,ramp,728,728,0,1.0,375,0.5151098901098901,0.5151098901098901,True,usable_predictions,attempted_predictions
CSGS6,q2_2020,4,persistence_condition_cqr,recent_power_outage,non_ramp,5096,5096,0,1.0,5051,0.9911695447409733,0.9911695447409733,True,usable_predictions,attempted_predictions
CSGS6,q2_2020,4,persistence_condition_cqr,recent_power_outage,ramp,728,728,0,1.0,689,0.9464285714285714,0.9464285714285714,True,usable_predictions,attempted_predictions
CSGS6,q2_2020,4,persistence_condition_cqr,weather_outage,non_ramp,5096,5096,0,1.0,5096,1.0,1.0,True,usable_predictions,attempted_predictions
CSGS6,q2_2020,4,persistence_condition_cqr,weather_outage,ramp,728,728,0,1.0,375,0.5151098901098901,0.5151098901098901,True,usable_predictions,attempted_predictions
CSGS6,q2_2020,4,robust_condition_cqr,clean,non_ramp,5096,5096,0,1.0,4593,0.9012951334379906,0.9012951334379906,True,usable_predictions,attempted_predictions
CSGS6,q2_2020,4,robust_condition_cqr,clean,ramp,728,728,0,1.0,501,0.6881868131868132,0.6881868131868132,True,usable_predictions,attempted_predictions
CSGS6,q2_2020,4,robust_condition_cqr,combined_outage,non_ramp,5096,5096,0,1.0,4579,0.8985478806907379,0.8985478806907379,True,usable_predictions,attempted_predictions
CSGS6,q2_2020,4,robust_condition_cqr,combined_outage,ramp,728,728,0,1.0,544,0.7472527472527473,0.7472527472527473,True,usable_predictions,attempted_predictions
CSGS6,q2_2020,4,robust_condition_cqr,irradiance_outage,non_ramp,5096,5096,0,1.0,4589,0.9005102040816326,0.9005102040816326,True,usable_predictions,attempted_predictions
CSGS6,q2_2020,4,robust_condition_cqr,irradiance_outage,ramp,728,728,0,1.0,523,0.7184065934065934,0.7184065934065934,True,usable_predictions,attempted_predictions
CSGS6,q2_2020,4,robust_condition_cqr,recent_power_outage,non_ramp,5096,5096,0,1.0,4614,0.9054160125588697,0.9054160125588697,True,usable_predictions,attempted_predictions
CSGS6,q2_2020,4,robust_condition_cqr,recent_power_outage,ramp,728,728,0,1.0,541,0.7431318681318682,0.7431318681318682,True,usable_predictions,attempted_predictions
CSGS6,q2_2020,4,robust_condition_cqr,weather_outage,non_ramp,5096,5096,0,1.0,4591,0.9009026687598116,0.9009026687598116,True,usable_predictions,attempted_predictions
CSGS6,q2_2020,4,robust_condition_cqr,weather_outage,ramp,728,728,0,1.0,525,0.7211538461538461,0.7211538461538461,True,usable_predictions,attempted_predictions
CSGS6,q2_2020,4,robust_local_cqr,clean,non_ramp,5096,5096,0,1.0,4763,0.9346546310832025,0.9346546310832025,True,usable_predictions,attempted_predictions
CSGS6,q2_2020,4,robust_local_cqr,clean,ramp,728,728,0,1.0,572,0.7857142857142857,0.7857142857142857,True,usable_predictions,attempted_predictions
CSGS6,q2_2020,4,robust_local_cqr,combined_outage,non_ramp,5096,5096,0,1.0,4667,0.9158163265306123,0.9158163265306123,True,usable_predictions,attempted_predictions
CSGS6,q2_2020,4,robust_local_cqr,combined_outage,ramp,728,728,0,1.0,579,0.7953296703296703,0.7953296703296703,True,usable_predictions,attempted_predictions
CSGS6,q2_2020,4,robust_local_cqr,irradiance_outage,non_ramp,5096,5096,0,1.0,4785,0.9389717425431711,0.9389717425431711,True,usable_predictions,attempted_predictions
CSGS6,q2_2020,4,robust_local_cqr,irradiance_outage,ramp,728,728,0,1.0,590,0.8104395604395604,0.8104395604395604,True,usable_predictions,attempted_predictions
CSGS6,q2_2020,4,robust_local_cqr,recent_power_outage,non_ramp,5096,5096,0,1.0,4810,0.9438775510204082,0.9438775510204082,True,usable_predictions,attempted_predictions
CSGS6,q2_2020,4,robust_local_cqr,recent_power_outage,ramp,728,728,0,1.0,609,0.8365384615384616,0.8365384615384616,True,usable_predictions,attempted_predictions
CSGS6,q2_2020,4,robust_local_cqr,weather_outage,non_ramp,5096,5096,0,1.0,4733,0.9287676609105181,0.9287676609105181,True,usable_predictions,attempted_predictions
CSGS6,q2_2020,4,robust_local_cqr,weather_outage,ramp,728,728,0,1.0,579,0.7953296703296703,0.7953296703296703,True,usable_predictions,attempted_predictions
CSGS6,q2_2020,4,robust_risk_mondrian,clean,non_ramp,5096,5096,0,1.0,4667,0.9158163265306123,0.9158163265306123,True,usable_predictions,attempted_predictions
CSGS6,q2_2020,4,robust_risk_mondrian,clean,ramp,728,728,0,1.0,565,0.7760989010989011,0.7760989010989011,True,usable_predictions,attempted_predictions
CSGS6,q2_2020,4,robust_risk_mondrian,combined_outage,non_ramp,5096,5096,0,1.0,4530,0.8889324960753532,0.8889324960753532,True,usable_predictions,attempted_predictions
CSGS6,q2_2020,4,robust_risk_mondrian,combined_outage,ramp,728,728,0,1.0,566,0.7774725274725275,0.7774725274725275,True,usable_predictions,attempted_predictions
CSGS6,q2_2020,4,robust_risk_mondrian,irradiance_outage,non_ramp,5096,5096,0,1.0,4609,0.9044348508634223,0.9044348508634223,True,usable_predictions,attempted_predictions
CSGS6,q2_2020,4,robust_risk_mondrian,irradiance_outage,ramp,728,728,0,1.0,557,0.7651098901098901,0.7651098901098901,True,usable_predictions,attempted_predictions
CSGS6,q2_2020,4,robust_risk_mondrian,recent_power_outage,non_ramp,5096,5096,0,1.0,4590,0.9007064364207221,0.9007064364207221,True,usable_predictions,attempted_predictions
CSGS6,q2_2020,4,robust_risk_mondrian,recent_power_outage,ramp,728,728,0,1.0,575,0.7898351648351648,0.7898351648351648,True,usable_predictions,attempted_predictions
CSGS6,q2_2020,4,robust_risk_mondrian,weather_outage,non_ramp,5096,5096,0,1.0,4639,0.9103218210361067,0.9103218210361067,True,usable_predictions,attempted_predictions
CSGS6,q2_2020,4,robust_risk_mondrian,weather_outage,ramp,728,728,0,1.0,575,0.7898351648351648,0.7898351648351648,True,usable_predictions,attempted_predictions
CSGS6,q2_2020,4,robust_rolling_cqr,clean,non_ramp,5096,5096,0,1.0,4695,0.9213108320251178,0.9213108320251178,True,usable_predictions,attempted_predictions
CSGS6,q2_2020,4,robust_rolling_cqr,clean,ramp,728,728,0,1.0,510,0.7005494505494505,0.7005494505494505,True,usable_predictions,attempted_predictions
CSGS6,q2_2020,4,robust_rolling_cqr,combined_outage,non_ramp,5096,5096,0,1.0,4639,0.9103218210361067,0.9103218210361067,True,usable_predictions,attempted_predictions
CSGS6,q2_2020,4,robust_rolling_cqr,combined_outage,ramp,728,728,0,1.0,547,0.7513736263736264,0.7513736263736264,True,usable_predictions,attempted_predictions
CSGS6,q2_2020,4,robust_rolling_cqr,irradiance_outage,non_ramp,5096,5096,0,1.0,4696,0.9215070643642073,0.9215070643642073,True,usable_predictions,attempted_predictions
CSGS6,q2_2020,4,robust_rolling_cqr,irradiance_outage,ramp,728,728,0,1.0,539,0.7403846153846154,0.7403846153846154,True,usable_predictions,attempted_predictions
CSGS6,q2_2020,4,robust_rolling_cqr,recent_power_outage,non_ramp,5096,5096,0,1.0,4667,0.9158163265306123,0.9158163265306123,True,usable_predictions,attempted_predictions
CSGS6,q2_2020,4,robust_rolling_cqr,recent_power_outage,ramp,728,728,0,1.0,552,0.7582417582417582,0.7582417582417582,True,usable_predictions,attempted_predictions
CSGS6,q2_2020,4,robust_rolling_cqr,weather_outage,non_ramp,5096,5096,0,1.0,4683,0.9189560439560439,0.9189560439560439,True,usable_predictions,attempted_predictions
CSGS6,q2_2020,4,robust_rolling_cqr,weather_outage,ramp,728,728,0,1.0,524,0.7197802197802198,0.7197802197802198,True,usable_predictions,attempted_predictions
CSGS6,q3_2020,1,clean_condition_cqr,clean,non_ramp,5291,5291,0,1.0,4936,0.9329049329049329,0.9329049329049329,True,usable_predictions,attempted_predictions
CSGS6,q3_2020,1,clean_condition_cqr,clean,ramp,597,597,0,1.0,213,0.35678391959798994,0.35678391959798994,True,usable_predictions,attempted_predictions
CSGS6,q3_2020,1,clean_condition_cqr,combined_outage,non_ramp,5291,5291,0,1.0,5052,0.9548289548289548,0.9548289548289548,True,usable_predictions,attempted_predictions
CSGS6,q3_2020,1,clean_condition_cqr,combined_outage,ramp,597,597,0,1.0,546,0.914572864321608,0.914572864321608,True,usable_predictions,attempted_predictions
CSGS6,q3_2020,1,clean_condition_cqr,irradiance_outage,non_ramp,5291,5291,0,1.0,4833,0.9134379134379135,0.9134379134379135,True,usable_predictions,attempted_predictions
CSGS6,q3_2020,1,clean_condition_cqr,irradiance_outage,ramp,597,597,0,1.0,344,0.576214405360134,0.576214405360134,True,usable_predictions,attempted_predictions
CSGS6,q3_2020,1,clean_condition_cqr,recent_power_outage,non_ramp,5291,5291,0,1.0,5090,0.962010962010962,0.962010962010962,True,usable_predictions,attempted_predictions
CSGS6,q3_2020,1,clean_condition_cqr,recent_power_outage,ramp,597,597,0,1.0,547,0.916247906197655,0.916247906197655,True,usable_predictions,attempted_predictions
CSGS6,q3_2020,1,clean_condition_cqr,weather_outage,non_ramp,5291,5291,0,1.0,4956,0.9366849366849367,0.9366849366849367,True,usable_predictions,attempted_predictions
CSGS6,q3_2020,1,clean_condition_cqr,weather_outage,ramp,597,597,0,1.0,215,0.3601340033500838,0.3601340033500838,True,usable_predictions,attempted_predictions
CSGS6,q3_2020,1,lgbm_condition_cqr,clean,non_ramp,5291,5291,0,1.0,4931,0.931959931959932,0.931959931959932,True,usable_predictions,attempted_predictions
CSGS6,q3_2020,1,lgbm_condition_cqr,clean,ramp,597,597,0,1.0,338,0.5661641541038526,0.5661641541038526,True,usable_predictions,attempted_predictions
CSGS6,q3_2020,1,lgbm_condition_cqr,combined_outage,non_ramp,5291,5291,0,1.0,5065,0.9572859572859573,0.9572859572859573,True,usable_predictions,attempted_predictions
CSGS6,q3_2020,1,lgbm_condition_cqr,combined_outage,ramp,597,597,0,1.0,541,0.9061976549413735,0.9061976549413735,True,usable_predictions,attempted_predictions
CSGS6,q3_2020,1,lgbm_condition_cqr,irradiance_outage,non_ramp,5291,5291,0,1.0,4831,0.9130599130599131,0.9130599130599131,True,usable_predictions,attempted_predictions
CSGS6,q3_2020,1,lgbm_condition_cqr,irradiance_outage,ramp,597,597,0,1.0,392,0.6566164154103853,0.6566164154103853,True,usable_predictions,attempted_predictions
CSGS6,q3_2020,1,lgbm_condition_cqr,recent_power_outage,non_ramp,5291,5291,0,1.0,5066,0.9574749574749575,0.9574749574749575,True,usable_predictions,attempted_predictions
CSGS6,q3_2020,1,lgbm_condition_cqr,recent_power_outage,ramp,597,597,0,1.0,541,0.9061976549413735,0.9061976549413735,True,usable_predictions,attempted_predictions
CSGS6,q3_2020,1,lgbm_condition_cqr,weather_outage,non_ramp,5291,5291,0,1.0,4939,0.9334719334719335,0.9334719334719335,True,usable_predictions,attempted_predictions
CSGS6,q3_2020,1,lgbm_condition_cqr,weather_outage,ramp,597,597,0,1.0,337,0.5644891122278057,0.5644891122278057,True,usable_predictions,attempted_predictions
CSGS6,q3_2020,1,oracle_ramp_mondrian,clean,non_ramp,5291,5291,0,1.0,4682,0.8848988848988849,0.8848988848988849,True,usable_predictions,attempted_predictions
CSGS6,q3_2020,1,oracle_ramp_mondrian,clean,ramp,597,597,0,1.0,542,0.9078726968174204,0.9078726968174204,True,usable_predictions,attempted_predictions
CSGS6,q3_2020,1,oracle_ramp_mondrian,combined_outage,non_ramp,5291,5291,0,1.0,4482,0.8470988470988471,0.8470988470988471,True,usable_predictions,attempted_predictions
CSGS6,q3_2020,1,oracle_ramp_mondrian,combined_outage,ramp,597,597,0,1.0,546,0.914572864321608,0.914572864321608,True,usable_predictions,attempted_predictions
CSGS6,q3_2020,1,oracle_ramp_mondrian,irradiance_outage,non_ramp,5291,5291,0,1.0,4778,0.903042903042903,0.903042903042903,True,usable_predictions,attempted_predictions
CSGS6,q3_2020,1,oracle_ramp_mondrian,irradiance_outage,ramp,597,597,0,1.0,538,0.9011725293132329,0.9011725293132329,True,usable_predictions,attempted_predictions
CSGS6,q3_2020,1,oracle_ramp_mondrian,recent_power_outage,non_ramp,5291,5291,0,1.0,4685,0.8854658854658854,0.8854658854658854,True,usable_predictions,attempted_predictions
CSGS6,q3_2020,1,oracle_ramp_mondrian,recent_power_outage,ramp,597,597,0,1.0,533,0.8927973199329984,0.8927973199329984,True,usable_predictions,attempted_predictions
CSGS6,q3_2020,1,oracle_ramp_mondrian,weather_outage,non_ramp,5291,5291,0,1.0,4715,0.8911358911358911,0.8911358911358911,True,usable_predictions,attempted_predictions
CSGS6,q3_2020,1,oracle_ramp_mondrian,weather_outage,ramp,597,597,0,1.0,539,0.9028475711892797,0.9028475711892797,True,usable_predictions,attempted_predictions
CSGS6,q3_2020,1,persistence_condition_cqr,clean,non_ramp,5291,5291,0,1.0,5183,0.9795879795879796,0.9795879795879796,True,usable_predictions,attempted_predictions
CSGS6,q3_2020,1,persistence_condition_cqr,clean,ramp,597,597,0,1.0,0,0.0,0.0,True,usable_predictions,attempted_predictions
CSGS6,q3_2020,1,persistence_condition_cqr,combined_outage,non_ramp,5291,5291,0,1.0,4956,0.9366849366849367,0.9366849366849367,True,usable_predictions,attempted_predictions
CSGS6,q3_2020,1,persistence_condition_cqr,combined_outage,ramp,597,597,0,1.0,496,0.830820770519263,0.830820770519263,True,usable_predictions,attempted_predictions
CSGS6,q3_2020,1,persistence_condition_cqr,irradiance_outage,non_ramp,5291,5291,0,1.0,5183,0.9795879795879796,0.9795879795879796,True,usable_predictions,attempted_predictions
CSGS6,q3_2020,1,persistence_condition_cqr,irradiance_outage,ramp,597,597,0,1.0,0,0.0,0.0,True,usable_predictions,attempted_predictions
CSGS6,q3_2020,1,persistence_condition_cqr,recent_power_outage,non_ramp,5291,5291,0,1.0,4956,0.9366849366849367,0.9366849366849367,True,usable_predictions,attempted_predictions
CSGS6,q3_2020,1,persistence_condition_cqr,recent_power_outage,ramp,597,597,0,1.0,496,0.830820770519263,0.830820770519263,True,usable_predictions,attempted_predictions
CSGS6,q3_2020,1,persistence_condition_cqr,weather_outage,non_ramp,5291,5291,0,1.0,5183,0.9795879795879796,0.9795879795879796,True,usable_predictions,attempted_predictions
CSGS6,q3_2020,1,persistence_condition_cqr,weather_outage,ramp,597,597,0,1.0,0,0.0,0.0,True,usable_predictions,attempted_predictions
CSGS6,q3_2020,1,robust_condition_cqr,clean,non_ramp,5291,5291,0,1.0,4775,0.9024759024759025,0.9024759024759025,True,usable_predictions,attempted_predictions
CSGS6,q3_2020,1,robust_condition_cqr,clean,ramp,597,597,0,1.0,311,0.5209380234505863,0.5209380234505863,True,usable_predictions,attempted_predictions
CSGS6,q3_2020,1,robust_condition_cqr,combined_outage,non_ramp,5291,5291,0,1.0,4615,0.8722358722358723,0.8722358722358723,True,usable_predictions,attempted_predictions
CSGS6,q3_2020,1,robust_condition_cqr,combined_outage,ramp,597,597,0,1.0,389,0.6515912897822446,0.6515912897822446,True,usable_predictions,attempted_predictions
CSGS6,q3_2020,1,robust_condition_cqr,irradiance_outage,non_ramp,5291,5291,0,1.0,4778,0.903042903042903,0.903042903042903,True,usable_predictions,attempted_predictions
CSGS6,q3_2020,1,robust_condition_cqr,irradiance_outage,ramp,597,597,0,1.0,353,0.5912897822445561,0.5912897822445561,True,usable_predictions,attempted_predictions
CSGS6,q3_2020,1,robust_condition_cqr,recent_power_outage,non_ramp,5291,5291,0,1.0,4685,0.8854658854658854,0.8854658854658854,True,usable_predictions,attempted_predictions
CSGS6,q3_2020,1,robust_condition_cqr,recent_power_outage,ramp,597,597,0,1.0,343,0.5745393634840871,0.5745393634840871,True,usable_predictions,attempted_predictions
CSGS6,q3_2020,1,robust_condition_cqr,weather_outage,non_ramp,5291,5291,0,1.0,4769,0.9013419013419014,0.9013419013419014,True,usable_predictions,attempted_predictions
CSGS6,q3_2020,1,robust_condition_cqr,weather_outage,ramp,597,597,0,1.0,313,0.52428810720268,0.52428810720268,True,usable_predictions,attempted_predictions
CSGS6,q3_2020,1,robust_local_cqr,clean,non_ramp,5291,5291,0,1.0,5012,0.9472689472689473,0.9472689472689473,True,usable_predictions,attempted_predictions
CSGS6,q3_2020,1,robust_local_cqr,clean,ramp,597,597,0,1.0,404,0.6767169179229481,0.6767169179229481,True,usable_predictions,attempted_predictions
CSGS6,q3_2020,1,robust_local_cqr,combined_outage,non_ramp,5291,5291,0,1.0,4657,0.8801738801738802,0.8801738801738802,True,usable_predictions,attempted_predictions
CSGS6,q3_2020,1,robust_local_cqr,combined_outage,ramp,597,597,0,1.0,455,0.7621440536013401,0.7621440536013401,True,usable_predictions,attempted_predictions
CSGS6,q3_2020,1,robust_local_cqr,irradiance_outage,non_ramp,5291,5291,0,1.0,5046,0.9536949536949537,0.9536949536949537,True,usable_predictions,attempted_predictions
CSGS6,q3_2020,1,robust_local_cqr,irradiance_outage,ramp,597,597,0,1.0,438,0.7336683417085427,0.7336683417085427,True,usable_predictions,attempted_predictions
CSGS6,q3_2020,1,robust_local_cqr,recent_power_outage,non_ramp,5291,5291,0,1.0,4893,0.9247779247779248,0.9247779247779248,True,usable_predictions,attempted_predictions
CSGS6,q3_2020,1,robust_local_cqr,recent_power_outage,ramp,597,597,0,1.0,421,0.7051926298157454,0.7051926298157454,True,usable_predictions,attempted_predictions
CSGS6,q3_2020,1,robust_local_cqr,weather_outage,non_ramp,5291,5291,0,1.0,5003,0.9455679455679455,0.9455679455679455,True,usable_predictions,attempted_predictions
CSGS6,q3_2020,1,robust_local_cqr,weather_outage,ramp,597,597,0,1.0,414,0.6934673366834171,0.6934673366834171,True,usable_predictions,attempted_predictions
CSGS6,q3_2020,1,robust_risk_mondrian,clean,non_ramp,5291,5291,0,1.0,4891,0.9243999243999244,0.9243999243999244,True,usable_predictions,attempted_predictions
CSGS6,q3_2020,1,robust_risk_mondrian,clean,ramp,597,597,0,1.0,372,0.6231155778894473,0.6231155778894473,True,usable_predictions,attempted_predictions
CSGS6,q3_2020,1,robust_risk_mondrian,combined_outage,non_ramp,5291,5291,0,1.0,4579,0.8654318654318655,0.8654318654318655,True,usable_predictions,attempted_predictions
CSGS6,q3_2020,1,robust_risk_mondrian,combined_outage,ramp,597,597,0,1.0,413,0.6917922948073701,0.6917922948073701,True,usable_predictions,attempted_predictions
CSGS6,q3_2020,1,robust_risk_mondrian,irradiance_outage,non_ramp,5291,5291,0,1.0,4833,0.9134379134379135,0.9134379134379135,True,usable_predictions,attempted_predictions
CSGS6,q3_2020,1,robust_risk_mondrian,irradiance_outage,ramp,597,597,0,1.0,388,0.6499162479061976,0.6499162479061976,True,usable_predictions,attempted_predictions
CSGS6,q3_2020,1,robust_risk_mondrian,recent_power_outage,non_ramp,5291,5291,0,1.0,4820,0.9109809109809109,0.9109809109809109,True,usable_predictions,attempted_predictions
CSGS6,q3_2020,1,robust_risk_mondrian,recent_power_outage,ramp,597,597,0,1.0,393,0.6582914572864321,0.6582914572864321,True,usable_predictions,attempted_predictions
CSGS6,q3_2020,1,robust_risk_mondrian,weather_outage,non_ramp,5291,5291,0,1.0,4895,0.9251559251559252,0.9251559251559252,True,usable_predictions,attempted_predictions
CSGS6,q3_2020,1,robust_risk_mondrian,weather_outage,ramp,597,597,0,1.0,373,0.6247906197654941,0.6247906197654941,True,usable_predictions,attempted_predictions
CSGS6,q3_2020,1,robust_rolling_cqr,clean,non_ramp,5291,5291,0,1.0,4973,0.9398979398979399,0.9398979398979399,True,usable_predictions,attempted_predictions
CSGS6,q3_2020,1,robust_rolling_cqr,clean,ramp,597,597,0,1.0,325,0.5443886097152428,0.5443886097152428,True,usable_predictions,attempted_predictions
CSGS6,q3_2020,1,robust_rolling_cqr,combined_outage,non_ramp,5291,5291,0,1.0,4873,0.920997920997921,0.920997920997921,True,usable_predictions,attempted_predictions
CSGS6,q3_2020,1,robust_rolling_cqr,combined_outage,ramp,597,597,0,1.0,425,0.711892797319933,0.711892797319933,True,usable_predictions,attempted_predictions
CSGS6,q3_2020,1,robust_rolling_cqr,irradiance_outage,non_ramp,5291,5291,0,1.0,4954,0.9363069363069363,0.9363069363069363,True,usable_predictions,attempted_predictions
CSGS6,q3_2020,1,robust_rolling_cqr,irradiance_outage,ramp,597,597,0,1.0,361,0.6046901172529313,0.6046901172529313,True,usable_predictions,attempted_predictions
CSGS6,q3_2020,1,robust_rolling_cqr,recent_power_outage,non_ramp,5291,5291,0,1.0,4910,0.927990927990928,0.927990927990928,True,usable_predictions,attempted_predictions
CSGS6,q3_2020,1,robust_rolling_cqr,recent_power_outage,ramp,597,597,0,1.0,370,0.6197654941373534,0.6197654941373534,True,usable_predictions,attempted_predictions
CSGS6,q3_2020,1,robust_rolling_cqr,weather_outage,non_ramp,5291,5291,0,1.0,4973,0.9398979398979399,0.9398979398979399,True,usable_predictions,attempted_predictions
CSGS6,q3_2020,1,robust_rolling_cqr,weather_outage,ramp,597,597,0,1.0,331,0.5544388609715243,0.5544388609715243,True,usable_predictions,attempted_predictions
CSGS6,q3_2020,4,clean_condition_cqr,clean,non_ramp,5172,5172,0,1.0,4595,0.8884377416860015,0.8884377416860015,True,usable_predictions,attempted_predictions
CSGS6,q3_2020,4,clean_condition_cqr,clean,ramp,716,716,0,1.0,399,0.5572625698324022,0.5572625698324022,True,usable_predictions,attempted_predictions
CSGS6,q3_2020,4,clean_condition_cqr,combined_outage,non_ramp,5172,5172,0,1.0,4974,0.9617169373549884,0.9617169373549884,True,usable_predictions,attempted_predictions
CSGS6,q3_2020,4,clean_condition_cqr,combined_outage,ramp,716,716,0,1.0,643,0.8980446927374302,0.8980446927374302,True,usable_predictions,attempted_predictions
CSGS6,q3_2020,4,clean_condition_cqr,irradiance_outage,non_ramp,5172,5172,0,1.0,4495,0.8691028615622584,0.8691028615622584,True,usable_predictions,attempted_predictions
CSGS6,q3_2020,4,clean_condition_cqr,irradiance_outage,ramp,716,716,0,1.0,487,0.6801675977653632,0.6801675977653632,True,usable_predictions,attempted_predictions
CSGS6,q3_2020,4,clean_condition_cqr,recent_power_outage,non_ramp,5172,5172,0,1.0,4613,0.8919180201082754,0.8919180201082754,True,usable_predictions,attempted_predictions
CSGS6,q3_2020,4,clean_condition_cqr,recent_power_outage,ramp,716,716,0,1.0,516,0.7206703910614525,0.7206703910614525,True,usable_predictions,attempted_predictions
CSGS6,q3_2020,4,clean_condition_cqr,weather_outage,non_ramp,5172,5172,0,1.0,4563,0.8822505800464037,0.8822505800464037,True,usable_predictions,attempted_predictions
CSGS6,q3_2020,4,clean_condition_cqr,weather_outage,ramp,716,716,0,1.0,426,0.5949720670391061,0.5949720670391061,True,usable_predictions,attempted_predictions
CSGS6,q3_2020,4,lgbm_condition_cqr,clean,non_ramp,5172,5172,0,1.0,4748,0.9180201082753287,0.9180201082753287,True,usable_predictions,attempted_predictions
CSGS6,q3_2020,4,lgbm_condition_cqr,clean,ramp,716,716,0,1.0,514,0.7178770949720671,0.7178770949720671,True,usable_predictions,attempted_predictions
CSGS6,q3_2020,4,lgbm_condition_cqr,combined_outage,non_ramp,5172,5172,0,1.0,4097,0.7921500386697602,0.7921500386697602,True,usable_predictions,attempted_predictions
CSGS6,q3_2020,4,lgbm_condition_cqr,combined_outage,ramp,716,716,0,1.0,703,0.9818435754189944,0.9818435754189944,True,usable_predictions,attempted_predictions
CSGS6,q3_2020,4,lgbm_condition_cqr,irradiance_outage,non_ramp,5172,5172,0,1.0,4592,0.8878576952822892,0.8878576952822892,True,usable_predictions,attempted_predictions
CSGS6,q3_2020,4,lgbm_condition_cqr,irradiance_outage,ramp,716,716,0,1.0,554,0.7737430167597765,0.7737430167597765,True,usable_predictions,attempted_predictions
CSGS6,q3_2020,4,lgbm_condition_cqr,recent_power_outage,non_ramp,5172,5172,0,1.0,4565,0.8826372776488786,0.8826372776488786,True,usable_predictions,attempted_predictions
CSGS6,q3_2020,4,lgbm_condition_cqr,recent_power_outage,ramp,716,716,0,1.0,654,0.9134078212290503,0.9134078212290503,True,usable_predictions,attempted_predictions
CSGS6,q3_2020,4,lgbm_condition_cqr,weather_outage,non_ramp,5172,5172,0,1.0,4663,0.901585460170147,0.901585460170147,True,usable_predictions,attempted_predictions
CSGS6,q3_2020,4,lgbm_condition_cqr,weather_outage,ramp,716,716,0,1.0,531,0.7416201117318436,0.7416201117318436,True,usable_predictions,attempted_predictions
CSGS6,q3_2020,4,oracle_ramp_mondrian,clean,non_ramp,5172,5172,0,1.0,4376,0.8460943542150039,0.8460943542150039,True,usable_predictions,attempted_predictions
CSGS6,q3_2020,4,oracle_ramp_mondrian,clean,ramp,716,716,0,1.0,637,0.8896648044692738,0.8896648044692738,True,usable_predictions,attempted_predictions
CSGS6,q3_2020,4,oracle_ramp_mondrian,combined_outage,non_ramp,5172,5172,0,1.0,4358,0.8426140757927301,0.8426140757927301,True,usable_predictions,attempted_predictions
CSGS6,q3_2020,4,oracle_ramp_mondrian,combined_outage,ramp,716,716,0,1.0,635,0.8868715083798883,0.8868715083798883,True,usable_predictions,attempted_predictions
CSGS6,q3_2020,4,oracle_ramp_mondrian,irradiance_outage,non_ramp,5172,5172,0,1.0,4329,0.8370069605568445,0.8370069605568445,True,usable_predictions,attempted_predictions
CSGS6,q3_2020,4,oracle_ramp_mondrian,irradiance_outage,ramp,716,716,0,1.0,648,0.9050279329608939,0.9050279329608939,True,usable_predictions,attempted_predictions
CSGS6,q3_2020,4,oracle_ramp_mondrian,recent_power_outage,non_ramp,5172,5172,0,1.0,4294,0.8302397525135344,0.8302397525135344,True,usable_predictions,attempted_predictions
CSGS6,q3_2020,4,oracle_ramp_mondrian,recent_power_outage,ramp,716,716,0,1.0,621,0.86731843575419,0.86731843575419,True,usable_predictions,attempted_predictions
CSGS6,q3_2020,4,oracle_ramp_mondrian,weather_outage,non_ramp,5172,5172,0,1.0,4352,0.8414539829853055,0.8414539829853055,True,usable_predictions,attempted_predictions
CSGS6,q3_2020,4,oracle_ramp_mondrian,weather_outage,ramp,716,716,0,1.0,656,0.9162011173184358,0.9162011173184358,True,usable_predictions,attempted_predictions
CSGS6,q3_2020,4,persistence_condition_cqr,clean,non_ramp,5172,5172,0,1.0,5172,1.0,1.0,True,usable_predictions,attempted_predictions
CSGS6,q3_2020,4,persistence_condition_cqr,clean,ramp,716,716,0,1.0,77,0.10754189944134078,0.10754189944134078,True,usable_predictions,attempted_predictions
CSGS6,q3_2020,4,persistence_condition_cqr,combined_outage,non_ramp,5172,5172,0,1.0,4921,0.9514694508894045,0.9514694508894045,True,usable_predictions,attempted_predictions
CSGS6,q3_2020,4,persistence_condition_cqr,combined_outage,ramp,716,716,0,1.0,554,0.7737430167597765,0.7737430167597765,True,usable_predictions,attempted_predictions
CSGS6,q3_2020,4,persistence_condition_cqr,irradiance_outage,non_ramp,5172,5172,0,1.0,5172,1.0,1.0,True,usable_predictions,attempted_predictions
CSGS6,q3_2020,4,persistence_condition_cqr,irradiance_outage,ramp,716,716,0,1.0,77,0.10754189944134078,0.10754189944134078,True,usable_predictions,attempted_predictions
CSGS6,q3_2020,4,persistence_condition_cqr,recent_power_outage,non_ramp,5172,5172,0,1.0,4921,0.9514694508894045,0.9514694508894045,True,usable_predictions,attempted_predictions
CSGS6,q3_2020,4,persistence_condition_cqr,recent_power_outage,ramp,716,716,0,1.0,554,0.7737430167597765,0.7737430167597765,True,usable_predictions,attempted_predictions
CSGS6,q3_2020,4,persistence_condition_cqr,weather_outage,non_ramp,5172,5172,0,1.0,5172,1.0,1.0,True,usable_predictions,attempted_predictions
CSGS6,q3_2020,4,persistence_condition_cqr,weather_outage,ramp,716,716,0,1.0,77,0.10754189944134078,0.10754189944134078,True,usable_predictions,attempted_predictions
CSGS6,q3_2020,4,robust_condition_cqr,clean,non_ramp,5172,5172,0,1.0,4573,0.884184068058778,0.884184068058778,True,usable_predictions,attempted_predictions
CSGS6,q3_2020,4,robust_condition_cqr,clean,ramp,716,716,0,1.0,459,0.6410614525139665,0.6410614525139665,True,usable_predictions,attempted_predictions
CSGS6,q3_2020,4,robust_condition_cqr,combined_outage,non_ramp,5172,5172,0,1.0,4466,0.8634957463263728,0.8634957463263728,True,usable_predictions,attempted_predictions
CSGS6,q3_2020,4,robust_condition_cqr,combined_outage,ramp,716,716,0,1.0,490,0.6843575418994413,0.6843575418994413,True,usable_predictions,attempted_predictions
CSGS6,q3_2020,4,robust_condition_cqr,irradiance_outage,non_ramp,5172,5172,0,1.0,4486,0.8673627223511214,0.8673627223511214,True,usable_predictions,attempted_predictions
CSGS6,q3_2020,4,robust_condition_cqr,irradiance_outage,ramp,716,716,0,1.0,464,0.6480446927374302,0.6480446927374302,True,usable_predictions,attempted_predictions
CSGS6,q3_2020,4,robust_condition_cqr,recent_power_outage,non_ramp,5172,5172,0,1.0,4458,0.8619489559164734,0.8619489559164734,True,usable_predictions,attempted_predictions
CSGS6,q3_2020,4,robust_condition_cqr,recent_power_outage,ramp,716,716,0,1.0,469,0.6550279329608939,0.6550279329608939,True,usable_predictions,attempted_predictions
CSGS6,q3_2020,4,robust_condition_cqr,weather_outage,non_ramp,5172,5172,0,1.0,4495,0.8691028615622584,0.8691028615622584,True,usable_predictions,attempted_predictions
CSGS6,q3_2020,4,robust_condition_cqr,weather_outage,ramp,716,716,0,1.0,466,0.6508379888268156,0.6508379888268156,True,usable_predictions,attempted_predictions
CSGS6,q3_2020,4,robust_local_cqr,clean,non_ramp,5172,5172,0,1.0,4667,0.9023588553750966,0.9023588553750966,True,usable_predictions,attempted_predictions
CSGS6,q3_2020,4,robust_local_cqr,clean,ramp,716,716,0,1.0,531,0.7416201117318436,0.7416201117318436,True,usable_predictions,attempted_predictions
CSGS6,q3_2020,4,robust_local_cqr,combined_outage,non_ramp,5172,5172,0,1.0,4512,0.8723897911832946,0.8723897911832946,True,usable_predictions,attempted_predictions
CSGS6,q3_2020,4,robust_local_cqr,combined_outage,ramp,716,716,0,1.0,556,0.776536312849162,0.776536312849162,True,usable_predictions,attempted_predictions
CSGS6,q3_2020,4,robust_local_cqr,irradiance_outage,non_ramp,5172,5172,0,1.0,4622,0.8936581593194122,0.8936581593194122,True,usable_predictions,attempted_predictions
CSGS6,q3_2020,4,robust_local_cqr,irradiance_outage,ramp,716,716,0,1.0,551,0.7695530726256983,0.7695530726256983,True,usable_predictions,attempted_predictions
CSGS6,q3_2020,4,robust_local_cqr,recent_power_outage,non_ramp,5172,5172,0,1.0,4604,0.8901778808971385,0.8901778808971385,True,usable_predictions,attempted_predictions
CSGS6,q3_2020,4,robust_local_cqr,recent_power_outage,ramp,716,716,0,1.0,529,0.7388268156424581,0.7388268156424581,True,usable_predictions,attempted_predictions
CSGS6,q3_2020,4,robust_local_cqr,weather_outage,non_ramp,5172,5172,0,1.0,4621,0.8934648105181748,0.8934648105181748,True,usable_predictions,attempted_predictions
CSGS6,q3_2020,4,robust_local_cqr,weather_outage,ramp,716,716,0,1.0,550,0.7681564245810056,0.7681564245810056,True,usable_predictions,attempted_predictions
CSGS6,q3_2020,4,robust_risk_mondrian,clean,non_ramp,5172,5172,0,1.0,4512,0.8723897911832946,0.8723897911832946,True,usable_predictions,attempted_predictions
CSGS6,q3_2020,4,robust_risk_mondrian,clean,ramp,716,716,0,1.0,505,0.7053072625698324,0.7053072625698324,True,usable_predictions,attempted_predictions
CSGS6,q3_2020,4,robust_risk_mondrian,combined_outage,non_ramp,5172,5172,0,1.0,4558,0.8812838360402165,0.8812838360402165,True,usable_predictions,attempted_predictions
CSGS6,q3_2020,4,robust_risk_mondrian,combined_outage,ramp,716,716,0,1.0,520,0.7262569832402235,0.7262569832402235,True,usable_predictions,attempted_predictions
CSGS6,q3_2020,4,robust_risk_mondrian,irradiance_outage,non_ramp,5172,5172,0,1.0,4475,0.8652358855375096,0.8652358855375096,True,usable_predictions,attempted_predictions
CSGS6,q3_2020,4,robust_risk_mondrian,irradiance_outage,ramp,716,716,0,1.0,520,0.7262569832402235,0.7262569832402235,True,usable_predictions,attempted_predictions
CSGS6,q3_2020,4,robust_risk_mondrian,recent_power_outage,non_ramp,5172,5172,0,1.0,4528,0.8754833720030936,0.8754833720030936,True,usable_predictions,attempted_predictions
CSGS6,q3_2020,4,robust_risk_mondrian,recent_power_outage,ramp,716,716,0,1.0,509,0.7108938547486033,0.7108938547486033,True,usable_predictions,attempted_predictions
CSGS6,q3_2020,4,robust_risk_mondrian,weather_outage,non_ramp,5172,5172,0,1.0,4495,0.8691028615622584,0.8691028615622584,True,usable_predictions,attempted_predictions
CSGS6,q3_2020,4,robust_risk_mondrian,weather_outage,ramp,716,716,0,1.0,526,0.7346368715083799,0.7346368715083799,True,usable_predictions,attempted_predictions
CSGS6,q3_2020,4,robust_rolling_cqr,clean,non_ramp,5172,5172,0,1.0,4794,0.9269141531322506,0.9269141531322506,True,usable_predictions,attempted_predictions
CSGS6,q3_2020,4,robust_rolling_cqr,clean,ramp,716,716,0,1.0,495,0.6913407821229051,0.6913407821229051,True,usable_predictions,attempted_predictions
CSGS6,q3_2020,4,robust_rolling_cqr,combined_outage,non_ramp,5172,5172,0,1.0,4719,0.9124129930394431,0.9124129930394431,True,usable_predictions,attempted_predictions
CSGS6,q3_2020,4,robust_rolling_cqr,combined_outage,ramp,716,716,0,1.0,540,0.7541899441340782,0.7541899441340782,True,usable_predictions,attempted_predictions
CSGS6,q3_2020,4,robust_rolling_cqr,irradiance_outage,non_ramp,5172,5172,0,1.0,4764,0.9211136890951276,0.9211136890951276,True,usable_predictions,attempted_predictions
CSGS6,q3_2020,4,robust_rolling_cqr,irradiance_outage,ramp,716,716,0,1.0,511,0.7136871508379888,0.7136871508379888,True,usable_predictions,attempted_predictions
CSGS6,q3_2020,4,robust_rolling_cqr,recent_power_outage,non_ramp,5172,5172,0,1.0,4756,0.9195668986852281,0.9195668986852281,True,usable_predictions,attempted_predictions
CSGS6,q3_2020,4,robust_rolling_cqr,recent_power_outage,ramp,716,716,0,1.0,516,0.7206703910614525,0.7206703910614525,True,usable_predictions,attempted_predictions
CSGS6,q3_2020,4,robust_rolling_cqr,weather_outage,non_ramp,5172,5172,0,1.0,4751,0.918600154679041,0.918600154679041,True,usable_predictions,attempted_predictions
CSGS6,q3_2020,4,robust_rolling_cqr,weather_outage,ramp,716,716,0,1.0,513,0.7164804469273743,0.7164804469273743,True,usable_predictions,attempted_predictions
CSGS6,q4_2020,1,clean_condition_cqr,clean,non_ramp,5584,5584,0,1.0,5498,0.9845988538681948,0.9845988538681948,True,usable_predictions,attempted_predictions
CSGS6,q4_2020,1,clean_condition_cqr,clean,ramp,304,304,0,1.0,109,0.35855263157894735,0.35855263157894735,True,usable_predictions,attempted_predictions
CSGS6,q4_2020,1,clean_condition_cqr,combined_outage,non_ramp,5584,5584,0,1.0,4507,0.8071275071633238,0.8071275071633238,True,usable_predictions,attempted_predictions
CSGS6,q4_2020,1,clean_condition_cqr,combined_outage,ramp,304,304,0,1.0,249,0.819078947368421,0.819078947368421,True,usable_predictions,attempted_predictions
CSGS6,q4_2020,1,clean_condition_cqr,irradiance_outage,non_ramp,5584,5584,0,1.0,5133,0.9192335243553008,0.9192335243553008,True,usable_predictions,attempted_predictions
CSGS6,q4_2020,1,clean_condition_cqr,irradiance_outage,ramp,304,304,0,1.0,178,0.5855263157894737,0.5855263157894737,True,usable_predictions,attempted_predictions
CSGS6,q4_2020,1,clean_condition_cqr,recent_power_outage,non_ramp,5584,5584,0,1.0,4963,0.8887893982808023,0.8887893982808023,True,usable_predictions,attempted_predictions
CSGS6,q4_2020,1,clean_condition_cqr,recent_power_outage,ramp,304,304,0,1.0,226,0.743421052631579,0.743421052631579,True,usable_predictions,attempted_predictions
CSGS6,q4_2020,1,clean_condition_cqr,weather_outage,non_ramp,5584,5584,0,1.0,5493,0.9837034383954155,0.9837034383954155,True,usable_predictions,attempted_predictions
CSGS6,q4_2020,1,clean_condition_cqr,weather_outage,ramp,304,304,0,1.0,114,0.375,0.375,True,usable_predictions,attempted_predictions
CSGS6,q4_2020,1,lgbm_condition_cqr,clean,non_ramp,5584,5584,0,1.0,5389,0.9650787965616046,0.9650787965616046,True,usable_predictions,attempted_predictions
CSGS6,q4_2020,1,lgbm_condition_cqr,clean,ramp,304,304,0,1.0,155,0.5098684210526315,0.5098684210526315,True,usable_predictions,attempted_predictions
CSGS6,q4_2020,1,lgbm_condition_cqr,combined_outage,non_ramp,5584,5584,0,1.0,4550,0.8148280802292264,0.8148280802292264,True,usable_predictions,attempted_predictions
CSGS6,q4_2020,1,lgbm_condition_cqr,combined_outage,ramp,304,304,0,1.0,260,0.8552631578947368,0.8552631578947368,True,usable_predictions,attempted_predictions
CSGS6,q4_2020,1,lgbm_condition_cqr,irradiance_outage,non_ramp,5584,5584,0,1.0,5095,0.9124283667621776,0.9124283667621776,True,usable_predictions,attempted_predictions
CSGS6,q4_2020,1,lgbm_condition_cqr,irradiance_outage,ramp,304,304,0,1.0,195,0.6414473684210527,0.6414473684210527,True,usable_predictions,attempted_predictions
CSGS6,q4_2020,1,lgbm_condition_cqr,recent_power_outage,non_ramp,5584,5584,0,1.0,4582,0.8205587392550143,0.8205587392550143,True,usable_predictions,attempted_predictions
CSGS6,q4_2020,1,lgbm_condition_cqr,recent_power_outage,ramp,304,304,0,1.0,261,0.8585526315789473,0.8585526315789473,True,usable_predictions,attempted_predictions
CSGS6,q4_2020,1,lgbm_condition_cqr,weather_outage,non_ramp,5584,5584,0,1.0,5397,0.9665114613180515,0.9665114613180515,True,usable_predictions,attempted_predictions
CSGS6,q4_2020,1,lgbm_condition_cqr,weather_outage,ramp,304,304,0,1.0,154,0.506578947368421,0.506578947368421,True,usable_predictions,attempted_predictions
CSGS6,q4_2020,1,oracle_ramp_mondrian,clean,non_ramp,5584,5584,0,1.0,5397,0.9665114613180515,0.9665114613180515,True,usable_predictions,attempted_predictions
CSGS6,q4_2020,1,oracle_ramp_mondrian,clean,ramp,304,304,0,1.0,267,0.8782894736842105,0.8782894736842105,True,usable_predictions,attempted_predictions
CSGS6,q4_2020,1,oracle_ramp_mondrian,combined_outage,non_ramp,5584,5584,0,1.0,5339,0.9561246418338109,0.9561246418338109,True,usable_predictions,attempted_predictions
CSGS6,q4_2020,1,oracle_ramp_mondrian,combined_outage,ramp,304,304,0,1.0,264,0.868421052631579,0.868421052631579,True,usable_predictions,attempted_predictions
CSGS6,q4_2020,1,oracle_ramp_mondrian,irradiance_outage,non_ramp,5584,5584,0,1.0,5376,0.9627507163323782,0.9627507163323782,True,usable_predictions,attempted_predictions
CSGS6,q4_2020,1,oracle_ramp_mondrian,irradiance_outage,ramp,304,304,0,1.0,265,0.8717105263157895,0.8717105263157895,True,usable_predictions,attempted_predictions
CSGS6,q4_2020,1,oracle_ramp_mondrian,recent_power_outage,non_ramp,5584,5584,0,1.0,5399,0.9668696275071633,0.9668696275071633,True,usable_predictions,attempted_predictions
CSGS6,q4_2020,1,oracle_ramp_mondrian,recent_power_outage,ramp,304,304,0,1.0,260,0.8552631578947368,0.8552631578947368,True,usable_predictions,attempted_predictions
CSGS6,q4_2020,1,oracle_ramp_mondrian,weather_outage,non_ramp,5584,5584,0,1.0,5385,0.9643624641833811,0.9643624641833811,True,usable_predictions,attempted_predictions
CSGS6,q4_2020,1,oracle_ramp_mondrian,weather_outage,ramp,304,304,0,1.0,266,0.875,0.875,True,usable_predictions,attempted_predictions
CSGS6,q4_2020,1,persistence_condition_cqr,clean,non_ramp,5584,5584,0,1.0,5584,1.0,1.0,True,usable_predictions,attempted_predictions
CSGS6,q4_2020,1,persistence_condition_cqr,clean,ramp,304,304,0,1.0,8,0.02631578947368421,0.02631578947368421,True,usable_predictions,attempted_predictions
CSGS6,q4_2020,1,persistence_condition_cqr,combined_outage,non_ramp,5584,5584,0,1.0,4586,0.8212750716332379,0.8212750716332379,True,usable_predictions,attempted_predictions
CSGS6,q4_2020,1,persistence_condition_cqr,combined_outage,ramp,304,304,0,1.0,191,0.6282894736842105,0.6282894736842105,True,usable_predictions,attempted_predictions
CSGS6,q4_2020,1,persistence_condition_cqr,irradiance_outage,non_ramp,5584,5584,0,1.0,5584,1.0,1.0,True,usable_predictions,attempted_predictions
CSGS6,q4_2020,1,persistence_condition_cqr,irradiance_outage,ramp,304,304,0,1.0,8,0.02631578947368421,0.02631578947368421,True,usable_predictions,attempted_predictions
CSGS6,q4_2020,1,persistence_condition_cqr,recent_power_outage,non_ramp,5584,5584,0,1.0,4586,0.8212750716332379,0.8212750716332379,True,usable_predictions,attempted_predictions
CSGS6,q4_2020,1,persistence_condition_cqr,recent_power_outage,ramp,304,304,0,1.0,191,0.6282894736842105,0.6282894736842105,True,usable_predictions,attempted_predictions
CSGS6,q4_2020,1,persistence_condition_cqr,weather_outage,non_ramp,5584,5584,0,1.0,5584,1.0,1.0,True,usable_predictions,attempted_predictions
CSGS6,q4_2020,1,persistence_condition_cqr,weather_outage,ramp,304,304,0,1.0,8,0.02631578947368421,0.02631578947368421,True,usable_predictions,attempted_predictions
CSGS6,q4_2020,1,robust_condition_cqr,clean,non_ramp,5584,5584,0,1.0,5481,0.981554441260745,0.981554441260745,True,usable_predictions,attempted_predictions
CSGS6,q4_2020,1,robust_condition_cqr,clean,ramp,304,304,0,1.0,152,0.5,0.5,True,usable_predictions,attempted_predictions
CSGS6,q4_2020,1,robust_condition_cqr,combined_outage,non_ramp,5584,5584,0,1.0,5413,0.9693767908309455,0.9693767908309455,True,usable_predictions,attempted_predictions
CSGS6,q4_2020,1,robust_condition_cqr,combined_outage,ramp,304,304,0,1.0,195,0.6414473684210527,0.6414473684210527,True,usable_predictions,attempted_predictions
CSGS6,q4_2020,1,robust_condition_cqr,irradiance_outage,non_ramp,5584,5584,0,1.0,5446,0.9752865329512894,0.9752865329512894,True,usable_predictions,attempted_predictions
CSGS6,q4_2020,1,robust_condition_cqr,irradiance_outage,ramp,304,304,0,1.0,169,0.555921052631579,0.555921052631579,True,usable_predictions,attempted_predictions
CSGS6,q4_2020,1,robust_condition_cqr,recent_power_outage,non_ramp,5584,5584,0,1.0,5472,0.9799426934097422,0.9799426934097422,True,usable_predictions,attempted_predictions
CSGS6,q4_2020,1,robust_condition_cqr,recent_power_outage,ramp,304,304,0,1.0,186,0.6118421052631579,0.6118421052631579,True,usable_predictions,attempted_predictions
CSGS6,q4_2020,1,robust_condition_cqr,weather_outage,non_ramp,5584,5584,0,1.0,5469,0.9794054441260746,0.9794054441260746,True,usable_predictions,attempted_predictions
CSGS6,q4_2020,1,robust_condition_cqr,weather_outage,ramp,304,304,0,1.0,152,0.5,0.5,True,usable_predictions,attempted_predictions
CSGS6,q4_2020,1,robust_local_cqr,clean,non_ramp,5584,5584,0,1.0,5471,0.9797636103151862,0.9797636103151862,True,usable_predictions,attempted_predictions
CSGS6,q4_2020,1,robust_local_cqr,clean,ramp,304,304,0,1.0,178,0.5855263157894737,0.5855263157894737,True,usable_predictions,attempted_predictions
CSGS6,q4_2020,1,robust_local_cqr,combined_outage,non_ramp,5584,5584,0,1.0,5394,0.9659742120343839,0.9659742120343839,True,usable_predictions,attempted_predictions
CSGS6,q4_2020,1,robust_local_cqr,combined_outage,ramp,304,304,0,1.0,212,0.6973684210526315,0.6973684210526315,True,usable_predictions,attempted_predictions
CSGS6,q4_2020,1,robust_local_cqr,irradiance_outage,non_ramp,5584,5584,0,1.0,5472,0.9799426934097422,0.9799426934097422,True,usable_predictions,attempted_predictions
CSGS6,q4_2020,1,robust_local_cqr,irradiance_outage,ramp,304,304,0,1.0,196,0.6447368421052632,0.6447368421052632,True,usable_predictions,attempted_predictions
CSGS6,q4_2020,1,robust_local_cqr,recent_power_outage,non_ramp,5584,5584,0,1.0,5477,0.9808381088825215,0.9808381088825215,True,usable_predictions,attempted_predictions
CSGS6,q4_2020,1,robust_local_cqr,recent_power_outage,ramp,304,304,0,1.0,195,0.6414473684210527,0.6414473684210527,True,usable_predictions,attempted_predictions
CSGS6,q4_2020,1,robust_local_cqr,weather_outage,non_ramp,5584,5584,0,1.0,5469,0.9794054441260746,0.9794054441260746,True,usable_predictions,attempted_predictions
CSGS6,q4_2020,1,robust_local_cqr,weather_outage,ramp,304,304,0,1.0,180,0.5921052631578947,0.5921052631578947,True,usable_predictions,attempted_predictions
CSGS6,q4_2020,1,robust_risk_mondrian,clean,non_ramp,5584,5584,0,1.0,5436,0.9734957020057307,0.9734957020057307,True,usable_predictions,attempted_predictions
CSGS6,q4_2020,1,robust_risk_mondrian,clean,ramp,304,304,0,1.0,180,0.5921052631578947,0.5921052631578947,True,usable_predictions,attempted_predictions
CSGS6,q4_2020,1,robust_risk_mondrian,combined_outage,non_ramp,5584,5584,0,1.0,5376,0.9627507163323782,0.9627507163323782,True,usable_predictions,attempted_predictions
CSGS6,q4_2020,1,robust_risk_mondrian,combined_outage,ramp,304,304,0,1.0,220,0.7236842105263158,0.7236842105263158,True,usable_predictions,attempted_predictions
CSGS6,q4_2020,1,robust_risk_mondrian,irradiance_outage,non_ramp,5584,5584,0,1.0,5448,0.9756446991404012,0.9756446991404012,True,usable_predictions,attempted_predictions
CSGS6,q4_2020,1,robust_risk_mondrian,irradiance_outage,ramp,304,304,0,1.0,199,0.6546052631578947,0.6546052631578947,True,usable_predictions,attempted_predictions
CSGS6,q4_2020,1,robust_risk_mondrian,recent_power_outage,non_ramp,5584,5584,0,1.0,5450,0.9760028653295129,0.9760028653295129,True,usable_predictions,attempted_predictions
CSGS6,q4_2020,1,robust_risk_mondrian,recent_power_outage,ramp,304,304,0,1.0,194,0.6381578947368421,0.6381578947368421,True,usable_predictions,attempted_predictions
CSGS6,q4_2020,1,robust_risk_mondrian,weather_outage,non_ramp,5584,5584,0,1.0,5431,0.9726002865329513,0.9726002865329513,True,usable_predictions,attempted_predictions
CSGS6,q4_2020,1,robust_risk_mondrian,weather_outage,ramp,304,304,0,1.0,174,0.5723684210526315,0.5723684210526315,True,usable_predictions,attempted_predictions
CSGS6,q4_2020,1,robust_rolling_cqr,clean,non_ramp,5584,5584,0,1.0,5386,0.964541547277937,0.964541547277937,True,usable_predictions,attempted_predictions
CSGS6,q4_2020,1,robust_rolling_cqr,clean,ramp,304,304,0,1.0,147,0.48355263157894735,0.48355263157894735,True,usable_predictions,attempted_predictions
CSGS6,q4_2020,1,robust_rolling_cqr,combined_outage,non_ramp,5584,5584,0,1.0,5236,0.9376790830945558,0.9376790830945558,True,usable_predictions,attempted_predictions
CSGS6,q4_2020,1,robust_rolling_cqr,combined_outage,ramp,304,304,0,1.0,179,0.5888157894736842,0.5888157894736842,True,usable_predictions,attempted_predictions
CSGS6,q4_2020,1,robust_rolling_cqr,irradiance_outage,non_ramp,5584,5584,0,1.0,5386,0.964541547277937,0.964541547277937,True,usable_predictions,attempted_predictions
CSGS6,q4_2020,1,robust_rolling_cqr,irradiance_outage,ramp,304,304,0,1.0,167,0.5493421052631579,0.5493421052631579,True,usable_predictions,attempted_predictions
CSGS6,q4_2020,1,robust_rolling_cqr,recent_power_outage,non_ramp,5584,5584,0,1.0,5355,0.9589899713467048,0.9589899713467048,True,usable_predictions,attempted_predictions
CSGS6,q4_2020,1,robust_rolling_cqr,recent_power_outage,ramp,304,304,0,1.0,167,0.5493421052631579,0.5493421052631579,True,usable_predictions,attempted_predictions
CSGS6,q4_2020,1,robust_rolling_cqr,weather_outage,non_ramp,5584,5584,0,1.0,5387,0.9647206303724928,0.9647206303724928,True,usable_predictions,attempted_predictions
CSGS6,q4_2020,1,robust_rolling_cqr,weather_outage,ramp,304,304,0,1.0,145,0.4769736842105263,0.4769736842105263,True,usable_predictions,attempted_predictions
CSGS6,q4_2020,4,clean_condition_cqr,clean,non_ramp,4948,4948,0,1.0,4824,0.9749393694421988,0.9749393694421988,True,usable_predictions,attempted_predictions
CSGS6,q4_2020,4,clean_condition_cqr,clean,ramp,940,940,0,1.0,774,0.823404255319149,0.823404255319149,True,usable_predictions,attempted_predictions
CSGS6,q4_2020,4,clean_condition_cqr,combined_outage,non_ramp,4948,4948,0,1.0,4210,0.8508488278092159,0.8508488278092159,True,usable_predictions,attempted_predictions
CSGS6,q4_2020,4,clean_condition_cqr,combined_outage,ramp,940,940,0,1.0,906,0.9638297872340426,0.9638297872340426,True,usable_predictions,attempted_predictions
CSGS6,q4_2020,4,clean_condition_cqr,irradiance_outage,non_ramp,4948,4948,0,1.0,4811,0.9723120452708165,0.9723120452708165,True,usable_predictions,attempted_predictions
CSGS6,q4_2020,4,clean_condition_cqr,irradiance_outage,ramp,940,940,0,1.0,852,0.9063829787234042,0.9063829787234042,True,usable_predictions,attempted_predictions
CSGS6,q4_2020,4,clean_condition_cqr,recent_power_outage,non_ramp,4948,4948,0,1.0,4865,0.9832255456750202,0.9832255456750202,True,usable_predictions,attempted_predictions
CSGS6,q4_2020,4,clean_condition_cqr,recent_power_outage,ramp,940,940,0,1.0,838,0.8914893617021277,0.8914893617021277,True,usable_predictions,attempted_predictions
CSGS6,q4_2020,4,clean_condition_cqr,weather_outage,non_ramp,4948,4948,0,1.0,4802,0.9704931285367825,0.9704931285367825,True,usable_predictions,attempted_predictions
CSGS6,q4_2020,4,clean_condition_cqr,weather_outage,ramp,940,940,0,1.0,784,0.8340425531914893,0.8340425531914893,True,usable_predictions,attempted_predictions
CSGS6,q4_2020,4,lgbm_condition_cqr,clean,non_ramp,4948,4948,0,1.0,4773,0.9646321746160065,0.9646321746160065,True,usable_predictions,attempted_predictions
CSGS6,q4_2020,4,lgbm_condition_cqr,clean,ramp,940,940,0,1.0,721,0.7670212765957447,0.7670212765957447,True,usable_predictions,attempted_predictions
CSGS6,q4_2020,4,lgbm_condition_cqr,combined_outage,non_ramp,4948,4948,0,1.0,4423,0.8938965238480194,0.8938965238480194,True,usable_predictions,attempted_predictions
CSGS6,q4_2020,4,lgbm_condition_cqr,combined_outage,ramp,940,940,0,1.0,936,0.9957446808510638,0.9957446808510638,True,usable_predictions,attempted_predictions
CSGS6,q4_2020,4,lgbm_condition_cqr,irradiance_outage,non_ramp,4948,4948,0,1.0,4431,0.8955133387227162,0.8955133387227162,True,usable_predictions,attempted_predictions
CSGS6,q4_2020,4,lgbm_condition_cqr,irradiance_outage,ramp,940,940,0,1.0,803,0.8542553191489362,0.8542553191489362,True,usable_predictions,attempted_predictions
CSGS6,q4_2020,4,lgbm_condition_cqr,recent_power_outage,non_ramp,4948,4948,0,1.0,4585,0.9266370250606305,0.9266370250606305,True,usable_predictions,attempted_predictions
CSGS6,q4_2020,4,lgbm_condition_cqr,recent_power_outage,ramp,940,940,0,1.0,921,0.9797872340425532,0.9797872340425532,True,usable_predictions,attempted_predictions
CSGS6,q4_2020,4,lgbm_condition_cqr,weather_outage,non_ramp,4948,4948,0,1.0,4780,0.9660468876313663,0.9660468876313663,True,usable_predictions,attempted_predictions
CSGS6,q4_2020,4,lgbm_condition_cqr,weather_outage,ramp,940,940,0,1.0,761,0.8095744680851064,0.8095744680851064,True,usable_predictions,attempted_predictions
CSGS6,q4_2020,4,oracle_ramp_mondrian,clean,non_ramp,4948,4948,0,1.0,4748,0.9595796281325788,0.9595796281325788,True,usable_predictions,attempted_predictions
CSGS6,q4_2020,4,oracle_ramp_mondrian,clean,ramp,940,940,0,1.0,882,0.9382978723404255,0.9382978723404255,True,usable_predictions,attempted_predictions
CSGS6,q4_2020,4,oracle_ramp_mondrian,combined_outage,non_ramp,4948,4948,0,1.0,4717,0.9533144704931286,0.9533144704931286,True,usable_predictions,attempted_predictions
CSGS6,q4_2020,4,oracle_ramp_mondrian,combined_outage,ramp,940,940,0,1.0,896,0.9531914893617022,0.9531914893617022,True,usable_predictions,attempted_predictions
CSGS6,q4_2020,4,oracle_ramp_mondrian,irradiance_outage,non_ramp,4948,4948,0,1.0,4772,0.9644300727566694,0.9644300727566694,True,usable_predictions,attempted_predictions
CSGS6,q4_2020,4,oracle_ramp_mondrian,irradiance_outage,ramp,940,940,0,1.0,887,0.9436170212765957,0.9436170212765957,True,usable_predictions,attempted_predictions
CSGS6,q4_2020,4,oracle_ramp_mondrian,recent_power_outage,non_ramp,4948,4948,0,1.0,4754,0.9607922392886015,0.9607922392886015,True,usable_predictions,attempted_predictions
CSGS6,q4_2020,4,oracle_ramp_mondrian,recent_power_outage,ramp,940,940,0,1.0,894,0.951063829787234,0.951063829787234,True,usable_predictions,attempted_predictions
CSGS6,q4_2020,4,oracle_ramp_mondrian,weather_outage,non_ramp,4948,4948,0,1.0,4698,0.9494745351657236,0.9494745351657236,True,usable_predictions,attempted_predictions
CSGS6,q4_2020,4,oracle_ramp_mondrian,weather_outage,ramp,940,940,0,1.0,885,0.9414893617021277,0.9414893617021277,True,usable_predictions,attempted_predictions
CSGS6,q4_2020,4,persistence_condition_cqr,clean,non_ramp,4948,4948,0,1.0,4948,1.0,1.0,True,usable_predictions,attempted_predictions
CSGS6,q4_2020,4,persistence_condition_cqr,clean,ramp,940,940,0,1.0,212,0.225531914893617,0.225531914893617,True,usable_predictions,attempted_predictions
CSGS6,q4_2020,4,persistence_condition_cqr,combined_outage,non_ramp,4948,4948,0,1.0,4256,0.8601455133387227,0.8601455133387227,True,usable_predictions,attempted_predictions
CSGS6,q4_2020,4,persistence_condition_cqr,combined_outage,ramp,940,940,0,1.0,451,0.4797872340425532,0.4797872340425532,True,usable_predictions,attempted_predictions
CSGS6,q4_2020,4,persistence_condition_cqr,irradiance_outage,non_ramp,4948,4948,0,1.0,4948,1.0,1.0,True,usable_predictions,attempted_predictions
CSGS6,q4_2020,4,persistence_condition_cqr,irradiance_outage,ramp,940,940,0,1.0,212,0.225531914893617,0.225531914893617,True,usable_predictions,attempted_predictions
CSGS6,q4_2020,4,persistence_condition_cqr,recent_power_outage,non_ramp,4948,4948,0,1.0,4256,0.8601455133387227,0.8601455133387227,True,usable_predictions,attempted_predictions
CSGS6,q4_2020,4,persistence_condition_cqr,recent_power_outage,ramp,940,940,0,1.0,451,0.4797872340425532,0.4797872340425532,True,usable_predictions,attempted_predictions
CSGS6,q4_2020,4,persistence_condition_cqr,weather_outage,non_ramp,4948,4948,0,1.0,4948,1.0,1.0,True,usable_predictions,attempted_predictions
CSGS6,q4_2020,4,persistence_condition_cqr,weather_outage,ramp,940,940,0,1.0,212,0.225531914893617,0.225531914893617,True,usable_predictions,attempted_predictions
CSGS6,q4_2020,4,robust_condition_cqr,clean,non_ramp,4948,4948,0,1.0,4778,0.965642683912692,0.965642683912692,True,usable_predictions,attempted_predictions
CSGS6,q4_2020,4,robust_condition_cqr,clean,ramp,940,940,0,1.0,809,0.8606382978723405,0.8606382978723405,True,usable_predictions,attempted_predictions
CSGS6,q4_2020,4,robust_condition_cqr,combined_outage,non_ramp,4948,4948,0,1.0,4755,0.9609943411479386,0.9609943411479386,True,usable_predictions,attempted_predictions
CSGS6,q4_2020,4,robust_condition_cqr,combined_outage,ramp,940,940,0,1.0,849,0.9031914893617021,0.9031914893617021,True,usable_predictions,attempted_predictions
CSGS6,q4_2020,4,robust_condition_cqr,irradiance_outage,non_ramp,4948,4948,0,1.0,4793,0.9686742118027486,0.9686742118027486,True,usable_predictions,attempted_predictions
CSGS6,q4_2020,4,robust_condition_cqr,irradiance_outage,ramp,940,940,0,1.0,817,0.8691489361702127,0.8691489361702127,True,usable_predictions,attempted_predictions
CSGS6,q4_2020,4,robust_condition_cqr,recent_power_outage,non_ramp,4948,4948,0,1.0,4794,0.9688763136620857,0.9688763136620857,True,usable_predictions,attempted_predictions
CSGS6,q4_2020,4,robust_condition_cqr,recent_power_outage,ramp,940,940,0,1.0,823,0.875531914893617,0.875531914893617,True,usable_predictions,attempted_predictions
CSGS6,q4_2020,4,robust_condition_cqr,weather_outage,non_ramp,4948,4948,0,1.0,4744,0.9587712206952304,0.9587712206952304,True,usable_predictions,attempted_predictions
CSGS6,q4_2020,4,robust_condition_cqr,weather_outage,ramp,940,940,0,1.0,817,0.8691489361702127,0.8691489361702127,True,usable_predictions,attempted_predictions
CSGS6,q4_2020,4,robust_local_cqr,clean,non_ramp,4948,4948,0,1.0,4826,0.9753435731608731,0.9753435731608731,True,usable_predictions,attempted_predictions
CSGS6,q4_2020,4,robust_local_cqr,clean,ramp,940,940,0,1.0,832,0.8851063829787233,0.8851063829787233,True,usable_predictions,attempted_predictions
CSGS6,q4_2020,4,robust_local_cqr,combined_outage,non_ramp,4948,4948,0,1.0,4767,0.9634195634599838,0.9634195634599838,True,usable_predictions,attempted_predictions
CSGS6,q4_2020,4,robust_local_cqr,combined_outage,ramp,940,940,0,1.0,861,0.9159574468085107,0.9159574468085107,True,usable_predictions,attempted_predictions
CSGS6,q4_2020,4,robust_local_cqr,irradiance_outage,non_ramp,4948,4948,0,1.0,4854,0.9810024252223121,0.9810024252223121,True,usable_predictions,attempted_predictions
CSGS6,q4_2020,4,robust_local_cqr,irradiance_outage,ramp,940,940,0,1.0,842,0.8957446808510638,0.8957446808510638,True,usable_predictions,attempted_predictions
CSGS6,q4_2020,4,robust_local_cqr,recent_power_outage,non_ramp,4948,4948,0,1.0,4845,0.9791835084882781,0.9791835084882781,True,usable_predictions,attempted_predictions
CSGS6,q4_2020,4,robust_local_cqr,recent_power_outage,ramp,940,940,0,1.0,841,0.8946808510638298,0.8946808510638298,True,usable_predictions,attempted_predictions
CSGS6,q4_2020,4,robust_local_cqr,weather_outage,non_ramp,4948,4948,0,1.0,4780,0.9660468876313663,0.9660468876313663,True,usable_predictions,attempted_predictions
CSGS6,q4_2020,4,robust_local_cqr,weather_outage,ramp,940,940,0,1.0,840,0.8936170212765957,0.8936170212765957,True,usable_predictions,attempted_predictions
CSGS6,q4_2020,4,robust_risk_mondrian,clean,non_ramp,4948,4948,0,1.0,4773,0.9646321746160065,0.9646321746160065,True,usable_predictions,attempted_predictions
CSGS6,q4_2020,4,robust_risk_mondrian,clean,ramp,940,940,0,1.0,856,0.9106382978723404,0.9106382978723404,True,usable_predictions,attempted_predictions
CSGS6,q4_2020,4,robust_risk_mondrian,combined_outage,non_ramp,4948,4948,0,1.0,4795,0.9690784155214228,0.9690784155214228,True,usable_predictions,attempted_predictions
CSGS6,q4_2020,4,robust_risk_mondrian,combined_outage,ramp,940,940,0,1.0,861,0.9159574468085107,0.9159574468085107,True,usable_predictions,attempted_predictions
CSGS6,q4_2020,4,robust_risk_mondrian,irradiance_outage,non_ramp,4948,4948,0,1.0,4853,0.980800323362975,0.980800323362975,True,usable_predictions,attempted_predictions
CSGS6,q4_2020,4,robust_risk_mondrian,irradiance_outage,ramp,940,940,0,1.0,852,0.9063829787234042,0.9063829787234042,True,usable_predictions,attempted_predictions
CSGS6,q4_2020,4,robust_risk_mondrian,recent_power_outage,non_ramp,4948,4948,0,1.0,4827,0.9755456750202102,0.9755456750202102,True,usable_predictions,attempted_predictions
CSGS6,q4_2020,4,robust_risk_mondrian,recent_power_outage,ramp,940,940,0,1.0,855,0.9095744680851063,0.9095744680851063,True,usable_predictions,attempted_predictions
CSGS6,q4_2020,4,robust_risk_mondrian,weather_outage,non_ramp,4948,4948,0,1.0,4731,0.956143896523848,0.956143896523848,True,usable_predictions,attempted_predictions
CSGS6,q4_2020,4,robust_risk_mondrian,weather_outage,ramp,940,940,0,1.0,860,0.9148936170212766,0.9148936170212766,True,usable_predictions,attempted_predictions
CSGS6,q4_2020,4,robust_rolling_cqr,clean,non_ramp,4948,4948,0,1.0,4656,0.9409862570735651,0.9409862570735651,True,usable_predictions,attempted_predictions
CSGS6,q4_2020,4,robust_rolling_cqr,clean,ramp,940,940,0,1.0,775,0.824468085106383,0.824468085106383,True,usable_predictions,attempted_predictions
CSGS6,q4_2020,4,robust_rolling_cqr,combined_outage,non_ramp,4948,4948,0,1.0,4589,0.927445432497979,0.927445432497979,True,usable_predictions,attempted_predictions
CSGS6,q4_2020,4,robust_rolling_cqr,combined_outage,ramp,940,940,0,1.0,777,0.8265957446808511,0.8265957446808511,True,usable_predictions,attempted_predictions
CSGS6,q4_2020,4,robust_rolling_cqr,irradiance_outage,non_ramp,4948,4948,0,1.0,4674,0.944624090541633,0.944624090541633,True,usable_predictions,attempted_predictions
CSGS6,q4_2020,4,robust_rolling_cqr,irradiance_outage,ramp,940,940,0,1.0,782,0.8319148936170213,0.8319148936170213,True,usable_predictions,attempted_predictions
CSGS6,q4_2020,4,robust_rolling_cqr,recent_power_outage,non_ramp,4948,4948,0,1.0,4667,0.9432093775262732,0.9432093775262732,True,usable_predictions,attempted_predictions
CSGS6,q4_2020,4,robust_rolling_cqr,recent_power_outage,ramp,940,940,0,1.0,776,0.825531914893617,0.825531914893617,True,usable_predictions,attempted_predictions
CSGS6,q4_2020,4,robust_rolling_cqr,weather_outage,non_ramp,4948,4948,0,1.0,4627,0.935125303152789,0.935125303152789,True,usable_predictions,attempted_predictions
CSGS6,q4_2020,4,robust_rolling_cqr,weather_outage,ramp,940,940,0,1.0,777,0.8265957446808511,0.8265957446808511,True,usable_predictions,attempted_predictions
CSGS7,q1_2020,1,clean_condition_cqr,clean,non_ramp,5240,5240,0,1.0,5043,0.9624045801526717,0.9624045801526717,True,usable_predictions,attempted_predictions
CSGS7,q1_2020,1,clean_condition_cqr,clean,ramp,584,584,0,1.0,256,0.4383561643835616,0.4383561643835616,True,usable_predictions,attempted_predictions
CSGS7,q1_2020,1,clean_condition_cqr,combined_outage,non_ramp,5240,5240,0,1.0,4478,0.8545801526717557,0.8545801526717557,True,usable_predictions,attempted_predictions
CSGS7,q1_2020,1,clean_condition_cqr,combined_outage,ramp,584,584,0,1.0,522,0.8938356164383562,0.8938356164383562,True,usable_predictions,attempted_predictions
CSGS7,q1_2020,1,clean_condition_cqr,irradiance_outage,non_ramp,5240,5240,0,1.0,4990,0.9522900763358778,0.9522900763358778,True,usable_predictions,attempted_predictions
CSGS7,q1_2020,1,clean_condition_cqr,irradiance_outage,ramp,584,584,0,1.0,395,0.6763698630136986,0.6763698630136986,True,usable_predictions,attempted_predictions
CSGS7,q1_2020,1,clean_condition_cqr,recent_power_outage,non_ramp,5240,5240,0,1.0,4336,0.8274809160305343,0.8274809160305343,True,usable_predictions,attempted_predictions
CSGS7,q1_2020,1,clean_condition_cqr,recent_power_outage,ramp,584,584,0,1.0,441,0.7551369863013698,0.7551369863013698,True,usable_predictions,attempted_predictions
CSGS7,q1_2020,1,clean_condition_cqr,weather_outage,non_ramp,5240,5240,0,1.0,5025,0.958969465648855,0.958969465648855,True,usable_predictions,attempted_predictions
CSGS7,q1_2020,1,clean_condition_cqr,weather_outage,ramp,584,584,0,1.0,255,0.4366438356164384,0.4366438356164384,True,usable_predictions,attempted_predictions
CSGS7,q1_2020,1,lgbm_condition_cqr,clean,non_ramp,5240,5240,0,1.0,4935,0.941793893129771,0.941793893129771,True,usable_predictions,attempted_predictions
CSGS7,q1_2020,1,lgbm_condition_cqr,clean,ramp,584,584,0,1.0,329,0.5633561643835616,0.5633561643835616,True,usable_predictions,attempted_predictions
CSGS7,q1_2020,1,lgbm_condition_cqr,combined_outage,non_ramp,5240,5240,0,1.0,4376,0.8351145038167939,0.8351145038167939,True,usable_predictions,attempted_predictions
CSGS7,q1_2020,1,lgbm_condition_cqr,combined_outage,ramp,584,584,0,1.0,508,0.8698630136986302,0.8698630136986302,True,usable_predictions,attempted_predictions
CSGS7,q1_2020,1,lgbm_condition_cqr,irradiance_outage,non_ramp,5240,5240,0,1.0,4878,0.9309160305343511,0.9309160305343511,True,usable_predictions,attempted_predictions
CSGS7,q1_2020,1,lgbm_condition_cqr,irradiance_outage,ramp,584,584,0,1.0,363,0.6215753424657534,0.6215753424657534,True,usable_predictions,attempted_predictions
CSGS7,q1_2020,1,lgbm_condition_cqr,recent_power_outage,non_ramp,5240,5240,0,1.0,4462,0.851526717557252,0.851526717557252,True,usable_predictions,attempted_predictions
CSGS7,q1_2020,1,lgbm_condition_cqr,recent_power_outage,ramp,584,584,0,1.0,514,0.8801369863013698,0.8801369863013698,True,usable_predictions,attempted_predictions
CSGS7,q1_2020,1,lgbm_condition_cqr,weather_outage,non_ramp,5240,5240,0,1.0,4891,0.9333969465648855,0.9333969465648855,True,usable_predictions,attempted_predictions
CSGS7,q1_2020,1,lgbm_condition_cqr,weather_outage,ramp,584,584,0,1.0,329,0.5633561643835616,0.5633561643835616,True,usable_predictions,attempted_predictions
CSGS7,q1_2020,1,oracle_ramp_mondrian,clean,non_ramp,5240,5240,0,1.0,5046,0.9629770992366412,0.9629770992366412,True,usable_predictions,attempted_predictions
CSGS7,q1_2020,1,oracle_ramp_mondrian,clean,ramp,584,584,0,1.0,505,0.8647260273972602,0.8647260273972602,True,usable_predictions,attempted_predictions
CSGS7,q1_2020,1,oracle_ramp_mondrian,combined_outage,non_ramp,5240,5240,0,1.0,4650,0.8874045801526718,0.8874045801526718,True,usable_predictions,attempted_predictions
CSGS7,q1_2020,1,oracle_ramp_mondrian,combined_outage,ramp,584,584,0,1.0,518,0.886986301369863,0.886986301369863,True,usable_predictions,attempted_predictions
CSGS7,q1_2020,1,oracle_ramp_mondrian,irradiance_outage,non_ramp,5240,5240,0,1.0,5021,0.958206106870229,0.958206106870229,True,usable_predictions,attempted_predictions
CSGS7,q1_2020,1,oracle_ramp_mondrian,irradiance_outage,ramp,584,584,0,1.0,516,0.8835616438356164,0.8835616438356164,True,usable_predictions,attempted_predictions
CSGS7,q1_2020,1,oracle_ramp_mondrian,recent_power_outage,non_ramp,5240,5240,0,1.0,4904,0.9358778625954198,0.9358778625954198,True,usable_predictions,attempted_predictions
CSGS7,q1_2020,1,oracle_ramp_mondrian,recent_power_outage,ramp,584,584,0,1.0,498,0.8527397260273972,0.8527397260273972,True,usable_predictions,attempted_predictions
CSGS7,q1_2020,1,oracle_ramp_mondrian,weather_outage,non_ramp,5240,5240,0,1.0,5012,0.9564885496183206,0.9564885496183206,True,usable_predictions,attempted_predictions
CSGS7,q1_2020,1,oracle_ramp_mondrian,weather_outage,ramp,584,584,0,1.0,504,0.863013698630137,0.863013698630137,True,usable_predictions,attempted_predictions
CSGS7,q1_2020,1,persistence_condition_cqr,clean,non_ramp,5240,5240,0,1.0,5240,1.0,1.0,True,usable_predictions,attempted_predictions
CSGS7,q1_2020,1,persistence_condition_cqr,clean,ramp,584,584,0,1.0,41,0.0702054794520548,0.0702054794520548,True,usable_predictions,attempted_predictions
CSGS7,q1_2020,1,persistence_condition_cqr,combined_outage,non_ramp,5240,5240,0,1.0,4733,0.9032442748091603,0.9032442748091603,True,usable_predictions,attempted_predictions
CSGS7,q1_2020,1,persistence_condition_cqr,combined_outage,ramp,584,584,0,1.0,502,0.8595890410958904,0.8595890410958904,True,usable_predictions,attempted_predictions
CSGS7,q1_2020,1,persistence_condition_cqr,irradiance_outage,non_ramp,5240,5240,0,1.0,5240,1.0,1.0,True,usable_predictions,attempted_predictions
CSGS7,q1_2020,1,persistence_condition_cqr,irradiance_outage,ramp,584,584,0,1.0,41,0.0702054794520548,0.0702054794520548,True,usable_predictions,attempted_predictions
CSGS7,q1_2020,1,persistence_condition_cqr,recent_power_outage,non_ramp,5240,5240,0,1.0,4733,0.9032442748091603,0.9032442748091603,True,usable_predictions,attempted_predictions
CSGS7,q1_2020,1,persistence_condition_cqr,recent_power_outage,ramp,584,584,0,1.0,502,0.8595890410958904,0.8595890410958904,True,usable_predictions,attempted_predictions
CSGS7,q1_2020,1,persistence_condition_cqr,weather_outage,non_ramp,5240,5240,0,1.0,5240,1.0,1.0,True,usable_predictions,attempted_predictions
CSGS7,q1_2020,1,persistence_condition_cqr,weather_outage,ramp,584,584,0,1.0,41,0.0702054794520548,0.0702054794520548,True,usable_predictions,attempted_predictions
CSGS7,q1_2020,1,robust_condition_cqr,clean,non_ramp,5240,5240,0,1.0,5046,0.9629770992366412,0.9629770992366412,True,usable_predictions,attempted_predictions
CSGS7,q1_2020,1,robust_condition_cqr,clean,ramp,584,584,0,1.0,319,0.5462328767123288,0.5462328767123288,True,usable_predictions,attempted_predictions
CSGS7,q1_2020,1,robust_condition_cqr,combined_outage,non_ramp,5240,5240,0,1.0,4826,0.9209923664122137,0.9209923664122137,True,usable_predictions,attempted_predictions
CSGS7,q1_2020,1,robust_condition_cqr,combined_outage,ramp,584,584,0,1.0,376,0.6438356164383562,0.6438356164383562,True,usable_predictions,attempted_predictions
CSGS7,q1_2020,1,robust_condition_cqr,irradiance_outage,non_ramp,5240,5240,0,1.0,5021,0.958206106870229,0.958206106870229,True,usable_predictions,attempted_predictions
CSGS7,q1_2020,1,robust_condition_cqr,irradiance_outage,ramp,584,584,0,1.0,319,0.5462328767123288,0.5462328767123288,True,usable_predictions,attempted_predictions
CSGS7,q1_2020,1,robust_condition_cqr,recent_power_outage,non_ramp,5240,5240,0,1.0,4904,0.9358778625954198,0.9358778625954198,True,usable_predictions,attempted_predictions
CSGS7,q1_2020,1,robust_condition_cqr,recent_power_outage,ramp,584,584,0,1.0,381,0.6523972602739726,0.6523972602739726,True,usable_predictions,attempted_predictions
CSGS7,q1_2020,1,robust_condition_cqr,weather_outage,non_ramp,5240,5240,0,1.0,5012,0.9564885496183206,0.9564885496183206,True,usable_predictions,attempted_predictions
CSGS7,q1_2020,1,robust_condition_cqr,weather_outage,ramp,584,584,0,1.0,324,0.5547945205479452,0.5547945205479452,True,usable_predictions,attempted_predictions
CSGS7,q1_2020,1,robust_local_cqr,clean,non_ramp,5240,5240,0,1.0,5155,0.9837786259541985,0.9837786259541985,True,usable_predictions,attempted_predictions
CSGS7,q1_2020,1,robust_local_cqr,clean,ramp,584,584,0,1.0,409,0.7003424657534246,0.7003424657534246,True,usable_predictions,attempted_predictions
CSGS7,q1_2020,1,robust_local_cqr,combined_outage,non_ramp,5240,5240,0,1.0,4985,0.9513358778625954,0.9513358778625954,True,usable_predictions,attempted_predictions
CSGS7,q1_2020,1,robust_local_cqr,combined_outage,ramp,584,584,0,1.0,460,0.7876712328767124,0.7876712328767124,True,usable_predictions,attempted_predictions
CSGS7,q1_2020,1,robust_local_cqr,irradiance_outage,non_ramp,5240,5240,0,1.0,5135,0.9799618320610687,0.9799618320610687,True,usable_predictions,attempted_predictions
CSGS7,q1_2020,1,robust_local_cqr,irradiance_outage,ramp,584,584,0,1.0,382,0.6541095890410958,0.6541095890410958,True,usable_predictions,attempted_predictions
CSGS7,q1_2020,1,robust_local_cqr,recent_power_outage,non_ramp,5240,5240,0,1.0,5090,0.9713740458015268,0.9713740458015268,True,usable_predictions,attempted_predictions
CSGS7,q1_2020,1,robust_local_cqr,recent_power_outage,ramp,584,584,0,1.0,441,0.7551369863013698,0.7551369863013698,True,usable_predictions,attempted_predictions
CSGS7,q1_2020,1,robust_local_cqr,weather_outage,non_ramp,5240,5240,0,1.0,5126,0.9782442748091603,0.9782442748091603,True,usable_predictions,attempted_predictions
CSGS7,q1_2020,1,robust_local_cqr,weather_outage,ramp,584,584,0,1.0,420,0.7191780821917808,0.7191780821917808,True,usable_predictions,attempted_predictions
CSGS7,q1_2020,1,robust_risk_mondrian,clean,non_ramp,5240,5240,0,1.0,5107,0.974618320610687,0.974618320610687,True,usable_predictions,attempted_predictions
CSGS7,q1_2020,1,robust_risk_mondrian,clean,ramp,584,584,0,1.0,392,0.6712328767123288,0.6712328767123288,True,usable_predictions,attempted_predictions
CSGS7,q1_2020,1,robust_risk_mondrian,combined_outage,non_ramp,5240,5240,0,1.0,4910,0.9370229007633588,0.9370229007633588,True,usable_predictions,attempted_predictions
CSGS7,q1_2020,1,robust_risk_mondrian,combined_outage,ramp,584,584,0,1.0,445,0.761986301369863,0.761986301369863,True,usable_predictions,attempted_predictions
CSGS7,q1_2020,1,robust_risk_mondrian,irradiance_outage,non_ramp,5240,5240,0,1.0,5076,0.9687022900763359,0.9687022900763359,True,usable_predictions,attempted_predictions
CSGS7,q1_2020,1,robust_risk_mondrian,irradiance_outage,ramp,584,584,0,1.0,371,0.6352739726027398,0.6352739726027398,True,usable_predictions,attempted_predictions
CSGS7,q1_2020,1,robust_risk_mondrian,recent_power_outage,non_ramp,5240,5240,0,1.0,5026,0.9591603053435115,0.9591603053435115,True,usable_predictions,attempted_predictions
CSGS7,q1_2020,1,robust_risk_mondrian,recent_power_outage,ramp,584,584,0,1.0,426,0.7294520547945206,0.7294520547945206,True,usable_predictions,attempted_predictions
CSGS7,q1_2020,1,robust_risk_mondrian,weather_outage,non_ramp,5240,5240,0,1.0,5085,0.9704198473282443,0.9704198473282443,True,usable_predictions,attempted_predictions
CSGS7,q1_2020,1,robust_risk_mondrian,weather_outage,ramp,584,584,0,1.0,400,0.684931506849315,0.684931506849315,True,usable_predictions,attempted_predictions
CSGS7,q1_2020,1,robust_rolling_cqr,clean,non_ramp,5240,5240,0,1.0,5058,0.9652671755725191,0.9652671755725191,True,usable_predictions,attempted_predictions
CSGS7,q1_2020,1,robust_rolling_cqr,clean,ramp,584,584,0,1.0,319,0.5462328767123288,0.5462328767123288,True,usable_predictions,attempted_predictions
CSGS7,q1_2020,1,robust_rolling_cqr,combined_outage,non_ramp,5240,5240,0,1.0,4855,0.9265267175572519,0.9265267175572519,True,usable_predictions,attempted_predictions
CSGS7,q1_2020,1,robust_rolling_cqr,combined_outage,ramp,584,584,0,1.0,386,0.660958904109589,0.660958904109589,True,usable_predictions,attempted_predictions
CSGS7,q1_2020,1,robust_rolling_cqr,irradiance_outage,non_ramp,5240,5240,0,1.0,5035,0.9608778625954199,0.9608778625954199,True,usable_predictions,attempted_predictions
CSGS7,q1_2020,1,robust_rolling_cqr,irradiance_outage,ramp,584,584,0,1.0,320,0.547945205479452,0.547945205479452,True,usable_predictions,attempted_predictions
CSGS7,q1_2020,1,robust_rolling_cqr,recent_power_outage,non_ramp,5240,5240,0,1.0,4949,0.9444656488549619,0.9444656488549619,True,usable_predictions,attempted_predictions
CSGS7,q1_2020,1,robust_rolling_cqr,recent_power_outage,ramp,584,584,0,1.0,384,0.6575342465753424,0.6575342465753424,True,usable_predictions,attempted_predictions
CSGS7,q1_2020,1,robust_rolling_cqr,weather_outage,non_ramp,5240,5240,0,1.0,5028,0.9595419847328245,0.9595419847328245,True,usable_predictions,attempted_predictions
CSGS7,q1_2020,1,robust_rolling_cqr,weather_outage,ramp,584,584,0,1.0,326,0.5582191780821918,0.5582191780821918,True,usable_predictions,attempted_predictions
CSGS7,q1_2020,4,clean_condition_cqr,clean,non_ramp,4369,4369,0,1.0,4156,0.9512474250400549,0.9512474250400549,True,usable_predictions,attempted_predictions
CSGS7,q1_2020,4,clean_condition_cqr,clean,ramp,1455,1455,0,1.0,1180,0.8109965635738832,0.8109965635738832,True,usable_predictions,attempted_predictions
CSGS7,q1_2020,4,clean_condition_cqr,combined_outage,non_ramp,4369,4369,0,1.0,3586,0.8207827878233005,0.8207827878233005,True,usable_predictions,attempted_predictions
CSGS7,q1_2020,4,clean_condition_cqr,combined_outage,ramp,1455,1455,0,1.0,1385,0.9518900343642611,0.9518900343642611,True,usable_predictions,attempted_predictions
CSGS7,q1_2020,4,clean_condition_cqr,irradiance_outage,non_ramp,4369,4369,0,1.0,4044,0.925612268253605,0.925612268253605,True,usable_predictions,attempted_predictions
CSGS7,q1_2020,4,clean_condition_cqr,irradiance_outage,ramp,1455,1455,0,1.0,1231,0.8460481099656357,0.8460481099656357,True,usable_predictions,attempted_predictions
CSGS7,q1_2020,4,clean_condition_cqr,recent_power_outage,non_ramp,4369,4369,0,1.0,3856,0.882581826504921,0.882581826504921,True,usable_predictions,attempted_predictions
CSGS7,q1_2020,4,clean_condition_cqr,recent_power_outage,ramp,1455,1455,0,1.0,1310,0.9003436426116839,0.9003436426116839,True,usable_predictions,attempted_predictions
CSGS7,q1_2020,4,clean_condition_cqr,weather_outage,non_ramp,4369,4369,0,1.0,4172,0.9549095902952621,0.9549095902952621,True,usable_predictions,attempted_predictions
CSGS7,q1_2020,4,clean_condition_cqr,weather_outage,ramp,1455,1455,0,1.0,1182,0.8123711340206186,0.8123711340206186,True,usable_predictions,attempted_predictions
CSGS7,q1_2020,4,lgbm_condition_cqr,clean,non_ramp,4369,4369,0,1.0,4078,0.9333943694209201,0.9333943694209201,True,usable_predictions,attempted_predictions
CSGS7,q1_2020,4,lgbm_condition_cqr,clean,ramp,1455,1455,0,1.0,1247,0.8570446735395189,0.8570446735395189,True,usable_predictions,attempted_predictions
CSGS7,q1_2020,4,lgbm_condition_cqr,combined_outage,non_ramp,4369,4369,0,1.0,3632,0.8313115129320211,0.8313115129320211,True,usable_predictions,attempted_predictions
CSGS7,q1_2020,4,lgbm_condition_cqr,combined_outage,ramp,1455,1455,0,1.0,1400,0.9621993127147767,0.9621993127147767,True,usable_predictions,attempted_predictions
CSGS7,q1_2020,4,lgbm_condition_cqr,irradiance_outage,non_ramp,4369,4369,0,1.0,3806,0.8711375600823987,0.8711375600823987,True,usable_predictions,attempted_predictions
CSGS7,q1_2020,4,lgbm_condition_cqr,irradiance_outage,ramp,1455,1455,0,1.0,1318,0.9058419243986254,0.9058419243986254,True,usable_predictions,attempted_predictions
CSGS7,q1_2020,4,lgbm_condition_cqr,recent_power_outage,non_ramp,4369,4369,0,1.0,3736,0.8551155870908674,0.8551155870908674,True,usable_predictions,attempted_predictions
CSGS7,q1_2020,4,lgbm_condition_cqr,recent_power_outage,ramp,1455,1455,0,1.0,1378,0.9470790378006873,0.9470790378006873,True,usable_predictions,attempted_predictions
CSGS7,q1_2020,4,lgbm_condition_cqr,weather_outage,non_ramp,4369,4369,0,1.0,4037,0.9240100709544519,0.9240100709544519,True,usable_predictions,attempted_predictions
CSGS7,q1_2020,4,lgbm_condition_cqr,weather_outage,ramp,1455,1455,0,1.0,1196,0.8219931271477663,0.8219931271477663,True,usable_predictions,attempted_predictions
CSGS7,q1_2020,4,oracle_ramp_mondrian,clean,non_ramp,4369,4369,0,1.0,3954,0.9050125886930648,0.9050125886930648,True,usable_predictions,attempted_predictions
CSGS7,q1_2020,4,oracle_ramp_mondrian,clean,ramp,1455,1455,0,1.0,1369,0.940893470790378,0.940893470790378,True,usable_predictions,attempted_predictions
CSGS7,q1_2020,4,oracle_ramp_mondrian,combined_outage,non_ramp,4369,4369,0,1.0,3810,0.8720531013962005,0.8720531013962005,True,usable_predictions,attempted_predictions
CSGS7,q1_2020,4,oracle_ramp_mondrian,combined_outage,ramp,1455,1455,0,1.0,1353,0.9298969072164949,0.9298969072164949,True,usable_predictions,attempted_predictions
CSGS7,q1_2020,4,oracle_ramp_mondrian,irradiance_outage,non_ramp,4369,4369,0,1.0,3891,0.8905928130006866,0.8905928130006866,True,usable_predictions,attempted_predictions
CSGS7,q1_2020,4,oracle_ramp_mondrian,irradiance_outage,ramp,1455,1455,0,1.0,1358,0.9333333333333333,0.9333333333333333,True,usable_predictions,attempted_predictions
CSGS7,q1_2020,4,oracle_ramp_mondrian,recent_power_outage,non_ramp,4369,4369,0,1.0,3908,0.8944838635843443,0.8944838635843443,True,usable_predictions,attempted_predictions
CSGS7,q1_2020,4,oracle_ramp_mondrian,recent_power_outage,ramp,1455,1455,0,1.0,1366,0.9388316151202749,0.9388316151202749,True,usable_predictions,attempted_predictions
CSGS7,q1_2020,4,oracle_ramp_mondrian,weather_outage,non_ramp,4369,4369,0,1.0,3917,0.8965438315403983,0.8965438315403983,True,usable_predictions,attempted_predictions
CSGS7,q1_2020,4,oracle_ramp_mondrian,weather_outage,ramp,1455,1455,0,1.0,1372,0.9429553264604811,0.9429553264604811,True,usable_predictions,attempted_predictions
CSGS7,q1_2020,4,persistence_condition_cqr,clean,non_ramp,4369,4369,0,1.0,4369,1.0,1.0,True,usable_predictions,attempted_predictions
CSGS7,q1_2020,4,persistence_condition_cqr,clean,ramp,1455,1455,0,1.0,971,0.6673539518900343,0.6673539518900343,True,usable_predictions,attempted_predictions
CSGS7,q1_2020,4,persistence_condition_cqr,combined_outage,non_ramp,4369,4369,0,1.0,3997,0.9148546578164339,0.9148546578164339,True,usable_predictions,attempted_predictions
CSGS7,q1_2020,4,persistence_condition_cqr,combined_outage,ramp,1455,1455,0,1.0,1180,0.8109965635738832,0.8109965635738832,True,usable_predictions,attempted_predictions
CSGS7,q1_2020,4,persistence_condition_cqr,irradiance_outage,non_ramp,4369,4369,0,1.0,4369,1.0,1.0,True,usable_predictions,attempted_predictions
CSGS7,q1_2020,4,persistence_condition_cqr,irradiance_outage,ramp,1455,1455,0,1.0,971,0.6673539518900343,0.6673539518900343,True,usable_predictions,attempted_predictions
CSGS7,q1_2020,4,persistence_condition_cqr,recent_power_outage,non_ramp,4369,4369,0,1.0,3997,0.9148546578164339,0.9148546578164339,True,usable_predictions,attempted_predictions
CSGS7,q1_2020,4,persistence_condition_cqr,recent_power_outage,ramp,1455,1455,0,1.0,1180,0.8109965635738832,0.8109965635738832,True,usable_predictions,attempted_predictions
CSGS7,q1_2020,4,persistence_condition_cqr,weather_outage,non_ramp,4369,4369,0,1.0,4369,1.0,1.0,True,usable_predictions,attempted_predictions
CSGS7,q1_2020,4,persistence_condition_cqr,weather_outage,ramp,1455,1455,0,1.0,971,0.6673539518900343,0.6673539518900343,True,usable_predictions,attempted_predictions
CSGS7,q1_2020,4,robust_condition_cqr,clean,non_ramp,4369,4369,0,1.0,4102,0.9388876173037308,0.9388876173037308,True,usable_predictions,attempted_predictions
CSGS7,q1_2020,4,robust_condition_cqr,clean,ramp,1455,1455,0,1.0,1228,0.8439862542955326,0.8439862542955326,True,usable_predictions,attempted_predictions
CSGS7,q1_2020,4,robust_condition_cqr,combined_outage,non_ramp,4369,4369,0,1.0,4084,0.9347676813916228,0.9347676813916228,True,usable_predictions,attempted_predictions
CSGS7,q1_2020,4,robust_condition_cqr,combined_outage,ramp,1455,1455,0,1.0,1238,0.8508591065292096,0.8508591065292096,True,usable_predictions,attempted_predictions
CSGS7,q1_2020,4,robust_condition_cqr,irradiance_outage,non_ramp,4369,4369,0,1.0,4039,0.9244678416113528,0.9244678416113528,True,usable_predictions,attempted_predictions
CSGS7,q1_2020,4,robust_condition_cqr,irradiance_outage,ramp,1455,1455,0,1.0,1228,0.8439862542955326,0.8439862542955326,True,usable_predictions,attempted_predictions
CSGS7,q1_2020,4,robust_condition_cqr,recent_power_outage,non_ramp,4369,4369,0,1.0,4119,0.9427786678873884,0.9427786678873884,True,usable_predictions,attempted_predictions
CSGS7,q1_2020,4,robust_condition_cqr,recent_power_outage,ramp,1455,1455,0,1.0,1246,0.8563573883161512,0.8563573883161512,True,usable_predictions,attempted_predictions
CSGS7,q1_2020,4,robust_condition_cqr,weather_outage,non_ramp,4369,4369,0,1.0,4096,0.9375143053330282,0.9375143053330282,True,usable_predictions,attempted_predictions
CSGS7,q1_2020,4,robust_condition_cqr,weather_outage,ramp,1455,1455,0,1.0,1236,0.8494845360824742,0.8494845360824742,True,usable_predictions,attempted_predictions
CSGS7,q1_2020,4,robust_local_cqr,clean,non_ramp,4369,4369,0,1.0,4215,0.9647516594186313,0.9647516594186313,True,usable_predictions,attempted_predictions
CSGS7,q1_2020,4,robust_local_cqr,clean,ramp,1455,1455,0,1.0,1272,0.8742268041237113,0.8742268041237113,True,usable_predictions,attempted_predictions
CSGS7,q1_2020,4,robust_local_cqr,combined_outage,non_ramp,4369,4369,0,1.0,4204,0.9622339208056764,0.9622339208056764,True,usable_predictions,attempted_predictions
CSGS7,q1_2020,4,robust_local_cqr,combined_outage,ramp,1455,1455,0,1.0,1292,0.8879725085910652,0.8879725085910652,True,usable_predictions,attempted_predictions
CSGS7,q1_2020,4,robust_local_cqr,irradiance_outage,non_ramp,4369,4369,0,1.0,4213,0.9642938887617304,0.9642938887617304,True,usable_predictions,attempted_predictions
CSGS7,q1_2020,4,robust_local_cqr,irradiance_outage,ramp,1455,1455,0,1.0,1288,0.8852233676975945,0.8852233676975945,True,usable_predictions,attempted_predictions
CSGS7,q1_2020,4,robust_local_cqr,recent_power_outage,non_ramp,4369,4369,0,1.0,4211,0.9638361181048295,0.9638361181048295,True,usable_predictions,attempted_predictions
CSGS7,q1_2020,4,robust_local_cqr,recent_power_outage,ramp,1455,1455,0,1.0,1289,0.8859106529209622,0.8859106529209622,True,usable_predictions,attempted_predictions
CSGS7,q1_2020,4,robust_local_cqr,weather_outage,non_ramp,4369,4369,0,1.0,4188,0.9585717555504693,0.9585717555504693,True,usable_predictions,attempted_predictions
CSGS7,q1_2020,4,robust_local_cqr,weather_outage,ramp,1455,1455,0,1.0,1279,0.8790378006872852,0.8790378006872852,True,usable_predictions,attempted_predictions
CSGS7,q1_2020,4,robust_risk_mondrian,clean,non_ramp,4369,4369,0,1.0,4145,0.9487296864271,0.9487296864271,True,usable_predictions,attempted_predictions
CSGS7,q1_2020,4,robust_risk_mondrian,clean,ramp,1455,1455,0,1.0,1282,0.8810996563573883,0.8810996563573883,True,usable_predictions,attempted_predictions
CSGS7,q1_2020,4,robust_risk_mondrian,combined_outage,non_ramp,4369,4369,0,1.0,4096,0.9375143053330282,0.9375143053330282,True,usable_predictions,attempted_predictions
CSGS7,q1_2020,4,robust_risk_mondrian,combined_outage,ramp,1455,1455,0,1.0,1237,0.8501718213058419,0.8501718213058419,True,usable_predictions,attempted_predictions
CSGS7,q1_2020,4,robust_risk_mondrian,irradiance_outage,non_ramp,4369,4369,0,1.0,4117,0.9423208972304875,0.9423208972304875,True,usable_predictions,attempted_predictions
CSGS7,q1_2020,4,robust_risk_mondrian,irradiance_outage,ramp,1455,1455,0,1.0,1302,0.8948453608247423,0.8948453608247423,True,usable_predictions,attempted_predictions
CSGS7,q1_2020,4,robust_risk_mondrian,recent_power_outage,non_ramp,4369,4369,0,1.0,4186,0.9581139848935684,0.9581139848935684,True,usable_predictions,attempted_predictions
CSGS7,q1_2020,4,robust_risk_mondrian,recent_power_outage,ramp,1455,1455,0,1.0,1302,0.8948453608247423,0.8948453608247423,True,usable_predictions,attempted_predictions
CSGS7,q1_2020,4,robust_risk_mondrian,weather_outage,non_ramp,4369,4369,0,1.0,4138,0.9471274891279469,0.9471274891279469,True,usable_predictions,attempted_predictions
CSGS7,q1_2020,4,robust_risk_mondrian,weather_outage,ramp,1455,1455,0,1.0,1291,0.8872852233676976,0.8872852233676976,True,usable_predictions,attempted_predictions
CSGS7,q1_2020,4,robust_rolling_cqr,clean,non_ramp,4369,4369,0,1.0,4071,0.931792172121767,0.931792172121767,True,usable_predictions,attempted_predictions
CSGS7,q1_2020,4,robust_rolling_cqr,clean,ramp,1455,1455,0,1.0,1210,0.8316151202749141,0.8316151202749141,True,usable_predictions,attempted_predictions
CSGS7,q1_2020,4,robust_rolling_cqr,combined_outage,non_ramp,4369,4369,0,1.0,4010,0.9178301670862897,0.9178301670862897,True,usable_predictions,attempted_predictions
CSGS7,q1_2020,4,robust_rolling_cqr,combined_outage,ramp,1455,1455,0,1.0,1208,0.8302405498281787,0.8302405498281787,True,usable_predictions,attempted_predictions
CSGS7,q1_2020,4,robust_rolling_cqr,irradiance_outage,non_ramp,4369,4369,0,1.0,4037,0.9240100709544519,0.9240100709544519,True,usable_predictions,attempted_predictions
CSGS7,q1_2020,4,robust_rolling_cqr,irradiance_outage,ramp,1455,1455,0,1.0,1224,0.8412371134020619,0.8412371134020619,True,usable_predictions,attempted_predictions
CSGS7,q1_2020,4,robust_rolling_cqr,recent_power_outage,non_ramp,4369,4369,0,1.0,4045,0.9258411535820554,0.9258411535820554,True,usable_predictions,attempted_predictions
CSGS7,q1_2020,4,robust_rolling_cqr,recent_power_outage,ramp,1455,1455,0,1.0,1221,0.8391752577319588,0.8391752577319588,True,usable_predictions,attempted_predictions
CSGS7,q1_2020,4,robust_rolling_cqr,weather_outage,non_ramp,4369,4369,0,1.0,4050,0.9269855802243077,0.9269855802243077,True,usable_predictions,attempted_predictions
CSGS7,q1_2020,4,robust_rolling_cqr,weather_outage,ramp,1455,1455,0,1.0,1219,0.8378006872852234,0.8378006872852234,True,usable_predictions,attempted_predictions
CSGS7,q2_2020,1,clean_condition_cqr,clean,non_ramp,5020,5020,0,1.0,4760,0.9482071713147411,0.9482071713147411,True,usable_predictions,attempted_predictions
CSGS7,q2_2020,1,clean_condition_cqr,clean,ramp,804,804,0,1.0,342,0.4253731343283582,0.4253731343283582,True,usable_predictions,attempted_predictions
CSGS7,q2_2020,1,clean_condition_cqr,combined_outage,non_ramp,5020,5020,0,1.0,4981,0.9922310756972111,0.9922310756972111,True,usable_predictions,attempted_predictions
CSGS7,q2_2020,1,clean_condition_cqr,combined_outage,ramp,804,804,0,1.0,780,0.9701492537313433,0.9701492537313433,True,usable_predictions,attempted_predictions
CSGS7,q2_2020,1,clean_condition_cqr,irradiance_outage,non_ramp,5020,5020,0,1.0,4844,0.9649402390438248,0.9649402390438248,True,usable_predictions,attempted_predictions
CSGS7,q2_2020,1,clean_condition_cqr,irradiance_outage,ramp,804,804,0,1.0,539,0.6703980099502488,0.6703980099502488,True,usable_predictions,attempted_predictions
CSGS7,q2_2020,1,clean_condition_cqr,recent_power_outage,non_ramp,5020,5020,0,1.0,4981,0.9922310756972111,0.9922310756972111,True,usable_predictions,attempted_predictions
CSGS7,q2_2020,1,clean_condition_cqr,recent_power_outage,ramp,804,804,0,1.0,753,0.9365671641791045,0.9365671641791045,True,usable_predictions,attempted_predictions
CSGS7,q2_2020,1,clean_condition_cqr,weather_outage,non_ramp,5020,5020,0,1.0,4765,0.9492031872509961,0.9492031872509961,True,usable_predictions,attempted_predictions
CSGS7,q2_2020,1,clean_condition_cqr,weather_outage,ramp,804,804,0,1.0,341,0.42412935323383083,0.42412935323383083,True,usable_predictions,attempted_predictions
CSGS7,q2_2020,1,lgbm_condition_cqr,clean,non_ramp,5020,5020,0,1.0,4760,0.9482071713147411,0.9482071713147411,True,usable_predictions,attempted_predictions
CSGS7,q2_2020,1,lgbm_condition_cqr,clean,ramp,804,804,0,1.0,543,0.6753731343283582,0.6753731343283582,True,usable_predictions,attempted_predictions
CSGS7,q2_2020,1,lgbm_condition_cqr,combined_outage,non_ramp,5020,5020,0,1.0,4892,0.9745019920318725,0.9745019920318725,True,usable_predictions,attempted_predictions
CSGS7,q2_2020,1,lgbm_condition_cqr,combined_outage,ramp,804,804,0,1.0,766,0.9527363184079602,0.9527363184079602,True,usable_predictions,attempted_predictions
CSGS7,q2_2020,1,lgbm_condition_cqr,irradiance_outage,non_ramp,5020,5020,0,1.0,4650,0.9262948207171314,0.9262948207171314,True,usable_predictions,attempted_predictions
CSGS7,q2_2020,1,lgbm_condition_cqr,irradiance_outage,ramp,804,804,0,1.0,564,0.7014925373134329,0.7014925373134329,True,usable_predictions,attempted_predictions
CSGS7,q2_2020,1,lgbm_condition_cqr,recent_power_outage,non_ramp,5020,5020,0,1.0,4916,0.9792828685258964,0.9792828685258964,True,usable_predictions,attempted_predictions
CSGS7,q2_2020,1,lgbm_condition_cqr,recent_power_outage,ramp,804,804,0,1.0,772,0.9601990049751243,0.9601990049751243,True,usable_predictions,attempted_predictions
CSGS7,q2_2020,1,lgbm_condition_cqr,weather_outage,non_ramp,5020,5020,0,1.0,4804,0.9569721115537848,0.9569721115537848,True,usable_predictions,attempted_predictions
CSGS7,q2_2020,1,lgbm_condition_cqr,weather_outage,ramp,804,804,0,1.0,539,0.6703980099502488,0.6703980099502488,True,usable_predictions,attempted_predictions
CSGS7,q2_2020,1,oracle_ramp_mondrian,clean,non_ramp,5020,5020,0,1.0,4775,0.951195219123506,0.951195219123506,True,usable_predictions,attempted_predictions
CSGS7,q2_2020,1,oracle_ramp_mondrian,clean,ramp,804,804,0,1.0,763,0.9490049751243781,0.9490049751243781,True,usable_predictions,attempted_predictions
CSGS7,q2_2020,1,oracle_ramp_mondrian,combined_outage,non_ramp,5020,5020,0,1.0,4510,0.898406374501992,0.898406374501992,True,usable_predictions,attempted_predictions
CSGS7,q2_2020,1,oracle_ramp_mondrian,combined_outage,ramp,804,804,0,1.0,756,0.9402985074626866,0.9402985074626866,True,usable_predictions,attempted_predictions
CSGS7,q2_2020,1,oracle_ramp_mondrian,irradiance_outage,non_ramp,5020,5020,0,1.0,4779,0.9519920318725099,0.9519920318725099,True,usable_predictions,attempted_predictions
CSGS7,q2_2020,1,oracle_ramp_mondrian,irradiance_outage,ramp,804,804,0,1.0,771,0.9589552238805971,0.9589552238805971,True,usable_predictions,attempted_predictions
CSGS7,q2_2020,1,oracle_ramp_mondrian,recent_power_outage,non_ramp,5020,5020,0,1.0,4694,0.9350597609561753,0.9350597609561753,True,usable_predictions,attempted_predictions
CSGS7,q2_2020,1,oracle_ramp_mondrian,recent_power_outage,ramp,804,804,0,1.0,755,0.9390547263681592,0.9390547263681592,True,usable_predictions,attempted_predictions
CSGS7,q2_2020,1,oracle_ramp_mondrian,weather_outage,non_ramp,5020,5020,0,1.0,4798,0.9557768924302789,0.9557768924302789,True,usable_predictions,attempted_predictions
CSGS7,q2_2020,1,oracle_ramp_mondrian,weather_outage,ramp,804,804,0,1.0,764,0.9502487562189055,0.9502487562189055,True,usable_predictions,attempted_predictions
CSGS7,q2_2020,1,persistence_condition_cqr,clean,non_ramp,5020,5020,0,1.0,5020,1.0,1.0,True,usable_predictions,attempted_predictions
CSGS7,q2_2020,1,persistence_condition_cqr,clean,ramp,804,804,0,1.0,6,0.007462686567164179,0.007462686567164179,True,usable_predictions,attempted_predictions
CSGS7,q2_2020,1,persistence_condition_cqr,combined_outage,non_ramp,5020,5020,0,1.0,4893,0.9747011952191235,0.9747011952191235,True,usable_predictions,attempted_predictions
CSGS7,q2_2020,1,persistence_condition_cqr,combined_outage,ramp,804,804,0,1.0,755,0.9390547263681592,0.9390547263681592,True,usable_predictions,attempted_predictions
CSGS7,q2_2020,1,persistence_condition_cqr,irradiance_outage,non_ramp,5020,5020,0,1.0,5020,1.0,1.0,True,usable_predictions,attempted_predictions
CSGS7,q2_2020,1,persistence_condition_cqr,irradiance_outage,ramp,804,804,0,1.0,6,0.007462686567164179,0.007462686567164179,True,usable_predictions,attempted_predictions
CSGS7,q2_2020,1,persistence_condition_cqr,recent_power_outage,non_ramp,5020,5020,0,1.0,4893,0.9747011952191235,0.9747011952191235,True,usable_predictions,attempted_predictions
CSGS7,q2_2020,1,persistence_condition_cqr,recent_power_outage,ramp,804,804,0,1.0,755,0.9390547263681592,0.9390547263681592,True,usable_predictions,attempted_predictions
CSGS7,q2_2020,1,persistence_condition_cqr,weather_outage,non_ramp,5020,5020,0,1.0,5020,1.0,1.0,True,usable_predictions,attempted_predictions
CSGS7,q2_2020,1,persistence_condition_cqr,weather_outage,ramp,804,804,0,1.0,6,0.007462686567164179,0.007462686567164179,True,usable_predictions,attempted_predictions
CSGS7,q2_2020,1,robust_condition_cqr,clean,non_ramp,5020,5020,0,1.0,4775,0.951195219123506,0.951195219123506,True,usable_predictions,attempted_predictions
CSGS7,q2_2020,1,robust_condition_cqr,clean,ramp,804,804,0,1.0,481,0.5982587064676617,0.5982587064676617,True,usable_predictions,attempted_predictions
CSGS7,q2_2020,1,robust_condition_cqr,combined_outage,non_ramp,5020,5020,0,1.0,4660,0.9282868525896414,0.9282868525896414,True,usable_predictions,attempted_predictions
CSGS7,q2_2020,1,robust_condition_cqr,combined_outage,ramp,804,804,0,1.0,596,0.7412935323383084,0.7412935323383084,True,usable_predictions,attempted_predictions
CSGS7,q2_2020,1,robust_condition_cqr,irradiance_outage,non_ramp,5020,5020,0,1.0,4779,0.9519920318725099,0.9519920318725099,True,usable_predictions,attempted_predictions
CSGS7,q2_2020,1,robust_condition_cqr,irradiance_outage,ramp,804,804,0,1.0,504,0.6268656716417911,0.6268656716417911,True,usable_predictions,attempted_predictions
CSGS7,q2_2020,1,robust_condition_cqr,recent_power_outage,non_ramp,5020,5020,0,1.0,4694,0.9350597609561753,0.9350597609561753,True,usable_predictions,attempted_predictions
CSGS7,q2_2020,1,robust_condition_cqr,recent_power_outage,ramp,804,804,0,1.0,543,0.6753731343283582,0.6753731343283582,True,usable_predictions,attempted_predictions
CSGS7,q2_2020,1,robust_condition_cqr,weather_outage,non_ramp,5020,5020,0,1.0,4798,0.9557768924302789,0.9557768924302789,True,usable_predictions,attempted_predictions
CSGS7,q2_2020,1,robust_condition_cqr,weather_outage,ramp,804,804,0,1.0,478,0.5945273631840796,0.5945273631840796,True,usable_predictions,attempted_predictions
CSGS7,q2_2020,1,robust_local_cqr,clean,non_ramp,5020,5020,0,1.0,4856,0.9673306772908367,0.9673306772908367,True,usable_predictions,attempted_predictions
CSGS7,q2_2020,1,robust_local_cqr,clean,ramp,804,804,0,1.0,647,0.804726368159204,0.804726368159204,True,usable_predictions,attempted_predictions
CSGS7,q2_2020,1,robust_local_cqr,combined_outage,non_ramp,5020,5020,0,1.0,4711,0.9384462151394423,0.9384462151394423,True,usable_predictions,attempted_predictions
CSGS7,q2_2020,1,robust_local_cqr,combined_outage,ramp,804,804,0,1.0,672,0.835820895522388,0.835820895522388,True,usable_predictions,attempted_predictions
CSGS7,q2_2020,1,robust_local_cqr,irradiance_outage,non_ramp,5020,5020,0,1.0,4857,0.9675298804780876,0.9675298804780876,True,usable_predictions,attempted_predictions
CSGS7,q2_2020,1,robust_local_cqr,irradiance_outage,ramp,804,804,0,1.0,635,0.7898009950248757,0.7898009950248757,True,usable_predictions,attempted_predictions
CSGS7,q2_2020,1,robust_local_cqr,recent_power_outage,non_ramp,5020,5020,0,1.0,4867,0.9695219123505976,0.9695219123505976,True,usable_predictions,attempted_predictions
CSGS7,q2_2020,1,robust_local_cqr,recent_power_outage,ramp,804,804,0,1.0,674,0.8383084577114428,0.8383084577114428,True,usable_predictions,attempted_predictions
CSGS7,q2_2020,1,robust_local_cqr,weather_outage,non_ramp,5020,5020,0,1.0,4870,0.9701195219123506,0.9701195219123506,True,usable_predictions,attempted_predictions
CSGS7,q2_2020,1,robust_local_cqr,weather_outage,ramp,804,804,0,1.0,639,0.7947761194029851,0.7947761194029851,True,usable_predictions,attempted_predictions
CSGS7,q2_2020,1,robust_risk_mondrian,clean,non_ramp,5020,5020,0,1.0,4846,0.9653386454183267,0.9653386454183267,True,usable_predictions,attempted_predictions
CSGS7,q2_2020,1,robust_risk_mondrian,clean,ramp,804,804,0,1.0,639,0.7947761194029851,0.7947761194029851,True,usable_predictions,attempted_predictions
CSGS7,q2_2020,1,robust_risk_mondrian,combined_outage,non_ramp,5020,5020,0,1.0,4576,0.9115537848605577,0.9115537848605577,True,usable_predictions,attempted_predictions
CSGS7,q2_2020,1,robust_risk_mondrian,combined_outage,ramp,804,804,0,1.0,632,0.7860696517412935,0.7860696517412935,True,usable_predictions,attempted_predictions
CSGS7,q2_2020,1,robust_risk_mondrian,irradiance_outage,non_ramp,5020,5020,0,1.0,4847,0.9655378486055777,0.9655378486055777,True,usable_predictions,attempted_predictions
CSGS7,q2_2020,1,robust_risk_mondrian,irradiance_outage,ramp,804,804,0,1.0,626,0.7786069651741293,0.7786069651741293,True,usable_predictions,attempted_predictions
CSGS7,q2_2020,1,robust_risk_mondrian,recent_power_outage,non_ramp,5020,5020,0,1.0,4816,0.9593625498007968,0.9593625498007968,True,usable_predictions,attempted_predictions
CSGS7,q2_2020,1,robust_risk_mondrian,recent_power_outage,ramp,804,804,0,1.0,666,0.8283582089552238,0.8283582089552238,True,usable_predictions,attempted_predictions
CSGS7,q2_2020,1,robust_risk_mondrian,weather_outage,non_ramp,5020,5020,0,1.0,4860,0.9681274900398407,0.9681274900398407,True,usable_predictions,attempted_predictions
CSGS7,q2_2020,1,robust_risk_mondrian,weather_outage,ramp,804,804,0,1.0,636,0.7910447761194029,0.7910447761194029,True,usable_predictions,attempted_predictions
CSGS7,q2_2020,1,robust_rolling_cqr,clean,non_ramp,5020,5020,0,1.0,4806,0.9573705179282869,0.9573705179282869,True,usable_predictions,attempted_predictions
CSGS7,q2_2020,1,robust_rolling_cqr,clean,ramp,804,804,0,1.0,489,0.6082089552238806,0.6082089552238806,True,usable_predictions,attempted_predictions
CSGS7,q2_2020,1,robust_rolling_cqr,combined_outage,non_ramp,5020,5020,0,1.0,4645,0.9252988047808764,0.9252988047808764,True,usable_predictions,attempted_predictions
CSGS7,q2_2020,1,robust_rolling_cqr,combined_outage,ramp,804,804,0,1.0,581,0.722636815920398,0.722636815920398,True,usable_predictions,attempted_predictions
CSGS7,q2_2020,1,robust_rolling_cqr,irradiance_outage,non_ramp,5020,5020,0,1.0,4800,0.9561752988047809,0.9561752988047809,True,usable_predictions,attempted_predictions
CSGS7,q2_2020,1,robust_rolling_cqr,irradiance_outage,ramp,804,804,0,1.0,505,0.6281094527363185,0.6281094527363185,True,usable_predictions,attempted_predictions
CSGS7,q2_2020,1,robust_rolling_cqr,recent_power_outage,non_ramp,5020,5020,0,1.0,4770,0.950199203187251,0.950199203187251,True,usable_predictions,attempted_predictions
CSGS7,q2_2020,1,robust_rolling_cqr,recent_power_outage,ramp,804,804,0,1.0,546,0.6791044776119403,0.6791044776119403,True,usable_predictions,attempted_predictions
CSGS7,q2_2020,1,robust_rolling_cqr,weather_outage,non_ramp,5020,5020,0,1.0,4826,0.9613545816733068,0.9613545816733068,True,usable_predictions,attempted_predictions
CSGS7,q2_2020,1,robust_rolling_cqr,weather_outage,ramp,804,804,0,1.0,482,0.599502487562189,0.599502487562189,True,usable_predictions,attempted_predictions
CSGS7,q2_2020,4,clean_condition_cqr,clean,non_ramp,4763,4763,0,1.0,4509,0.9466722653789629,0.9466722653789629,True,usable_predictions,attempted_predictions
CSGS7,q2_2020,4,clean_condition_cqr,clean,ramp,1061,1061,0,1.0,679,0.6399622997172478,0.6399622997172478,True,usable_predictions,attempted_predictions
CSGS7,q2_2020,4,clean_condition_cqr,combined_outage,non_ramp,4763,4763,0,1.0,4519,0.9487717824900272,0.9487717824900272,True,usable_predictions,attempted_predictions
CSGS7,q2_2020,4,clean_condition_cqr,combined_outage,ramp,1061,1061,0,1.0,1006,0.9481621112158342,0.9481621112158342,True,usable_predictions,attempted_predictions
CSGS7,q2_2020,4,clean_condition_cqr,irradiance_outage,non_ramp,4763,4763,0,1.0,4513,0.9475120722233886,0.9475120722233886,True,usable_predictions,attempted_predictions
CSGS7,q2_2020,4,clean_condition_cqr,irradiance_outage,ramp,1061,1061,0,1.0,777,0.7323279924599434,0.7323279924599434,True,usable_predictions,attempted_predictions
CSGS7,q2_2020,4,clean_condition_cqr,recent_power_outage,non_ramp,4763,4763,0,1.0,4478,0.940163762334663,0.940163762334663,True,usable_predictions,attempted_predictions
CSGS7,q2_2020,4,clean_condition_cqr,recent_power_outage,ramp,1061,1061,0,1.0,943,0.8887841658812441,0.8887841658812441,True,usable_predictions,attempted_predictions
CSGS7,q2_2020,4,clean_condition_cqr,weather_outage,non_ramp,4763,4763,0,1.0,4540,0.9531807684232626,0.9531807684232626,True,usable_predictions,attempted_predictions
CSGS7,q2_2020,4,clean_condition_cqr,weather_outage,ramp,1061,1061,0,1.0,707,0.6663524976437323,0.6663524976437323,True,usable_predictions,attempted_predictions
CSGS7,q2_2020,4,lgbm_condition_cqr,clean,non_ramp,4763,4763,0,1.0,4572,0.9598992231786689,0.9598992231786689,True,usable_predictions,attempted_predictions
CSGS7,q2_2020,4,lgbm_condition_cqr,clean,ramp,1061,1061,0,1.0,890,0.8388312912346843,0.8388312912346843,True,usable_predictions,attempted_predictions
CSGS7,q2_2020,4,lgbm_condition_cqr,combined_outage,non_ramp,4763,4763,0,1.0,4565,0.9584295612009238,0.9584295612009238,True,usable_predictions,attempted_predictions
CSGS7,q2_2020,4,lgbm_condition_cqr,combined_outage,ramp,1061,1061,0,1.0,1046,0.9858623939679547,0.9858623939679547,True,usable_predictions,attempted_predictions
CSGS7,q2_2020,4,lgbm_condition_cqr,irradiance_outage,non_ramp,4763,4763,0,1.0,4666,0.9796346840226748,0.9796346840226748,True,usable_predictions,attempted_predictions
CSGS7,q2_2020,4,lgbm_condition_cqr,irradiance_outage,ramp,1061,1061,0,1.0,963,0.9076343072573044,0.9076343072573044,True,usable_predictions,attempted_predictions
CSGS7,q2_2020,4,lgbm_condition_cqr,recent_power_outage,non_ramp,4763,4763,0,1.0,4450,0.9342851144236826,0.9342851144236826,True,usable_predictions,attempted_predictions
CSGS7,q2_2020,4,lgbm_condition_cqr,recent_power_outage,ramp,1061,1061,0,1.0,1027,0.9679547596606974,0.9679547596606974,True,usable_predictions,attempted_predictions
CSGS7,q2_2020,4,lgbm_condition_cqr,weather_outage,non_ramp,4763,4763,0,1.0,4622,0.9703968087339911,0.9703968087339911,True,usable_predictions,attempted_predictions
CSGS7,q2_2020,4,lgbm_condition_cqr,weather_outage,ramp,1061,1061,0,1.0,890,0.8388312912346843,0.8388312912346843,True,usable_predictions,attempted_predictions
CSGS7,q2_2020,4,oracle_ramp_mondrian,clean,non_ramp,4763,4763,0,1.0,4319,0.9067814402687382,0.9067814402687382,True,usable_predictions,attempted_predictions
CSGS7,q2_2020,4,oracle_ramp_mondrian,clean,ramp,1061,1061,0,1.0,905,0.8529688972667295,0.8529688972667295,True,usable_predictions,attempted_predictions
CSGS7,q2_2020,4,oracle_ramp_mondrian,combined_outage,non_ramp,4763,4763,0,1.0,4296,0.90195255091329,0.90195255091329,True,usable_predictions,attempted_predictions
CSGS7,q2_2020,4,oracle_ramp_mondrian,combined_outage,ramp,1061,1061,0,1.0,915,0.8623939679547596,0.8623939679547596,True,usable_predictions,attempted_predictions
CSGS7,q2_2020,4,oracle_ramp_mondrian,irradiance_outage,non_ramp,4763,4763,0,1.0,4354,0.9141297501574638,0.9141297501574638,True,usable_predictions,attempted_predictions
CSGS7,q2_2020,4,oracle_ramp_mondrian,irradiance_outage,ramp,1061,1061,0,1.0,929,0.8755890669180019,0.8755890669180019,True,usable_predictions,attempted_predictions
CSGS7,q2_2020,4,oracle_ramp_mondrian,recent_power_outage,non_ramp,4763,4763,0,1.0,4323,0.9076212471131639,0.9076212471131639,True,usable_predictions,attempted_predictions
CSGS7,q2_2020,4,oracle_ramp_mondrian,recent_power_outage,ramp,1061,1061,0,1.0,922,0.8689915174363808,0.8689915174363808,True,usable_predictions,attempted_predictions
CSGS7,q2_2020,4,oracle_ramp_mondrian,weather_outage,non_ramp,4763,4763,0,1.0,4366,0.9166491706907411,0.9166491706907411,True,usable_predictions,attempted_predictions
CSGS7,q2_2020,4,oracle_ramp_mondrian,weather_outage,ramp,1061,1061,0,1.0,923,0.8699340245051838,0.8699340245051838,True,usable_predictions,attempted_predictions
CSGS7,q2_2020,4,persistence_condition_cqr,clean,non_ramp,4763,4763,0,1.0,4763,1.0,1.0,True,usable_predictions,attempted_predictions
CSGS7,q2_2020,4,persistence_condition_cqr,clean,ramp,1061,1061,0,1.0,641,0.6041470311027333,0.6041470311027333,True,usable_predictions,attempted_predictions
CSGS7,q2_2020,4,persistence_condition_cqr,combined_outage,non_ramp,4763,4763,0,1.0,4712,0.9892924627335713,0.9892924627335713,True,usable_predictions,attempted_predictions
CSGS7,q2_2020,4,persistence_condition_cqr,combined_outage,ramp,1061,1061,0,1.0,1001,0.943449575871819,0.943449575871819,True,usable_predictions,attempted_predictions
CSGS7,q2_2020,4,persistence_condition_cqr,irradiance_outage,non_ramp,4763,4763,0,1.0,4763,1.0,1.0,True,usable_predictions,attempted_predictions
CSGS7,q2_2020,4,persistence_condition_cqr,irradiance_outage,ramp,1061,1061,0,1.0,641,0.6041470311027333,0.6041470311027333,True,usable_predictions,attempted_predictions
CSGS7,q2_2020,4,persistence_condition_cqr,recent_power_outage,non_ramp,4763,4763,0,1.0,4712,0.9892924627335713,0.9892924627335713,True,usable_predictions,attempted_predictions
CSGS7,q2_2020,4,persistence_condition_cqr,recent_power_outage,ramp,1061,1061,0,1.0,1001,0.943449575871819,0.943449575871819,True,usable_predictions,attempted_predictions
CSGS7,q2_2020,4,persistence_condition_cqr,weather_outage,non_ramp,4763,4763,0,1.0,4763,1.0,1.0,True,usable_predictions,attempted_predictions
CSGS7,q2_2020,4,persistence_condition_cqr,weather_outage,ramp,1061,1061,0,1.0,641,0.6041470311027333,0.6041470311027333,True,usable_predictions,attempted_predictions
CSGS7,q2_2020,4,robust_condition_cqr,clean,non_ramp,4763,4763,0,1.0,4444,0.9330254041570438,0.9330254041570438,True,usable_predictions,attempted_predictions
CSGS7,q2_2020,4,robust_condition_cqr,clean,ramp,1061,1061,0,1.0,788,0.7426955702167767,0.7426955702167767,True,usable_predictions,attempted_predictions
CSGS7,q2_2020,4,robust_condition_cqr,combined_outage,non_ramp,4763,4763,0,1.0,4402,0.9242074322905731,0.9242074322905731,True,usable_predictions,attempted_predictions
CSGS7,q2_2020,4,robust_condition_cqr,combined_outage,ramp,1061,1061,0,1.0,815,0.7681432610744581,0.7681432610744581,True,usable_predictions,attempted_predictions
CSGS7,q2_2020,4,robust_condition_cqr,irradiance_outage,non_ramp,4763,4763,0,1.0,4471,0.9386941003569179,0.9386941003569179,True,usable_predictions,attempted_predictions
CSGS7,q2_2020,4,robust_condition_cqr,irradiance_outage,ramp,1061,1061,0,1.0,814,0.767200754005655,0.767200754005655,True,usable_predictions,attempted_predictions
CSGS7,q2_2020,4,robust_condition_cqr,recent_power_outage,non_ramp,4763,4763,0,1.0,4465,0.9374343900902793,0.9374343900902793,True,usable_predictions,attempted_predictions
CSGS7,q2_2020,4,robust_condition_cqr,recent_power_outage,ramp,1061,1061,0,1.0,825,0.7775683317624882,0.7775683317624882,True,usable_predictions,attempted_predictions
CSGS7,q2_2020,4,robust_condition_cqr,weather_outage,non_ramp,4763,4763,0,1.0,4470,0.9384841486458114,0.9384841486458114,True,usable_predictions,attempted_predictions
CSGS7,q2_2020,4,robust_condition_cqr,weather_outage,ramp,1061,1061,0,1.0,820,0.7728557964184731,0.7728557964184731,True,usable_predictions,attempted_predictions
CSGS7,q2_2020,4,robust_local_cqr,clean,non_ramp,4763,4763,0,1.0,4450,0.9342851144236826,0.9342851144236826,True,usable_predictions,attempted_predictions
CSGS7,q2_2020,4,robust_local_cqr,clean,ramp,1061,1061,0,1.0,909,0.8567389255419415,0.8567389255419415,True,usable_predictions,attempted_predictions
CSGS7,q2_2020,4,robust_local_cqr,combined_outage,non_ramp,4763,4763,0,1.0,4334,0.9099307159353349,0.9099307159353349,True,usable_predictions,attempted_predictions
CSGS7,q2_2020,4,robust_local_cqr,combined_outage,ramp,1061,1061,0,1.0,898,0.8463713477851084,0.8463713477851084,True,usable_predictions,attempted_predictions
CSGS7,q2_2020,4,robust_local_cqr,irradiance_outage,non_ramp,4763,4763,0,1.0,4451,0.9344950661347889,0.9344950661347889,True,usable_predictions,attempted_predictions
CSGS7,q2_2020,4,robust_local_cqr,irradiance_outage,ramp,1061,1061,0,1.0,912,0.8595664467483506,0.8595664467483506,True,usable_predictions,attempted_predictions
CSGS7,q2_2020,4,robust_local_cqr,recent_power_outage,non_ramp,4763,4763,0,1.0,4491,0.9428931345790468,0.9428931345790468,True,usable_predictions,attempted_predictions
CSGS7,q2_2020,4,robust_local_cqr,recent_power_outage,ramp,1061,1061,0,1.0,934,0.8803016022620169,0.8803016022620169,True,usable_predictions,attempted_predictions
CSGS7,q2_2020,4,robust_local_cqr,weather_outage,non_ramp,4763,4763,0,1.0,4430,0.9300860802015536,0.9300860802015536,True,usable_predictions,attempted_predictions
CSGS7,q2_2020,4,robust_local_cqr,weather_outage,ramp,1061,1061,0,1.0,924,0.8708765315739868,0.8708765315739868,True,usable_predictions,attempted_predictions
CSGS7,q2_2020,4,robust_risk_mondrian,clean,non_ramp,4763,4763,0,1.0,4443,0.9328154524459374,0.9328154524459374,True,usable_predictions,attempted_predictions
CSGS7,q2_2020,4,robust_risk_mondrian,clean,ramp,1061,1061,0,1.0,878,0.827521206409048,0.827521206409048,True,usable_predictions,attempted_predictions
CSGS7,q2_2020,4,robust_risk_mondrian,combined_outage,non_ramp,4763,4763,0,1.0,4374,0.9183287843795926,0.9183287843795926,True,usable_predictions,attempted_predictions
CSGS7,q2_2020,4,robust_risk_mondrian,combined_outage,ramp,1061,1061,0,1.0,835,0.7869934024505184,0.7869934024505184,True,usable_predictions,attempted_predictions
CSGS7,q2_2020,4,robust_risk_mondrian,irradiance_outage,non_ramp,4763,4763,0,1.0,4414,0.9267268528238505,0.9267268528238505,True,usable_predictions,attempted_predictions
CSGS7,q2_2020,4,robust_risk_mondrian,irradiance_outage,ramp,1061,1061,0,1.0,863,0.8133836003770029,0.8133836003770029,True,usable_predictions,attempted_predictions
CSGS7,q2_2020,4,robust_risk_mondrian,recent_power_outage,non_ramp,4763,4763,0,1.0,4441,0.9323955490237246,0.9323955490237246,True,usable_predictions,attempted_predictions
CSGS7,q2_2020,4,robust_risk_mondrian,recent_power_outage,ramp,1061,1061,0,1.0,869,0.819038642789821,0.819038642789821,True,usable_predictions,attempted_predictions
CSGS7,q2_2020,4,robust_risk_mondrian,weather_outage,non_ramp,4763,4763,0,1.0,4421,0.9281965148015956,0.9281965148015956,True,usable_predictions,attempted_predictions
CSGS7,q2_2020,4,robust_risk_mondrian,weather_outage,ramp,1061,1061,0,1.0,903,0.8510838831291234,0.8510838831291234,True,usable_predictions,attempted_predictions
CSGS7,q2_2020,4,robust_rolling_cqr,clean,non_ramp,4763,4763,0,1.0,4423,0.9286164182238085,0.9286164182238085,True,usable_predictions,attempted_predictions
CSGS7,q2_2020,4,robust_rolling_cqr,clean,ramp,1061,1061,0,1.0,783,0.7379830348727615,0.7379830348727615,True,usable_predictions,attempted_predictions
CSGS7,q2_2020,4,robust_rolling_cqr,combined_outage,non_ramp,4763,4763,0,1.0,4377,0.918958639512912,0.918958639512912,True,usable_predictions,attempted_predictions
CSGS7,q2_2020,4,robust_rolling_cqr,combined_outage,ramp,1061,1061,0,1.0,811,0.764373232799246,0.764373232799246,True,usable_predictions,attempted_predictions
CSGS7,q2_2020,4,robust_rolling_cqr,irradiance_outage,non_ramp,4763,4763,0,1.0,4419,0.9277766113793827,0.9277766113793827,True,usable_predictions,attempted_predictions
CSGS7,q2_2020,4,robust_rolling_cqr,irradiance_outage,ramp,1061,1061,0,1.0,799,0.7530631479736098,0.7530631479736098,True,usable_predictions,attempted_predictions
CSGS7,q2_2020,4,robust_rolling_cqr,recent_power_outage,non_ramp,4763,4763,0,1.0,4418,0.9275666596682763,0.9275666596682763,True,usable_predictions,attempted_predictions
CSGS7,q2_2020,4,robust_rolling_cqr,recent_power_outage,ramp,1061,1061,0,1.0,810,0.763430725730443,0.763430725730443,True,usable_predictions,attempted_predictions
CSGS7,q2_2020,4,robust_rolling_cqr,weather_outage,non_ramp,4763,4763,0,1.0,4406,0.925047239134999,0.925047239134999,True,usable_predictions,attempted_predictions
CSGS7,q2_2020,4,robust_rolling_cqr,weather_outage,ramp,1061,1061,0,1.0,795,0.7492931196983977,0.7492931196983977,True,usable_predictions,attempted_predictions
CSGS7,q3_2020,1,clean_condition_cqr,clean,non_ramp,4960,4960,0,1.0,4722,0.9520161290322581,0.9520161290322581,True,usable_predictions,attempted_predictions
CSGS7,q3_2020,1,clean_condition_cqr,clean,ramp,928,928,0,1.0,438,0.47198275862068967,0.47198275862068967,True,usable_predictions,attempted_predictions
CSGS7,q3_2020,1,clean_condition_cqr,combined_outage,non_ramp,4960,4960,0,1.0,4706,0.9487903225806451,0.9487903225806451,True,usable_predictions,attempted_predictions
CSGS7,q3_2020,1,clean_condition_cqr,combined_outage,ramp,928,928,0,1.0,801,0.8631465517241379,0.8631465517241379,True,usable_predictions,attempted_predictions
CSGS7,q3_2020,1,clean_condition_cqr,irradiance_outage,non_ramp,4960,4960,0,1.0,4698,0.9471774193548387,0.9471774193548387,True,usable_predictions,attempted_predictions
CSGS7,q3_2020,1,clean_condition_cqr,irradiance_outage,ramp,928,928,0,1.0,569,0.6131465517241379,0.6131465517241379,True,usable_predictions,attempted_predictions
CSGS7,q3_2020,1,clean_condition_cqr,recent_power_outage,non_ramp,4960,4960,0,1.0,4724,0.9524193548387097,0.9524193548387097,True,usable_predictions,attempted_predictions
CSGS7,q3_2020,1,clean_condition_cqr,recent_power_outage,ramp,928,928,0,1.0,802,0.8642241379310345,0.8642241379310345,True,usable_predictions,attempted_predictions
CSGS7,q3_2020,1,clean_condition_cqr,weather_outage,non_ramp,4960,4960,0,1.0,4746,0.9568548387096775,0.9568548387096775,True,usable_predictions,attempted_predictions
CSGS7,q3_2020,1,clean_condition_cqr,weather_outage,ramp,928,928,0,1.0,432,0.46551724137931033,0.46551724137931033,True,usable_predictions,attempted_predictions
CSGS7,q3_2020,1,lgbm_condition_cqr,clean,non_ramp,4960,4960,0,1.0,4727,0.9530241935483871,0.9530241935483871,True,usable_predictions,attempted_predictions
CSGS7,q3_2020,1,lgbm_condition_cqr,clean,ramp,928,928,0,1.0,640,0.6896551724137931,0.6896551724137931,True,usable_predictions,attempted_predictions
CSGS7,q3_2020,1,lgbm_condition_cqr,combined_outage,non_ramp,4960,4960,0,1.0,4695,0.9465725806451613,0.9465725806451613,True,usable_predictions,attempted_predictions
CSGS7,q3_2020,1,lgbm_condition_cqr,combined_outage,ramp,928,928,0,1.0,801,0.8631465517241379,0.8631465517241379,True,usable_predictions,attempted_predictions
CSGS7,q3_2020,1,lgbm_condition_cqr,irradiance_outage,non_ramp,4960,4960,0,1.0,4627,0.9328629032258065,0.9328629032258065,True,usable_predictions,attempted_predictions
CSGS7,q3_2020,1,lgbm_condition_cqr,irradiance_outage,ramp,928,928,0,1.0,648,0.6982758620689655,0.6982758620689655,True,usable_predictions,attempted_predictions
CSGS7,q3_2020,1,lgbm_condition_cqr,recent_power_outage,non_ramp,4960,4960,0,1.0,4708,0.9491935483870968,0.9491935483870968,True,usable_predictions,attempted_predictions
CSGS7,q3_2020,1,lgbm_condition_cqr,recent_power_outage,ramp,928,928,0,1.0,792,0.853448275862069,0.853448275862069,True,usable_predictions,attempted_predictions
CSGS7,q3_2020,1,lgbm_condition_cqr,weather_outage,non_ramp,4960,4960,0,1.0,4691,0.9457661290322581,0.9457661290322581,True,usable_predictions,attempted_predictions
CSGS7,q3_2020,1,lgbm_condition_cqr,weather_outage,ramp,928,928,0,1.0,630,0.6788793103448276,0.6788793103448276,True,usable_predictions,attempted_predictions
CSGS7,q3_2020,1,oracle_ramp_mondrian,clean,non_ramp,4960,4960,0,1.0,4630,0.9334677419354839,0.9334677419354839,True,usable_predictions,attempted_predictions
CSGS7,q3_2020,1,oracle_ramp_mondrian,clean,ramp,928,928,0,1.0,837,0.9019396551724138,0.9019396551724138,True,usable_predictions,attempted_predictions
CSGS7,q3_2020,1,oracle_ramp_mondrian,combined_outage,non_ramp,4960,4960,0,1.0,4356,0.8782258064516129,0.8782258064516129,True,usable_predictions,attempted_predictions
CSGS7,q3_2020,1,oracle_ramp_mondrian,combined_outage,ramp,928,928,0,1.0,834,0.8987068965517241,0.8987068965517241,True,usable_predictions,attempted_predictions
CSGS7,q3_2020,1,oracle_ramp_mondrian,irradiance_outage,non_ramp,4960,4960,0,1.0,4683,0.9441532258064517,0.9441532258064517,True,usable_predictions,attempted_predictions
CSGS7,q3_2020,1,oracle_ramp_mondrian,irradiance_outage,ramp,928,928,0,1.0,834,0.8987068965517241,0.8987068965517241,True,usable_predictions,attempted_predictions
CSGS7,q3_2020,1,oracle_ramp_mondrian,recent_power_outage,non_ramp,4960,4960,0,1.0,4623,0.9320564516129032,0.9320564516129032,True,usable_predictions,attempted_predictions
CSGS7,q3_2020,1,oracle_ramp_mondrian,recent_power_outage,ramp,928,928,0,1.0,783,0.84375,0.84375,True,usable_predictions,attempted_predictions
CSGS7,q3_2020,1,oracle_ramp_mondrian,weather_outage,non_ramp,4960,4960,0,1.0,4627,0.9328629032258065,0.9328629032258065,True,usable_predictions,attempted_predictions
CSGS7,q3_2020,1,oracle_ramp_mondrian,weather_outage,ramp,928,928,0,1.0,833,0.8976293103448276,0.8976293103448276,True,usable_predictions,attempted_predictions
CSGS7,q3_2020,1,persistence_condition_cqr,clean,non_ramp,4960,4960,0,1.0,4960,1.0,1.0,True,usable_predictions,attempted_predictions
CSGS7,q3_2020,1,persistence_condition_cqr,clean,ramp,928,928,0,1.0,242,0.2607758620689655,0.2607758620689655,True,usable_predictions,attempted_predictions
CSGS7,q3_2020,1,persistence_condition_cqr,combined_outage,non_ramp,4960,4960,0,1.0,4642,0.9358870967741936,0.9358870967741936,True,usable_predictions,attempted_predictions
CSGS7,q3_2020,1,persistence_condition_cqr,combined_outage,ramp,928,928,0,1.0,786,0.8469827586206896,0.8469827586206896,True,usable_predictions,attempted_predictions
CSGS7,q3_2020,1,persistence_condition_cqr,irradiance_outage,non_ramp,4960,4960,0,1.0,4960,1.0,1.0,True,usable_predictions,attempted_predictions
CSGS7,q3_2020,1,persistence_condition_cqr,irradiance_outage,ramp,928,928,0,1.0,242,0.2607758620689655,0.2607758620689655,True,usable_predictions,attempted_predictions
CSGS7,q3_2020,1,persistence_condition_cqr,recent_power_outage,non_ramp,4960,4960,0,1.0,4642,0.9358870967741936,0.9358870967741936,True,usable_predictions,attempted_predictions
CSGS7,q3_2020,1,persistence_condition_cqr,recent_power_outage,ramp,928,928,0,1.0,786,0.8469827586206896,0.8469827586206896,True,usable_predictions,attempted_predictions
CSGS7,q3_2020,1,persistence_condition_cqr,weather_outage,non_ramp,4960,4960,0,1.0,4960,1.0,1.0,True,usable_predictions,attempted_predictions
CSGS7,q3_2020,1,persistence_condition_cqr,weather_outage,ramp,928,928,0,1.0,242,0.2607758620689655,0.2607758620689655,True,usable_predictions,attempted_predictions
CSGS7,q3_2020,1,robust_condition_cqr,clean,non_ramp,4960,4960,0,1.0,4630,0.9334677419354839,0.9334677419354839,True,usable_predictions,attempted_predictions
CSGS7,q3_2020,1,robust_condition_cqr,clean,ramp,928,928,0,1.0,547,0.5894396551724138,0.5894396551724138,True,usable_predictions,attempted_predictions
CSGS7,q3_2020,1,robust_condition_cqr,combined_outage,non_ramp,4960,4960,0,1.0,4520,0.9112903225806451,0.9112903225806451,True,usable_predictions,attempted_predictions
CSGS7,q3_2020,1,robust_condition_cqr,combined_outage,ramp,928,928,0,1.0,653,0.7036637931034483,0.7036637931034483,True,usable_predictions,attempted_predictions
CSGS7,q3_2020,1,robust_condition_cqr,irradiance_outage,non_ramp,4960,4960,0,1.0,4683,0.9441532258064517,0.9441532258064517,True,usable_predictions,attempted_predictions
CSGS7,q3_2020,1,robust_condition_cqr,irradiance_outage,ramp,928,928,0,1.0,595,0.6411637931034483,0.6411637931034483,True,usable_predictions,attempted_predictions
CSGS7,q3_2020,1,robust_condition_cqr,recent_power_outage,non_ramp,4960,4960,0,1.0,4623,0.9320564516129032,0.9320564516129032,True,usable_predictions,attempted_predictions
CSGS7,q3_2020,1,robust_condition_cqr,recent_power_outage,ramp,928,928,0,1.0,599,0.6454741379310345,0.6454741379310345,True,usable_predictions,attempted_predictions
CSGS7,q3_2020,1,robust_condition_cqr,weather_outage,non_ramp,4960,4960,0,1.0,4627,0.9328629032258065,0.9328629032258065,True,usable_predictions,attempted_predictions
CSGS7,q3_2020,1,robust_condition_cqr,weather_outage,ramp,928,928,0,1.0,559,0.6023706896551724,0.6023706896551724,True,usable_predictions,attempted_predictions
CSGS7,q3_2020,1,robust_local_cqr,clean,non_ramp,4960,4960,0,1.0,4737,0.9550403225806452,0.9550403225806452,True,usable_predictions,attempted_predictions
CSGS7,q3_2020,1,robust_local_cqr,clean,ramp,928,928,0,1.0,675,0.7273706896551724,0.7273706896551724,True,usable_predictions,attempted_predictions
CSGS7,q3_2020,1,robust_local_cqr,combined_outage,non_ramp,4960,4960,0,1.0,4528,0.9129032258064517,0.9129032258064517,True,usable_predictions,attempted_predictions
CSGS7,q3_2020,1,robust_local_cqr,combined_outage,ramp,928,928,0,1.0,734,0.790948275862069,0.790948275862069,True,usable_predictions,attempted_predictions
CSGS7,q3_2020,1,robust_local_cqr,irradiance_outage,non_ramp,4960,4960,0,1.0,4770,0.9616935483870968,0.9616935483870968,True,usable_predictions,attempted_predictions
CSGS7,q3_2020,1,robust_local_cqr,irradiance_outage,ramp,928,928,0,1.0,682,0.7349137931034483,0.7349137931034483,True,usable_predictions,attempted_predictions
CSGS7,q3_2020,1,robust_local_cqr,recent_power_outage,non_ramp,4960,4960,0,1.0,4751,0.9578629032258065,0.9578629032258065,True,usable_predictions,attempted_predictions
CSGS7,q3_2020,1,robust_local_cqr,recent_power_outage,ramp,928,928,0,1.0,696,0.75,0.75,True,usable_predictions,attempted_predictions
CSGS7,q3_2020,1,robust_local_cqr,weather_outage,non_ramp,4960,4960,0,1.0,4749,0.9574596774193549,0.9574596774193549,True,usable_predictions,attempted_predictions
CSGS7,q3_2020,1,robust_local_cqr,weather_outage,ramp,928,928,0,1.0,679,0.7316810344827587,0.7316810344827587,True,usable_predictions,attempted_predictions
CSGS7,q3_2020,1,robust_risk_mondrian,clean,non_ramp,4960,4960,0,1.0,4697,0.946975806451613,0.946975806451613,True,usable_predictions,attempted_predictions
CSGS7,q3_2020,1,robust_risk_mondrian,clean,ramp,928,928,0,1.0,660,0.7112068965517241,0.7112068965517241,True,usable_predictions,attempted_predictions
CSGS7,q3_2020,1,robust_risk_mondrian,combined_outage,non_ramp,4960,4960,0,1.0,4534,0.9141129032258064,0.9141129032258064,True,usable_predictions,attempted_predictions
CSGS7,q3_2020,1,robust_risk_mondrian,combined_outage,ramp,928,928,0,1.0,706,0.7607758620689655,0.7607758620689655,True,usable_predictions,attempted_predictions
CSGS7,q3_2020,1,robust_risk_mondrian,irradiance_outage,non_ramp,4960,4960,0,1.0,4723,0.9522177419354839,0.9522177419354839,True,usable_predictions,attempted_predictions
CSGS7,q3_2020,1,robust_risk_mondrian,irradiance_outage,ramp,928,928,0,1.0,662,0.7133620689655172,0.7133620689655172,True,usable_predictions,attempted_predictions
CSGS7,q3_2020,1,robust_risk_mondrian,recent_power_outage,non_ramp,4960,4960,0,1.0,4695,0.9465725806451613,0.9465725806451613,True,usable_predictions,attempted_predictions
CSGS7,q3_2020,1,robust_risk_mondrian,recent_power_outage,ramp,928,928,0,1.0,667,0.71875,0.71875,True,usable_predictions,attempted_predictions
CSGS7,q3_2020,1,robust_risk_mondrian,weather_outage,non_ramp,4960,4960,0,1.0,4695,0.9465725806451613,0.9465725806451613,True,usable_predictions,attempted_predictions
CSGS7,q3_2020,1,robust_risk_mondrian,weather_outage,ramp,928,928,0,1.0,666,0.7176724137931034,0.7176724137931034,True,usable_predictions,attempted_predictions
CSGS7,q3_2020,1,robust_rolling_cqr,clean,non_ramp,4960,4960,0,1.0,4738,0.9552419354838709,0.9552419354838709,True,usable_predictions,attempted_predictions
CSGS7,q3_2020,1,robust_rolling_cqr,clean,ramp,928,928,0,1.0,567,0.6109913793103449,0.6109913793103449,True,usable_predictions,attempted_predictions
CSGS7,q3_2020,1,robust_rolling_cqr,combined_outage,non_ramp,4960,4960,0,1.0,4597,0.9268145161290322,0.9268145161290322,True,usable_predictions,attempted_predictions
CSGS7,q3_2020,1,robust_rolling_cqr,combined_outage,ramp,928,928,0,1.0,686,0.7392241379310345,0.7392241379310345,True,usable_predictions,attempted_predictions
CSGS7,q3_2020,1,robust_rolling_cqr,irradiance_outage,non_ramp,4960,4960,0,1.0,4726,0.9528225806451613,0.9528225806451613,True,usable_predictions,attempted_predictions
CSGS7,q3_2020,1,robust_rolling_cqr,irradiance_outage,ramp,928,928,0,1.0,606,0.6530172413793104,0.6530172413793104,True,usable_predictions,attempted_predictions
CSGS7,q3_2020,1,robust_rolling_cqr,recent_power_outage,non_ramp,4960,4960,0,1.0,4719,0.9514112903225806,0.9514112903225806,True,usable_predictions,attempted_predictions
CSGS7,q3_2020,1,robust_rolling_cqr,recent_power_outage,ramp,928,928,0,1.0,611,0.6584051724137931,0.6584051724137931,True,usable_predictions,attempted_predictions
CSGS7,q3_2020,1,robust_rolling_cqr,weather_outage,non_ramp,4960,4960,0,1.0,4737,0.9550403225806452,0.9550403225806452,True,usable_predictions,attempted_predictions
CSGS7,q3_2020,1,robust_rolling_cqr,weather_outage,ramp,928,928,0,1.0,573,0.6174568965517241,0.6174568965517241,True,usable_predictions,attempted_predictions
CSGS7,q3_2020,4,clean_condition_cqr,clean,non_ramp,4877,4877,0,1.0,4548,0.9325404962066844,0.9325404962066844,True,usable_predictions,attempted_predictions
CSGS7,q3_2020,4,clean_condition_cqr,clean,ramp,1011,1011,0,1.0,651,0.6439169139465876,0.6439169139465876,True,usable_predictions,attempted_predictions
CSGS7,q3_2020,4,clean_condition_cqr,combined_outage,non_ramp,4877,4877,0,1.0,4563,0.9356161574738568,0.9356161574738568,True,usable_predictions,attempted_predictions
CSGS7,q3_2020,4,clean_condition_cqr,combined_outage,ramp,1011,1011,0,1.0,881,0.8714144411473789,0.8714144411473789,True,usable_predictions,attempted_predictions
CSGS7,q3_2020,4,clean_condition_cqr,irradiance_outage,non_ramp,4877,4877,0,1.0,4508,0.924338732827558,0.924338732827558,True,usable_predictions,attempted_predictions
CSGS7,q3_2020,4,clean_condition_cqr,irradiance_outage,ramp,1011,1011,0,1.0,672,0.6646884272997032,0.6646884272997032,True,usable_predictions,attempted_predictions
CSGS7,q3_2020,4,clean_condition_cqr,recent_power_outage,non_ramp,4877,4877,0,1.0,4514,0.9255689973344269,0.9255689973344269,True,usable_predictions,attempted_predictions
CSGS7,q3_2020,4,clean_condition_cqr,recent_power_outage,ramp,1011,1011,0,1.0,763,0.7546983184965381,0.7546983184965381,True,usable_predictions,attempted_predictions
CSGS7,q3_2020,4,clean_condition_cqr,weather_outage,non_ramp,4877,4877,0,1.0,4558,0.9345909370514661,0.9345909370514661,True,usable_predictions,attempted_predictions
CSGS7,q3_2020,4,clean_condition_cqr,weather_outage,ramp,1011,1011,0,1.0,658,0.6508407517309595,0.6508407517309595,True,usable_predictions,attempted_predictions
CSGS7,q3_2020,4,lgbm_condition_cqr,clean,non_ramp,4877,4877,0,1.0,4610,0.9452532294443305,0.9452532294443305,True,usable_predictions,attempted_predictions
CSGS7,q3_2020,4,lgbm_condition_cqr,clean,ramp,1011,1011,0,1.0,831,0.8219584569732937,0.8219584569732937,True,usable_predictions,attempted_predictions
CSGS7,q3_2020,4,lgbm_condition_cqr,combined_outage,non_ramp,4877,4877,0,1.0,4396,0.9013737953660037,0.9013737953660037,True,usable_predictions,attempted_predictions
CSGS7,q3_2020,4,lgbm_condition_cqr,combined_outage,ramp,1011,1011,0,1.0,931,0.9208704253214639,0.9208704253214639,True,usable_predictions,attempted_predictions
CSGS7,q3_2020,4,lgbm_condition_cqr,irradiance_outage,non_ramp,4877,4877,0,1.0,4684,0.9604264916957146,0.9604264916957146,True,usable_predictions,attempted_predictions
CSGS7,q3_2020,4,lgbm_condition_cqr,irradiance_outage,ramp,1011,1011,0,1.0,833,0.8239366963402571,0.8239366963402571,True,usable_predictions,attempted_predictions
CSGS7,q3_2020,4,lgbm_condition_cqr,recent_power_outage,non_ramp,4877,4877,0,1.0,4583,0.9397170391634201,0.9397170391634201,True,usable_predictions,attempted_predictions
CSGS7,q3_2020,4,lgbm_condition_cqr,recent_power_outage,ramp,1011,1011,0,1.0,908,0.8981206726013847,0.8981206726013847,True,usable_predictions,attempted_predictions
CSGS7,q3_2020,4,lgbm_condition_cqr,weather_outage,non_ramp,4877,4877,0,1.0,4510,0.9247488209965142,0.9247488209965142,True,usable_predictions,attempted_predictions
CSGS7,q3_2020,4,lgbm_condition_cqr,weather_outage,ramp,1011,1011,0,1.0,811,0.8021760633036598,0.8021760633036598,True,usable_predictions,attempted_predictions
CSGS7,q3_2020,4,oracle_ramp_mondrian,clean,non_ramp,4877,4877,0,1.0,4274,0.8763584170596679,0.8763584170596679,True,usable_predictions,attempted_predictions
CSGS7,q3_2020,4,oracle_ramp_mondrian,clean,ramp,1011,1011,0,1.0,882,0.8724035608308606,0.8724035608308606,True,usable_predictions,attempted_predictions
CSGS7,q3_2020,4,oracle_ramp_mondrian,combined_outage,non_ramp,4877,4877,0,1.0,4299,0.8814845191716218,0.8814845191716218,True,usable_predictions,attempted_predictions
CSGS7,q3_2020,4,oracle_ramp_mondrian,combined_outage,ramp,1011,1011,0,1.0,849,0.8397626112759644,0.8397626112759644,True,usable_predictions,attempted_predictions
CSGS7,q3_2020,4,oracle_ramp_mondrian,irradiance_outage,non_ramp,4877,4877,0,1.0,4305,0.8827147836784909,0.8827147836784909,True,usable_predictions,attempted_predictions
CSGS7,q3_2020,4,oracle_ramp_mondrian,irradiance_outage,ramp,1011,1011,0,1.0,862,0.8526211671612265,0.8526211671612265,True,usable_predictions,attempted_predictions
CSGS7,q3_2020,4,oracle_ramp_mondrian,recent_power_outage,non_ramp,4877,4877,0,1.0,4325,0.8868156653680541,0.8868156653680541,True,usable_predictions,attempted_predictions
CSGS7,q3_2020,4,oracle_ramp_mondrian,recent_power_outage,ramp,1011,1011,0,1.0,902,0.8921859545004945,0.8921859545004945,True,usable_predictions,attempted_predictions
CSGS7,q3_2020,4,oracle_ramp_mondrian,weather_outage,non_ramp,4877,4877,0,1.0,4314,0.8845601804387944,0.8845601804387944,True,usable_predictions,attempted_predictions
CSGS7,q3_2020,4,oracle_ramp_mondrian,weather_outage,ramp,1011,1011,0,1.0,881,0.8714144411473789,0.8714144411473789,True,usable_predictions,attempted_predictions
CSGS7,q3_2020,4,persistence_condition_cqr,clean,non_ramp,4877,4877,0,1.0,4877,1.0,1.0,True,usable_predictions,attempted_predictions
CSGS7,q3_2020,4,persistence_condition_cqr,clean,ramp,1011,1011,0,1.0,402,0.39762611275964393,0.39762611275964393,True,usable_predictions,attempted_predictions
CSGS7,q3_2020,4,persistence_condition_cqr,combined_outage,non_ramp,4877,4877,0,1.0,4651,0.9536600369079352,0.9536600369079352,True,usable_predictions,attempted_predictions
CSGS7,q3_2020,4,persistence_condition_cqr,combined_outage,ramp,1011,1011,0,1.0,820,0.811078140454995,0.811078140454995,True,usable_predictions,attempted_predictions
CSGS7,q3_2020,4,persistence_condition_cqr,irradiance_outage,non_ramp,4877,4877,0,1.0,4877,1.0,1.0,True,usable_predictions,attempted_predictions
CSGS7,q3_2020,4,persistence_condition_cqr,irradiance_outage,ramp,1011,1011,0,1.0,402,0.39762611275964393,0.39762611275964393,True,usable_predictions,attempted_predictions
CSGS7,q3_2020,4,persistence_condition_cqr,recent_power_outage,non_ramp,4877,4877,0,1.0,4651,0.9536600369079352,0.9536600369079352,True,usable_predictions,attempted_predictions
CSGS7,q3_2020,4,persistence_condition_cqr,recent_power_outage,ramp,1011,1011,0,1.0,820,0.811078140454995,0.811078140454995,True,usable_predictions,attempted_predictions
CSGS7,q3_2020,4,persistence_condition_cqr,weather_outage,non_ramp,4877,4877,0,1.0,4877,1.0,1.0,True,usable_predictions,attempted_predictions
CSGS7,q3_2020,4,persistence_condition_cqr,weather_outage,ramp,1011,1011,0,1.0,402,0.39762611275964393,0.39762611275964393,True,usable_predictions,attempted_predictions
CSGS7,q3_2020,4,robust_condition_cqr,clean,non_ramp,4877,4877,0,1.0,4472,0.916957145786344,0.916957145786344,True,usable_predictions,attempted_predictions
CSGS7,q3_2020,4,robust_condition_cqr,clean,ramp,1011,1011,0,1.0,721,0.7131552917903067,0.7131552917903067,True,usable_predictions,attempted_predictions
CSGS7,q3_2020,4,robust_condition_cqr,combined_outage,non_ramp,4877,4877,0,1.0,4405,0.9032191921263072,0.9032191921263072,True,usable_predictions,attempted_predictions
CSGS7,q3_2020,4,robust_condition_cqr,combined_outage,ramp,1011,1011,0,1.0,723,0.7151335311572701,0.7151335311572701,True,usable_predictions,attempted_predictions
CSGS7,q3_2020,4,robust_condition_cqr,irradiance_outage,non_ramp,4877,4877,0,1.0,4429,0.9081402501537831,0.9081402501537831,True,usable_predictions,attempted_predictions
CSGS7,q3_2020,4,robust_condition_cqr,irradiance_outage,ramp,1011,1011,0,1.0,726,0.7181008902077152,0.7181008902077152,True,usable_predictions,attempted_predictions
CSGS7,q3_2020,4,robust_condition_cqr,recent_power_outage,non_ramp,4877,4877,0,1.0,4501,0.9229034242362107,0.9229034242362107,True,usable_predictions,attempted_predictions
CSGS7,q3_2020,4,robust_condition_cqr,recent_power_outage,ramp,1011,1011,0,1.0,746,0.7378832838773491,0.7378832838773491,True,usable_predictions,attempted_predictions
CSGS7,q3_2020,4,robust_condition_cqr,weather_outage,non_ramp,4877,4877,0,1.0,4510,0.9247488209965142,0.9247488209965142,True,usable_predictions,attempted_predictions
CSGS7,q3_2020,4,robust_condition_cqr,weather_outage,ramp,1011,1011,0,1.0,740,0.731948565776459,0.731948565776459,True,usable_predictions,attempted_predictions
CSGS7,q3_2020,4,robust_local_cqr,clean,non_ramp,4877,4877,0,1.0,4575,0.9380766864875948,0.9380766864875948,True,usable_predictions,attempted_predictions
CSGS7,q3_2020,4,robust_local_cqr,clean,ramp,1011,1011,0,1.0,802,0.7932739861523245,0.7932739861523245,True,usable_predictions,attempted_predictions
CSGS7,q3_2020,4,robust_local_cqr,combined_outage,non_ramp,4877,4877,0,1.0,4500,0.9226983801517327,0.9226983801517327,True,usable_predictions,attempted_predictions
CSGS7,q3_2020,4,robust_local_cqr,combined_outage,ramp,1011,1011,0,1.0,808,0.7992087042532147,0.7992087042532147,True,usable_predictions,attempted_predictions
CSGS7,q3_2020,4,robust_local_cqr,irradiance_outage,non_ramp,4877,4877,0,1.0,4610,0.9452532294443305,0.9452532294443305,True,usable_predictions,attempted_predictions
CSGS7,q3_2020,4,robust_local_cqr,irradiance_outage,ramp,1011,1011,0,1.0,808,0.7992087042532147,0.7992087042532147,True,usable_predictions,attempted_predictions
CSGS7,q3_2020,4,robust_local_cqr,recent_power_outage,non_ramp,4877,4877,0,1.0,4607,0.9446380971908961,0.9446380971908961,True,usable_predictions,attempted_predictions
CSGS7,q3_2020,4,robust_local_cqr,recent_power_outage,ramp,1011,1011,0,1.0,821,0.8120672601384767,0.8120672601384767,True,usable_predictions,attempted_predictions
CSGS7,q3_2020,4,robust_local_cqr,weather_outage,non_ramp,4877,4877,0,1.0,4600,0.9432027885995489,0.9432027885995489,True,usable_predictions,attempted_predictions
CSGS7,q3_2020,4,robust_local_cqr,weather_outage,ramp,1011,1011,0,1.0,817,0.80811078140455,0.80811078140455,True,usable_predictions,attempted_predictions
CSGS7,q3_2020,4,robust_risk_mondrian,clean,non_ramp,4877,4877,0,1.0,4422,0.906704941562436,0.906704941562436,True,usable_predictions,attempted_predictions
CSGS7,q3_2020,4,robust_risk_mondrian,clean,ramp,1011,1011,0,1.0,778,0.7695351137487636,0.7695351137487636,True,usable_predictions,attempted_predictions
CSGS7,q3_2020,4,robust_risk_mondrian,combined_outage,non_ramp,4877,4877,0,1.0,4436,0.9095755587451302,0.9095755587451302,True,usable_predictions,attempted_predictions
CSGS7,q3_2020,4,robust_risk_mondrian,combined_outage,ramp,1011,1011,0,1.0,737,0.7289812067260139,0.7289812067260139,True,usable_predictions,attempted_predictions
CSGS7,q3_2020,4,robust_risk_mondrian,irradiance_outage,non_ramp,4877,4877,0,1.0,4414,0.9050645888866106,0.9050645888866106,True,usable_predictions,attempted_predictions
CSGS7,q3_2020,4,robust_risk_mondrian,irradiance_outage,ramp,1011,1011,0,1.0,779,0.7705242334322453,0.7705242334322453,True,usable_predictions,attempted_predictions
CSGS7,q3_2020,4,robust_risk_mondrian,recent_power_outage,non_ramp,4877,4877,0,1.0,4519,0.9265942177568177,0.9265942177568177,True,usable_predictions,attempted_predictions
CSGS7,q3_2020,4,robust_risk_mondrian,recent_power_outage,ramp,1011,1011,0,1.0,772,0.7636003956478734,0.7636003956478734,True,usable_predictions,attempted_predictions
CSGS7,q3_2020,4,robust_risk_mondrian,weather_outage,non_ramp,4877,4877,0,1.0,4452,0.9128562640967808,0.9128562640967808,True,usable_predictions,attempted_predictions
CSGS7,q3_2020,4,robust_risk_mondrian,weather_outage,ramp,1011,1011,0,1.0,792,0.7833827893175074,0.7833827893175074,True,usable_predictions,attempted_predictions
CSGS7,q3_2020,4,robust_rolling_cqr,clean,non_ramp,4877,4877,0,1.0,4574,0.9378716424031167,0.9378716424031167,True,usable_predictions,attempted_predictions
CSGS7,q3_2020,4,robust_rolling_cqr,clean,ramp,1011,1011,0,1.0,742,0.7339268051434223,0.7339268051434223,True,usable_predictions,attempted_predictions
CSGS7,q3_2020,4,robust_rolling_cqr,combined_outage,non_ramp,4877,4877,0,1.0,4520,0.9267992618412959,0.9267992618412959,True,usable_predictions,attempted_predictions
CSGS7,q3_2020,4,robust_rolling_cqr,combined_outage,ramp,1011,1011,0,1.0,759,0.7507418397626113,0.7507418397626113,True,usable_predictions,attempted_predictions
CSGS7,q3_2020,4,robust_rolling_cqr,irradiance_outage,non_ramp,4877,4877,0,1.0,4539,0.930695099446381,0.930695099446381,True,usable_predictions,attempted_predictions
CSGS7,q3_2020,4,robust_rolling_cqr,irradiance_outage,ramp,1011,1011,0,1.0,765,0.7566765578635015,0.7566765578635015,True,usable_predictions,attempted_predictions
CSGS7,q3_2020,4,robust_rolling_cqr,recent_power_outage,non_ramp,4877,4877,0,1.0,4539,0.930695099446381,0.930695099446381,True,usable_predictions,attempted_predictions
CSGS7,q3_2020,4,robust_rolling_cqr,recent_power_outage,ramp,1011,1011,0,1.0,757,0.7487636003956478,0.7487636003956478,True,usable_predictions,attempted_predictions
CSGS7,q3_2020,4,robust_rolling_cqr,weather_outage,non_ramp,4877,4877,0,1.0,4553,0.9335657166290753,0.9335657166290753,True,usable_predictions,attempted_predictions
CSGS7,q3_2020,4,robust_rolling_cqr,weather_outage,ramp,1011,1011,0,1.0,756,0.7477744807121661,0.7477744807121661,True,usable_predictions,attempted_predictions
CSGS7,q4_2020,1,clean_condition_cqr,clean,non_ramp,5320,5320,0,1.0,5256,0.98796992481203,0.98796992481203,True,usable_predictions,attempted_predictions
CSGS7,q4_2020,1,clean_condition_cqr,clean,ramp,568,568,0,1.0,268,0.47183098591549294,0.47183098591549294,True,usable_predictions,attempted_predictions
CSGS7,q4_2020,1,clean_condition_cqr,combined_outage,non_ramp,5320,5320,0,1.0,4439,0.8343984962406015,0.8343984962406015,True,usable_predictions,attempted_predictions
CSGS7,q4_2020,1,clean_condition_cqr,combined_outage,ramp,568,568,0,1.0,458,0.8063380281690141,0.8063380281690141,True,usable_predictions,attempted_predictions
CSGS7,q4_2020,1,clean_condition_cqr,irradiance_outage,non_ramp,5320,5320,0,1.0,5200,0.9774436090225563,0.9774436090225563,True,usable_predictions,attempted_predictions
CSGS7,q4_2020,1,clean_condition_cqr,irradiance_outage,ramp,568,568,0,1.0,300,0.528169014084507,0.528169014084507,True,usable_predictions,attempted_predictions
CSGS7,q4_2020,1,clean_condition_cqr,recent_power_outage,non_ramp,5320,5320,0,1.0,4403,0.8276315789473684,0.8276315789473684,True,usable_predictions,attempted_predictions
CSGS7,q4_2020,1,clean_condition_cqr,recent_power_outage,ramp,568,568,0,1.0,431,0.7588028169014085,0.7588028169014085,True,usable_predictions,attempted_predictions
CSGS7,q4_2020,1,clean_condition_cqr,weather_outage,non_ramp,5320,5320,0,1.0,5249,0.9866541353383459,0.9866541353383459,True,usable_predictions,attempted_predictions
CSGS7,q4_2020,1,clean_condition_cqr,weather_outage,ramp,568,568,0,1.0,269,0.4735915492957746,0.4735915492957746,True,usable_predictions,attempted_predictions
CSGS7,q4_2020,1,lgbm_condition_cqr,clean,non_ramp,5320,5320,0,1.0,5098,0.9582706766917293,0.9582706766917293,True,usable_predictions,attempted_predictions
CSGS7,q4_2020,1,lgbm_condition_cqr,clean,ramp,568,568,0,1.0,325,0.5721830985915493,0.5721830985915493,True,usable_predictions,attempted_predictions
CSGS7,q4_2020,1,lgbm_condition_cqr,combined_outage,non_ramp,5320,5320,0,1.0,4479,0.8419172932330827,0.8419172932330827,True,usable_predictions,attempted_predictions
CSGS7,q4_2020,1,lgbm_condition_cqr,combined_outage,ramp,568,568,0,1.0,469,0.8257042253521126,0.8257042253521126,True,usable_predictions,attempted_predictions
CSGS7,q4_2020,1,lgbm_condition_cqr,irradiance_outage,non_ramp,5320,5320,0,1.0,5087,0.9562030075187969,0.9562030075187969,True,usable_predictions,attempted_predictions
CSGS7,q4_2020,1,lgbm_condition_cqr,irradiance_outage,ramp,568,568,0,1.0,369,0.6496478873239436,0.6496478873239436,True,usable_predictions,attempted_predictions
CSGS7,q4_2020,1,lgbm_condition_cqr,recent_power_outage,non_ramp,5320,5320,0,1.0,4112,0.7729323308270677,0.7729323308270677,True,usable_predictions,attempted_predictions
CSGS7,q4_2020,1,lgbm_condition_cqr,recent_power_outage,ramp,568,568,0,1.0,473,0.8327464788732394,0.8327464788732394,True,usable_predictions,attempted_predictions
CSGS7,q4_2020,1,lgbm_condition_cqr,weather_outage,non_ramp,5320,5320,0,1.0,5145,0.9671052631578947,0.9671052631578947,True,usable_predictions,attempted_predictions
CSGS7,q4_2020,1,lgbm_condition_cqr,weather_outage,ramp,568,568,0,1.0,314,0.5528169014084507,0.5528169014084507,True,usable_predictions,attempted_predictions
CSGS7,q4_2020,1,oracle_ramp_mondrian,clean,non_ramp,5320,5320,0,1.0,5119,0.962218045112782,0.962218045112782,True,usable_predictions,attempted_predictions
CSGS7,q4_2020,1,oracle_ramp_mondrian,clean,ramp,568,568,0,1.0,505,0.8890845070422535,0.8890845070422535,True,usable_predictions,attempted_predictions
CSGS7,q4_2020,1,oracle_ramp_mondrian,combined_outage,non_ramp,5320,5320,0,1.0,5015,0.9426691729323309,0.9426691729323309,True,usable_predictions,attempted_predictions
CSGS7,q4_2020,1,oracle_ramp_mondrian,combined_outage,ramp,568,568,0,1.0,519,0.9137323943661971,0.9137323943661971,True,usable_predictions,attempted_predictions
CSGS7,q4_2020,1,oracle_ramp_mondrian,irradiance_outage,non_ramp,5320,5320,0,1.0,5104,0.9593984962406015,0.9593984962406015,True,usable_predictions,attempted_predictions
CSGS7,q4_2020,1,oracle_ramp_mondrian,irradiance_outage,ramp,568,568,0,1.0,509,0.8961267605633803,0.8961267605633803,True,usable_predictions,attempted_predictions
CSGS7,q4_2020,1,oracle_ramp_mondrian,recent_power_outage,non_ramp,5320,5320,0,1.0,5030,0.9454887218045113,0.9454887218045113,True,usable_predictions,attempted_predictions
CSGS7,q4_2020,1,oracle_ramp_mondrian,recent_power_outage,ramp,568,568,0,1.0,501,0.8820422535211268,0.8820422535211268,True,usable_predictions,attempted_predictions
CSGS7,q4_2020,1,oracle_ramp_mondrian,weather_outage,non_ramp,5320,5320,0,1.0,5126,0.9635338345864661,0.9635338345864661,True,usable_predictions,attempted_predictions
CSGS7,q4_2020,1,oracle_ramp_mondrian,weather_outage,ramp,568,568,0,1.0,493,0.8679577464788732,0.8679577464788732,True,usable_predictions,attempted_predictions
CSGS7,q4_2020,1,persistence_condition_cqr,clean,non_ramp,5320,5320,0,1.0,5320,1.0,1.0,True,usable_predictions,attempted_predictions
CSGS7,q4_2020,1,persistence_condition_cqr,clean,ramp,568,568,0,1.0,218,0.38380281690140844,0.38380281690140844,True,usable_predictions,attempted_predictions
CSGS7,q4_2020,1,persistence_condition_cqr,combined_outage,non_ramp,5320,5320,0,1.0,4560,0.8571428571428571,0.8571428571428571,True,usable_predictions,attempted_predictions
CSGS7,q4_2020,1,persistence_condition_cqr,combined_outage,ramp,568,568,0,1.0,453,0.7975352112676056,0.7975352112676056,True,usable_predictions,attempted_predictions
CSGS7,q4_2020,1,persistence_condition_cqr,irradiance_outage,non_ramp,5320,5320,0,1.0,5320,1.0,1.0,True,usable_predictions,attempted_predictions
CSGS7,q4_2020,1,persistence_condition_cqr,irradiance_outage,ramp,568,568,0,1.0,218,0.38380281690140844,0.38380281690140844,True,usable_predictions,attempted_predictions
CSGS7,q4_2020,1,persistence_condition_cqr,recent_power_outage,non_ramp,5320,5320,0,1.0,4560,0.8571428571428571,0.8571428571428571,True,usable_predictions,attempted_predictions
CSGS7,q4_2020,1,persistence_condition_cqr,recent_power_outage,ramp,568,568,0,1.0,453,0.7975352112676056,0.7975352112676056,True,usable_predictions,attempted_predictions
CSGS7,q4_2020,1,persistence_condition_cqr,weather_outage,non_ramp,5320,5320,0,1.0,5320,1.0,1.0,True,usable_predictions,attempted_predictions
CSGS7,q4_2020,1,persistence_condition_cqr,weather_outage,ramp,568,568,0,1.0,218,0.38380281690140844,0.38380281690140844,True,usable_predictions,attempted_predictions
CSGS7,q4_2020,1,robust_condition_cqr,clean,non_ramp,5320,5320,0,1.0,5229,0.9828947368421053,0.9828947368421053,True,usable_predictions,attempted_predictions
CSGS7,q4_2020,1,robust_condition_cqr,clean,ramp,568,568,0,1.0,331,0.5827464788732394,0.5827464788732394,True,usable_predictions,attempted_predictions
CSGS7,q4_2020,1,robust_condition_cqr,combined_outage,non_ramp,5320,5320,0,1.0,5092,0.9571428571428572,0.9571428571428572,True,usable_predictions,attempted_predictions
CSGS7,q4_2020,1,robust_condition_cqr,combined_outage,ramp,568,568,0,1.0,411,0.7235915492957746,0.7235915492957746,True,usable_predictions,attempted_predictions
CSGS7,q4_2020,1,robust_condition_cqr,irradiance_outage,non_ramp,5320,5320,0,1.0,5205,0.9783834586466166,0.9783834586466166,True,usable_predictions,attempted_predictions
CSGS7,q4_2020,1,robust_condition_cqr,irradiance_outage,ramp,568,568,0,1.0,337,0.5933098591549296,0.5933098591549296,True,usable_predictions,attempted_predictions
CSGS7,q4_2020,1,robust_condition_cqr,recent_power_outage,non_ramp,5320,5320,0,1.0,5148,0.9676691729323308,0.9676691729323308,True,usable_predictions,attempted_predictions
CSGS7,q4_2020,1,robust_condition_cqr,recent_power_outage,ramp,568,568,0,1.0,361,0.6355633802816901,0.6355633802816901,True,usable_predictions,attempted_predictions
CSGS7,q4_2020,1,robust_condition_cqr,weather_outage,non_ramp,5320,5320,0,1.0,5209,0.9791353383458646,0.9791353383458646,True,usable_predictions,attempted_predictions
CSGS7,q4_2020,1,robust_condition_cqr,weather_outage,ramp,568,568,0,1.0,320,0.5633802816901409,0.5633802816901409,True,usable_predictions,attempted_predictions
CSGS7,q4_2020,1,robust_local_cqr,clean,non_ramp,5320,5320,0,1.0,5221,0.981390977443609,0.981390977443609,True,usable_predictions,attempted_predictions
CSGS7,q4_2020,1,robust_local_cqr,clean,ramp,568,568,0,1.0,388,0.6830985915492958,0.6830985915492958,True,usable_predictions,attempted_predictions
CSGS7,q4_2020,1,robust_local_cqr,combined_outage,non_ramp,5320,5320,0,1.0,5094,0.9575187969924812,0.9575187969924812,True,usable_predictions,attempted_predictions
CSGS7,q4_2020,1,robust_local_cqr,combined_outage,ramp,568,568,0,1.0,446,0.7852112676056338,0.7852112676056338,True,usable_predictions,attempted_predictions
CSGS7,q4_2020,1,robust_local_cqr,irradiance_outage,non_ramp,5320,5320,0,1.0,5208,0.9789473684210527,0.9789473684210527,True,usable_predictions,attempted_predictions
CSGS7,q4_2020,1,robust_local_cqr,irradiance_outage,ramp,568,568,0,1.0,387,0.6813380281690141,0.6813380281690141,True,usable_predictions,attempted_predictions
CSGS7,q4_2020,1,robust_local_cqr,recent_power_outage,non_ramp,5320,5320,0,1.0,5167,0.9712406015037593,0.9712406015037593,True,usable_predictions,attempted_predictions
CSGS7,q4_2020,1,robust_local_cqr,recent_power_outage,ramp,568,568,0,1.0,412,0.7253521126760564,0.7253521126760564,True,usable_predictions,attempted_predictions
CSGS7,q4_2020,1,robust_local_cqr,weather_outage,non_ramp,5320,5320,0,1.0,5211,0.9795112781954888,0.9795112781954888,True,usable_predictions,attempted_predictions
CSGS7,q4_2020,1,robust_local_cqr,weather_outage,ramp,568,568,0,1.0,373,0.6566901408450704,0.6566901408450704,True,usable_predictions,attempted_predictions
CSGS7,q4_2020,1,robust_risk_mondrian,clean,non_ramp,5320,5320,0,1.0,5217,0.9806390977443609,0.9806390977443609,True,usable_predictions,attempted_predictions
CSGS7,q4_2020,1,robust_risk_mondrian,clean,ramp,568,568,0,1.0,396,0.6971830985915493,0.6971830985915493,True,usable_predictions,attempted_predictions
CSGS7,q4_2020,1,robust_risk_mondrian,combined_outage,non_ramp,5320,5320,0,1.0,5122,0.9627819548872181,0.9627819548872181,True,usable_predictions,attempted_predictions
CSGS7,q4_2020,1,robust_risk_mondrian,combined_outage,ramp,568,568,0,1.0,454,0.7992957746478874,0.7992957746478874,True,usable_predictions,attempted_predictions
CSGS7,q4_2020,1,robust_risk_mondrian,irradiance_outage,non_ramp,5320,5320,0,1.0,5228,0.9827067669172932,0.9827067669172932,True,usable_predictions,attempted_predictions
CSGS7,q4_2020,1,robust_risk_mondrian,irradiance_outage,ramp,568,568,0,1.0,400,0.704225352112676,0.704225352112676,True,usable_predictions,attempted_predictions
CSGS7,q4_2020,1,robust_risk_mondrian,recent_power_outage,non_ramp,5320,5320,0,1.0,5175,0.9727443609022557,0.9727443609022557,True,usable_predictions,attempted_predictions
CSGS7,q4_2020,1,robust_risk_mondrian,recent_power_outage,ramp,568,568,0,1.0,420,0.7394366197183099,0.7394366197183099,True,usable_predictions,attempted_predictions
CSGS7,q4_2020,1,robust_risk_mondrian,weather_outage,non_ramp,5320,5320,0,1.0,5197,0.9768796992481203,0.9768796992481203,True,usable_predictions,attempted_predictions
CSGS7,q4_2020,1,robust_risk_mondrian,weather_outage,ramp,568,568,0,1.0,395,0.6954225352112676,0.6954225352112676,True,usable_predictions,attempted_predictions
CSGS7,q4_2020,1,robust_rolling_cqr,clean,non_ramp,5320,5320,0,1.0,5178,0.9733082706766917,0.9733082706766917,True,usable_predictions,attempted_predictions
CSGS7,q4_2020,1,robust_rolling_cqr,clean,ramp,568,568,0,1.0,337,0.5933098591549296,0.5933098591549296,True,usable_predictions,attempted_predictions
CSGS7,q4_2020,1,robust_rolling_cqr,combined_outage,non_ramp,5320,5320,0,1.0,5015,0.9426691729323309,0.9426691729323309,True,usable_predictions,attempted_predictions
CSGS7,q4_2020,1,robust_rolling_cqr,combined_outage,ramp,568,568,0,1.0,397,0.698943661971831,0.698943661971831,True,usable_predictions,attempted_predictions
CSGS7,q4_2020,1,robust_rolling_cqr,irradiance_outage,non_ramp,5320,5320,0,1.0,5153,0.968609022556391,0.968609022556391,True,usable_predictions,attempted_predictions
CSGS7,q4_2020,1,robust_rolling_cqr,irradiance_outage,ramp,568,568,0,1.0,335,0.5897887323943662,0.5897887323943662,True,usable_predictions,attempted_predictions
CSGS7,q4_2020,1,robust_rolling_cqr,recent_power_outage,non_ramp,5320,5320,0,1.0,5121,0.962593984962406,0.962593984962406,True,usable_predictions,attempted_predictions
CSGS7,q4_2020,1,robust_rolling_cqr,recent_power_outage,ramp,568,568,0,1.0,365,0.6426056338028169,0.6426056338028169,True,usable_predictions,attempted_predictions
CSGS7,q4_2020,1,robust_rolling_cqr,weather_outage,non_ramp,5320,5320,0,1.0,5186,0.974812030075188,0.974812030075188,True,usable_predictions,attempted_predictions
CSGS7,q4_2020,1,robust_rolling_cqr,weather_outage,ramp,568,568,0,1.0,330,0.5809859154929577,0.5809859154929577,True,usable_predictions,attempted_predictions
CSGS7,q4_2020,4,clean_condition_cqr,clean,non_ramp,4861,4861,0,1.0,4678,0.9623534252211479,0.9623534252211479,True,usable_predictions,attempted_predictions
CSGS7,q4_2020,4,clean_condition_cqr,clean,ramp,1027,1027,0,1.0,770,0.7497565725413826,0.7497565725413826,True,usable_predictions,attempted_predictions
CSGS7,q4_2020,4,clean_condition_cqr,combined_outage,non_ramp,4861,4861,0,1.0,4218,0.8677226908043613,0.8677226908043613,True,usable_predictions,attempted_predictions
CSGS7,q4_2020,4,clean_condition_cqr,combined_outage,ramp,1027,1027,0,1.0,959,0.9337877312560857,0.9337877312560857,True,usable_predictions,attempted_predictions
CSGS7,q4_2020,4,clean_condition_cqr,irradiance_outage,non_ramp,4861,4861,0,1.0,4692,0.965233491051224,0.965233491051224,True,usable_predictions,attempted_predictions
CSGS7,q4_2020,4,clean_condition_cqr,irradiance_outage,ramp,1027,1027,0,1.0,802,0.7809152872444012,0.7809152872444012,True,usable_predictions,attempted_predictions
CSGS7,q4_2020,4,clean_condition_cqr,recent_power_outage,non_ramp,4861,4861,0,1.0,4442,0.9138037440855791,0.9138037440855791,True,usable_predictions,attempted_predictions
CSGS7,q4_2020,4,clean_condition_cqr,recent_power_outage,ramp,1027,1027,0,1.0,907,0.8831548198636806,0.8831548198636806,True,usable_predictions,attempted_predictions
CSGS7,q4_2020,4,clean_condition_cqr,weather_outage,non_ramp,4861,4861,0,1.0,4707,0.9683192758691628,0.9683192758691628,True,usable_predictions,attempted_predictions
CSGS7,q4_2020,4,clean_condition_cqr,weather_outage,ramp,1027,1027,0,1.0,743,0.7234664070107109,0.7234664070107109,True,usable_predictions,attempted_predictions
CSGS7,q4_2020,4,lgbm_condition_cqr,clean,non_ramp,4861,4861,0,1.0,4193,0.8625797161077967,0.8625797161077967,True,usable_predictions,attempted_predictions
CSGS7,q4_2020,4,lgbm_condition_cqr,clean,ramp,1027,1027,0,1.0,831,0.8091528724440117,0.8091528724440117,True,usable_predictions,attempted_predictions
CSGS7,q4_2020,4,lgbm_condition_cqr,combined_outage,non_ramp,4861,4861,0,1.0,3835,0.7889323184529932,0.7889323184529932,True,usable_predictions,attempted_predictions
CSGS7,q4_2020,4,lgbm_condition_cqr,combined_outage,ramp,1027,1027,0,1.0,1021,0.994157740993184,0.994157740993184,True,usable_predictions,attempted_predictions
CSGS7,q4_2020,4,lgbm_condition_cqr,irradiance_outage,non_ramp,4861,4861,0,1.0,3561,0.7325653157786464,0.7325653157786464,True,usable_predictions,attempted_predictions
CSGS7,q4_2020,4,lgbm_condition_cqr,irradiance_outage,ramp,1027,1027,0,1.0,842,0.8198636806231743,0.8198636806231743,True,usable_predictions,attempted_predictions
CSGS7,q4_2020,4,lgbm_condition_cqr,recent_power_outage,non_ramp,4861,4861,0,1.0,3918,0.8060069944455873,0.8060069944455873,True,usable_predictions,attempted_predictions
CSGS7,q4_2020,4,lgbm_condition_cqr,recent_power_outage,ramp,1027,1027,0,1.0,996,0.9698149951314509,0.9698149951314509,True,usable_predictions,attempted_predictions
CSGS7,q4_2020,4,lgbm_condition_cqr,weather_outage,non_ramp,4861,4861,0,1.0,4495,0.9247068504422958,0.9247068504422958,True,usable_predictions,attempted_predictions
CSGS7,q4_2020,4,lgbm_condition_cqr,weather_outage,ramp,1027,1027,0,1.0,790,0.7692307692307693,0.7692307692307693,True,usable_predictions,attempted_predictions
CSGS7,q4_2020,4,oracle_ramp_mondrian,clean,non_ramp,4861,4861,0,1.0,4525,0.9308784200781732,0.9308784200781732,True,usable_predictions,attempted_predictions
CSGS7,q4_2020,4,oracle_ramp_mondrian,clean,ramp,1027,1027,0,1.0,965,0.9396299902629016,0.9396299902629016,True,usable_predictions,attempted_predictions
CSGS7,q4_2020,4,oracle_ramp_mondrian,combined_outage,non_ramp,4861,4861,0,1.0,4501,0.9259411643694713,0.9259411643694713,True,usable_predictions,attempted_predictions
CSGS7,q4_2020,4,oracle_ramp_mondrian,combined_outage,ramp,1027,1027,0,1.0,950,0.9250243427458618,0.9250243427458618,True,usable_predictions,attempted_predictions
CSGS7,q4_2020,4,oracle_ramp_mondrian,irradiance_outage,non_ramp,4861,4861,0,1.0,4528,0.931495577041761,0.931495577041761,True,usable_predictions,attempted_predictions
CSGS7,q4_2020,4,oracle_ramp_mondrian,irradiance_outage,ramp,1027,1027,0,1.0,968,0.9425511197663097,0.9425511197663097,True,usable_predictions,attempted_predictions
CSGS7,q4_2020,4,oracle_ramp_mondrian,recent_power_outage,non_ramp,4861,4861,0,1.0,4476,0.9207981896729068,0.9207981896729068,True,usable_predictions,attempted_predictions
CSGS7,q4_2020,4,oracle_ramp_mondrian,recent_power_outage,ramp,1027,1027,0,1.0,978,0.952288218111003,0.952288218111003,True,usable_predictions,attempted_predictions
CSGS7,q4_2020,4,oracle_ramp_mondrian,weather_outage,non_ramp,4861,4861,0,1.0,4530,0.9319070150174861,0.9319070150174861,True,usable_predictions,attempted_predictions
CSGS7,q4_2020,4,oracle_ramp_mondrian,weather_outage,ramp,1027,1027,0,1.0,961,0.9357351509250244,0.9357351509250244,True,usable_predictions,attempted_predictions
CSGS7,q4_2020,4,persistence_condition_cqr,clean,non_ramp,4861,4861,0,1.0,4861,1.0,1.0,True,usable_predictions,attempted_predictions
CSGS7,q4_2020,4,persistence_condition_cqr,clean,ramp,1027,1027,0,1.0,336,0.32716650438169426,0.32716650438169426,True,usable_predictions,attempted_predictions
CSGS7,q4_2020,4,persistence_condition_cqr,combined_outage,non_ramp,4861,4861,0,1.0,4290,0.882534457930467,0.882534457930467,True,usable_predictions,attempted_predictions
CSGS7,q4_2020,4,persistence_condition_cqr,combined_outage,ramp,1027,1027,0,1.0,633,0.6163583252190847,0.6163583252190847,True,usable_predictions,attempted_predictions
CSGS7,q4_2020,4,persistence_condition_cqr,irradiance_outage,non_ramp,4861,4861,0,1.0,4861,1.0,1.0,True,usable_predictions,attempted_predictions
CSGS7,q4_2020,4,persistence_condition_cqr,irradiance_outage,ramp,1027,1027,0,1.0,336,0.32716650438169426,0.32716650438169426,True,usable_predictions,attempted_predictions
CSGS7,q4_2020,4,persistence_condition_cqr,recent_power_outage,non_ramp,4861,4861,0,1.0,4290,0.882534457930467,0.882534457930467,True,usable_predictions,attempted_predictions
CSGS7,q4_2020,4,persistence_condition_cqr,recent_power_outage,ramp,1027,1027,0,1.0,633,0.6163583252190847,0.6163583252190847,True,usable_predictions,attempted_predictions
CSGS7,q4_2020,4,persistence_condition_cqr,weather_outage,non_ramp,4861,4861,0,1.0,4861,1.0,1.0,True,usable_predictions,attempted_predictions
CSGS7,q4_2020,4,persistence_condition_cqr,weather_outage,ramp,1027,1027,0,1.0,336,0.32716650438169426,0.32716650438169426,True,usable_predictions,attempted_predictions
CSGS7,q4_2020,4,robust_condition_cqr,clean,non_ramp,4861,4861,0,1.0,4623,0.951038880888706,0.951038880888706,True,usable_predictions,attempted_predictions
CSGS7,q4_2020,4,robust_condition_cqr,clean,ramp,1027,1027,0,1.0,840,0.8179162609542356,0.8179162609542356,True,usable_predictions,attempted_predictions
CSGS7,q4_2020,4,robust_condition_cqr,combined_outage,non_ramp,4861,4861,0,1.0,4567,0.9395186175684016,0.9395186175684016,True,usable_predictions,attempted_predictions
CSGS7,q4_2020,4,robust_condition_cqr,combined_outage,ramp,1027,1027,0,1.0,865,0.8422590068159689,0.8422590068159689,True,usable_predictions,attempted_predictions
CSGS7,q4_2020,4,robust_condition_cqr,irradiance_outage,non_ramp,4861,4861,0,1.0,4603,0.9469245011314544,0.9469245011314544,True,usable_predictions,attempted_predictions
CSGS7,q4_2020,4,robust_condition_cqr,irradiance_outage,ramp,1027,1027,0,1.0,838,0.815968841285297,0.815968841285297,True,usable_predictions,attempted_predictions
CSGS7,q4_2020,4,robust_condition_cqr,recent_power_outage,non_ramp,4861,4861,0,1.0,4565,0.9391071795926764,0.9391071795926764,True,usable_predictions,attempted_predictions
CSGS7,q4_2020,4,robust_condition_cqr,recent_power_outage,ramp,1027,1027,0,1.0,848,0.8257059396299903,0.8257059396299903,True,usable_predictions,attempted_predictions
CSGS7,q4_2020,4,robust_condition_cqr,weather_outage,non_ramp,4861,4861,0,1.0,4580,0.9421929644106151,0.9421929644106151,True,usable_predictions,attempted_predictions
CSGS7,q4_2020,4,robust_condition_cqr,weather_outage,ramp,1027,1027,0,1.0,810,0.7887049659201558,0.7887049659201558,True,usable_predictions,attempted_predictions
CSGS7,q4_2020,4,robust_local_cqr,clean,non_ramp,4861,4861,0,1.0,4629,0.9522731948158815,0.9522731948158815,True,usable_predictions,attempted_predictions
CSGS7,q4_2020,4,robust_local_cqr,clean,ramp,1027,1027,0,1.0,856,0.8334956183057449,0.8334956183057449,True,usable_predictions,attempted_predictions
CSGS7,q4_2020,4,robust_local_cqr,combined_outage,non_ramp,4861,4861,0,1.0,4551,0.9362271137626003,0.9362271137626003,True,usable_predictions,attempted_predictions
CSGS7,q4_2020,4,robust_local_cqr,combined_outage,ramp,1027,1027,0,1.0,859,0.8364167478091529,0.8364167478091529,True,usable_predictions,attempted_predictions
CSGS7,q4_2020,4,robust_local_cqr,irradiance_outage,non_ramp,4861,4861,0,1.0,4622,0.9508331619008434,0.9508331619008434,True,usable_predictions,attempted_predictions
CSGS7,q4_2020,4,robust_local_cqr,irradiance_outage,ramp,1027,1027,0,1.0,853,0.8305744888023369,0.8305744888023369,True,usable_predictions,attempted_predictions
CSGS7,q4_2020,4,robust_local_cqr,recent_power_outage,non_ramp,4861,4861,0,1.0,4577,0.9415758074470274,0.9415758074470274,True,usable_predictions,attempted_predictions
CSGS7,q4_2020,4,robust_local_cqr,recent_power_outage,ramp,1027,1027,0,1.0,871,0.8481012658227848,0.8481012658227848,True,usable_predictions,attempted_predictions
CSGS7,q4_2020,4,robust_local_cqr,weather_outage,non_ramp,4861,4861,0,1.0,4611,0.948570253034355,0.948570253034355,True,usable_predictions,attempted_predictions
CSGS7,q4_2020,4,robust_local_cqr,weather_outage,ramp,1027,1027,0,1.0,844,0.8218111002921129,0.8218111002921129,True,usable_predictions,attempted_predictions
CSGS7,q4_2020,4,robust_risk_mondrian,clean,non_ramp,4861,4861,0,1.0,4640,0.9545361036823699,0.9545361036823699,True,usable_predictions,attempted_predictions
CSGS7,q4_2020,4,robust_risk_mondrian,clean,ramp,1027,1027,0,1.0,887,0.8636806231742941,0.8636806231742941,True,usable_predictions,attempted_predictions
CSGS7,q4_2020,4,robust_risk_mondrian,combined_outage,non_ramp,4861,4861,0,1.0,4580,0.9421929644106151,0.9421929644106151,True,usable_predictions,attempted_predictions
CSGS7,q4_2020,4,robust_risk_mondrian,combined_outage,ramp,1027,1027,0,1.0,872,0.8490749756572541,0.8490749756572541,True,usable_predictions,attempted_predictions
CSGS7,q4_2020,4,robust_risk_mondrian,irradiance_outage,non_ramp,4861,4861,0,1.0,4678,0.9623534252211479,0.9623534252211479,True,usable_predictions,attempted_predictions
CSGS7,q4_2020,4,robust_risk_mondrian,irradiance_outage,ramp,1027,1027,0,1.0,901,0.8773125608568647,0.8773125608568647,True,usable_predictions,attempted_predictions
CSGS7,q4_2020,4,robust_risk_mondrian,recent_power_outage,non_ramp,4861,4861,0,1.0,4617,0.9498045669615306,0.9498045669615306,True,usable_predictions,attempted_predictions
CSGS7,q4_2020,4,robust_risk_mondrian,recent_power_outage,ramp,1027,1027,0,1.0,888,0.8646543330087634,0.8646543330087634,True,usable_predictions,attempted_predictions
CSGS7,q4_2020,4,robust_risk_mondrian,weather_outage,non_ramp,4861,4861,0,1.0,4608,0.9479530960707674,0.9479530960707674,True,usable_predictions,attempted_predictions
CSGS7,q4_2020,4,robust_risk_mondrian,weather_outage,ramp,1027,1027,0,1.0,866,0.8432327166504382,0.8432327166504382,True,usable_predictions,attempted_predictions
CSGS7,q4_2020,4,robust_rolling_cqr,clean,non_ramp,4861,4861,0,1.0,4578,0.94178152643489,0.94178152643489,True,usable_predictions,attempted_predictions
CSGS7,q4_2020,4,robust_rolling_cqr,clean,ramp,1027,1027,0,1.0,815,0.7935735150925024,0.7935735150925024,True,usable_predictions,attempted_predictions
CSGS7,q4_2020,4,robust_rolling_cqr,combined_outage,non_ramp,4861,4861,0,1.0,4532,0.9323184529932113,0.9323184529932113,True,usable_predictions,attempted_predictions
CSGS7,q4_2020,4,robust_rolling_cqr,combined_outage,ramp,1027,1027,0,1.0,825,0.8033106134371957,0.8033106134371957,True,usable_predictions,attempted_predictions
CSGS7,q4_2020,4,robust_rolling_cqr,irradiance_outage,non_ramp,4861,4861,0,1.0,4569,0.9399300555441267,0.9399300555441267,True,usable_predictions,attempted_predictions
CSGS7,q4_2020,4,robust_rolling_cqr,irradiance_outage,ramp,1027,1027,0,1.0,813,0.7916260954235638,0.7916260954235638,True,usable_predictions,attempted_predictions
CSGS7,q4_2020,4,robust_rolling_cqr,recent_power_outage,non_ramp,4861,4861,0,1.0,4550,0.9360213947747377,0.9360213947747377,True,usable_predictions,attempted_predictions
CSGS7,q4_2020,4,robust_rolling_cqr,recent_power_outage,ramp,1027,1027,0,1.0,836,0.8140214216163584,0.8140214216163584,True,usable_predictions,attempted_predictions
CSGS7,q4_2020,4,robust_rolling_cqr,weather_outage,non_ramp,4861,4861,0,1.0,4567,0.9395186175684016,0.9395186175684016,True,usable_predictions,attempted_predictions
CSGS7,q4_2020,4,robust_rolling_cqr,weather_outage,ramp,1027,1027,0,1.0,802,0.7809152872444012,0.7809152872444012,True,usable_predictions,attempted_predictions
CSGS8,q1_2020,1,clean_condition_cqr,clean,non_ramp,5688,5688,0,1.0,5288,0.929676511954993,0.929676511954993,True,usable_predictions,attempted_predictions
CSGS8,q1_2020,1,clean_condition_cqr,clean,ramp,136,136,0,1.0,56,0.4117647058823529,0.4117647058823529,True,usable_predictions,attempted_predictions
CSGS8,q1_2020,1,clean_condition_cqr,combined_outage,non_ramp,5688,5688,0,1.0,5591,0.9829465541490858,0.9829465541490858,True,usable_predictions,attempted_predictions
CSGS8,q1_2020,1,clean_condition_cqr,combined_outage,ramp,136,136,0,1.0,113,0.8308823529411765,0.8308823529411765,True,usable_predictions,attempted_predictions
CSGS8,q1_2020,1,clean_condition_cqr,irradiance_outage,non_ramp,5688,5688,0,1.0,5519,0.9702883263009845,0.9702883263009845,True,usable_predictions,attempted_predictions
CSGS8,q1_2020,1,clean_condition_cqr,irradiance_outage,ramp,136,136,0,1.0,89,0.6544117647058824,0.6544117647058824,True,usable_predictions,attempted_predictions
CSGS8,q1_2020,1,clean_condition_cqr,recent_power_outage,non_ramp,5688,5688,0,1.0,5502,0.9672995780590717,0.9672995780590717,True,usable_predictions,attempted_predictions
CSGS8,q1_2020,1,clean_condition_cqr,recent_power_outage,ramp,136,136,0,1.0,108,0.7941176470588235,0.7941176470588235,True,usable_predictions,attempted_predictions
CSGS8,q1_2020,1,clean_condition_cqr,weather_outage,non_ramp,5688,5688,0,1.0,5280,0.9282700421940928,0.9282700421940928,True,usable_predictions,attempted_predictions
CSGS8,q1_2020,1,clean_condition_cqr,weather_outage,ramp,136,136,0,1.0,55,0.40441176470588236,0.40441176470588236,True,usable_predictions,attempted_predictions
CSGS8,q1_2020,1,lgbm_condition_cqr,clean,non_ramp,5688,5688,0,1.0,4899,0.8612869198312236,0.8612869198312236,True,usable_predictions,attempted_predictions
CSGS8,q1_2020,1,lgbm_condition_cqr,clean,ramp,136,136,0,1.0,60,0.4411764705882353,0.4411764705882353,True,usable_predictions,attempted_predictions
CSGS8,q1_2020,1,lgbm_condition_cqr,combined_outage,non_ramp,5688,5688,0,1.0,5592,0.9831223628691983,0.9831223628691983,True,usable_predictions,attempted_predictions
CSGS8,q1_2020,1,lgbm_condition_cqr,combined_outage,ramp,136,136,0,1.0,112,0.8235294117647058,0.8235294117647058,True,usable_predictions,attempted_predictions
CSGS8,q1_2020,1,lgbm_condition_cqr,irradiance_outage,non_ramp,5688,5688,0,1.0,5288,0.929676511954993,0.929676511954993,True,usable_predictions,attempted_predictions
CSGS8,q1_2020,1,lgbm_condition_cqr,irradiance_outage,ramp,136,136,0,1.0,71,0.5220588235294118,0.5220588235294118,True,usable_predictions,attempted_predictions
CSGS8,q1_2020,1,lgbm_condition_cqr,recent_power_outage,non_ramp,5688,5688,0,1.0,5585,0.9818917018284107,0.9818917018284107,True,usable_predictions,attempted_predictions
CSGS8,q1_2020,1,lgbm_condition_cqr,recent_power_outage,ramp,136,136,0,1.0,111,0.8161764705882353,0.8161764705882353,True,usable_predictions,attempted_predictions
CSGS8,q1_2020,1,lgbm_condition_cqr,weather_outage,non_ramp,5688,5688,0,1.0,4975,0.874648382559775,0.874648382559775,True,usable_predictions,attempted_predictions
CSGS8,q1_2020,1,lgbm_condition_cqr,weather_outage,ramp,136,136,0,1.0,61,0.4485294117647059,0.4485294117647059,True,usable_predictions,attempted_predictions
CSGS8,q1_2020,1,oracle_ramp_mondrian,clean,non_ramp,5688,5688,0,1.0,4945,0.8693741209563994,0.8693741209563994,True,usable_predictions,attempted_predictions
CSGS8,q1_2020,1,oracle_ramp_mondrian,clean,ramp,136,136,0,1.0,108,0.7941176470588235,0.7941176470588235,True,usable_predictions,attempted_predictions
CSGS8,q1_2020,1,oracle_ramp_mondrian,combined_outage,non_ramp,5688,5688,0,1.0,5161,0.9073488045007032,0.9073488045007032,True,usable_predictions,attempted_predictions
CSGS8,q1_2020,1,oracle_ramp_mondrian,combined_outage,ramp,136,136,0,1.0,111,0.8161764705882353,0.8161764705882353,True,usable_predictions,attempted_predictions
CSGS8,q1_2020,1,oracle_ramp_mondrian,irradiance_outage,non_ramp,5688,5688,0,1.0,5153,0.9059423347398031,0.9059423347398031,True,usable_predictions,attempted_predictions
CSGS8,q1_2020,1,oracle_ramp_mondrian,irradiance_outage,ramp,136,136,0,1.0,105,0.7720588235294118,0.7720588235294118,True,usable_predictions,attempted_predictions
CSGS8,q1_2020,1,oracle_ramp_mondrian,recent_power_outage,non_ramp,5688,5688,0,1.0,4645,0.8166315049226441,0.8166315049226441,True,usable_predictions,attempted_predictions
CSGS8,q1_2020,1,oracle_ramp_mondrian,recent_power_outage,ramp,136,136,0,1.0,121,0.8897058823529411,0.8897058823529411,True,usable_predictions,attempted_predictions
CSGS8,q1_2020,1,oracle_ramp_mondrian,weather_outage,non_ramp,5688,5688,0,1.0,4985,0.8764064697609001,0.8764064697609001,True,usable_predictions,attempted_predictions
CSGS8,q1_2020,1,oracle_ramp_mondrian,weather_outage,ramp,136,136,0,1.0,104,0.7647058823529411,0.7647058823529411,True,usable_predictions,attempted_predictions
CSGS8,q1_2020,1,persistence_condition_cqr,clean,non_ramp,5688,5688,0,1.0,5606,0.9855836849507735,0.9855836849507735,True,usable_predictions,attempted_predictions
CSGS8,q1_2020,1,persistence_condition_cqr,clean,ramp,136,136,0,1.0,0,0.0,0.0,True,usable_predictions,attempted_predictions
CSGS8,q1_2020,1,persistence_condition_cqr,combined_outage,non_ramp,5688,5688,0,1.0,5574,0.979957805907173,0.979957805907173,True,usable_predictions,attempted_predictions
CSGS8,q1_2020,1,persistence_condition_cqr,combined_outage,ramp,136,136,0,1.0,114,0.8382352941176471,0.8382352941176471,True,usable_predictions,attempted_predictions
CSGS8,q1_2020,1,persistence_condition_cqr,irradiance_outage,non_ramp,5688,5688,0,1.0,5606,0.9855836849507735,0.9855836849507735,True,usable_predictions,attempted_predictions
CSGS8,q1_2020,1,persistence_condition_cqr,irradiance_outage,ramp,136,136,0,1.0,0,0.0,0.0,True,usable_predictions,attempted_predictions
CSGS8,q1_2020,1,persistence_condition_cqr,recent_power_outage,non_ramp,5688,5688,0,1.0,5574,0.979957805907173,0.979957805907173,True,usable_predictions,attempted_predictions
CSGS8,q1_2020,1,persistence_condition_cqr,recent_power_outage,ramp,136,136,0,1.0,114,0.8382352941176471,0.8382352941176471,True,usable_predictions,attempted_predictions
CSGS8,q1_2020,1,persistence_condition_cqr,weather_outage,non_ramp,5688,5688,0,1.0,5606,0.9855836849507735,0.9855836849507735,True,usable_predictions,attempted_predictions
CSGS8,q1_2020,1,persistence_condition_cqr,weather_outage,ramp,136,136,0,1.0,0,0.0,0.0,True,usable_predictions,attempted_predictions
CSGS8,q1_2020,1,robust_condition_cqr,clean,non_ramp,5688,5688,0,1.0,5117,0.8996132208157525,0.8996132208157525,True,usable_predictions,attempted_predictions
CSGS8,q1_2020,1,robust_condition_cqr,clean,ramp,136,136,0,1.0,62,0.45588235294117646,0.45588235294117646,True,usable_predictions,attempted_predictions
CSGS8,q1_2020,1,robust_condition_cqr,combined_outage,non_ramp,5688,5688,0,1.0,5304,0.9324894514767933,0.9324894514767933,True,usable_predictions,attempted_predictions
CSGS8,q1_2020,1,robust_condition_cqr,combined_outage,ramp,136,136,0,1.0,61,0.4485294117647059,0.4485294117647059,True,usable_predictions,attempted_predictions
CSGS8,q1_2020,1,robust_condition_cqr,irradiance_outage,non_ramp,5688,5688,0,1.0,5366,0.9433895921237694,0.9433895921237694,True,usable_predictions,attempted_predictions
CSGS8,q1_2020,1,robust_condition_cqr,irradiance_outage,ramp,136,136,0,1.0,55,0.40441176470588236,0.40441176470588236,True,usable_predictions,attempted_predictions
CSGS8,q1_2020,1,robust_condition_cqr,recent_power_outage,non_ramp,5688,5688,0,1.0,4791,0.8422995780590717,0.8422995780590717,True,usable_predictions,attempted_predictions
CSGS8,q1_2020,1,robust_condition_cqr,recent_power_outage,ramp,136,136,0,1.0,78,0.5735294117647058,0.5735294117647058,True,usable_predictions,attempted_predictions
CSGS8,q1_2020,1,robust_condition_cqr,weather_outage,non_ramp,5688,5688,0,1.0,5141,0.9038326300984529,0.9038326300984529,True,usable_predictions,attempted_predictions
CSGS8,q1_2020,1,robust_condition_cqr,weather_outage,ramp,136,136,0,1.0,59,0.4338235294117647,0.4338235294117647,True,usable_predictions,attempted_predictions
CSGS8,q1_2020,1,robust_local_cqr,clean,non_ramp,5688,5688,0,1.0,5210,0.9159634317862166,0.9159634317862166,True,usable_predictions,attempted_predictions
CSGS8,q1_2020,1,robust_local_cqr,clean,ramp,136,136,0,1.0,71,0.5220588235294118,0.5220588235294118,True,usable_predictions,attempted_predictions
CSGS8,q1_2020,1,robust_local_cqr,combined_outage,non_ramp,5688,5688,0,1.0,5153,0.9059423347398031,0.9059423347398031,True,usable_predictions,attempted_predictions
CSGS8,q1_2020,1,robust_local_cqr,combined_outage,ramp,136,136,0,1.0,77,0.5661764705882353,0.5661764705882353,True,usable_predictions,attempted_predictions
CSGS8,q1_2020,1,robust_local_cqr,irradiance_outage,non_ramp,5688,5688,0,1.0,5372,0.9444444444444444,0.9444444444444444,True,usable_predictions,attempted_predictions
CSGS8,q1_2020,1,robust_local_cqr,irradiance_outage,ramp,136,136,0,1.0,68,0.5,0.5,True,usable_predictions,attempted_predictions
CSGS8,q1_2020,1,robust_local_cqr,recent_power_outage,non_ramp,5688,5688,0,1.0,4866,0.8554852320675106,0.8554852320675106,True,usable_predictions,attempted_predictions
CSGS8,q1_2020,1,robust_local_cqr,recent_power_outage,ramp,136,136,0,1.0,87,0.6397058823529411,0.6397058823529411,True,usable_predictions,attempted_predictions
CSGS8,q1_2020,1,robust_local_cqr,weather_outage,non_ramp,5688,5688,0,1.0,5210,0.9159634317862166,0.9159634317862166,True,usable_predictions,attempted_predictions
CSGS8,q1_2020,1,robust_local_cqr,weather_outage,ramp,136,136,0,1.0,67,0.49264705882352944,0.49264705882352944,True,usable_predictions,attempted_predictions
CSGS8,q1_2020,1,robust_risk_mondrian,clean,non_ramp,5688,5688,0,1.0,5124,0.9008438818565401,0.9008438818565401,True,usable_predictions,attempted_predictions
CSGS8,q1_2020,1,robust_risk_mondrian,clean,ramp,136,136,0,1.0,74,0.5441176470588235,0.5441176470588235,True,usable_predictions,attempted_predictions
CSGS8,q1_2020,1,robust_risk_mondrian,combined_outage,non_ramp,5688,5688,0,1.0,5193,0.9129746835443038,0.9129746835443038,True,usable_predictions,attempted_predictions
CSGS8,q1_2020,1,robust_risk_mondrian,combined_outage,ramp,136,136,0,1.0,66,0.4852941176470588,0.4852941176470588,True,usable_predictions,attempted_predictions
CSGS8,q1_2020,1,robust_risk_mondrian,irradiance_outage,non_ramp,5688,5688,0,1.0,5260,0.9247538677918424,0.9247538677918424,True,usable_predictions,attempted_predictions
CSGS8,q1_2020,1,robust_risk_mondrian,irradiance_outage,ramp,136,136,0,1.0,69,0.5073529411764706,0.5073529411764706,True,usable_predictions,attempted_predictions
CSGS8,q1_2020,1,robust_risk_mondrian,recent_power_outage,non_ramp,5688,5688,0,1.0,4695,0.82542194092827,0.82542194092827,True,usable_predictions,attempted_predictions
CSGS8,q1_2020,1,robust_risk_mondrian,recent_power_outage,ramp,136,136,0,1.0,85,0.625,0.625,True,usable_predictions,attempted_predictions
CSGS8,q1_2020,1,robust_risk_mondrian,weather_outage,non_ramp,5688,5688,0,1.0,5134,0.9026019690576652,0.9026019690576652,True,usable_predictions,attempted_predictions
CSGS8,q1_2020,1,robust_risk_mondrian,weather_outage,ramp,136,136,0,1.0,70,0.5147058823529411,0.5147058823529411,True,usable_predictions,attempted_predictions
CSGS8,q1_2020,1,robust_rolling_cqr,clean,non_ramp,5688,5688,0,1.0,5185,0.9115682137834037,0.9115682137834037,True,usable_predictions,attempted_predictions
CSGS8,q1_2020,1,robust_rolling_cqr,clean,ramp,136,136,0,1.0,65,0.47794117647058826,0.47794117647058826,True,usable_predictions,attempted_predictions
CSGS8,q1_2020,1,robust_rolling_cqr,combined_outage,non_ramp,5688,5688,0,1.0,5172,0.9092827004219409,0.9092827004219409,True,usable_predictions,attempted_predictions
CSGS8,q1_2020,1,robust_rolling_cqr,combined_outage,ramp,136,136,0,1.0,58,0.4264705882352941,0.4264705882352941,True,usable_predictions,attempted_predictions
CSGS8,q1_2020,1,robust_rolling_cqr,irradiance_outage,non_ramp,5688,5688,0,1.0,5236,0.9205344585091421,0.9205344585091421,True,usable_predictions,attempted_predictions
CSGS8,q1_2020,1,robust_rolling_cqr,irradiance_outage,ramp,136,136,0,1.0,51,0.375,0.375,True,usable_predictions,attempted_predictions
CSGS8,q1_2020,1,robust_rolling_cqr,recent_power_outage,non_ramp,5688,5688,0,1.0,5108,0.8980309423347398,0.8980309423347398,True,usable_predictions,attempted_predictions
CSGS8,q1_2020,1,robust_rolling_cqr,recent_power_outage,ramp,136,136,0,1.0,91,0.6691176470588235,0.6691176470588235,True,usable_predictions,attempted_predictions
CSGS8,q1_2020,1,robust_rolling_cqr,weather_outage,non_ramp,5688,5688,0,1.0,5193,0.9129746835443038,0.9129746835443038,True,usable_predictions,attempted_predictions
CSGS8,q1_2020,1,robust_rolling_cqr,weather_outage,ramp,136,136,0,1.0,63,0.4632352941176471,0.4632352941176471,True,usable_predictions,attempted_predictions
CSGS8,q1_2020,4,clean_condition_cqr,clean,non_ramp,5593,5593,0,1.0,5147,0.9202574646880028,0.9202574646880028,True,usable_predictions,attempted_predictions
CSGS8,q1_2020,4,clean_condition_cqr,clean,ramp,231,231,0,1.0,123,0.5324675324675324,0.5324675324675324,True,usable_predictions,attempted_predictions
CSGS8,q1_2020,4,clean_condition_cqr,combined_outage,non_ramp,5593,5593,0,1.0,5486,0.9808689433220097,0.9808689433220097,True,usable_predictions,attempted_predictions
CSGS8,q1_2020,4,clean_condition_cqr,combined_outage,ramp,231,231,0,1.0,220,0.9523809523809523,0.9523809523809523,True,usable_predictions,attempted_predictions
CSGS8,q1_2020,4,clean_condition_cqr,irradiance_outage,non_ramp,5593,5593,0,1.0,4918,0.879313427498659,0.879313427498659,True,usable_predictions,attempted_predictions
CSGS8,q1_2020,4,clean_condition_cqr,irradiance_outage,ramp,231,231,0,1.0,154,0.6666666666666666,0.6666666666666666,True,usable_predictions,attempted_predictions
CSGS8,q1_2020,4,clean_condition_cqr,recent_power_outage,non_ramp,5593,5593,0,1.0,5266,0.9415340604326837,0.9415340604326837,True,usable_predictions,attempted_predictions
CSGS8,q1_2020,4,clean_condition_cqr,recent_power_outage,ramp,231,231,0,1.0,157,0.6796536796536796,0.6796536796536796,True,usable_predictions,attempted_predictions
CSGS8,q1_2020,4,clean_condition_cqr,weather_outage,non_ramp,5593,5593,0,1.0,5153,0.9213302342213481,0.9213302342213481,True,usable_predictions,attempted_predictions
CSGS8,q1_2020,4,clean_condition_cqr,weather_outage,ramp,231,231,0,1.0,122,0.5281385281385281,0.5281385281385281,True,usable_predictions,attempted_predictions
CSGS8,q1_2020,4,lgbm_condition_cqr,clean,non_ramp,5593,5593,0,1.0,4770,0.8528517790094762,0.8528517790094762,True,usable_predictions,attempted_predictions
CSGS8,q1_2020,4,lgbm_condition_cqr,clean,ramp,231,231,0,1.0,114,0.4935064935064935,0.4935064935064935,True,usable_predictions,attempted_predictions
CSGS8,q1_2020,4,lgbm_condition_cqr,combined_outage,non_ramp,5593,5593,0,1.0,5476,0.9790809940997676,0.9790809940997676,True,usable_predictions,attempted_predictions
CSGS8,q1_2020,4,lgbm_condition_cqr,combined_outage,ramp,231,231,0,1.0,220,0.9523809523809523,0.9523809523809523,True,usable_predictions,attempted_predictions
CSGS8,q1_2020,4,lgbm_condition_cqr,irradiance_outage,non_ramp,5593,5593,0,1.0,4889,0.874128374754157,0.874128374754157,True,usable_predictions,attempted_predictions
CSGS8,q1_2020,4,lgbm_condition_cqr,irradiance_outage,ramp,231,231,0,1.0,145,0.6277056277056277,0.6277056277056277,True,usable_predictions,attempted_predictions
CSGS8,q1_2020,4,lgbm_condition_cqr,recent_power_outage,non_ramp,5593,5593,0,1.0,5469,0.9778294296441981,0.9778294296441981,True,usable_predictions,attempted_predictions
CSGS8,q1_2020,4,lgbm_condition_cqr,recent_power_outage,ramp,231,231,0,1.0,216,0.935064935064935,0.935064935064935,True,usable_predictions,attempted_predictions
CSGS8,q1_2020,4,lgbm_condition_cqr,weather_outage,non_ramp,5593,5593,0,1.0,4763,0.8516002145539067,0.8516002145539067,True,usable_predictions,attempted_predictions
CSGS8,q1_2020,4,lgbm_condition_cqr,weather_outage,ramp,231,231,0,1.0,112,0.48484848484848486,0.48484848484848486,True,usable_predictions,attempted_predictions
CSGS8,q1_2020,4,oracle_ramp_mondrian,clean,non_ramp,5593,5593,0,1.0,4859,0.8687645270874307,0.8687645270874307,True,usable_predictions,attempted_predictions
CSGS8,q1_2020,4,oracle_ramp_mondrian,clean,ramp,231,231,0,1.0,164,0.70995670995671,0.70995670995671,True,usable_predictions,attempted_predictions
CSGS8,q1_2020,4,oracle_ramp_mondrian,combined_outage,non_ramp,5593,5593,0,1.0,4892,0.8746647595208296,0.8746647595208296,True,usable_predictions,attempted_predictions
CSGS8,q1_2020,4,oracle_ramp_mondrian,combined_outage,ramp,231,231,0,1.0,156,0.6753246753246753,0.6753246753246753,True,usable_predictions,attempted_predictions
CSGS8,q1_2020,4,oracle_ramp_mondrian,irradiance_outage,non_ramp,5593,5593,0,1.0,4959,0.8866440193098516,0.8866440193098516,True,usable_predictions,attempted_predictions
CSGS8,q1_2020,4,oracle_ramp_mondrian,irradiance_outage,ramp,231,231,0,1.0,162,0.7012987012987013,0.7012987012987013,True,usable_predictions,attempted_predictions
CSGS8,q1_2020,4,oracle_ramp_mondrian,recent_power_outage,non_ramp,5593,5593,0,1.0,4695,0.8394421598426605,0.8394421598426605,True,usable_predictions,attempted_predictions
CSGS8,q1_2020,4,oracle_ramp_mondrian,recent_power_outage,ramp,231,231,0,1.0,179,0.7748917748917749,0.7748917748917749,True,usable_predictions,attempted_predictions
CSGS8,q1_2020,4,oracle_ramp_mondrian,weather_outage,non_ramp,5593,5593,0,1.0,4887,0.8737707849097086,0.8737707849097086,True,usable_predictions,attempted_predictions
CSGS8,q1_2020,4,oracle_ramp_mondrian,weather_outage,ramp,231,231,0,1.0,166,0.7186147186147186,0.7186147186147186,True,usable_predictions,attempted_predictions
CSGS8,q1_2020,4,persistence_condition_cqr,clean,non_ramp,5593,5593,0,1.0,5593,1.0,1.0,True,usable_predictions,attempted_predictions
CSGS8,q1_2020,4,persistence_condition_cqr,clean,ramp,231,231,0,1.0,29,0.12554112554112554,0.12554112554112554,True,usable_predictions,attempted_predictions
CSGS8,q1_2020,4,persistence_condition_cqr,combined_outage,non_ramp,5593,5593,0,1.0,5520,0.9869479706776327,0.9869479706776327,True,usable_predictions,attempted_predictions
CSGS8,q1_2020,4,persistence_condition_cqr,combined_outage,ramp,231,231,0,1.0,174,0.7532467532467533,0.7532467532467533,True,usable_predictions,attempted_predictions
CSGS8,q1_2020,4,persistence_condition_cqr,irradiance_outage,non_ramp,5593,5593,0,1.0,5593,1.0,1.0,True,usable_predictions,attempted_predictions
CSGS8,q1_2020,4,persistence_condition_cqr,irradiance_outage,ramp,231,231,0,1.0,29,0.12554112554112554,0.12554112554112554,True,usable_predictions,attempted_predictions
CSGS8,q1_2020,4,persistence_condition_cqr,recent_power_outage,non_ramp,5593,5593,0,1.0,5520,0.9869479706776327,0.9869479706776327,True,usable_predictions,attempted_predictions
CSGS8,q1_2020,4,persistence_condition_cqr,recent_power_outage,ramp,231,231,0,1.0,174,0.7532467532467533,0.7532467532467533,True,usable_predictions,attempted_predictions
CSGS8,q1_2020,4,persistence_condition_cqr,weather_outage,non_ramp,5593,5593,0,1.0,5593,1.0,1.0,True,usable_predictions,attempted_predictions
CSGS8,q1_2020,4,persistence_condition_cqr,weather_outage,ramp,231,231,0,1.0,29,0.12554112554112554,0.12554112554112554,True,usable_predictions,attempted_predictions
CSGS8,q1_2020,4,robust_condition_cqr,clean,non_ramp,5593,5593,0,1.0,5117,0.9148936170212766,0.9148936170212766,True,usable_predictions,attempted_predictions
CSGS8,q1_2020,4,robust_condition_cqr,clean,ramp,231,231,0,1.0,130,0.5627705627705628,0.5627705627705628,True,usable_predictions,attempted_predictions
CSGS8,q1_2020,4,robust_condition_cqr,combined_outage,non_ramp,5593,5593,0,1.0,5122,0.9157875916323976,0.9157875916323976,True,usable_predictions,attempted_predictions
CSGS8,q1_2020,4,robust_condition_cqr,combined_outage,ramp,231,231,0,1.0,127,0.5497835497835498,0.5497835497835498,True,usable_predictions,attempted_predictions
CSGS8,q1_2020,4,robust_condition_cqr,irradiance_outage,non_ramp,5593,5593,0,1.0,5219,0.9331306990881459,0.9331306990881459,True,usable_predictions,attempted_predictions
CSGS8,q1_2020,4,robust_condition_cqr,irradiance_outage,ramp,231,231,0,1.0,112,0.48484848484848486,0.48484848484848486,True,usable_predictions,attempted_predictions
CSGS8,q1_2020,4,robust_condition_cqr,recent_power_outage,non_ramp,5593,5593,0,1.0,4905,0.8769890935097443,0.8769890935097443,True,usable_predictions,attempted_predictions
CSGS8,q1_2020,4,robust_condition_cqr,recent_power_outage,ramp,231,231,0,1.0,144,0.6233766233766234,0.6233766233766234,True,usable_predictions,attempted_predictions
CSGS8,q1_2020,4,robust_condition_cqr,weather_outage,non_ramp,5593,5593,0,1.0,5169,0.9241909529769354,0.9241909529769354,True,usable_predictions,attempted_predictions
CSGS8,q1_2020,4,robust_condition_cqr,weather_outage,ramp,231,231,0,1.0,122,0.5281385281385281,0.5281385281385281,True,usable_predictions,attempted_predictions
CSGS8,q1_2020,4,robust_local_cqr,clean,non_ramp,5593,5593,0,1.0,5152,0.9211514392991239,0.9211514392991239,True,usable_predictions,attempted_predictions
CSGS8,q1_2020,4,robust_local_cqr,clean,ramp,231,231,0,1.0,133,0.5757575757575758,0.5757575757575758,True,usable_predictions,attempted_predictions
CSGS8,q1_2020,4,robust_local_cqr,combined_outage,non_ramp,5593,5593,0,1.0,5054,0.9036295369211514,0.9036295369211514,True,usable_predictions,attempted_predictions
CSGS8,q1_2020,4,robust_local_cqr,combined_outage,ramp,231,231,0,1.0,139,0.6017316017316018,0.6017316017316018,True,usable_predictions,attempted_predictions
CSGS8,q1_2020,4,robust_local_cqr,irradiance_outage,non_ramp,5593,5593,0,1.0,5218,0.9329519041659217,0.9329519041659217,True,usable_predictions,attempted_predictions
CSGS8,q1_2020,4,robust_local_cqr,irradiance_outage,ramp,231,231,0,1.0,128,0.5541125541125541,0.5541125541125541,True,usable_predictions,attempted_predictions
CSGS8,q1_2020,4,robust_local_cqr,recent_power_outage,non_ramp,5593,5593,0,1.0,4968,0.8882531736098694,0.8882531736098694,True,usable_predictions,attempted_predictions
CSGS8,q1_2020,4,robust_local_cqr,recent_power_outage,ramp,231,231,0,1.0,154,0.6666666666666666,0.6666666666666666,True,usable_predictions,attempted_predictions
CSGS8,q1_2020,4,robust_local_cqr,weather_outage,non_ramp,5593,5593,0,1.0,5139,0.9188271053102092,0.9188271053102092,True,usable_predictions,attempted_predictions
CSGS8,q1_2020,4,robust_local_cqr,weather_outage,ramp,231,231,0,1.0,124,0.5367965367965368,0.5367965367965368,True,usable_predictions,attempted_predictions
CSGS8,q1_2020,4,robust_risk_mondrian,clean,non_ramp,5593,5593,0,1.0,5024,0.8982656892544252,0.8982656892544252,True,usable_predictions,attempted_predictions
CSGS8,q1_2020,4,robust_risk_mondrian,clean,ramp,231,231,0,1.0,143,0.6190476190476191,0.6190476190476191,True,usable_predictions,attempted_predictions
CSGS8,q1_2020,4,robust_risk_mondrian,combined_outage,non_ramp,5593,5593,0,1.0,5168,0.9240121580547113,0.9240121580547113,True,usable_predictions,attempted_predictions
CSGS8,q1_2020,4,robust_risk_mondrian,combined_outage,ramp,231,231,0,1.0,127,0.5497835497835498,0.5497835497835498,True,usable_predictions,attempted_predictions
CSGS8,q1_2020,4,robust_risk_mondrian,irradiance_outage,non_ramp,5593,5593,0,1.0,5069,0.9063114607545145,0.9063114607545145,True,usable_predictions,attempted_predictions
CSGS8,q1_2020,4,robust_risk_mondrian,irradiance_outage,ramp,231,231,0,1.0,129,0.5584415584415584,0.5584415584415584,True,usable_predictions,attempted_predictions
CSGS8,q1_2020,4,robust_risk_mondrian,recent_power_outage,non_ramp,5593,5593,0,1.0,4898,0.8757375290541749,0.8757375290541749,True,usable_predictions,attempted_predictions
CSGS8,q1_2020,4,robust_risk_mondrian,recent_power_outage,ramp,231,231,0,1.0,143,0.6190476190476191,0.6190476190476191,True,usable_predictions,attempted_predictions
CSGS8,q1_2020,4,robust_risk_mondrian,weather_outage,non_ramp,5593,5593,0,1.0,4952,0.8853924548542821,0.8853924548542821,True,usable_predictions,attempted_predictions
CSGS8,q1_2020,4,robust_risk_mondrian,weather_outage,ramp,231,231,0,1.0,131,0.5670995670995671,0.5670995670995671,True,usable_predictions,attempted_predictions
CSGS8,q1_2020,4,robust_rolling_cqr,clean,non_ramp,5593,5593,0,1.0,5088,0.9097085642767745,0.9097085642767745,True,usable_predictions,attempted_predictions
CSGS8,q1_2020,4,robust_rolling_cqr,clean,ramp,231,231,0,1.0,134,0.5800865800865801,0.5800865800865801,True,usable_predictions,attempted_predictions
CSGS8,q1_2020,4,robust_rolling_cqr,combined_outage,non_ramp,5593,5593,0,1.0,5087,0.9095297693545503,0.9095297693545503,True,usable_predictions,attempted_predictions
CSGS8,q1_2020,4,robust_rolling_cqr,combined_outage,ramp,231,231,0,1.0,127,0.5497835497835498,0.5497835497835498,True,usable_predictions,attempted_predictions
CSGS8,q1_2020,4,robust_rolling_cqr,irradiance_outage,non_ramp,5593,5593,0,1.0,5134,0.9179331306990881,0.9179331306990881,True,usable_predictions,attempted_predictions
CSGS8,q1_2020,4,robust_rolling_cqr,irradiance_outage,ramp,231,231,0,1.0,110,0.47619047619047616,0.47619047619047616,True,usable_predictions,attempted_predictions
CSGS8,q1_2020,4,robust_rolling_cqr,recent_power_outage,non_ramp,5593,5593,0,1.0,5038,0.9007688181655641,0.9007688181655641,True,usable_predictions,attempted_predictions
CSGS8,q1_2020,4,robust_rolling_cqr,recent_power_outage,ramp,231,231,0,1.0,153,0.6623376623376623,0.6623376623376623,True,usable_predictions,attempted_predictions
CSGS8,q1_2020,4,robust_rolling_cqr,weather_outage,non_ramp,5593,5593,0,1.0,5106,0.9129268728768103,0.9129268728768103,True,usable_predictions,attempted_predictions
CSGS8,q1_2020,4,robust_rolling_cqr,weather_outage,ramp,231,231,0,1.0,122,0.5281385281385281,0.5281385281385281,True,usable_predictions,attempted_predictions
CSGS8,q2_2020,1,clean_condition_cqr,clean,non_ramp,5600,5600,0,1.0,4994,0.8917857142857143,0.8917857142857143,True,usable_predictions,attempted_predictions
CSGS8,q2_2020,1,clean_condition_cqr,clean,ramp,160,160,0,1.0,75,0.46875,0.46875,True,usable_predictions,attempted_predictions
CSGS8,q2_2020,1,clean_condition_cqr,combined_outage,non_ramp,5600,5600,0,1.0,4886,0.8725,0.8725,True,usable_predictions,attempted_predictions
CSGS8,q2_2020,1,clean_condition_cqr,combined_outage,ramp,160,160,0,1.0,33,0.20625,0.20625,True,usable_predictions,attempted_predictions
CSGS8,q2_2020,1,clean_condition_cqr,irradiance_outage,non_ramp,5600,5600,0,1.0,5077,0.9066071428571428,0.9066071428571428,True,usable_predictions,attempted_predictions
CSGS8,q2_2020,1,clean_condition_cqr,irradiance_outage,ramp,160,160,0,1.0,83,0.51875,0.51875,True,usable_predictions,attempted_predictions
CSGS8,q2_2020,1,clean_condition_cqr,recent_power_outage,non_ramp,5600,5600,0,1.0,4817,0.8601785714285715,0.8601785714285715,True,usable_predictions,attempted_predictions
CSGS8,q2_2020,1,clean_condition_cqr,recent_power_outage,ramp,160,160,0,1.0,30,0.1875,0.1875,True,usable_predictions,attempted_predictions
CSGS8,q2_2020,1,clean_condition_cqr,weather_outage,non_ramp,5600,5600,0,1.0,5017,0.8958928571428572,0.8958928571428572,True,usable_predictions,attempted_predictions
CSGS8,q2_2020,1,clean_condition_cqr,weather_outage,ramp,160,160,0,1.0,74,0.4625,0.4625,True,usable_predictions,attempted_predictions
CSGS8,q2_2020,1,lgbm_condition_cqr,clean,non_ramp,5600,5600,0,1.0,5182,0.9253571428571429,0.9253571428571429,True,usable_predictions,attempted_predictions
CSGS8,q2_2020,1,lgbm_condition_cqr,clean,ramp,160,160,0,1.0,77,0.48125,0.48125,True,usable_predictions,attempted_predictions
CSGS8,q2_2020,1,lgbm_condition_cqr,combined_outage,non_ramp,5600,5600,0,1.0,4894,0.8739285714285714,0.8739285714285714,True,usable_predictions,attempted_predictions
CSGS8,q2_2020,1,lgbm_condition_cqr,combined_outage,ramp,160,160,0,1.0,34,0.2125,0.2125,True,usable_predictions,attempted_predictions
CSGS8,q2_2020,1,lgbm_condition_cqr,irradiance_outage,non_ramp,5600,5600,0,1.0,5125,0.9151785714285714,0.9151785714285714,True,usable_predictions,attempted_predictions
CSGS8,q2_2020,1,lgbm_condition_cqr,irradiance_outage,ramp,160,160,0,1.0,66,0.4125,0.4125,True,usable_predictions,attempted_predictions
CSGS8,q2_2020,1,lgbm_condition_cqr,recent_power_outage,non_ramp,5600,5600,0,1.0,4919,0.8783928571428572,0.8783928571428572,True,usable_predictions,attempted_predictions
CSGS8,q2_2020,1,lgbm_condition_cqr,recent_power_outage,ramp,160,160,0,1.0,30,0.1875,0.1875,True,usable_predictions,attempted_predictions
CSGS8,q2_2020,1,lgbm_condition_cqr,weather_outage,non_ramp,5600,5600,0,1.0,5197,0.9280357142857143,0.9280357142857143,True,usable_predictions,attempted_predictions
CSGS8,q2_2020,1,lgbm_condition_cqr,weather_outage,ramp,160,160,0,1.0,74,0.4625,0.4625,True,usable_predictions,attempted_predictions
CSGS8,q2_2020,1,oracle_ramp_mondrian,clean,non_ramp,5600,5600,0,1.0,5073,0.9058928571428572,0.9058928571428572,True,usable_predictions,attempted_predictions
CSGS8,q2_2020,1,oracle_ramp_mondrian,clean,ramp,160,160,0,1.0,155,0.96875,0.96875,True,usable_predictions,attempted_predictions
CSGS8,q2_2020,1,oracle_ramp_mondrian,combined_outage,non_ramp,5600,5600,0,1.0,5152,0.92,0.92,True,usable_predictions,attempted_predictions
CSGS8,q2_2020,1,oracle_ramp_mondrian,combined_outage,ramp,160,160,0,1.0,150,0.9375,0.9375,True,usable_predictions,attempted_predictions
CSGS8,q2_2020,1,oracle_ramp_mondrian,irradiance_outage,non_ramp,5600,5600,0,1.0,5147,0.9191071428571429,0.9191071428571429,True,usable_predictions,attempted_predictions
CSGS8,q2_2020,1,oracle_ramp_mondrian,irradiance_outage,ramp,160,160,0,1.0,158,0.9875,0.9875,True,usable_predictions,attempted_predictions
CSGS8,q2_2020,1,oracle_ramp_mondrian,recent_power_outage,non_ramp,5600,5600,0,1.0,5020,0.8964285714285715,0.8964285714285715,True,usable_predictions,attempted_predictions
CSGS8,q2_2020,1,oracle_ramp_mondrian,recent_power_outage,ramp,160,160,0,1.0,151,0.94375,0.94375,True,usable_predictions,attempted_predictions
CSGS8,q2_2020,1,oracle_ramp_mondrian,weather_outage,non_ramp,5600,5600,0,1.0,5046,0.9010714285714285,0.9010714285714285,True,usable_predictions,attempted_predictions
CSGS8,q2_2020,1,oracle_ramp_mondrian,weather_outage,ramp,160,160,0,1.0,154,0.9625,0.9625,True,usable_predictions,attempted_predictions
CSGS8,q2_2020,1,persistence_condition_cqr,clean,non_ramp,5600,5600,0,1.0,5000,0.8928571428571429,0.8928571428571429,True,usable_predictions,attempted_predictions
CSGS8,q2_2020,1,persistence_condition_cqr,clean,ramp,160,160,0,1.0,0,0.0,0.0,True,usable_predictions,attempted_predictions
CSGS8,q2_2020,1,persistence_condition_cqr,combined_outage,non_ramp,5600,5600,0,1.0,5084,0.9078571428571428,0.9078571428571428,True,usable_predictions,attempted_predictions
CSGS8,q2_2020,1,persistence_condition_cqr,combined_outage,ramp,160,160,0,1.0,102,0.6375,0.6375,True,usable_predictions,attempted_predictions
CSGS8,q2_2020,1,persistence_condition_cqr,irradiance_outage,non_ramp,5600,5600,0,1.0,5000,0.8928571428571429,0.8928571428571429,True,usable_predictions,attempted_predictions
CSGS8,q2_2020,1,persistence_condition_cqr,irradiance_outage,ramp,160,160,0,1.0,0,0.0,0.0,True,usable_predictions,attempted_predictions
CSGS8,q2_2020,1,persistence_condition_cqr,recent_power_outage,non_ramp,5600,5600,0,1.0,5084,0.9078571428571428,0.9078571428571428,True,usable_predictions,attempted_predictions
CSGS8,q2_2020,1,persistence_condition_cqr,recent_power_outage,ramp,160,160,0,1.0,102,0.6375,0.6375,True,usable_predictions,attempted_predictions
CSGS8,q2_2020,1,persistence_condition_cqr,weather_outage,non_ramp,5600,5600,0,1.0,5000,0.8928571428571429,0.8928571428571429,True,usable_predictions,attempted_predictions
CSGS8,q2_2020,1,persistence_condition_cqr,weather_outage,ramp,160,160,0,1.0,0,0.0,0.0,True,usable_predictions,attempted_predictions
CSGS8,q2_2020,1,robust_condition_cqr,clean,non_ramp,5600,5600,0,1.0,5073,0.9058928571428572,0.9058928571428572,True,usable_predictions,attempted_predictions
CSGS8,q2_2020,1,robust_condition_cqr,clean,ramp,160,160,0,1.0,104,0.65,0.65,True,usable_predictions,attempted_predictions
CSGS8,q2_2020,1,robust_condition_cqr,combined_outage,non_ramp,5600,5600,0,1.0,5192,0.9271428571428572,0.9271428571428572,True,usable_predictions,attempted_predictions
CSGS8,q2_2020,1,robust_condition_cqr,combined_outage,ramp,160,160,0,1.0,114,0.7125,0.7125,True,usable_predictions,attempted_predictions
CSGS8,q2_2020,1,robust_condition_cqr,irradiance_outage,non_ramp,5600,5600,0,1.0,5147,0.9191071428571429,0.9191071428571429,True,usable_predictions,attempted_predictions
CSGS8,q2_2020,1,robust_condition_cqr,irradiance_outage,ramp,160,160,0,1.0,106,0.6625,0.6625,True,usable_predictions,attempted_predictions
CSGS8,q2_2020,1,robust_condition_cqr,recent_power_outage,non_ramp,5600,5600,0,1.0,5063,0.9041071428571429,0.9041071428571429,True,usable_predictions,attempted_predictions
CSGS8,q2_2020,1,robust_condition_cqr,recent_power_outage,ramp,160,160,0,1.0,126,0.7875,0.7875,True,usable_predictions,attempted_predictions
CSGS8,q2_2020,1,robust_condition_cqr,weather_outage,non_ramp,5600,5600,0,1.0,5046,0.9010714285714285,0.9010714285714285,True,usable_predictions,attempted_predictions
CSGS8,q2_2020,1,robust_condition_cqr,weather_outage,ramp,160,160,0,1.0,102,0.6375,0.6375,True,usable_predictions,attempted_predictions
CSGS8,q2_2020,1,robust_local_cqr,clean,non_ramp,5600,5600,0,1.0,5301,0.9466071428571429,0.9466071428571429,True,usable_predictions,attempted_predictions
CSGS8,q2_2020,1,robust_local_cqr,clean,ramp,160,160,0,1.0,133,0.83125,0.83125,True,usable_predictions,attempted_predictions
CSGS8,q2_2020,1,robust_local_cqr,combined_outage,non_ramp,5600,5600,0,1.0,5371,0.9591071428571428,0.9591071428571428,True,usable_predictions,attempted_predictions
CSGS8,q2_2020,1,robust_local_cqr,combined_outage,ramp,160,160,0,1.0,129,0.80625,0.80625,True,usable_predictions,attempted_predictions
CSGS8,q2_2020,1,robust_local_cqr,irradiance_outage,non_ramp,5600,5600,0,1.0,5385,0.9616071428571429,0.9616071428571429,True,usable_predictions,attempted_predictions
CSGS8,q2_2020,1,robust_local_cqr,irradiance_outage,ramp,160,160,0,1.0,131,0.81875,0.81875,True,usable_predictions,attempted_predictions
CSGS8,q2_2020,1,robust_local_cqr,recent_power_outage,non_ramp,5600,5600,0,1.0,5228,0.9335714285714286,0.9335714285714286,True,usable_predictions,attempted_predictions
CSGS8,q2_2020,1,robust_local_cqr,recent_power_outage,ramp,160,160,0,1.0,136,0.85,0.85,True,usable_predictions,attempted_predictions
CSGS8,q2_2020,1,robust_local_cqr,weather_outage,non_ramp,5600,5600,0,1.0,5301,0.9466071428571429,0.9466071428571429,True,usable_predictions,attempted_predictions
CSGS8,q2_2020,1,robust_local_cqr,weather_outage,ramp,160,160,0,1.0,130,0.8125,0.8125,True,usable_predictions,attempted_predictions
CSGS8,q2_2020,1,robust_risk_mondrian,clean,non_ramp,5600,5600,0,1.0,5169,0.9230357142857143,0.9230357142857143,True,usable_predictions,attempted_predictions
CSGS8,q2_2020,1,robust_risk_mondrian,clean,ramp,160,160,0,1.0,112,0.7,0.7,True,usable_predictions,attempted_predictions
CSGS8,q2_2020,1,robust_risk_mondrian,combined_outage,non_ramp,5600,5600,0,1.0,5200,0.9285714285714286,0.9285714285714286,True,usable_predictions,attempted_predictions
CSGS8,q2_2020,1,robust_risk_mondrian,combined_outage,ramp,160,160,0,1.0,114,0.7125,0.7125,True,usable_predictions,attempted_predictions
CSGS8,q2_2020,1,robust_risk_mondrian,irradiance_outage,non_ramp,5600,5600,0,1.0,5251,0.9376785714285715,0.9376785714285715,True,usable_predictions,attempted_predictions
CSGS8,q2_2020,1,robust_risk_mondrian,irradiance_outage,ramp,160,160,0,1.0,123,0.76875,0.76875,True,usable_predictions,attempted_predictions
CSGS8,q2_2020,1,robust_risk_mondrian,recent_power_outage,non_ramp,5600,5600,0,1.0,5072,0.9057142857142857,0.9057142857142857,True,usable_predictions,attempted_predictions
CSGS8,q2_2020,1,robust_risk_mondrian,recent_power_outage,ramp,160,160,0,1.0,131,0.81875,0.81875,True,usable_predictions,attempted_predictions
CSGS8,q2_2020,1,robust_risk_mondrian,weather_outage,non_ramp,5600,5600,0,1.0,5143,0.9183928571428571,0.9183928571428571,True,usable_predictions,attempted_predictions
CSGS8,q2_2020,1,robust_risk_mondrian,weather_outage,ramp,160,160,0,1.0,114,0.7125,0.7125,True,usable_predictions,attempted_predictions
CSGS8,q2_2020,1,robust_rolling_cqr,clean,non_ramp,5600,5600,0,1.0,5120,0.9142857142857143,0.9142857142857143,True,usable_predictions,attempted_predictions
CSGS8,q2_2020,1,robust_rolling_cqr,clean,ramp,160,160,0,1.0,105,0.65625,0.65625,True,usable_predictions,attempted_predictions
CSGS8,q2_2020,1,robust_rolling_cqr,combined_outage,non_ramp,5600,5600,0,1.0,5146,0.9189285714285714,0.9189285714285714,True,usable_predictions,attempted_predictions
CSGS8,q2_2020,1,robust_rolling_cqr,combined_outage,ramp,160,160,0,1.0,113,0.70625,0.70625,True,usable_predictions,attempted_predictions
CSGS8,q2_2020,1,robust_rolling_cqr,irradiance_outage,non_ramp,5600,5600,0,1.0,5160,0.9214285714285714,0.9214285714285714,True,usable_predictions,attempted_predictions
CSGS8,q2_2020,1,robust_rolling_cqr,irradiance_outage,ramp,160,160,0,1.0,107,0.66875,0.66875,True,usable_predictions,attempted_predictions
CSGS8,q2_2020,1,robust_rolling_cqr,recent_power_outage,non_ramp,5600,5600,0,1.0,5081,0.9073214285714286,0.9073214285714286,True,usable_predictions,attempted_predictions
CSGS8,q2_2020,1,robust_rolling_cqr,recent_power_outage,ramp,160,160,0,1.0,125,0.78125,0.78125,True,usable_predictions,attempted_predictions
CSGS8,q2_2020,1,robust_rolling_cqr,weather_outage,non_ramp,5600,5600,0,1.0,5115,0.9133928571428571,0.9133928571428571,True,usable_predictions,attempted_predictions
CSGS8,q2_2020,1,robust_rolling_cqr,weather_outage,ramp,160,160,0,1.0,104,0.65,0.65,True,usable_predictions,attempted_predictions
CSGS8,q2_2020,4,clean_condition_cqr,clean,non_ramp,5582,5582,0,1.0,5208,0.9329989251164457,0.9329989251164457,True,usable_predictions,attempted_predictions
CSGS8,q2_2020,4,clean_condition_cqr,clean,ramp,178,178,0,1.0,122,0.6853932584269663,0.6853932584269663,True,usable_predictions,attempted_predictions
CSGS8,q2_2020,4,clean_condition_cqr,combined_outage,non_ramp,5582,5582,0,1.0,4738,0.8487997133643855,0.8487997133643855,True,usable_predictions,attempted_predictions
CSGS8,q2_2020,4,clean_condition_cqr,combined_outage,ramp,178,178,0,1.0,93,0.5224719101123596,0.5224719101123596,True,usable_predictions,attempted_predictions
CSGS8,q2_2020,4,clean_condition_cqr,irradiance_outage,non_ramp,5582,5582,0,1.0,5162,0.9247581512002866,0.9247581512002866,True,usable_predictions,attempted_predictions
CSGS8,q2_2020,4,clean_condition_cqr,irradiance_outage,ramp,178,178,0,1.0,137,0.7696629213483146,0.7696629213483146,True,usable_predictions,attempted_predictions
CSGS8,q2_2020,4,clean_condition_cqr,recent_power_outage,non_ramp,5582,5582,0,1.0,4907,0.8790756001433178,0.8790756001433178,True,usable_predictions,attempted_predictions
CSGS8,q2_2020,4,clean_condition_cqr,recent_power_outage,ramp,178,178,0,1.0,90,0.5056179775280899,0.5056179775280899,True,usable_predictions,attempted_predictions
CSGS8,q2_2020,4,clean_condition_cqr,weather_outage,non_ramp,5582,5582,0,1.0,5220,0.935148692225009,0.935148692225009,True,usable_predictions,attempted_predictions
CSGS8,q2_2020,4,clean_condition_cqr,weather_outage,ramp,178,178,0,1.0,123,0.6910112359550562,0.6910112359550562,True,usable_predictions,attempted_predictions
CSGS8,q2_2020,4,lgbm_condition_cqr,clean,non_ramp,5582,5582,0,1.0,5276,0.9451809387316374,0.9451809387316374,True,usable_predictions,attempted_predictions
CSGS8,q2_2020,4,lgbm_condition_cqr,clean,ramp,178,178,0,1.0,129,0.7247191011235955,0.7247191011235955,True,usable_predictions,attempted_predictions
CSGS8,q2_2020,4,lgbm_condition_cqr,combined_outage,non_ramp,5582,5582,0,1.0,4852,0.8692225008957363,0.8692225008957363,True,usable_predictions,attempted_predictions
CSGS8,q2_2020,4,lgbm_condition_cqr,combined_outage,ramp,178,178,0,1.0,118,0.6629213483146067,0.6629213483146067,True,usable_predictions,attempted_predictions
CSGS8,q2_2020,4,lgbm_condition_cqr,irradiance_outage,non_ramp,5582,5582,0,1.0,5133,0.9195628806879255,0.9195628806879255,True,usable_predictions,attempted_predictions
CSGS8,q2_2020,4,lgbm_condition_cqr,irradiance_outage,ramp,178,178,0,1.0,128,0.7191011235955056,0.7191011235955056,True,usable_predictions,attempted_predictions
CSGS8,q2_2020,4,lgbm_condition_cqr,recent_power_outage,non_ramp,5582,5582,0,1.0,4859,0.8704765317090648,0.8704765317090648,True,usable_predictions,attempted_predictions
CSGS8,q2_2020,4,lgbm_condition_cqr,recent_power_outage,ramp,178,178,0,1.0,115,0.6460674157303371,0.6460674157303371,True,usable_predictions,attempted_predictions
CSGS8,q2_2020,4,lgbm_condition_cqr,weather_outage,non_ramp,5582,5582,0,1.0,5287,0.9471515585811537,0.9471515585811537,True,usable_predictions,attempted_predictions
CSGS8,q2_2020,4,lgbm_condition_cqr,weather_outage,ramp,178,178,0,1.0,128,0.7191011235955056,0.7191011235955056,True,usable_predictions,attempted_predictions
CSGS8,q2_2020,4,oracle_ramp_mondrian,clean,non_ramp,5582,5582,0,1.0,5052,0.9050519527051236,0.9050519527051236,True,usable_predictions,attempted_predictions
CSGS8,q2_2020,4,oracle_ramp_mondrian,clean,ramp,178,178,0,1.0,170,0.9550561797752809,0.9550561797752809,True,usable_predictions,attempted_predictions
CSGS8,q2_2020,4,oracle_ramp_mondrian,combined_outage,non_ramp,5582,5582,0,1.0,5149,0.9224292368326764,0.9224292368326764,True,usable_predictions,attempted_predictions
CSGS8,q2_2020,4,oracle_ramp_mondrian,combined_outage,ramp,178,178,0,1.0,178,1.0,1.0,True,usable_predictions,attempted_predictions
CSGS8,q2_2020,4,oracle_ramp_mondrian,irradiance_outage,non_ramp,5582,5582,0,1.0,5089,0.9116804012898603,0.9116804012898603,True,usable_predictions,attempted_predictions
CSGS8,q2_2020,4,oracle_ramp_mondrian,irradiance_outage,ramp,178,178,0,1.0,174,0.9775280898876404,0.9775280898876404,True,usable_predictions,attempted_predictions
CSGS8,q2_2020,4,oracle_ramp_mondrian,recent_power_outage,non_ramp,5582,5582,0,1.0,5096,0.9129344321031888,0.9129344321031888,True,usable_predictions,attempted_predictions
CSGS8,q2_2020,4,oracle_ramp_mondrian,recent_power_outage,ramp,178,178,0,1.0,175,0.9831460674157303,0.9831460674157303,True,usable_predictions,attempted_predictions
CSGS8,q2_2020,4,oracle_ramp_mondrian,weather_outage,non_ramp,5582,5582,0,1.0,5081,0.9102472232174847,0.9102472232174847,True,usable_predictions,attempted_predictions
CSGS8,q2_2020,4,oracle_ramp_mondrian,weather_outage,ramp,178,178,0,1.0,177,0.9943820224719101,0.9943820224719101,True,usable_predictions,attempted_predictions
CSGS8,q2_2020,4,persistence_condition_cqr,clean,non_ramp,5582,5582,0,1.0,5146,0.9218917950555356,0.9218917950555356,True,usable_predictions,attempted_predictions
CSGS8,q2_2020,4,persistence_condition_cqr,clean,ramp,178,178,0,1.0,0,0.0,0.0,True,usable_predictions,attempted_predictions
CSGS8,q2_2020,4,persistence_condition_cqr,combined_outage,non_ramp,5582,5582,0,1.0,5109,0.915263346470799,0.915263346470799,True,usable_predictions,attempted_predictions
CSGS8,q2_2020,4,persistence_condition_cqr,combined_outage,ramp,178,178,0,1.0,60,0.33707865168539325,0.33707865168539325,True,usable_predictions,attempted_predictions
CSGS8,q2_2020,4,persistence_condition_cqr,irradiance_outage,non_ramp,5582,5582,0,1.0,5146,0.9218917950555356,0.9218917950555356,True,usable_predictions,attempted_predictions
CSGS8,q2_2020,4,persistence_condition_cqr,irradiance_outage,ramp,178,178,0,1.0,0,0.0,0.0,True,usable_predictions,attempted_predictions
CSGS8,q2_2020,4,persistence_condition_cqr,recent_power_outage,non_ramp,5582,5582,0,1.0,5109,0.915263346470799,0.915263346470799,True,usable_predictions,attempted_predictions
CSGS8,q2_2020,4,persistence_condition_cqr,recent_power_outage,ramp,178,178,0,1.0,60,0.33707865168539325,0.33707865168539325,True,usable_predictions,attempted_predictions
CSGS8,q2_2020,4,persistence_condition_cqr,weather_outage,non_ramp,5582,5582,0,1.0,5146,0.9218917950555356,0.9218917950555356,True,usable_predictions,attempted_predictions
CSGS8,q2_2020,4,persistence_condition_cqr,weather_outage,ramp,178,178,0,1.0,0,0.0,0.0,True,usable_predictions,attempted_predictions
CSGS8,q2_2020,4,robust_condition_cqr,clean,non_ramp,5582,5582,0,1.0,5101,0.9138301683984235,0.9138301683984235,True,usable_predictions,attempted_predictions
CSGS8,q2_2020,4,robust_condition_cqr,clean,ramp,178,178,0,1.0,140,0.7865168539325843,0.7865168539325843,True,usable_predictions,attempted_predictions
CSGS8,q2_2020,4,robust_condition_cqr,combined_outage,non_ramp,5582,5582,0,1.0,5206,0.9326406305983519,0.9326406305983519,True,usable_predictions,attempted_predictions
CSGS8,q2_2020,4,robust_condition_cqr,combined_outage,ramp,178,178,0,1.0,144,0.8089887640449438,0.8089887640449438,True,usable_predictions,attempted_predictions
CSGS8,q2_2020,4,robust_condition_cqr,irradiance_outage,non_ramp,5582,5582,0,1.0,5149,0.9224292368326764,0.9224292368326764,True,usable_predictions,attempted_predictions
CSGS8,q2_2020,4,robust_condition_cqr,irradiance_outage,ramp,178,178,0,1.0,149,0.8370786516853933,0.8370786516853933,True,usable_predictions,attempted_predictions
CSGS8,q2_2020,4,robust_condition_cqr,recent_power_outage,non_ramp,5582,5582,0,1.0,5151,0.9227875313507703,0.9227875313507703,True,usable_predictions,attempted_predictions
CSGS8,q2_2020,4,robust_condition_cqr,recent_power_outage,ramp,178,178,0,1.0,138,0.7752808988764045,0.7752808988764045,True,usable_predictions,attempted_predictions
CSGS8,q2_2020,4,robust_condition_cqr,weather_outage,non_ramp,5582,5582,0,1.0,5150,0.9226083840917234,0.9226083840917234,True,usable_predictions,attempted_predictions
CSGS8,q2_2020,4,robust_condition_cqr,weather_outage,ramp,178,178,0,1.0,139,0.7808988764044944,0.7808988764044944,True,usable_predictions,attempted_predictions
CSGS8,q2_2020,4,robust_local_cqr,clean,non_ramp,5582,5582,0,1.0,5415,0.9700824077391615,0.9700824077391615,True,usable_predictions,attempted_predictions
CSGS8,q2_2020,4,robust_local_cqr,clean,ramp,178,178,0,1.0,162,0.9101123595505618,0.9101123595505618,True,usable_predictions,attempted_predictions
CSGS8,q2_2020,4,robust_local_cqr,combined_outage,non_ramp,5582,5582,0,1.0,5392,0.9659620207810821,0.9659620207810821,True,usable_predictions,attempted_predictions
CSGS8,q2_2020,4,robust_local_cqr,combined_outage,ramp,178,178,0,1.0,169,0.949438202247191,0.949438202247191,True,usable_predictions,attempted_predictions
CSGS8,q2_2020,4,robust_local_cqr,irradiance_outage,non_ramp,5582,5582,0,1.0,5436,0.9738445001791473,0.9738445001791473,True,usable_predictions,attempted_predictions
CSGS8,q2_2020,4,robust_local_cqr,irradiance_outage,ramp,178,178,0,1.0,169,0.949438202247191,0.949438202247191,True,usable_predictions,attempted_predictions
CSGS8,q2_2020,4,robust_local_cqr,recent_power_outage,non_ramp,5582,5582,0,1.0,5331,0.9550340379792189,0.9550340379792189,True,usable_predictions,attempted_predictions
CSGS8,q2_2020,4,robust_local_cqr,recent_power_outage,ramp,178,178,0,1.0,160,0.898876404494382,0.898876404494382,True,usable_predictions,attempted_predictions
CSGS8,q2_2020,4,robust_local_cqr,weather_outage,non_ramp,5582,5582,0,1.0,5407,0.9686492296667861,0.9686492296667861,True,usable_predictions,attempted_predictions
CSGS8,q2_2020,4,robust_local_cqr,weather_outage,ramp,178,178,0,1.0,167,0.9382022471910112,0.9382022471910112,True,usable_predictions,attempted_predictions
CSGS8,q2_2020,4,robust_risk_mondrian,clean,non_ramp,5582,5582,0,1.0,5131,0.9192045861698316,0.9192045861698316,True,usable_predictions,attempted_predictions
CSGS8,q2_2020,4,robust_risk_mondrian,clean,ramp,178,178,0,1.0,144,0.8089887640449438,0.8089887640449438,True,usable_predictions,attempted_predictions
CSGS8,q2_2020,4,robust_risk_mondrian,combined_outage,non_ramp,5582,5582,0,1.0,5198,0.9312074525259764,0.9312074525259764,True,usable_predictions,attempted_predictions
CSGS8,q2_2020,4,robust_risk_mondrian,combined_outage,ramp,178,178,0,1.0,143,0.8033707865168539,0.8033707865168539,True,usable_predictions,attempted_predictions
CSGS8,q2_2020,4,robust_risk_mondrian,irradiance_outage,non_ramp,5582,5582,0,1.0,5218,0.9347903977069151,0.9347903977069151,True,usable_predictions,attempted_predictions
CSGS8,q2_2020,4,robust_risk_mondrian,irradiance_outage,ramp,178,178,0,1.0,155,0.8707865168539326,0.8707865168539326,True,usable_predictions,attempted_predictions
CSGS8,q2_2020,4,robust_risk_mondrian,recent_power_outage,non_ramp,5582,5582,0,1.0,5129,0.9188462916517377,0.9188462916517377,True,usable_predictions,attempted_predictions
CSGS8,q2_2020,4,robust_risk_mondrian,recent_power_outage,ramp,178,178,0,1.0,140,0.7865168539325843,0.7865168539325843,True,usable_predictions,attempted_predictions
CSGS8,q2_2020,4,robust_risk_mondrian,weather_outage,non_ramp,5582,5582,0,1.0,5207,0.9328197778573988,0.9328197778573988,True,usable_predictions,attempted_predictions
CSGS8,q2_2020,4,robust_risk_mondrian,weather_outage,ramp,178,178,0,1.0,147,0.8258426966292135,0.8258426966292135,True,usable_predictions,attempted_predictions
CSGS8,q2_2020,4,robust_rolling_cqr,clean,non_ramp,5582,5582,0,1.0,5071,0.9084557506270154,0.9084557506270154,True,usable_predictions,attempted_predictions
CSGS8,q2_2020,4,robust_rolling_cqr,clean,ramp,178,178,0,1.0,138,0.7752808988764045,0.7752808988764045,True,usable_predictions,attempted_predictions
CSGS8,q2_2020,4,robust_rolling_cqr,combined_outage,non_ramp,5582,5582,0,1.0,5078,0.909709781440344,0.909709781440344,True,usable_predictions,attempted_predictions
CSGS8,q2_2020,4,robust_rolling_cqr,combined_outage,ramp,178,178,0,1.0,142,0.797752808988764,0.797752808988764,True,usable_predictions,attempted_predictions
CSGS8,q2_2020,4,robust_rolling_cqr,irradiance_outage,non_ramp,5582,5582,0,1.0,5084,0.9107846649946256,0.9107846649946256,True,usable_predictions,attempted_predictions
CSGS8,q2_2020,4,robust_rolling_cqr,irradiance_outage,ramp,178,178,0,1.0,148,0.8314606741573034,0.8314606741573034,True,usable_predictions,attempted_predictions
CSGS8,q2_2020,4,robust_rolling_cqr,recent_power_outage,non_ramp,5582,5582,0,1.0,5056,0.9057685417413114,0.9057685417413114,True,usable_predictions,attempted_predictions
CSGS8,q2_2020,4,robust_rolling_cqr,recent_power_outage,ramp,178,178,0,1.0,137,0.7696629213483146,0.7696629213483146,True,usable_predictions,attempted_predictions
CSGS8,q2_2020,4,robust_rolling_cqr,weather_outage,non_ramp,5582,5582,0,1.0,5076,0.9093514869222501,0.9093514869222501,True,usable_predictions,attempted_predictions
CSGS8,q2_2020,4,robust_rolling_cqr,weather_outage,ramp,178,178,0,1.0,137,0.7696629213483146,0.7696629213483146,True,usable_predictions,attempted_predictions
CSGS8,q3_2020,1,clean_condition_cqr,clean,non_ramp,5642,5642,0,1.0,5090,0.902162353775257,0.902162353775257,True,usable_predictions,attempted_predictions
CSGS8,q3_2020,1,clean_condition_cqr,clean,ramp,246,246,0,1.0,113,0.45934959349593496,0.45934959349593496,True,usable_predictions,attempted_predictions
CSGS8,q3_2020,1,clean_condition_cqr,combined_outage,non_ramp,5642,5642,0,1.0,4857,0.8608649415101028,0.8608649415101028,True,usable_predictions,attempted_predictions
CSGS8,q3_2020,1,clean_condition_cqr,combined_outage,ramp,246,246,0,1.0,100,0.4065040650406504,0.4065040650406504,True,usable_predictions,attempted_predictions
CSGS8,q3_2020,1,clean_condition_cqr,irradiance_outage,non_ramp,5642,5642,0,1.0,5101,0.9041120170152428,0.9041120170152428,True,usable_predictions,attempted_predictions
CSGS8,q3_2020,1,clean_condition_cqr,irradiance_outage,ramp,246,246,0,1.0,145,0.5894308943089431,0.5894308943089431,True,usable_predictions,attempted_predictions
CSGS8,q3_2020,1,clean_condition_cqr,recent_power_outage,non_ramp,5642,5642,0,1.0,4852,0.8599787309464729,0.8599787309464729,True,usable_predictions,attempted_predictions
CSGS8,q3_2020,1,clean_condition_cqr,recent_power_outage,ramp,246,246,0,1.0,105,0.4268292682926829,0.4268292682926829,True,usable_predictions,attempted_predictions
CSGS8,q3_2020,1,clean_condition_cqr,weather_outage,non_ramp,5642,5642,0,1.0,5107,0.9051754696915987,0.9051754696915987,True,usable_predictions,attempted_predictions
CSGS8,q3_2020,1,clean_condition_cqr,weather_outage,ramp,246,246,0,1.0,127,0.516260162601626,0.516260162601626,True,usable_predictions,attempted_predictions
CSGS8,q3_2020,1,lgbm_condition_cqr,clean,non_ramp,5642,5642,0,1.0,5199,0.9214817440623893,0.9214817440623893,True,usable_predictions,attempted_predictions
CSGS8,q3_2020,1,lgbm_condition_cqr,clean,ramp,246,246,0,1.0,128,0.5203252032520326,0.5203252032520326,True,usable_predictions,attempted_predictions
CSGS8,q3_2020,1,lgbm_condition_cqr,combined_outage,non_ramp,5642,5642,0,1.0,4865,0.8622828784119106,0.8622828784119106,True,usable_predictions,attempted_predictions
CSGS8,q3_2020,1,lgbm_condition_cqr,combined_outage,ramp,246,246,0,1.0,107,0.4349593495934959,0.4349593495934959,True,usable_predictions,attempted_predictions
CSGS8,q3_2020,1,lgbm_condition_cqr,irradiance_outage,non_ramp,5642,5642,0,1.0,5117,0.9069478908188585,0.9069478908188585,True,usable_predictions,attempted_predictions
CSGS8,q3_2020,1,lgbm_condition_cqr,irradiance_outage,ramp,246,246,0,1.0,123,0.5,0.5,True,usable_predictions,attempted_predictions
CSGS8,q3_2020,1,lgbm_condition_cqr,recent_power_outage,non_ramp,5642,5642,0,1.0,4873,0.8637008153137186,0.8637008153137186,True,usable_predictions,attempted_predictions
CSGS8,q3_2020,1,lgbm_condition_cqr,recent_power_outage,ramp,246,246,0,1.0,106,0.43089430894308944,0.43089430894308944,True,usable_predictions,attempted_predictions
CSGS8,q3_2020,1,lgbm_condition_cqr,weather_outage,non_ramp,5642,5642,0,1.0,5196,0.9209500177242113,0.9209500177242113,True,usable_predictions,attempted_predictions
CSGS8,q3_2020,1,lgbm_condition_cqr,weather_outage,ramp,246,246,0,1.0,125,0.508130081300813,0.508130081300813,True,usable_predictions,attempted_predictions
CSGS8,q3_2020,1,oracle_ramp_mondrian,clean,non_ramp,5642,5642,0,1.0,5055,0.8959588798298476,0.8959588798298476,True,usable_predictions,attempted_predictions
CSGS8,q3_2020,1,oracle_ramp_mondrian,clean,ramp,246,246,0,1.0,231,0.9390243902439024,0.9390243902439024,True,usable_predictions,attempted_predictions
CSGS8,q3_2020,1,oracle_ramp_mondrian,combined_outage,non_ramp,5642,5642,0,1.0,5098,0.9035802906770649,0.9035802906770649,True,usable_predictions,attempted_predictions
CSGS8,q3_2020,1,oracle_ramp_mondrian,combined_outage,ramp,246,246,0,1.0,222,0.9024390243902439,0.9024390243902439,True,usable_predictions,attempted_predictions
CSGS8,q3_2020,1,oracle_ramp_mondrian,irradiance_outage,non_ramp,5642,5642,0,1.0,5156,0.9138603332151719,0.9138603332151719,True,usable_predictions,attempted_predictions
CSGS8,q3_2020,1,oracle_ramp_mondrian,irradiance_outage,ramp,246,246,0,1.0,226,0.9186991869918699,0.9186991869918699,True,usable_predictions,attempted_predictions
CSGS8,q3_2020,1,oracle_ramp_mondrian,recent_power_outage,non_ramp,5642,5642,0,1.0,5184,0.9188231123714995,0.9188231123714995,True,usable_predictions,attempted_predictions
CSGS8,q3_2020,1,oracle_ramp_mondrian,recent_power_outage,ramp,246,246,0,1.0,227,0.9227642276422764,0.9227642276422764,True,usable_predictions,attempted_predictions
CSGS8,q3_2020,1,oracle_ramp_mondrian,weather_outage,non_ramp,5642,5642,0,1.0,5067,0.8980857851825593,0.8980857851825593,True,usable_predictions,attempted_predictions
CSGS8,q3_2020,1,oracle_ramp_mondrian,weather_outage,ramp,246,246,0,1.0,228,0.926829268292683,0.926829268292683,True,usable_predictions,attempted_predictions
CSGS8,q3_2020,1,persistence_condition_cqr,clean,non_ramp,5642,5642,0,1.0,5041,0.8934774902516838,0.8934774902516838,True,usable_predictions,attempted_predictions
CSGS8,q3_2020,1,persistence_condition_cqr,clean,ramp,246,246,0,1.0,0,0.0,0.0,True,usable_predictions,attempted_predictions
CSGS8,q3_2020,1,persistence_condition_cqr,combined_outage,non_ramp,5642,5642,0,1.0,4804,0.8514711095356257,0.8514711095356257,True,usable_predictions,attempted_predictions
CSGS8,q3_2020,1,persistence_condition_cqr,combined_outage,ramp,246,246,0,1.0,144,0.5853658536585366,0.5853658536585366,True,usable_predictions,attempted_predictions
CSGS8,q3_2020,1,persistence_condition_cqr,irradiance_outage,non_ramp,5642,5642,0,1.0,5041,0.8934774902516838,0.8934774902516838,True,usable_predictions,attempted_predictions
CSGS8,q3_2020,1,persistence_condition_cqr,irradiance_outage,ramp,246,246,0,1.0,0,0.0,0.0,True,usable_predictions,attempted_predictions
CSGS8,q3_2020,1,persistence_condition_cqr,recent_power_outage,non_ramp,5642,5642,0,1.0,4804,0.8514711095356257,0.8514711095356257,True,usable_predictions,attempted_predictions
CSGS8,q3_2020,1,persistence_condition_cqr,recent_power_outage,ramp,246,246,0,1.0,144,0.5853658536585366,0.5853658536585366,True,usable_predictions,attempted_predictions
CSGS8,q3_2020,1,persistence_condition_cqr,weather_outage,non_ramp,5642,5642,0,1.0,5041,0.8934774902516838,0.8934774902516838,True,usable_predictions,attempted_predictions
CSGS8,q3_2020,1,persistence_condition_cqr,weather_outage,ramp,246,246,0,1.0,0,0.0,0.0,True,usable_predictions,attempted_predictions
CSGS8,q3_2020,1,robust_condition_cqr,clean,non_ramp,5642,5642,0,1.0,5057,0.8963133640552995,0.8963133640552995,True,usable_predictions,attempted_predictions
CSGS8,q3_2020,1,robust_condition_cqr,clean,ramp,246,246,0,1.0,152,0.6178861788617886,0.6178861788617886,True,usable_predictions,attempted_predictions
CSGS8,q3_2020,1,robust_condition_cqr,combined_outage,non_ramp,5642,5642,0,1.0,5116,0.9067706487061326,0.9067706487061326,True,usable_predictions,attempted_predictions
CSGS8,q3_2020,1,robust_condition_cqr,combined_outage,ramp,246,246,0,1.0,156,0.6341463414634146,0.6341463414634146,True,usable_predictions,attempted_predictions
CSGS8,q3_2020,1,robust_condition_cqr,irradiance_outage,non_ramp,5642,5642,0,1.0,5156,0.9138603332151719,0.9138603332151719,True,usable_predictions,attempted_predictions
CSGS8,q3_2020,1,robust_condition_cqr,irradiance_outage,ramp,246,246,0,1.0,150,0.6097560975609756,0.6097560975609756,True,usable_predictions,attempted_predictions
CSGS8,q3_2020,1,robust_condition_cqr,recent_power_outage,non_ramp,5642,5642,0,1.0,5184,0.9188231123714995,0.9188231123714995,True,usable_predictions,attempted_predictions
CSGS8,q3_2020,1,robust_condition_cqr,recent_power_outage,ramp,246,246,0,1.0,190,0.7723577235772358,0.7723577235772358,True,usable_predictions,attempted_predictions
CSGS8,q3_2020,1,robust_condition_cqr,weather_outage,non_ramp,5642,5642,0,1.0,5067,0.8980857851825593,0.8980857851825593,True,usable_predictions,attempted_predictions
CSGS8,q3_2020,1,robust_condition_cqr,weather_outage,ramp,246,246,0,1.0,158,0.6422764227642277,0.6422764227642277,True,usable_predictions,attempted_predictions
CSGS8,q3_2020,1,robust_local_cqr,clean,non_ramp,5642,5642,0,1.0,5312,0.9415101028004254,0.9415101028004254,True,usable_predictions,attempted_predictions
CSGS8,q3_2020,1,robust_local_cqr,clean,ramp,246,246,0,1.0,192,0.7804878048780488,0.7804878048780488,True,usable_predictions,attempted_predictions
CSGS8,q3_2020,1,robust_local_cqr,combined_outage,non_ramp,5642,5642,0,1.0,5289,0.9374335342077278,0.9374335342077278,True,usable_predictions,attempted_predictions
CSGS8,q3_2020,1,robust_local_cqr,combined_outage,ramp,246,246,0,1.0,193,0.7845528455284553,0.7845528455284553,True,usable_predictions,attempted_predictions
CSGS8,q3_2020,1,robust_local_cqr,irradiance_outage,non_ramp,5642,5642,0,1.0,5358,0.9496632399858206,0.9496632399858206,True,usable_predictions,attempted_predictions
CSGS8,q3_2020,1,robust_local_cqr,irradiance_outage,ramp,246,246,0,1.0,197,0.8008130081300813,0.8008130081300813,True,usable_predictions,attempted_predictions
CSGS8,q3_2020,1,robust_local_cqr,recent_power_outage,non_ramp,5642,5642,0,1.0,5329,0.9445232187167671,0.9445232187167671,True,usable_predictions,attempted_predictions
CSGS8,q3_2020,1,robust_local_cqr,recent_power_outage,ramp,246,246,0,1.0,209,0.8495934959349594,0.8495934959349594,True,usable_predictions,attempted_predictions
CSGS8,q3_2020,1,robust_local_cqr,weather_outage,non_ramp,5642,5642,0,1.0,5295,0.9384969868840837,0.9384969868840837,True,usable_predictions,attempted_predictions
CSGS8,q3_2020,1,robust_local_cqr,weather_outage,ramp,246,246,0,1.0,196,0.7967479674796748,0.7967479674796748,True,usable_predictions,attempted_predictions
CSGS8,q3_2020,1,robust_risk_mondrian,clean,non_ramp,5642,5642,0,1.0,5183,0.9186458702587735,0.9186458702587735,True,usable_predictions,attempted_predictions
CSGS8,q3_2020,1,robust_risk_mondrian,clean,ramp,246,246,0,1.0,171,0.6951219512195121,0.6951219512195121,True,usable_predictions,attempted_predictions
CSGS8,q3_2020,1,robust_risk_mondrian,combined_outage,non_ramp,5642,5642,0,1.0,5125,0.9083658277206664,0.9083658277206664,True,usable_predictions,attempted_predictions
CSGS8,q3_2020,1,robust_risk_mondrian,combined_outage,ramp,246,246,0,1.0,156,0.6341463414634146,0.6341463414634146,True,usable_predictions,attempted_predictions
CSGS8,q3_2020,1,robust_risk_mondrian,irradiance_outage,non_ramp,5642,5642,0,1.0,5289,0.9374335342077278,0.9374335342077278,True,usable_predictions,attempted_predictions
CSGS8,q3_2020,1,robust_risk_mondrian,irradiance_outage,ramp,246,246,0,1.0,174,0.7073170731707317,0.7073170731707317,True,usable_predictions,attempted_predictions
CSGS8,q3_2020,1,robust_risk_mondrian,recent_power_outage,non_ramp,5642,5642,0,1.0,5257,0.9317617866004962,0.9317617866004962,True,usable_predictions,attempted_predictions
CSGS8,q3_2020,1,robust_risk_mondrian,recent_power_outage,ramp,246,246,0,1.0,196,0.7967479674796748,0.7967479674796748,True,usable_predictions,attempted_predictions
CSGS8,q3_2020,1,robust_risk_mondrian,weather_outage,non_ramp,5642,5642,0,1.0,5178,0.9177596596951436,0.9177596596951436,True,usable_predictions,attempted_predictions
CSGS8,q3_2020,1,robust_risk_mondrian,weather_outage,ramp,246,246,0,1.0,179,0.7276422764227642,0.7276422764227642,True,usable_predictions,attempted_predictions
CSGS8,q3_2020,1,robust_rolling_cqr,clean,non_ramp,5642,5642,0,1.0,5160,0.9145693016660759,0.9145693016660759,True,usable_predictions,attempted_predictions
CSGS8,q3_2020,1,robust_rolling_cqr,clean,ramp,246,246,0,1.0,157,0.6382113821138211,0.6382113821138211,True,usable_predictions,attempted_predictions
CSGS8,q3_2020,1,robust_rolling_cqr,combined_outage,non_ramp,5642,5642,0,1.0,5185,0.9190003544842255,0.9190003544842255,True,usable_predictions,attempted_predictions
CSGS8,q3_2020,1,robust_rolling_cqr,combined_outage,ramp,246,246,0,1.0,160,0.6504065040650406,0.6504065040650406,True,usable_predictions,attempted_predictions
CSGS8,q3_2020,1,robust_rolling_cqr,irradiance_outage,non_ramp,5642,5642,0,1.0,5176,0.9174051754696916,0.9174051754696916,True,usable_predictions,attempted_predictions
CSGS8,q3_2020,1,robust_rolling_cqr,irradiance_outage,ramp,246,246,0,1.0,151,0.6138211382113821,0.6138211382113821,True,usable_predictions,attempted_predictions
CSGS8,q3_2020,1,robust_rolling_cqr,recent_power_outage,non_ramp,5642,5642,0,1.0,5205,0.9225451967387451,0.9225451967387451,True,usable_predictions,attempted_predictions
CSGS8,q3_2020,1,robust_rolling_cqr,recent_power_outage,ramp,246,246,0,1.0,190,0.7723577235772358,0.7723577235772358,True,usable_predictions,attempted_predictions
CSGS8,q3_2020,1,robust_rolling_cqr,weather_outage,non_ramp,5642,5642,0,1.0,5157,0.9140375753278979,0.9140375753278979,True,usable_predictions,attempted_predictions
CSGS8,q3_2020,1,robust_rolling_cqr,weather_outage,ramp,246,246,0,1.0,162,0.6585365853658537,0.6585365853658537,True,usable_predictions,attempted_predictions
CSGS8,q3_2020,4,clean_condition_cqr,clean,non_ramp,5550,5550,0,1.0,4954,0.8926126126126126,0.8926126126126126,True,usable_predictions,attempted_predictions
CSGS8,q3_2020,4,clean_condition_cqr,clean,ramp,338,338,0,1.0,248,0.7337278106508875,0.7337278106508875,True,usable_predictions,attempted_predictions
CSGS8,q3_2020,4,clean_condition_cqr,combined_outage,non_ramp,5550,5550,0,1.0,4685,0.8441441441441442,0.8441441441441442,True,usable_predictions,attempted_predictions
CSGS8,q3_2020,4,clean_condition_cqr,combined_outage,ramp,338,338,0,1.0,283,0.8372781065088757,0.8372781065088757,True,usable_predictions,attempted_predictions
CSGS8,q3_2020,4,clean_condition_cqr,irradiance_outage,non_ramp,5550,5550,0,1.0,4909,0.8845045045045045,0.8845045045045045,True,usable_predictions,attempted_predictions
CSGS8,q3_2020,4,clean_condition_cqr,irradiance_outage,ramp,338,338,0,1.0,270,0.7988165680473372,0.7988165680473372,True,usable_predictions,attempted_predictions
CSGS8,q3_2020,4,clean_condition_cqr,recent_power_outage,non_ramp,5550,5550,0,1.0,4881,0.8794594594594595,0.8794594594594595,True,usable_predictions,attempted_predictions
CSGS8,q3_2020,4,clean_condition_cqr,recent_power_outage,ramp,338,338,0,1.0,214,0.6331360946745562,0.6331360946745562,True,usable_predictions,attempted_predictions
CSGS8,q3_2020,4,clean_condition_cqr,weather_outage,non_ramp,5550,5550,0,1.0,4976,0.8965765765765765,0.8965765765765765,True,usable_predictions,attempted_predictions
CSGS8,q3_2020,4,clean_condition_cqr,weather_outage,ramp,338,338,0,1.0,256,0.757396449704142,0.757396449704142,True,usable_predictions,attempted_predictions
CSGS8,q3_2020,4,lgbm_condition_cqr,clean,non_ramp,5550,5550,0,1.0,5144,0.9268468468468468,0.9268468468468468,True,usable_predictions,attempted_predictions
CSGS8,q3_2020,4,lgbm_condition_cqr,clean,ramp,338,338,0,1.0,252,0.7455621301775148,0.7455621301775148,True,usable_predictions,attempted_predictions
CSGS8,q3_2020,4,lgbm_condition_cqr,combined_outage,non_ramp,5550,5550,0,1.0,4683,0.8437837837837838,0.8437837837837838,True,usable_predictions,attempted_predictions
CSGS8,q3_2020,4,lgbm_condition_cqr,combined_outage,ramp,338,338,0,1.0,279,0.8254437869822485,0.8254437869822485,True,usable_predictions,attempted_predictions
CSGS8,q3_2020,4,lgbm_condition_cqr,irradiance_outage,non_ramp,5550,5550,0,1.0,5040,0.9081081081081082,0.9081081081081082,True,usable_predictions,attempted_predictions
CSGS8,q3_2020,4,lgbm_condition_cqr,irradiance_outage,ramp,338,338,0,1.0,258,0.7633136094674556,0.7633136094674556,True,usable_predictions,attempted_predictions
CSGS8,q3_2020,4,lgbm_condition_cqr,recent_power_outage,non_ramp,5550,5550,0,1.0,4700,0.8468468468468469,0.8468468468468469,True,usable_predictions,attempted_predictions
CSGS8,q3_2020,4,lgbm_condition_cqr,recent_power_outage,ramp,338,338,0,1.0,274,0.8106508875739645,0.8106508875739645,True,usable_predictions,attempted_predictions
CSGS8,q3_2020,4,lgbm_condition_cqr,weather_outage,non_ramp,5550,5550,0,1.0,5141,0.9263063063063063,0.9263063063063063,True,usable_predictions,attempted_predictions
CSGS8,q3_2020,4,lgbm_condition_cqr,weather_outage,ramp,338,338,0,1.0,252,0.7455621301775148,0.7455621301775148,True,usable_predictions,attempted_predictions
CSGS8,q3_2020,4,oracle_ramp_mondrian,clean,non_ramp,5550,5550,0,1.0,4999,0.9007207207207207,0.9007207207207207,True,usable_predictions,attempted_predictions
CSGS8,q3_2020,4,oracle_ramp_mondrian,clean,ramp,338,338,0,1.0,306,0.9053254437869822,0.9053254437869822,True,usable_predictions,attempted_predictions
CSGS8,q3_2020,4,oracle_ramp_mondrian,combined_outage,non_ramp,5550,5550,0,1.0,4966,0.8947747747747747,0.8947747747747747,True,usable_predictions,attempted_predictions
CSGS8,q3_2020,4,oracle_ramp_mondrian,combined_outage,ramp,338,338,0,1.0,314,0.9289940828402367,0.9289940828402367,True,usable_predictions,attempted_predictions
CSGS8,q3_2020,4,oracle_ramp_mondrian,irradiance_outage,non_ramp,5550,5550,0,1.0,5026,0.9055855855855856,0.9055855855855856,True,usable_predictions,attempted_predictions
CSGS8,q3_2020,4,oracle_ramp_mondrian,irradiance_outage,ramp,338,338,0,1.0,302,0.893491124260355,0.893491124260355,True,usable_predictions,attempted_predictions
CSGS8,q3_2020,4,oracle_ramp_mondrian,recent_power_outage,non_ramp,5550,5550,0,1.0,5097,0.9183783783783783,0.9183783783783783,True,usable_predictions,attempted_predictions
CSGS8,q3_2020,4,oracle_ramp_mondrian,recent_power_outage,ramp,338,338,0,1.0,309,0.9142011834319527,0.9142011834319527,True,usable_predictions,attempted_predictions
CSGS8,q3_2020,4,oracle_ramp_mondrian,weather_outage,non_ramp,5550,5550,0,1.0,5022,0.9048648648648648,0.9048648648648648,True,usable_predictions,attempted_predictions
CSGS8,q3_2020,4,oracle_ramp_mondrian,weather_outage,ramp,338,338,0,1.0,306,0.9053254437869822,0.9053254437869822,True,usable_predictions,attempted_predictions
CSGS8,q3_2020,4,persistence_condition_cqr,clean,non_ramp,5550,5550,0,1.0,5004,0.9016216216216216,0.9016216216216216,True,usable_predictions,attempted_predictions
CSGS8,q3_2020,4,persistence_condition_cqr,clean,ramp,338,338,0,1.0,0,0.0,0.0,True,usable_predictions,attempted_predictions
CSGS8,q3_2020,4,persistence_condition_cqr,combined_outage,non_ramp,5550,5550,0,1.0,4849,0.8736936936936937,0.8736936936936937,True,usable_predictions,attempted_predictions
CSGS8,q3_2020,4,persistence_condition_cqr,combined_outage,ramp,338,338,0,1.0,109,0.3224852071005917,0.3224852071005917,True,usable_predictions,attempted_predictions
CSGS8,q3_2020,4,persistence_condition_cqr,irradiance_outage,non_ramp,5550,5550,0,1.0,5004,0.9016216216216216,0.9016216216216216,True,usable_predictions,attempted_predictions
CSGS8,q3_2020,4,persistence_condition_cqr,irradiance_outage,ramp,338,338,0,1.0,0,0.0,0.0,True,usable_predictions,attempted_predictions
CSGS8,q3_2020,4,persistence_condition_cqr,recent_power_outage,non_ramp,5550,5550,0,1.0,4849,0.8736936936936937,0.8736936936936937,True,usable_predictions,attempted_predictions
CSGS8,q3_2020,4,persistence_condition_cqr,recent_power_outage,ramp,338,338,0,1.0,109,0.3224852071005917,0.3224852071005917,True,usable_predictions,attempted_predictions
CSGS8,q3_2020,4,persistence_condition_cqr,weather_outage,non_ramp,5550,5550,0,1.0,5004,0.9016216216216216,0.9016216216216216,True,usable_predictions,attempted_predictions
CSGS8,q3_2020,4,persistence_condition_cqr,weather_outage,ramp,338,338,0,1.0,0,0.0,0.0,True,usable_predictions,attempted_predictions
CSGS8,q3_2020,4,robust_condition_cqr,clean,non_ramp,5550,5550,0,1.0,4999,0.9007207207207207,0.9007207207207207,True,usable_predictions,attempted_predictions
CSGS8,q3_2020,4,robust_condition_cqr,clean,ramp,338,338,0,1.0,274,0.8106508875739645,0.8106508875739645,True,usable_predictions,attempted_predictions
CSGS8,q3_2020,4,robust_condition_cqr,combined_outage,non_ramp,5550,5550,0,1.0,4966,0.8947747747747747,0.8947747747747747,True,usable_predictions,attempted_predictions
CSGS8,q3_2020,4,robust_condition_cqr,combined_outage,ramp,338,338,0,1.0,290,0.8579881656804734,0.8579881656804734,True,usable_predictions,attempted_predictions
CSGS8,q3_2020,4,robust_condition_cqr,irradiance_outage,non_ramp,5550,5550,0,1.0,5026,0.9055855855855856,0.9055855855855856,True,usable_predictions,attempted_predictions
CSGS8,q3_2020,4,robust_condition_cqr,irradiance_outage,ramp,338,338,0,1.0,281,0.8313609467455622,0.8313609467455622,True,usable_predictions,attempted_predictions
CSGS8,q3_2020,4,robust_condition_cqr,recent_power_outage,non_ramp,5550,5550,0,1.0,5097,0.9183783783783783,0.9183783783783783,True,usable_predictions,attempted_predictions
CSGS8,q3_2020,4,robust_condition_cqr,recent_power_outage,ramp,338,338,0,1.0,279,0.8254437869822485,0.8254437869822485,True,usable_predictions,attempted_predictions
CSGS8,q3_2020,4,robust_condition_cqr,weather_outage,non_ramp,5550,5550,0,1.0,5027,0.9057657657657657,0.9057657657657657,True,usable_predictions,attempted_predictions
CSGS8,q3_2020,4,robust_condition_cqr,weather_outage,ramp,338,338,0,1.0,273,0.8076923076923077,0.8076923076923077,True,usable_predictions,attempted_predictions
CSGS8,q3_2020,4,robust_local_cqr,clean,non_ramp,5550,5550,0,1.0,5217,0.94,0.94,True,usable_predictions,attempted_predictions
CSGS8,q3_2020,4,robust_local_cqr,clean,ramp,338,338,0,1.0,303,0.8964497041420119,0.8964497041420119,True,usable_predictions,attempted_predictions
CSGS8,q3_2020,4,robust_local_cqr,combined_outage,non_ramp,5550,5550,0,1.0,5178,0.932972972972973,0.932972972972973,True,usable_predictions,attempted_predictions
CSGS8,q3_2020,4,robust_local_cqr,combined_outage,ramp,338,338,0,1.0,310,0.9171597633136095,0.9171597633136095,True,usable_predictions,attempted_predictions
CSGS8,q3_2020,4,robust_local_cqr,irradiance_outage,non_ramp,5550,5550,0,1.0,5247,0.9454054054054054,0.9454054054054054,True,usable_predictions,attempted_predictions
CSGS8,q3_2020,4,robust_local_cqr,irradiance_outage,ramp,338,338,0,1.0,313,0.9260355029585798,0.9260355029585798,True,usable_predictions,attempted_predictions
CSGS8,q3_2020,4,robust_local_cqr,recent_power_outage,non_ramp,5550,5550,0,1.0,5238,0.9437837837837838,0.9437837837837838,True,usable_predictions,attempted_predictions
CSGS8,q3_2020,4,robust_local_cqr,recent_power_outage,ramp,338,338,0,1.0,298,0.8816568047337278,0.8816568047337278,True,usable_predictions,attempted_predictions
CSGS8,q3_2020,4,robust_local_cqr,weather_outage,non_ramp,5550,5550,0,1.0,5221,0.9407207207207208,0.9407207207207208,True,usable_predictions,attempted_predictions
CSGS8,q3_2020,4,robust_local_cqr,weather_outage,ramp,338,338,0,1.0,303,0.8964497041420119,0.8964497041420119,True,usable_predictions,attempted_predictions
CSGS8,q3_2020,4,robust_risk_mondrian,clean,non_ramp,5550,5550,0,1.0,5114,0.9214414414414415,0.9214414414414415,True,usable_predictions,attempted_predictions
CSGS8,q3_2020,4,robust_risk_mondrian,clean,ramp,338,338,0,1.0,296,0.8757396449704142,0.8757396449704142,True,usable_predictions,attempted_predictions
CSGS8,q3_2020,4,robust_risk_mondrian,combined_outage,non_ramp,5550,5550,0,1.0,5091,0.9172972972972973,0.9172972972972973,True,usable_predictions,attempted_predictions
CSGS8,q3_2020,4,robust_risk_mondrian,combined_outage,ramp,338,338,0,1.0,294,0.8698224852071006,0.8698224852071006,True,usable_predictions,attempted_predictions
CSGS8,q3_2020,4,robust_risk_mondrian,irradiance_outage,non_ramp,5550,5550,0,1.0,5147,0.9273873873873874,0.9273873873873874,True,usable_predictions,attempted_predictions
CSGS8,q3_2020,4,robust_risk_mondrian,irradiance_outage,ramp,338,338,0,1.0,303,0.8964497041420119,0.8964497041420119,True,usable_predictions,attempted_predictions
CSGS8,q3_2020,4,robust_risk_mondrian,recent_power_outage,non_ramp,5550,5550,0,1.0,5167,0.930990990990991,0.930990990990991,True,usable_predictions,attempted_predictions
CSGS8,q3_2020,4,robust_risk_mondrian,recent_power_outage,ramp,338,338,0,1.0,284,0.8402366863905325,0.8402366863905325,True,usable_predictions,attempted_predictions
CSGS8,q3_2020,4,robust_risk_mondrian,weather_outage,non_ramp,5550,5550,0,1.0,5144,0.9268468468468468,0.9268468468468468,True,usable_predictions,attempted_predictions
CSGS8,q3_2020,4,robust_risk_mondrian,weather_outage,ramp,338,338,0,1.0,296,0.8757396449704142,0.8757396449704142,True,usable_predictions,attempted_predictions
CSGS8,q3_2020,4,robust_rolling_cqr,clean,non_ramp,5550,5550,0,1.0,5049,0.9097297297297298,0.9097297297297298,True,usable_predictions,attempted_predictions
CSGS8,q3_2020,4,robust_rolling_cqr,clean,ramp,338,338,0,1.0,275,0.8136094674556213,0.8136094674556213,True,usable_predictions,attempted_predictions
CSGS8,q3_2020,4,robust_rolling_cqr,combined_outage,non_ramp,5550,5550,0,1.0,5017,0.903963963963964,0.903963963963964,True,usable_predictions,attempted_predictions
CSGS8,q3_2020,4,robust_rolling_cqr,combined_outage,ramp,338,338,0,1.0,292,0.863905325443787,0.863905325443787,True,usable_predictions,attempted_predictions
CSGS8,q3_2020,4,robust_rolling_cqr,irradiance_outage,non_ramp,5550,5550,0,1.0,5045,0.909009009009009,0.909009009009009,True,usable_predictions,attempted_predictions
CSGS8,q3_2020,4,robust_rolling_cqr,irradiance_outage,ramp,338,338,0,1.0,281,0.8313609467455622,0.8313609467455622,True,usable_predictions,attempted_predictions
CSGS8,q3_2020,4,robust_rolling_cqr,recent_power_outage,non_ramp,5550,5550,0,1.0,5107,0.9201801801801802,0.9201801801801802,True,usable_predictions,attempted_predictions
CSGS8,q3_2020,4,robust_rolling_cqr,recent_power_outage,ramp,338,338,0,1.0,279,0.8254437869822485,0.8254437869822485,True,usable_predictions,attempted_predictions
CSGS8,q3_2020,4,robust_rolling_cqr,weather_outage,non_ramp,5550,5550,0,1.0,5058,0.9113513513513514,0.9113513513513514,True,usable_predictions,attempted_predictions
CSGS8,q3_2020,4,robust_rolling_cqr,weather_outage,ramp,338,338,0,1.0,273,0.8076923076923077,0.8076923076923077,True,usable_predictions,attempted_predictions
CSGS8,q4_2020,1,clean_condition_cqr,clean,non_ramp,5451,5451,0,1.0,5111,0.9376261236470372,0.9376261236470372,True,usable_predictions,attempted_predictions
CSGS8,q4_2020,1,clean_condition_cqr,clean,ramp,181,181,0,1.0,90,0.4972375690607735,0.4972375690607735,True,usable_predictions,attempted_predictions
CSGS8,q4_2020,1,clean_condition_cqr,combined_outage,non_ramp,5451,5451,0,1.0,5097,0.9350577875619153,0.9350577875619153,True,usable_predictions,attempted_predictions
CSGS8,q4_2020,1,clean_condition_cqr,combined_outage,ramp,181,181,0,1.0,132,0.7292817679558011,0.7292817679558011,True,usable_predictions,attempted_predictions
CSGS8,q4_2020,1,clean_condition_cqr,irradiance_outage,non_ramp,5451,5451,0,1.0,5095,0.9346908824068978,0.9346908824068978,True,usable_predictions,attempted_predictions
CSGS8,q4_2020,1,clean_condition_cqr,irradiance_outage,ramp,181,181,0,1.0,94,0.5193370165745856,0.5193370165745856,True,usable_predictions,attempted_predictions
CSGS8,q4_2020,1,clean_condition_cqr,recent_power_outage,non_ramp,5451,5451,0,1.0,5118,0.9389102916895983,0.9389102916895983,True,usable_predictions,attempted_predictions
CSGS8,q4_2020,1,clean_condition_cqr,recent_power_outage,ramp,181,181,0,1.0,138,0.7624309392265194,0.7624309392265194,True,usable_predictions,attempted_predictions
CSGS8,q4_2020,1,clean_condition_cqr,weather_outage,non_ramp,5451,5451,0,1.0,5112,0.937809576224546,0.937809576224546,True,usable_predictions,attempted_predictions
CSGS8,q4_2020,1,clean_condition_cqr,weather_outage,ramp,181,181,0,1.0,84,0.46408839779005523,0.46408839779005523,True,usable_predictions,attempted_predictions
CSGS8,q4_2020,1,lgbm_condition_cqr,clean,non_ramp,5451,5451,0,1.0,5016,0.9201981287837094,0.9201981287837094,True,usable_predictions,attempted_predictions
CSGS8,q4_2020,1,lgbm_condition_cqr,clean,ramp,181,181,0,1.0,82,0.4530386740331492,0.4530386740331492,True,usable_predictions,attempted_predictions
CSGS8,q4_2020,1,lgbm_condition_cqr,combined_outage,non_ramp,5451,5451,0,1.0,5092,0.9341405246743717,0.9341405246743717,True,usable_predictions,attempted_predictions
CSGS8,q4_2020,1,lgbm_condition_cqr,combined_outage,ramp,181,181,0,1.0,127,0.7016574585635359,0.7016574585635359,True,usable_predictions,attempted_predictions
CSGS8,q4_2020,1,lgbm_condition_cqr,irradiance_outage,non_ramp,5451,5451,0,1.0,5004,0.9179966978536048,0.9179966978536048,True,usable_predictions,attempted_predictions
CSGS8,q4_2020,1,lgbm_condition_cqr,irradiance_outage,ramp,181,181,0,1.0,84,0.46408839779005523,0.46408839779005523,True,usable_predictions,attempted_predictions
CSGS8,q4_2020,1,lgbm_condition_cqr,recent_power_outage,non_ramp,5451,5451,0,1.0,5082,0.9323059988992846,0.9323059988992846,True,usable_predictions,attempted_predictions
CSGS8,q4_2020,1,lgbm_condition_cqr,recent_power_outage,ramp,181,181,0,1.0,126,0.6961325966850829,0.6961325966850829,True,usable_predictions,attempted_predictions
CSGS8,q4_2020,1,lgbm_condition_cqr,weather_outage,non_ramp,5451,5451,0,1.0,5007,0.918547055586131,0.918547055586131,True,usable_predictions,attempted_predictions
CSGS8,q4_2020,1,lgbm_condition_cqr,weather_outage,ramp,181,181,0,1.0,76,0.4198895027624309,0.4198895027624309,True,usable_predictions,attempted_predictions
CSGS8,q4_2020,1,oracle_ramp_mondrian,clean,non_ramp,5451,5451,0,1.0,4992,0.9157952669235003,0.9157952669235003,True,usable_predictions,attempted_predictions
CSGS8,q4_2020,1,oracle_ramp_mondrian,clean,ramp,181,181,0,1.0,162,0.8950276243093923,0.8950276243093923,True,usable_predictions,attempted_predictions
CSGS8,q4_2020,1,oracle_ramp_mondrian,combined_outage,non_ramp,5451,5451,0,1.0,4938,0.9058888277380297,0.9058888277380297,True,usable_predictions,attempted_predictions
CSGS8,q4_2020,1,oracle_ramp_mondrian,combined_outage,ramp,181,181,0,1.0,172,0.9502762430939227,0.9502762430939227,True,usable_predictions,attempted_predictions
CSGS8,q4_2020,1,oracle_ramp_mondrian,irradiance_outage,non_ramp,5451,5451,0,1.0,5022,0.9212988442487617,0.9212988442487617,True,usable_predictions,attempted_predictions
CSGS8,q4_2020,1,oracle_ramp_mondrian,irradiance_outage,ramp,181,181,0,1.0,163,0.9005524861878453,0.9005524861878453,True,usable_predictions,attempted_predictions
CSGS8,q4_2020,1,oracle_ramp_mondrian,recent_power_outage,non_ramp,5451,5451,0,1.0,5068,0.9297376628141626,0.9297376628141626,True,usable_predictions,attempted_predictions
CSGS8,q4_2020,1,oracle_ramp_mondrian,recent_power_outage,ramp,181,181,0,1.0,168,0.9281767955801105,0.9281767955801105,True,usable_predictions,attempted_predictions
CSGS8,q4_2020,1,oracle_ramp_mondrian,weather_outage,non_ramp,5451,5451,0,1.0,4989,0.9152449091909741,0.9152449091909741,True,usable_predictions,attempted_predictions
CSGS8,q4_2020,1,oracle_ramp_mondrian,weather_outage,ramp,181,181,0,1.0,168,0.9281767955801105,0.9281767955801105,True,usable_predictions,attempted_predictions
CSGS8,q4_2020,1,persistence_condition_cqr,clean,non_ramp,5451,5451,0,1.0,5188,0.9517519721152082,0.9517519721152082,True,usable_predictions,attempted_predictions
CSGS8,q4_2020,1,persistence_condition_cqr,clean,ramp,181,181,0,1.0,0,0.0,0.0,True,usable_predictions,attempted_predictions
CSGS8,q4_2020,1,persistence_condition_cqr,combined_outage,non_ramp,5451,5451,0,1.0,4898,0.8985507246376812,0.8985507246376812,True,usable_predictions,attempted_predictions
CSGS8,q4_2020,1,persistence_condition_cqr,combined_outage,ramp,181,181,0,1.0,113,0.6243093922651933,0.6243093922651933,True,usable_predictions,attempted_predictions
CSGS8,q4_2020,1,persistence_condition_cqr,irradiance_outage,non_ramp,5451,5451,0,1.0,5188,0.9517519721152082,0.9517519721152082,True,usable_predictions,attempted_predictions
CSGS8,q4_2020,1,persistence_condition_cqr,irradiance_outage,ramp,181,181,0,1.0,0,0.0,0.0,True,usable_predictions,attempted_predictions
CSGS8,q4_2020,1,persistence_condition_cqr,recent_power_outage,non_ramp,5451,5451,0,1.0,4898,0.8985507246376812,0.8985507246376812,True,usable_predictions,attempted_predictions
CSGS8,q4_2020,1,persistence_condition_cqr,recent_power_outage,ramp,181,181,0,1.0,113,0.6243093922651933,0.6243093922651933,True,usable_predictions,attempted_predictions
CSGS8,q4_2020,1,persistence_condition_cqr,weather_outage,non_ramp,5451,5451,0,1.0,5188,0.9517519721152082,0.9517519721152082,True,usable_predictions,attempted_predictions
CSGS8,q4_2020,1,persistence_condition_cqr,weather_outage,ramp,181,181,0,1.0,0,0.0,0.0,True,usable_predictions,attempted_predictions
CSGS8,q4_2020,1,robust_condition_cqr,clean,non_ramp,5451,5451,0,1.0,5046,0.9257017061089708,0.9257017061089708,True,usable_predictions,attempted_predictions
CSGS8,q4_2020,1,robust_condition_cqr,clean,ramp,181,181,0,1.0,109,0.6022099447513812,0.6022099447513812,True,usable_predictions,attempted_predictions
CSGS8,q4_2020,1,robust_condition_cqr,combined_outage,non_ramp,5451,5451,0,1.0,5035,0.923683727756375,0.923683727756375,True,usable_predictions,attempted_predictions
CSGS8,q4_2020,1,robust_condition_cqr,combined_outage,ramp,181,181,0,1.0,120,0.6629834254143646,0.6629834254143646,True,usable_predictions,attempted_predictions
CSGS8,q4_2020,1,robust_condition_cqr,irradiance_outage,non_ramp,5451,5451,0,1.0,5028,0.9223995597138139,0.9223995597138139,True,usable_predictions,attempted_predictions
CSGS8,q4_2020,1,robust_condition_cqr,irradiance_outage,ramp,181,181,0,1.0,111,0.6132596685082873,0.6132596685082873,True,usable_predictions,attempted_predictions
CSGS8,q4_2020,1,robust_condition_cqr,recent_power_outage,non_ramp,5451,5451,0,1.0,5068,0.9297376628141626,0.9297376628141626,True,usable_predictions,attempted_predictions
CSGS8,q4_2020,1,robust_condition_cqr,recent_power_outage,ramp,181,181,0,1.0,122,0.6740331491712708,0.6740331491712708,True,usable_predictions,attempted_predictions
CSGS8,q4_2020,1,robust_condition_cqr,weather_outage,non_ramp,5451,5451,0,1.0,5055,0.9273527793065492,0.9273527793065492,True,usable_predictions,attempted_predictions
CSGS8,q4_2020,1,robust_condition_cqr,weather_outage,ramp,181,181,0,1.0,109,0.6022099447513812,0.6022099447513812,True,usable_predictions,attempted_predictions
CSGS8,q4_2020,1,robust_local_cqr,clean,non_ramp,5451,5451,0,1.0,5179,0.9501008989176298,0.9501008989176298,True,usable_predictions,attempted_predictions
CSGS8,q4_2020,1,robust_local_cqr,clean,ramp,181,181,0,1.0,126,0.6961325966850829,0.6961325966850829,True,usable_predictions,attempted_predictions
CSGS8,q4_2020,1,robust_local_cqr,combined_outage,non_ramp,5451,5451,0,1.0,5124,0.9400110071546505,0.9400110071546505,True,usable_predictions,attempted_predictions
CSGS8,q4_2020,1,robust_local_cqr,combined_outage,ramp,181,181,0,1.0,138,0.7624309392265194,0.7624309392265194,True,usable_predictions,attempted_predictions
CSGS8,q4_2020,1,robust_local_cqr,irradiance_outage,non_ramp,5451,5451,0,1.0,5216,0.9568886442854522,0.9568886442854522,True,usable_predictions,attempted_predictions
CSGS8,q4_2020,1,robust_local_cqr,irradiance_outage,ramp,181,181,0,1.0,129,0.712707182320442,0.712707182320442,True,usable_predictions,attempted_predictions
CSGS8,q4_2020,1,robust_local_cqr,recent_power_outage,non_ramp,5451,5451,0,1.0,5170,0.9484498257200513,0.9484498257200513,True,usable_predictions,attempted_predictions
CSGS8,q4_2020,1,robust_local_cqr,recent_power_outage,ramp,181,181,0,1.0,138,0.7624309392265194,0.7624309392265194,True,usable_predictions,attempted_predictions
CSGS8,q4_2020,1,robust_local_cqr,weather_outage,non_ramp,5451,5451,0,1.0,5173,0.9490001834525775,0.9490001834525775,True,usable_predictions,attempted_predictions
CSGS8,q4_2020,1,robust_local_cqr,weather_outage,ramp,181,181,0,1.0,125,0.6906077348066298,0.6906077348066298,True,usable_predictions,attempted_predictions
CSGS8,q4_2020,1,robust_risk_mondrian,clean,non_ramp,5451,5451,0,1.0,5113,0.9379930288020547,0.9379930288020547,True,usable_predictions,attempted_predictions
CSGS8,q4_2020,1,robust_risk_mondrian,clean,ramp,181,181,0,1.0,123,0.6795580110497238,0.6795580110497238,True,usable_predictions,attempted_predictions
CSGS8,q4_2020,1,robust_risk_mondrian,combined_outage,non_ramp,5451,5451,0,1.0,5053,0.9269858741515318,0.9269858741515318,True,usable_predictions,attempted_predictions
CSGS8,q4_2020,1,robust_risk_mondrian,combined_outage,ramp,181,181,0,1.0,121,0.6685082872928176,0.6685082872928176,True,usable_predictions,attempted_predictions
CSGS8,q4_2020,1,robust_risk_mondrian,irradiance_outage,non_ramp,5451,5451,0,1.0,5125,0.9401944597321592,0.9401944597321592,True,usable_predictions,attempted_predictions
CSGS8,q4_2020,1,robust_risk_mondrian,irradiance_outage,ramp,181,181,0,1.0,126,0.6961325966850829,0.6961325966850829,True,usable_predictions,attempted_predictions
CSGS8,q4_2020,1,robust_risk_mondrian,recent_power_outage,non_ramp,5451,5451,0,1.0,5084,0.9326729040543019,0.9326729040543019,True,usable_predictions,attempted_predictions
CSGS8,q4_2020,1,robust_risk_mondrian,recent_power_outage,ramp,181,181,0,1.0,122,0.6740331491712708,0.6740331491712708,True,usable_predictions,attempted_predictions
CSGS8,q4_2020,1,robust_risk_mondrian,weather_outage,non_ramp,5451,5451,0,1.0,5114,0.9381764813795633,0.9381764813795633,True,usable_predictions,attempted_predictions
CSGS8,q4_2020,1,robust_risk_mondrian,weather_outage,ramp,181,181,0,1.0,127,0.7016574585635359,0.7016574585635359,True,usable_predictions,attempted_predictions
CSGS8,q4_2020,1,robust_rolling_cqr,clean,non_ramp,5451,5451,0,1.0,5012,0.9194643184736746,0.9194643184736746,True,usable_predictions,attempted_predictions
CSGS8,q4_2020,1,robust_rolling_cqr,clean,ramp,181,181,0,1.0,108,0.5966850828729282,0.5966850828729282,True,usable_predictions,attempted_predictions
CSGS8,q4_2020,1,robust_rolling_cqr,combined_outage,non_ramp,5451,5451,0,1.0,4977,0.9130434782608695,0.9130434782608695,True,usable_predictions,attempted_predictions
CSGS8,q4_2020,1,robust_rolling_cqr,combined_outage,ramp,181,181,0,1.0,118,0.6519337016574586,0.6519337016574586,True,usable_predictions,attempted_predictions
CSGS8,q4_2020,1,robust_rolling_cqr,irradiance_outage,non_ramp,5451,5451,0,1.0,5029,0.9225830122913227,0.9225830122913227,True,usable_predictions,attempted_predictions
CSGS8,q4_2020,1,robust_rolling_cqr,irradiance_outage,ramp,181,181,0,1.0,111,0.6132596685082873,0.6132596685082873,True,usable_predictions,attempted_predictions
CSGS8,q4_2020,1,robust_rolling_cqr,recent_power_outage,non_ramp,5451,5451,0,1.0,5072,0.9304714731241974,0.9304714731241974,True,usable_predictions,attempted_predictions
CSGS8,q4_2020,1,robust_rolling_cqr,recent_power_outage,ramp,181,181,0,1.0,123,0.6795580110497238,0.6795580110497238,True,usable_predictions,attempted_predictions
CSGS8,q4_2020,1,robust_rolling_cqr,weather_outage,non_ramp,5451,5451,0,1.0,4994,0.9161621720785177,0.9161621720785177,True,usable_predictions,attempted_predictions
CSGS8,q4_2020,1,robust_rolling_cqr,weather_outage,ramp,181,181,0,1.0,108,0.5966850828729282,0.5966850828729282,True,usable_predictions,attempted_predictions
CSGS8,q4_2020,4,clean_condition_cqr,clean,non_ramp,5269,5269,0,1.0,4860,0.9223761624596698,0.9223761624596698,True,usable_predictions,attempted_predictions
CSGS8,q4_2020,4,clean_condition_cqr,clean,ramp,363,363,0,1.0,273,0.7520661157024794,0.7520661157024794,True,usable_predictions,attempted_predictions
CSGS8,q4_2020,4,clean_condition_cqr,combined_outage,non_ramp,5269,5269,0,1.0,4865,0.923325109128867,0.923325109128867,True,usable_predictions,attempted_predictions
CSGS8,q4_2020,4,clean_condition_cqr,combined_outage,ramp,363,363,0,1.0,353,0.9724517906336089,0.9724517906336089,True,usable_predictions,attempted_predictions
CSGS8,q4_2020,4,clean_condition_cqr,irradiance_outage,non_ramp,5269,5269,0,1.0,4861,0.9225659517935092,0.9225659517935092,True,usable_predictions,attempted_predictions
CSGS8,q4_2020,4,clean_condition_cqr,irradiance_outage,ramp,363,363,0,1.0,288,0.7933884297520661,0.7933884297520661,True,usable_predictions,attempted_predictions
CSGS8,q4_2020,4,clean_condition_cqr,recent_power_outage,non_ramp,5269,5269,0,1.0,4858,0.9219965837919909,0.9219965837919909,True,usable_predictions,attempted_predictions
CSGS8,q4_2020,4,clean_condition_cqr,recent_power_outage,ramp,363,363,0,1.0,308,0.8484848484848485,0.8484848484848485,True,usable_predictions,attempted_predictions
CSGS8,q4_2020,4,clean_condition_cqr,weather_outage,non_ramp,5269,5269,0,1.0,4869,0.9240842664642247,0.9240842664642247,True,usable_predictions,attempted_predictions
CSGS8,q4_2020,4,clean_condition_cqr,weather_outage,ramp,363,363,0,1.0,277,0.7630853994490359,0.7630853994490359,True,usable_predictions,attempted_predictions
CSGS8,q4_2020,4,lgbm_condition_cqr,clean,non_ramp,5269,5269,0,1.0,4831,0.9168722717783261,0.9168722717783261,True,usable_predictions,attempted_predictions
CSGS8,q4_2020,4,lgbm_condition_cqr,clean,ramp,363,363,0,1.0,249,0.6859504132231405,0.6859504132231405,True,usable_predictions,attempted_predictions
CSGS8,q4_2020,4,lgbm_condition_cqr,combined_outage,non_ramp,5269,5269,0,1.0,4889,0.9278800531410135,0.9278800531410135,True,usable_predictions,attempted_predictions
CSGS8,q4_2020,4,lgbm_condition_cqr,combined_outage,ramp,363,363,0,1.0,354,0.9752066115702479,0.9752066115702479,True,usable_predictions,attempted_predictions
CSGS8,q4_2020,4,lgbm_condition_cqr,irradiance_outage,non_ramp,5269,5269,0,1.0,4701,0.8921996583791991,0.8921996583791991,True,usable_predictions,attempted_predictions
CSGS8,q4_2020,4,lgbm_condition_cqr,irradiance_outage,ramp,363,363,0,1.0,274,0.7548209366391184,0.7548209366391184,True,usable_predictions,attempted_predictions
CSGS8,q4_2020,4,lgbm_condition_cqr,recent_power_outage,non_ramp,5269,5269,0,1.0,4885,0.9271208958056557,0.9271208958056557,True,usable_predictions,attempted_predictions
CSGS8,q4_2020,4,lgbm_condition_cqr,recent_power_outage,ramp,363,363,0,1.0,353,0.9724517906336089,0.9724517906336089,True,usable_predictions,attempted_predictions
CSGS8,q4_2020,4,lgbm_condition_cqr,weather_outage,non_ramp,5269,5269,0,1.0,4853,0.9210476371227937,0.9210476371227937,True,usable_predictions,attempted_predictions
CSGS8,q4_2020,4,lgbm_condition_cqr,weather_outage,ramp,363,363,0,1.0,233,0.6418732782369146,0.6418732782369146,True,usable_predictions,attempted_predictions
CSGS8,q4_2020,4,oracle_ramp_mondrian,clean,non_ramp,5269,5269,0,1.0,4832,0.9170620611121655,0.9170620611121655,True,usable_predictions,attempted_predictions
CSGS8,q4_2020,4,oracle_ramp_mondrian,clean,ramp,363,363,0,1.0,348,0.9586776859504132,0.9586776859504132,True,usable_predictions,attempted_predictions
CSGS8,q4_2020,4,oracle_ramp_mondrian,combined_outage,non_ramp,5269,5269,0,1.0,4841,0.9187701651167205,0.9187701651167205,True,usable_predictions,attempted_predictions
CSGS8,q4_2020,4,oracle_ramp_mondrian,combined_outage,ramp,363,363,0,1.0,340,0.9366391184573003,0.9366391184573003,True,usable_predictions,attempted_predictions
CSGS8,q4_2020,4,oracle_ramp_mondrian,irradiance_outage,non_ramp,5269,5269,0,1.0,4845,0.9195293224520782,0.9195293224520782,True,usable_predictions,attempted_predictions
CSGS8,q4_2020,4,oracle_ramp_mondrian,irradiance_outage,ramp,363,363,0,1.0,340,0.9366391184573003,0.9366391184573003,True,usable_predictions,attempted_predictions
CSGS8,q4_2020,4,oracle_ramp_mondrian,recent_power_outage,non_ramp,5269,5269,0,1.0,4842,0.9189599544505599,0.9189599544505599,True,usable_predictions,attempted_predictions
CSGS8,q4_2020,4,oracle_ramp_mondrian,recent_power_outage,ramp,363,363,0,1.0,341,0.9393939393939394,0.9393939393939394,True,usable_predictions,attempted_predictions
CSGS8,q4_2020,4,oracle_ramp_mondrian,weather_outage,non_ramp,5269,5269,0,1.0,4798,0.9106092237616246,0.9106092237616246,True,usable_predictions,attempted_predictions
CSGS8,q4_2020,4,oracle_ramp_mondrian,weather_outage,ramp,363,363,0,1.0,345,0.9504132231404959,0.9504132231404959,True,usable_predictions,attempted_predictions
CSGS8,q4_2020,4,persistence_condition_cqr,clean,non_ramp,5269,5269,0,1.0,5022,0.9531220345416588,0.9531220345416588,True,usable_predictions,attempted_predictions
CSGS8,q4_2020,4,persistence_condition_cqr,clean,ramp,363,363,0,1.0,0,0.0,0.0,True,usable_predictions,attempted_predictions
CSGS8,q4_2020,4,persistence_condition_cqr,combined_outage,non_ramp,5269,5269,0,1.0,4831,0.9168722717783261,0.9168722717783261,True,usable_predictions,attempted_predictions
CSGS8,q4_2020,4,persistence_condition_cqr,combined_outage,ramp,363,363,0,1.0,193,0.5316804407713499,0.5316804407713499,True,usable_predictions,attempted_predictions
CSGS8,q4_2020,4,persistence_condition_cqr,irradiance_outage,non_ramp,5269,5269,0,1.0,5022,0.9531220345416588,0.9531220345416588,True,usable_predictions,attempted_predictions
CSGS8,q4_2020,4,persistence_condition_cqr,irradiance_outage,ramp,363,363,0,1.0,0,0.0,0.0,True,usable_predictions,attempted_predictions
CSGS8,q4_2020,4,persistence_condition_cqr,recent_power_outage,non_ramp,5269,5269,0,1.0,4831,0.9168722717783261,0.9168722717783261,True,usable_predictions,attempted_predictions
CSGS8,q4_2020,4,persistence_condition_cqr,recent_power_outage,ramp,363,363,0,1.0,193,0.5316804407713499,0.5316804407713499,True,usable_predictions,attempted_predictions
CSGS8,q4_2020,4,persistence_condition_cqr,weather_outage,non_ramp,5269,5269,0,1.0,5022,0.9531220345416588,0.9531220345416588,True,usable_predictions,attempted_predictions
CSGS8,q4_2020,4,persistence_condition_cqr,weather_outage,ramp,363,363,0,1.0,0,0.0,0.0,True,usable_predictions,attempted_predictions
CSGS8,q4_2020,4,robust_condition_cqr,clean,non_ramp,5269,5269,0,1.0,4864,0.9231353197950275,0.9231353197950275,True,usable_predictions,attempted_predictions
CSGS8,q4_2020,4,robust_condition_cqr,clean,ramp,363,363,0,1.0,306,0.8429752066115702,0.8429752066115702,True,usable_predictions,attempted_predictions
CSGS8,q4_2020,4,robust_condition_cqr,combined_outage,non_ramp,5269,5269,0,1.0,4888,0.927690263807174,0.927690263807174,True,usable_predictions,attempted_predictions
CSGS8,q4_2020,4,robust_condition_cqr,combined_outage,ramp,363,363,0,1.0,312,0.859504132231405,0.859504132231405,True,usable_predictions,attempted_predictions
CSGS8,q4_2020,4,robust_condition_cqr,irradiance_outage,non_ramp,5269,5269,0,1.0,4845,0.9195293224520782,0.9195293224520782,True,usable_predictions,attempted_predictions
CSGS8,q4_2020,4,robust_condition_cqr,irradiance_outage,ramp,363,363,0,1.0,303,0.8347107438016529,0.8347107438016529,True,usable_predictions,attempted_predictions
CSGS8,q4_2020,4,robust_condition_cqr,recent_power_outage,non_ramp,5269,5269,0,1.0,4842,0.9189599544505599,0.9189599544505599,True,usable_predictions,attempted_predictions
CSGS8,q4_2020,4,robust_condition_cqr,recent_power_outage,ramp,363,363,0,1.0,306,0.8429752066115702,0.8429752066115702,True,usable_predictions,attempted_predictions
CSGS8,q4_2020,4,robust_condition_cqr,weather_outage,non_ramp,5269,5269,0,1.0,4827,0.9161131144429683,0.9161131144429683,True,usable_predictions,attempted_predictions
CSGS8,q4_2020,4,robust_condition_cqr,weather_outage,ramp,363,363,0,1.0,304,0.837465564738292,0.837465564738292,True,usable_predictions,attempted_predictions
CSGS8,q4_2020,4,robust_local_cqr,clean,non_ramp,5269,5269,0,1.0,4999,0.9487568798633517,0.9487568798633517,True,usable_predictions,attempted_predictions
CSGS8,q4_2020,4,robust_local_cqr,clean,ramp,363,363,0,1.0,333,0.9173553719008265,0.9173553719008265,True,usable_predictions,attempted_predictions
CSGS8,q4_2020,4,robust_local_cqr,combined_outage,non_ramp,5269,5269,0,1.0,4998,0.9485670905295123,0.9485670905295123,True,usable_predictions,attempted_predictions
CSGS8,q4_2020,4,robust_local_cqr,combined_outage,ramp,363,363,0,1.0,327,0.9008264462809917,0.9008264462809917,True,usable_predictions,attempted_predictions
CSGS8,q4_2020,4,robust_local_cqr,irradiance_outage,non_ramp,5269,5269,0,1.0,5019,0.9525526665401405,0.9525526665401405,True,usable_predictions,attempted_predictions
CSGS8,q4_2020,4,robust_local_cqr,irradiance_outage,ramp,363,363,0,1.0,329,0.90633608815427,0.90633608815427,True,usable_predictions,attempted_predictions
CSGS8,q4_2020,4,robust_local_cqr,recent_power_outage,non_ramp,5269,5269,0,1.0,4961,0.941544885177453,0.941544885177453,True,usable_predictions,attempted_predictions
CSGS8,q4_2020,4,robust_local_cqr,recent_power_outage,ramp,363,363,0,1.0,324,0.8925619834710744,0.8925619834710744,True,usable_predictions,attempted_predictions
CSGS8,q4_2020,4,robust_local_cqr,weather_outage,non_ramp,5269,5269,0,1.0,4992,0.9474283545264756,0.9474283545264756,True,usable_predictions,attempted_predictions
CSGS8,q4_2020,4,robust_local_cqr,weather_outage,ramp,363,363,0,1.0,331,0.9118457300275482,0.9118457300275482,True,usable_predictions,attempted_predictions
CSGS8,q4_2020,4,robust_risk_mondrian,clean,non_ramp,5269,5269,0,1.0,4917,0.9331941544885177,0.9331941544885177,True,usable_predictions,attempted_predictions
CSGS8,q4_2020,4,robust_risk_mondrian,clean,ramp,363,363,0,1.0,325,0.8953168044077136,0.8953168044077136,True,usable_predictions,attempted_predictions
CSGS8,q4_2020,4,robust_risk_mondrian,combined_outage,non_ramp,5269,5269,0,1.0,4897,0.929398367811729,0.929398367811729,True,usable_predictions,attempted_predictions
CSGS8,q4_2020,4,robust_risk_mondrian,combined_outage,ramp,363,363,0,1.0,310,0.8539944903581267,0.8539944903581267,True,usable_predictions,attempted_predictions
CSGS8,q4_2020,4,robust_risk_mondrian,irradiance_outage,non_ramp,5269,5269,0,1.0,4915,0.9328145758208388,0.9328145758208388,True,usable_predictions,attempted_predictions
CSGS8,q4_2020,4,robust_risk_mondrian,irradiance_outage,ramp,363,363,0,1.0,321,0.8842975206611571,0.8842975206611571,True,usable_predictions,attempted_predictions
CSGS8,q4_2020,4,robust_risk_mondrian,recent_power_outage,non_ramp,5269,5269,0,1.0,4867,0.9237046877965458,0.9237046877965458,True,usable_predictions,attempted_predictions
CSGS8,q4_2020,4,robust_risk_mondrian,recent_power_outage,ramp,363,363,0,1.0,308,0.8484848484848485,0.8484848484848485,True,usable_predictions,attempted_predictions
CSGS8,q4_2020,4,robust_risk_mondrian,weather_outage,non_ramp,5269,5269,0,1.0,4887,0.9275004744733346,0.9275004744733346,True,usable_predictions,attempted_predictions
CSGS8,q4_2020,4,robust_risk_mondrian,weather_outage,ramp,363,363,0,1.0,329,0.90633608815427,0.90633608815427,True,usable_predictions,attempted_predictions
CSGS8,q4_2020,4,robust_rolling_cqr,clean,non_ramp,5269,5269,0,1.0,4844,0.9193395331182388,0.9193395331182388,True,usable_predictions,attempted_predictions
CSGS8,q4_2020,4,robust_rolling_cqr,clean,ramp,363,363,0,1.0,308,0.8484848484848485,0.8484848484848485,True,usable_predictions,attempted_predictions
CSGS8,q4_2020,4,robust_rolling_cqr,combined_outage,non_ramp,5269,5269,0,1.0,4813,0.9134560637692162,0.9134560637692162,True,usable_predictions,attempted_predictions
CSGS8,q4_2020,4,robust_rolling_cqr,combined_outage,ramp,363,363,0,1.0,305,0.8402203856749312,0.8402203856749312,True,usable_predictions,attempted_predictions
CSGS8,q4_2020,4,robust_rolling_cqr,irradiance_outage,non_ramp,5269,5269,0,1.0,4849,0.920288479787436,0.920288479787436,True,usable_predictions,attempted_predictions
CSGS8,q4_2020,4,robust_rolling_cqr,irradiance_outage,ramp,363,363,0,1.0,303,0.8347107438016529,0.8347107438016529,True,usable_predictions,attempted_predictions
CSGS8,q4_2020,4,robust_rolling_cqr,recent_power_outage,non_ramp,5269,5269,0,1.0,4860,0.9223761624596698,0.9223761624596698,True,usable_predictions,attempted_predictions
CSGS8,q4_2020,4,robust_rolling_cqr,recent_power_outage,ramp,363,363,0,1.0,307,0.8457300275482094,0.8457300275482094,True,usable_predictions,attempted_predictions
CSGS8,q4_2020,4,robust_rolling_cqr,weather_outage,non_ramp,5269,5269,0,1.0,4809,0.9126969064338584,0.9126969064338584,True,usable_predictions,attempted_predictions
CSGS8,q4_2020,4,robust_rolling_cqr,weather_outage,ramp,363,363,0,1.0,307,0.8457300275482094,0.8457300275482094,True,usable_predictions,attempted_predictions
