station,fold,horizon_steps,method,condition,ramp_group,n,coverage,coverage_error,mean_width,median_width,interval_score,mae,rmse,undercoverage_error,overcoverage_error,normalized_width,normalized_interval_score,ramp_prevalence
CSGS2,q1_2020,1,clean_condition_cqr,clean,non_ramp,5641,0.9425633752880694,0.042563375288069416,8.984411952051452,7.129280090332031,11.269781838950781,1.8032713597470342,3.2771524553252327,0.0,0.042563375288069416,0.06911086116962656,0.08669062953039063,
CSGS2,q1_2020,1,clean_condition_cqr,clean,ramp,183,0.24043715846994534,0.6595628415300547,20.225135269549376,20.12411880493164,135.81603259255326,15.156525022345162,16.910839863744407,0.6595628415300547,0.0,0.15557796361191828,1.0447387122504097,0.031421703296703296
CSGS2,q1_2020,1,clean_condition_cqr,combined_outage,non_ramp,5641,0.967913490515866,0.06791349051586593,75.80616348420786,74.86626434326172,82.86888310689915,20.069665849632806,24.069454621038,0.0,0.06791349051586593,0.5831243344939065,0.6374529469761473,
CSGS2,q1_2020,1,clean_condition_cqr,combined_outage,ramp,183,0.907103825136612,0.0071038251366120075,76.93215271162856,76.67575073242188,94.88241623008186,25.56486439770037,32.38223120642007,0.0,0.0071038251366120075,0.5917857900894504,0.7298647402313989,0.031421703296703296
CSGS2,q1_2020,1,clean_condition_cqr,irradiance_outage,non_ramp,5641,0.9487679489452224,0.048767948945222406,14.970857885002989,9.67596435546875,16.570953285088805,1.9957119884883083,3.4712583686653407,0.0,0.048767948945222406,0.11516044526925376,0.12746887142376004,
CSGS2,q1_2020,1,clean_condition_cqr,irradiance_outage,ramp,183,0.366120218579235,0.533879781420765,25.07027630597516,24.87409782409668,110.13417330595965,14.996710599445906,16.835971254086086,0.533879781420765,0.0,0.192848279276732,0.8471859485073819,0.031421703296703296
CSGS2,q1_2020,1,clean_condition_cqr,recent_power_outage,non_ramp,5641,0.9702180464456657,0.07021804644566565,73.82447984678866,72.57988739013672,79.41695590425819,18.206218065713458,22.57988868278381,0.0,0.07021804644566565,0.5678806142060666,0.6108996608019861,
CSGS2,q1_2020,1,clean_condition_cqr,recent_power_outage,ramp,183,0.912568306010929,0.012568306010928953,76.59218676624403,77.06336975097656,93.33698593723318,25.0411110178369,31.80663358145076,0.0,0.012568306010928953,0.5891706674326463,0.7179768149017937,0.031421703296703296
CSGS2,q1_2020,1,clean_condition_cqr,weather_outage,non_ramp,5641,0.9409679134905159,0.04096791349051587,9.109238180138226,7.5102386474609375,11.636974835672584,1.859228433537591,3.3769863453503457,0.0,0.04096791349051587,0.0700710629241402,0.08951519104363526,
CSGS2,q1_2020,1,clean_condition_cqr,weather_outage,ramp,183,0.22950819672131148,0.6704918032786885,20.121620979791132,20.297534942626953,143.52497035851243,15.42170213415323,17.069285323285076,0.6704918032786885,0.0,0.15478169984454718,1.1040382335270187,0.031421703296703296
CSGS2,q1_2020,1,lgbm_condition_cqr,clean,non_ramp,5641,0.9487679489452224,0.048767948945222406,11.295354784891538,8.068921089172363,12.510140461587403,1.7135818662461004,3.1195349578759837,0.0,0.048767948945222406,0.08688734449916567,0.09623184970451848,
CSGS2,q1_2020,1,lgbm_condition_cqr,clean,ramp,183,0.31693989071038253,0.5830601092896175,25.088260569859074,24.42190170288086,116.12664449931493,15.694247458801895,17.362693061265936,0.5830601092896175,0.0,0.1929866197681467,0.8932818807639611,0.031421703296703296
CSGS2,q1_2020,1,lgbm_condition_cqr,combined_outage,non_ramp,5641,0.9664953022513739,0.0664953022513739,74.52397699868335,76.34880065917969,81.29074032977421,21.064312429880392,25.033477424252297,0.0,0.0664953022513739,0.5732613615283335,0.6253133871521093,
CSGS2,q1_2020,1,lgbm_condition_cqr,combined_outage,ramp,183,0.8961748633879781,0.0038251366120218844,75.99424543537077,76.92071533203125,95.36565420015262,25.886363206013957,32.9868465382062,0.0038251366120218844,0.0,0.5845711187336213,0.7335819553857894,0.031421703296703296
CSGS2,q1_2020,1,lgbm_condition_cqr,irradiance_outage,non_ramp,5641,0.929622407374579,0.029622407374578996,13.55779709527203,8.868457794189453,14.461595990355203,2.269796274293348,3.2709885604247937,0.0,0.029622407374578996,0.10429074688670792,0.1112430460796554,
CSGS2,q1_2020,1,lgbm_condition_cqr,irradiance_outage,ramp,183,0.3551912568306011,0.5448087431693989,27.387225999206795,26.20861053466797,104.02564648722038,15.424856370264063,17.128627993636794,0.5448087431693989,0.0,0.21067096922466766,0.800197280670926,0.031421703296703296
CSGS2,q1_2020,1,lgbm_condition_cqr,recent_power_outage,non_ramp,5641,0.9659634816521894,0.06596348165218935,74.89039155080627,76.16981506347656,81.64954569356236,20.45609368687006,24.326891599206185,0.0,0.06596348165218935,0.5760799350062021,0.6280734284120182,
CSGS2,q1_2020,1,lgbm_condition_cqr,recent_power_outage,ramp,183,0.8961748633879781,0.0038251366120218844,76.20444071618586,77.11178588867188,95.90659499038112,24.88569055815212,31.876596070231265,0.0038251366120218844,0.0,0.586188005509122,0.7377430383875471,0.031421703296703296
CSGS2,q1_2020,1,lgbm_condition_cqr,weather_outage,non_ramp,5641,0.9505406842758376,0.05054068427583758,11.32769244609273,8.098598003387451,12.628247364117291,1.720740075756252,3.1133060755049042,0.0,0.05054068427583758,0.08713609573917484,0.09714036433936378,
CSGS2,q1_2020,1,lgbm_condition_cqr,weather_outage,ramp,183,0.3005464480874317,0.5994535519125683,24.86669036860023,24.142318725585938,119.28811199026681,15.834405335572248,17.442649551167772,0.5994535519125683,0.0,0.19128223360461716,0.9176008614635909,0.031421703296703296
CSGS2,q1_2020,1,oracle_ramp_mondrian,clean,non_ramp,5641,0.9012586420847367,0.0012586420847366941,11.241570328809209,7.6230034828186035,13.175267186523689,2.0574736356156724,3.7064092455850908,0.0,0.0012586420847366941,0.08647361791391699,0.1013482091271053,
CSGS2,q1_2020,1,oracle_ramp_mondrian,clean,ramp,183,0.8961748633879781,0.0038251366120218844,47.3131968719386,47.14690113067627,56.82251021298554,14.73973827609599,16.73139588692348,0.0038251366120218844,0.0,0.36394766824568153,0.4370962324075811,0.031421703296703296
CSGS2,q1_2020,1,oracle_ramp_mondrian,combined_outage,non_ramp,5641,0.8487856762985286,0.05121432370147139,16.65854911573171,14.408937454223633,32.14678792122296,4.819693371176752,8.534840669414937,0.05121432370147139,0.0,0.12814268550562855,0.24728298400940738,
CSGS2,q1_2020,1,oracle_ramp_mondrian,combined_outage,ramp,183,0.8907103825136612,0.00928961748633883,52.10105382842444,52.09047031402588,63.64686696418647,13.416071250139039,16.079593105099413,0.00928961748633883,0.0,0.4007773371417265,0.48959128433989596,0.031421703296703296
CSGS2,q1_2020,1,oracle_ramp_mondrian,irradiance_outage,non_ramp,5641,0.9120723276014892,0.01207232760148913,12.849007048583204,9.101819515228271,14.4038824447449,2.189181113847761,3.9221988960582284,0.0,0.01207232760148913,0.09883851575833233,0.11079909572880692,
CSGS2,q1_2020,1,oracle_ramp_mondrian,irradiance_outage,ramp,183,0.8743169398907104,0.025683060109289668,47.34855905405241,46.35658645629883,58.32219865952766,15.06599006691917,16.92423042988765,0.025683060109289668,0.0,0.36421968503117236,0.448632297380982,0.031421703296703296
CSGS2,q1_2020,1,oracle_ramp_mondrian,recent_power_outage,non_ramp,5641,0.8234355610707321,0.0765644389292679,15.96458639301184,12.53172779083252,28.922102008365588,4.835724268859476,8.640821126116448,0.0765644389292679,0.0,0.1228045107154757,0.22247770775665837,
CSGS2,q1_2020,1,oracle_ramp_mondrian,recent_power_outage,ramp,183,0.8688524590163934,0.031147540983606614,48.86826232743393,47.92238998413086,62.88716537965451,13.641317960994492,16.098242138798753,0.031147540983606614,0.0,0.37590971021103026,0.4837474259973424,0.031421703296703296
CSGS2,q1_2020,1,oracle_ramp_mondrian,weather_outage,non_ramp,5641,0.9218223719198724,0.021822371919872352,11.128428502880372,7.78670597076416,13.202048986621875,2.0796214569729177,3.7515186116990753,0.0,0.021822371919872352,0.08560329617600286,0.10155422297401442,
CSGS2,q1_2020,1,oracle_ramp_mondrian,weather_outage,ramp,183,0.8797814207650273,0.020218579234972722,45.3479792228162,45.15869617462158,57.63674967699364,14.946985535934322,16.847534062163856,0.020218579234972722,0.0,0.34883060940627847,0.44335961289995107,0.031421703296703296
CSGS2,q1_2020,1,persistence_condition_cqr,clean,non_ramp,5641,0.9714589611770963,0.07145896117709627,15.337580554685236,19.494060516357422,16.134419761636412,2.1356430428445687,3.517713818929225,0.0,0.07145896117709627,0.11798138888219412,0.12411092124335701,
CSGS2,q1_2020,1,persistence_condition_cqr,clean,ramp,183,0.0,0.9,19.43388830377756,19.494064331054688,209.09504342860862,19.230089876821133,20.145417343708306,0.9,0.0,0.14949144849059662,1.608423410989297,0.031421703296703296
CSGS2,q1_2020,1,persistence_condition_cqr,combined_outage,non_ramp,5641,0.9659634816521894,0.06596348165218935,76.7530437763612,66.80799102783203,83.15195800766594,15.085333813221567,23.563180264190486,0.0,0.06596348165218935,0.5904080290489323,0.639630446212815,
CSGS2,q1_2020,1,persistence_condition_cqr,combined_outage,ramp,183,0.8579234972677595,0.042076502732240506,86.6200632420394,87.81055450439453,112.33956897942747,34.99456655091601,39.843849704286576,0.042076502732240506,0.0,0.6663081787849184,0.8641505306109806,0.031421703296703296
CSGS2,q1_2020,1,persistence_condition_cqr,irradiance_outage,non_ramp,5641,0.9714589611770963,0.07145896117709627,15.337580554685236,19.494060516357422,16.134419761636412,2.1356430428445687,3.517713818929225,0.0,0.07145896117709627,0.11798138888219412,0.12411092124335701,
CSGS2,q1_2020,1,persistence_condition_cqr,irradiance_outage,ramp,183,0.0,0.9,19.43388830377756,19.494064331054688,209.09504342860862,19.230089876821133,20.145417343708306,0.9,0.0,0.14949144849059662,1.608423410989297,0.031421703296703296
CSGS2,q1_2020,1,persistence_condition_cqr,recent_power_outage,non_ramp,5641,0.9659634816521894,0.06596348165218935,76.7530437763612,66.80799102783203,83.15195800766594,15.085333813221567,23.563180264190486,0.0,0.06596348165218935,0.5904080290489323,0.639630446212815,
CSGS2,q1_2020,1,persistence_condition_cqr,recent_power_outage,ramp,183,0.8579234972677595,0.042076502732240506,86.6200632420394,87.81055450439453,112.33956897942747,34.99456655091601,39.843849704286576,0.042076502732240506,0.0,0.6663081787849184,0.8641505306109806,0.031421703296703296
CSGS2,q1_2020,1,persistence_condition_cqr,weather_outage,non_ramp,5641,0.9714589611770963,0.07145896117709627,15.337580554685236,19.494060516357422,16.134419761636412,2.1356430428445687,3.517713818929225,0.0,0.07145896117709627,0.11798138888219412,0.12411092124335701,
CSGS2,q1_2020,1,persistence_condition_cqr,weather_outage,ramp,183,0.0,0.9,19.43388830377756,19.494064331054688,209.09504342860862,19.230089876821133,20.145417343708306,0.9,0.0,0.14949144849059662,1.608423410989297,0.031421703296703296
CSGS2,q1_2020,1,robust_condition_cqr,clean,non_ramp,5641,0.9301542279737636,0.030154227973763548,11.2502415458312,7.631674289703369,13.176960564599014,2.0574736356156724,3.7064092455850908,0.0,0.030154227973763548,0.08654031958331693,0.10136123511230011,
CSGS2,q1_2020,1,robust_condition_cqr,clean,ramp,183,0.3879781420765027,0.5120218579234973,23.997125679026535,23.729023933410645,108.79016822934803,14.73973827609599,16.73139588692348,0.5120218579234973,0.0,0.18459327445405027,0.8368474479180618,0.031421703296703296
CSGS2,q1_2020,1,robust_condition_cqr,combined_outage,non_ramp,5641,0.8741357915263251,0.025864208473674877,17.8970070645894,15.817261695861816,31.302119643428256,4.819693371176752,8.534840669414937,0.025864208473674877,0.0,0.13766928511222615,0.2407855357186789,
CSGS2,q1_2020,1,robust_condition_cqr,combined_outage,ramp,183,0.6338797814207651,0.26612021857923496,30.892202390673383,31.083667755126953,90.2229817503137,13.416071250139039,16.079593105099413,0.26612021857923496,0.0,0.23763232608210294,0.6940229365408747,0.031421703296703296
CSGS2,q1_2020,1,robust_condition_cqr,irradiance_outage,non_ramp,5641,0.9305087750398865,0.03050877503988647,12.853256401047705,9.106069087982178,14.404797425997149,2.189181113847761,3.9221988960582284,0.0,0.03050877503988647,0.09887120308498235,0.11080613404613192,
CSGS2,q1_2020,1,robust_condition_cqr,irradiance_outage,ramp,183,0.43169398907103823,0.4683060109289618,26.078873059137273,25.006702423095703,101.05024989250579,15.06599006691917,16.92423042988765,0.4683060109289618,0.0,0.20060671583951747,0.7773096145577368,0.031421703296703296
CSGS2,q1_2020,1,robust_condition_cqr,recent_power_outage,non_ramp,5641,0.8519765998936358,0.04802340010636419,16.03086373897293,12.598004341125488,28.886176952300733,4.835724268859476,8.640821126116448,0.04802340010636419,0.0,0.12331433645363792,0.2222013611715441,
CSGS2,q1_2020,1,robust_condition_cqr,recent_power_outage,ramp,183,0.5191256830601093,0.3808743169398907,29.56717895158653,28.538482666015625,94.69334395335672,13.641317960994492,16.098242138798753,0.3808743169398907,0.0,0.22743983808912716,0.728410338102744,0.031421703296703296
CSGS2,q1_2020,1,robust_condition_cqr,weather_outage,non_ramp,5641,0.9356497074986705,0.03564970749867047,11.148739803285912,7.807016372680664,13.208673483298679,2.0796214569729177,3.7515186116990753,0.0,0.03564970749867047,0.08575953694835317,0.10160518064075906,
CSGS2,q1_2020,1,robust_condition_cqr,weather_outage,ramp,183,0.3825136612021858,0.5174863387978142,24.007368767196365,23.741705894470215,110.33077687057641,14.946985535934322,16.847534062163856,0.5174863387978142,0.0,0.18467206743997203,0.8486982836198186,0.031421703296703296
CSGS2,q1_2020,1,robust_local_cqr,clean,non_ramp,5641,0.9475270342137919,0.0475270342137919,13.480512427745106,9.98198652267456,14.116221868494476,2.0574736356156724,3.7064092455850908,0.0,0.0475270342137919,0.10369624944419312,0.10858632206534212,
CSGS2,q1_2020,1,robust_local_cqr,clean,ramp,183,0.5846994535519126,0.31530054644808747,30.853041362241317,30.256412506103516,82.3646503693419,14.73973827609599,16.73139588692348,0.31530054644808747,0.0,0.2373310874018563,0.6335742336103223,0.031421703296703296
CSGS2,q1_2020,1,robust_local_cqr,combined_outage,non_ramp,5641,0.8806949122496012,0.019305087750398853,19.4103732481409,17.052753448486328,28.30821063230516,4.819693371176752,8.534840669414937,0.019305087750398853,0.0,0.1493105634472377,0.21775546640234736,
CSGS2,q1_2020,1,robust_local_cqr,combined_outage,ramp,183,0.7049180327868853,0.19508196721311477,35.05285742830058,35.29570388793945,81.46837499298033,13.416071250139039,16.079593105099413,0.19508196721311477,0.0,0.26963736483308137,0.6266798076383102,0.031421703296703296
CSGS2,q1_2020,1,robust_local_cqr,irradiance_outage,non_ramp,5641,0.9601134550611594,0.06011345506115939,14.915167824545405,11.95677375793457,15.481465093089566,2.189181113847761,3.9221988960582284,0.0,0.06011345506115939,0.11473206018881081,0.1190881930237659,
CSGS2,q1_2020,1,robust_local_cqr,irradiance_outage,ramp,183,0.5901639344262295,0.3098360655737705,31.298582530412517,29.728532791137695,81.63900234920732,15.06599006691917,16.92423042988765,0.3098360655737705,0.0,0.24075832715701936,0.6279923257631332,0.031421703296703296
CSGS2,q1_2020,1,robust_local_cqr,recent_power_outage,non_ramp,5641,0.8684630384683567,0.031536961531643315,18.086615190054292,16.41001033782959,26.359003460299608,4.835724268859476,8.640821126116448,0.031536961531643315,0.0,0.1391278091542638,0.20276156507922774,
CSGS2,q1_2020,1,robust_local_cqr,recent_power_outage,ramp,183,0.6612021857923497,0.23879781420765034,33.39236034330774,33.34658622741699,80.3238633968791,13.641317960994492,16.098242138798753,0.23879781420765034,0.0,0.2568643103331365,0.6178758722836855,0.031421703296703296
CSGS2,q1_2020,1,robust_local_cqr,weather_outage,non_ramp,5641,0.9609998227264669,0.06099982272646687,13.345685414620572,9.473841667175293,14.058807766519024,2.0796214569729177,3.7515186116990753,0.0,0.06099982272646687,0.10265911857400441,0.10814467512706942,
CSGS2,q1_2020,1,robust_local_cqr,weather_outage,ramp,183,0.5519125683060109,0.34808743169398915,30.690367101971567,30.712554931640625,85.06903399274648,14.946985535934322,16.847534062163856,0.34808743169398915,0.0,0.23607974693824282,0.6543771845595884,0.031421703296703296
CSGS2,q1_2020,1,robust_risk_mondrian,clean,non_ramp,5641,0.9273178514447793,0.027317851444779273,12.537295675857472,8.610374450683594,13.675112724927283,2.0574736356156724,3.7064092455850908,0.0,0.027317851444779273,0.09644073596813439,0.10519317480713294,
CSGS2,q1_2020,1,robust_risk_mondrian,clean,ramp,183,0.5081967213114754,0.3918032786885246,27.720996916619807,27.135669708251953,91.78577696690795,14.73973827609599,16.73139588692348,0.3918032786885246,0.0,0.21323843782015237,0.7060444382069841,0.031421703296703296
CSGS2,q1_2020,1,robust_risk_mondrian,combined_outage,non_ramp,5641,0.8695266796667258,0.030473320333274212,18.37889182586583,15.05228191614151,29.549357212734872,4.819693371176752,8.534840669414937,0.030473320333274212,0.0,0.14137609096819867,0.22730274779026824,
CSGS2,q1_2020,1,robust_risk_mondrian,combined_outage,ramp,183,0.6721311475409836,0.22786885245901645,33.037646404828855,33.68251609802246,85.48963545625165,13.416071250139039,16.079593105099413,0.22786885245901645,0.0,0.2541357415756066,0.657612580432705,0.031421703296703296
CSGS2,q1_2020,1,robust_risk_mondrian,irradiance_outage,non_ramp,5641,0.930331501506825,0.030331501506824954,13.808467288942385,9.844938278198242,14.843529497320494,2.189181113847761,3.9221988960582284,0.0,0.030331501506824954,0.10621897914571066,0.11418099613323457,
CSGS2,q1_2020,1,robust_risk_mondrian,irradiance_outage,ramp,183,0.5136612021857924,0.38633879781420766,29.216624051495327,28.223791122436523,88.3115615245423,15.06599006691917,16.92423042988765,0.38633879781420766,0.0,0.22474326193457944,0.6793197040349408,0.031421703296703296
CSGS2,q1_2020,1,robust_risk_mondrian,recent_power_outage,non_ramp,5641,0.8424038291083141,0.057596170891685894,16.097934786360092,12.797396183013916,28.902111317876887,4.835724268859476,8.640821126116448,0.057596170891685894,0.0,0.12383026758738533,0.22232393321443758,
CSGS2,q1_2020,1,robust_risk_mondrian,recent_power_outage,ramp,183,0.5245901639344263,0.37540983606557377,29.672486974241956,28.820178985595703,94.42593890786823,13.641317960994492,16.098242138798753,0.37540983606557377,0.0,0.2282498998018612,0.726353376214371,0.031421703296703296
CSGS2,q1_2020,1,robust_risk_mondrian,weather_outage,non_ramp,5641,0.9466406665484843,0.04664066654848431,12.521024240338601,8.432577133178711,13.701888023585493,2.0796214569729177,3.7515186116990753,0.0,0.04664066654848431,0.0963155710795277,0.10539913864296534,
CSGS2,q1_2020,1,robust_risk_mondrian,weather_outage,ramp,183,0.5027322404371585,0.39726775956284155,27.754164244959263,27.80136013031006,94.04981354676961,14.946985535934322,16.847534062163856,0.39726775956284155,0.0,0.21349357111507125,0.7234601042059201,0.031421703296703296
CSGS2,q1_2020,1,robust_rolling_cqr,clean,non_ramp,5641,0.9161496188619039,0.016149618861903914,11.258027102874097,7.621485710144043,13.182973956575909,2.0574736356156724,3.7064092455850908,0.0,0.016149618861903914,0.0866002084836469,0.10140749197366083,
CSGS2,q1_2020,1,robust_rolling_cqr,clean,ramp,183,0.3879781420765027,0.5120218579234973,24.005830380434546,23.748889923095703,108.76055867424428,14.73973827609599,16.73139588692348,0.5120218579234973,0.0,0.18466023369565035,0.8366196821095714,0.031421703296703296
CSGS2,q1_2020,1,robust_rolling_cqr,combined_outage,non_ramp,5641,0.9024995568161673,0.0024995568161673143,21.067742286712615,17.875396728515625,29.206257298623104,4.819693371176752,8.534840669414937,0.0,0.0024995568161673143,0.1620595560516355,0.2246635176817162,
CSGS2,q1_2020,1,robust_rolling_cqr,combined_outage,ramp,183,0.6502732240437158,0.24972677595628423,32.29563403292432,31.28938865661621,87.32647725434903,13.416071250139039,16.079593105099413,0.24972677595628423,0.0,0.24842795409941784,0.6717421327257618,0.031421703296703296
CSGS2,q1_2020,1,robust_rolling_cqr,irradiance_outage,non_ramp,5641,0.9239496543166106,0.023949654316610558,12.85410499522828,9.127269744873047,14.405941646800377,2.189181113847761,3.9221988960582284,0.0,0.023949654316610558,0.09887773073252523,0.11081493574461829,
CSGS2,q1_2020,1,robust_rolling_cqr,irradiance_outage,ramp,183,0.43169398907103823,0.4683060109289618,26.0842411830777,25.00967788696289,101.02633906843884,15.06599006691917,16.92423042988765,0.4683060109289618,0.0,0.2006480091005977,0.7771256851418372,0.031421703296703296
CSGS2,q1_2020,1,robust_rolling_cqr,recent_power_outage,non_ramp,5641,0.9056904804112746,0.005690480411274623,19.300283802741355,15.95333480834961,26.90229815279984,4.835724268859476,8.640821126116448,0.0,0.005690480411274623,0.14846372155954887,0.20694075502153722,
CSGS2,q1_2020,1,robust_rolling_cqr,recent_power_outage,ramp,183,0.5792349726775956,0.3207650273224044,31.56124338491367,30.54078483581543,87.74932385207525,13.641317960994492,16.098242138798753,0.3207650273224044,0.0,0.2427787952685667,0.6749947988621173,0.031421703296703296
CSGS2,q1_2020,1,robust_rolling_cqr,weather_outage,non_ramp,5641,0.9209360042545648,0.020936004254564766,11.137219827538718,7.791962623596191,13.206461262529539,2.0796214569729177,3.7515186116990753,0.0,0.020936004254564766,0.08567092175029783,0.10158816355791953,
CSGS2,q1_2020,1,robust_rolling_cqr,weather_outage,ramp,183,0.3825136612021858,0.5174863387978142,23.990807858321183,23.727932929992676,110.425807634338,14.946985535934322,16.847534062163856,0.5174863387978142,0.0,0.18454467583323986,0.8494292894949077,0.031421703296703296
CSGS2,q1_2020,4,clean_condition_cqr,clean,non_ramp,5351,0.9258082601382919,0.02580826013829185,18.863522599838323,16.841859817504883,27.750159271090137,4.441913601729414,8.161761625416188,0.0,0.02580826013829185,0.14510401999875633,0.21346276362377029,
CSGS2,q1_2020,4,clean_condition_cqr,clean,ramp,473,0.6131078224101479,0.2868921775898521,29.68435768969357,28.584692001342773,92.15190458115403,13.471089915228697,17.387607453444364,0.2868921775898521,0.0,0.22834121299764285,0.7088608044704156,0.08121565934065934
CSGS2,q1_2020,4,clean_condition_cqr,combined_outage,non_ramp,5351,0.9435619510371893,0.043561951037189295,56.84736917224571,55.033626556396484,65.47673141756107,14.95651842581966,19.64004602322768,0.0,0.043561951037189295,0.4372874551711209,0.5036671647504698,
CSGS2,q1_2020,4,clean_condition_cqr,combined_outage,ramp,473,0.9281183932346723,0.028118393234672245,59.488774292690806,65.62247705459595,70.4552980902079,15.787179571566572,21.61005937417069,0.0,0.028118393234672245,0.45760595609762156,0.5419638314631378,0.08121565934065934
CSGS2,q1_2020,4,clean_condition_cqr,irradiance_outage,non_ramp,5351,0.9069332834984115,0.006933283498411491,28.006373680927002,29.5197811126709,39.27896872517961,5.5800516349632465,9.349639197829068,0.0,0.006933283498411491,0.2154336436994385,0.30214591327061235,
CSGS2,q1_2020,4,clean_condition_cqr,irradiance_outage,ramp,473,0.6871035940803383,0.21289640591966175,33.05412477494294,32.01069927215576,80.39284674007344,12.937392917483352,16.727685034284153,0.21289640591966175,0.0,0.2542624982687919,0.6184065133851803,0.08121565934065934
CSGS2,q1_2020,4,clean_condition_cqr,recent_power_outage,non_ramp,5351,0.9547748084470192,0.05477480844701921,51.94119860729371,46.69449234008789,57.56239552268596,12.775908183094728,18.197889568427563,0.0,0.05477480844701921,0.399547681594567,0.44278765786681507,
CSGS2,q1_2020,4,clean_condition_cqr,recent_power_outage,ramp,473,0.9112050739957717,0.011205073995771642,57.684960201461394,61.4460232257843,72.89305058139009,15.163588100142508,21.168855294603375,0.0,0.011205073995771642,0.44373046308816455,0.5607157737030006,0.08121565934065934
CSGS2,q1_2020,4,clean_condition_cqr,weather_outage,non_ramp,5351,0.9254344982246309,0.02543449822463084,20.166580583531236,19.188393354415894,28.880894226952343,4.760456720801058,8.25984055033855,0.0,0.02543449822463084,0.15512754295024028,0.22216072482271032,
CSGS2,q1_2020,4,clean_condition_cqr,weather_outage,ramp,473,0.5687103594080338,0.3312896405919662,30.229398503490028,28.730480194091797,106.23526184541227,15.019817960879767,18.588420404535007,0.3312896405919662,0.0,0.23253383464223099,0.8171943218877866,0.08121565934065934
CSGS2,q1_2020,4,lgbm_condition_cqr,clean,non_ramp,5351,0.9450569986918333,0.04505699869183333,22.571901780783076,19.35019016265869,25.320118235358372,4.66279278121465,8.02620836403136,0.0,0.04505699869183333,0.17363001369833136,0.19477014027198747,
CSGS2,q1_2020,4,lgbm_condition_cqr,clean,ramp,473,0.6088794926004228,0.2911205073995772,36.94642262129275,37.5996036529541,81.84845085227842,14.432654976277725,18.340818056451315,0.2911205073995772,0.0,0.2842032509330211,0.6296034680944493,0.08121565934065934
CSGS2,q1_2020,4,lgbm_condition_cqr,combined_outage,non_ramp,5351,0.9366473556344609,0.036647355634460865,54.12263657120839,57.64104080200195,62.786290457107775,17.647031341676698,22.83612293261423,0.0,0.036647355634460865,0.41632797362467994,0.4829714650546752,
CSGS2,q1_2020,4,lgbm_condition_cqr,combined_outage,ramp,473,0.9492600422832981,0.049260042283298056,60.317077096795806,65.34040260314941,70.01831828859531,17.68879908556414,24.31926924272635,0.0,0.049260042283298056,0.4639775161291985,0.5386024483738101,0.08121565934065934
CSGS2,q1_2020,4,lgbm_condition_cqr,irradiance_outage,non_ramp,5351,0.8947860213044291,0.005213978695570942,24.65869555693554,20.34852647781372,26.748611883109362,5.6177699046622465,8.695939534280964,0.005213978695570942,0.0,0.18968227351488878,0.2057585529469951,
CSGS2,q1_2020,4,lgbm_condition_cqr,irradiance_outage,ramp,473,0.7082452431289641,0.19175475687103594,38.93251434986107,39.069786071777344,68.09108345796517,13.633646076564808,17.55378060152455,0.19175475687103594,0.0,0.29948087961431596,0.5237775650612705,0.08121565934065934
CSGS2,q1_2020,4,lgbm_condition_cqr,recent_power_outage,non_ramp,5351,0.9502896654830872,0.05028966548308722,52.53851127317564,57.48667526245117,62.07469662985449,15.486453354027898,20.6089918737566,0.0,0.05028966548308722,0.40414239440904337,0.4774976663834961,
CSGS2,q1_2020,4,lgbm_condition_cqr,recent_power_outage,ramp,473,0.9386892177589852,0.03868921775898515,60.30743038446404,64.46909713745117,72.73939535450229,17.086290581974872,23.721927985687618,0.0,0.03868921775898515,0.4639033106497234,0.5595338104192484,0.08121565934065934
CSGS2,q1_2020,4,lgbm_condition_cqr,weather_outage,non_ramp,5351,0.9424406652962063,0.04244066529620627,22.887536628477058,20.23159396648407,25.636217573912067,4.6667435666219195,7.9338350180448804,0.0,0.04244066529620627,0.17605797406520815,0.19720167364547744,
CSGS2,q1_2020,4,lgbm_condition_cqr,weather_outage,ramp,473,0.587737843551797,0.312262156448203,36.34719692135966,36.70786666870117,83.53538027664068,15.892688923292885,19.52037440700273,0.312262156448203,0.0,0.2795938224719974,0.6425798482818514,0.08121565934065934
CSGS2,q1_2020,4,oracle_ramp_mondrian,clean,non_ramp,5351,0.8605868062044477,0.039413193795552304,18.11468603536194,13.40710163116455,32.74065870566075,5.253529218074325,9.6571275224629,0.039413193795552304,0.0,0.1393437387335534,0.251851220812775,
CSGS2,q1_2020,4,oracle_ramp_mondrian,clean,ramp,473,0.8858350951374208,0.014164904862579264,45.354971794818006,44.64237689971924,58.428791476473535,11.935156461993433,15.680686076462045,0.014164904862579264,0.0,0.34888439842167696,0.4494522421267195,0.08121565934065934
CSGS2,q1_2020,4,oracle_ramp_mondrian,combined_outage,non_ramp,5351,0.8316202578957205,0.06837974210427955,19.163447078867957,17.626312255859375,46.76333463565128,6.98466818601962,11.912621438152062,0.06837974210427955,0.0,0.14741113137590736,0.3597179587357791,
CSGS2,q1_2020,4,oracle_ramp_mondrian,combined_outage,ramp,473,0.9006342494714588,0.0006342494714587366,52.50312700852689,52.34689712524414,61.56019358016377,14.226982319518829,17.43100280643092,0.0,0.0006342494714587366,0.40387020775789917,0.4735399506166444,0.08121565934065934
CSGS2,q1_2020,4,oracle_ramp_mondrian,irradiance_outage,non_ramp,5351,0.8725471874415996,0.027452812558400375,19.1731025081492,15.595343828201294,32.26186770681202,5.56226485853801,9.989192085896264,0.027452812558400375,0.0,0.14748540390884,0.24816821312932322,
CSGS2,q1_2020,4,oracle_ramp_mondrian,irradiance_outage,ramp,473,0.8900634249471459,0.009936575052854169,46.47499835415572,45.88307857513428,58.82923302035503,11.949798403217223,15.68236075679166,0.009936575052854169,0.0,0.35749998733965943,0.4525325616950387,0.08121565934065934
CSGS2,q1_2020,4,oracle_ramp_mondrian,recent_power_outage,non_ramp,5351,0.8312464959820595,0.06875350401794056,19.79167843032214,16.899240493774414,38.50517197984174,6.592868379604488,11.384578038983028,0.06875350401794056,0.0,0.15224368023324722,0.29619363061416726,
CSGS2,q1_2020,4,oracle_ramp_mondrian,recent_power_outage,ramp,473,0.9006342494714588,0.0006342494714587366,43.88185659416382,46.006187438964844,56.87226767815949,11.811787916981393,15.002588592515199,0.0,0.0006342494714587366,0.33755274303202937,0.4374789821396884,0.08121565934065934
CSGS2,q1_2020,4,oracle_ramp_mondrian,weather_outage,non_ramp,5351,0.8587179966361428,0.041282003363857234,17.81679683974682,15.196438074111938,32.283794813367365,5.185114928900724,9.349391827747775,0.041282003363857234,0.0,0.13705228338266787,0.24833688317974897,
CSGS2,q1_2020,4,oracle_ramp_mondrian,weather_outage,ramp,473,0.8942917547568711,0.005708245243128962,48.342661853454395,46.660521507263184,60.933401177229705,13.220681476479605,16.852383057008527,0.005708245243128962,0.0,0.3718666296419569,0.4687184705940747,0.08121565934065934
CSGS2,q1_2020,4,persistence_condition_cqr,clean,non_ramp,5351,1.0,0.09999999999999998,44.24630092660293,38.95056915283203,44.24630092660293,5.798495728099171,9.125592279734466,0.0,0.09999999999999998,0.34035616097386867,0.34035616097386867,
CSGS2,q1_2020,4,persistence_condition_cqr,clean,ramp,473,0.35306553911205074,0.5469344608879493,53.55344877554297,60.485599517822266,172.90924010638454,35.410978976692256,36.34025823967364,0.5469344608879493,0.0,0.4119496059657151,1.3300710777414195,0.08121565934065934
CSGS2,q1_2020,4,persistence_condition_cqr,combined_outage,non_ramp,5351,0.9751448327415436,0.0751448327415436,88.02193775841553,78.93876647949219,92.44097407147987,17.656544785825385,26.416384416965965,0.0,0.0751448327415436,0.6770918289108887,0.7110844159344606,
CSGS2,q1_2020,4,persistence_condition_cqr,combined_outage,ramp,473,0.8498942917547568,0.050105708245243186,89.24227701968672,76.55036926269531,117.67710981642469,46.78069595504261,50.7468094520609,0.050105708245243186,0.0,0.6864790539975902,0.9052085370494207,0.08121565934065934
CSGS2,q1_2020,4,persistence_condition_cqr,irradiance_outage,non_ramp,5351,1.0,0.09999999999999998,44.24630092660293,38.95056915283203,44.24630092660293,5.798495728099171,9.125592279734466,0.0,0.09999999999999998,0.34035616097386867,0.34035616097386867,
CSGS2,q1_2020,4,persistence_condition_cqr,irradiance_outage,ramp,473,0.35306553911205074,0.5469344608879493,53.55344877554297,60.485599517822266,172.90924010638454,35.410978976692256,36.34025823967364,0.5469344608879493,0.0,0.4119496059657151,1.3300710777414195,0.08121565934065934
CSGS2,q1_2020,4,persistence_condition_cqr,recent_power_outage,non_ramp,5351,0.9751448327415436,0.0751448327415436,88.02193775841553,78.93876647949219,92.44097407147987,17.656544785825385,26.416384416965965,0.0,0.0751448327415436,0.6770918289108887,0.7110844159344606,
CSGS2,q1_2020,4,persistence_condition_cqr,recent_power_outage,ramp,473,0.8498942917547568,0.050105708245243186,89.24227701968672,76.55036926269531,117.67710981642469,46.78069595504261,50.7468094520609,0.050105708245243186,0.0,0.6864790539975902,0.9052085370494207,0.08121565934065934
CSGS2,q1_2020,4,persistence_condition_cqr,weather_outage,non_ramp,5351,1.0,0.09999999999999998,44.24630092660293,38.95056915283203,44.24630092660293,5.798495728099171,9.125592279734466,0.0,0.09999999999999998,0.34035616097386867,0.34035616097386867,
CSGS2,q1_2020,4,persistence_condition_cqr,weather_outage,ramp,473,0.35306553911205074,0.5469344608879493,53.55344877554297,60.485599517822266,172.90924010638454,35.410978976692256,36.34025823967364,0.5469344608879493,0.0,0.4119496059657151,1.3300710777414195,0.08121565934065934
CSGS2,q1_2020,4,robust_condition_cqr,clean,non_ramp,5351,0.9017006167071575,0.0017006167071574874,19.422410233006193,14.928651094436646,32.40122539239885,5.253529218074325,9.6571275224629,0.0,0.0017006167071574874,0.14940315563850917,0.249240195326145,
CSGS2,q1_2020,4,robust_condition_cqr,clean,ramp,473,0.6575052854122622,0.24249471458773786,29.46268570672004,28.02790069580078,77.10454728156643,11.935156461993433,15.680686076462045,0.24249471458773786,0.0,0.22663604389784647,0.5931119021658956,0.08121565934065934
CSGS2,q1_2020,4,robust_condition_cqr,combined_outage,non_ramp,5351,0.8775929732760231,0.022407026723976875,23.30776221914573,22.512296676635742,43.33120164734652,6.98466818601962,11.912621438152062,0.022407026723976875,0.0,0.1792904786088133,0.3333169357488194,
CSGS2,q1_2020,4,robust_condition_cqr,combined_outage,ramp,473,0.6723044397463002,0.22769556025369986,35.6917909206724,34.95944309234619,83.08923420108398,14.226982319518829,17.43100280643092,0.22769556025369986,0.0,0.27455223785132615,0.6391479553929537,0.08121565934065934
CSGS2,q1_2020,4,robust_condition_cqr,irradiance_outage,non_ramp,5351,0.909736497850869,0.009736497850868941,20.451545806273565,17.08696687221527,32.066417339630355,5.56226485853801,9.989192085896264,0.0,0.009736497850868941,0.15731958312518127,0.24666474876638736,
CSGS2,q1_2020,4,robust_condition_cqr,irradiance_outage,ramp,473,0.6997885835095138,0.20021141649048624,31.753932434821355,30.641387939453125,73.498066104854,11.949798403217223,15.68236075679166,0.20021141649048624,0.0,0.24426101872939504,0.5653697392681077,0.08121565934065934
CSGS2,q1_2020,4,robust_condition_cqr,recent_power_outage,non_ramp,5351,0.8575967108951598,0.04240328910484026,20.694989105579463,17.933725476264954,37.82306907068025,6.592868379604488,11.384578038983028,0.04240328910484026,0.0,0.15919222388907278,0.29094668515907884,
CSGS2,q1_2020,4,robust_condition_cqr,recent_power_outage,ramp,473,0.7780126849894292,0.12198731501057081,33.63013459779874,35.336591720581055,63.27803699174466,11.811787916981393,15.002588592515199,0.12198731501057081,0.0,0.25869334305999026,0.4867541307057282,0.08121565934065934
CSGS2,q1_2020,4,robust_condition_cqr,weather_outage,non_ramp,5351,0.909736497850869,0.009736497850868941,20.080732131400534,17.846815824508667,31.69284337911587,5.185114928900724,9.349391827747775,0.0,0.009736497850868941,0.15446717024154258,0.24379110291627593,
CSGS2,q1_2020,4,robust_condition_cqr,weather_outage,ramp,473,0.6025369978858351,0.2974630021141649,30.435344844524913,28.097482681274414,89.04465415693001,13.220681476479605,16.852383057008527,0.2974630021141649,0.0,0.23411803726557626,0.6849588781302308,0.08121565934065934
CSGS2,q1_2020,4,robust_local_cqr,clean,non_ramp,5351,0.9080545692393945,0.008054569239394516,21.64892477712101,19.69667625427246,30.11922270020077,5.253529218074325,9.6571275224629,0.0,0.008054569239394516,0.16653019059323854,0.23168632846308285,
CSGS2,q1_2020,4,robust_local_cqr,clean,ramp,473,0.7653276955602537,0.13467230443974632,35.41452237072127,34.709102630615234,66.10523771770282,11.935156461993433,15.680686076462045,0.13467230443974632,0.0,0.2724194028517021,0.508501828597714,0.08121565934065934
CSGS2,q1_2020,4,robust_local_cqr,combined_outage,non_ramp,5351,0.8757241637077182,0.024275836292281805,23.387224385724537,25.07992911338806,39.51193601671091,6.98466818601962,11.912621438152062,0.024275836292281805,0.0,0.1799017260440349,0.3039379693593147,
CSGS2,q1_2020,4,robust_local_cqr,combined_outage,ramp,473,0.7251585623678647,0.17484143763213533,39.176496119255354,38.96947479248047,71.33632168520643,14.226982319518829,17.43100280643092,0.17484143763213533,0.0,0.3013576624558104,0.5487409360400495,0.08121565934065934
CSGS2,q1_2020,4,robust_local_cqr,irradiance_outage,non_ramp,5351,0.9175854980377499,0.01758549803774989,22.70383503692149,21.58307647705078,29.848497661719474,5.56226485853801,9.989192085896264,0.0,0.01758549803774989,0.17464488489939609,0.22960382816707287,
CSGS2,q1_2020,4,robust_local_cqr,irradiance_outage,ramp,473,0.8118393234672304,0.0881606765327696,38.193511628008295,37.781039237976074,63.792964447187316,11.949798403217223,15.68236075679166,0.0881606765327696,0.0,0.29379624329237153,0.4907151111322101,0.08121565934065934
CSGS2,q1_2020,4,robust_local_cqr,recent_power_outage,non_ramp,5351,0.8899271164268361,0.010072883573163938,23.695196646719076,21.804513454437256,33.68979394689155,6.592868379604488,11.384578038983028,0.010072883573163938,0.0,0.1822707434363006,0.259152261129935,
CSGS2,q1_2020,4,robust_local_cqr,recent_power_outage,ramp,473,0.8562367864693446,0.043763213530655376,39.471357778035674,42.59986400604248,57.1935675380846,11.811787916981393,15.002588592515199,0.043763213530655376,0.0,0.3036258290618129,0.4399505195237277,0.08121565934065934
CSGS2,q1_2020,4,robust_local_cqr,weather_outage,non_ramp,5351,0.9192674266492245,0.01926742664922443,21.759271330224067,20.82538390159607,28.896648707305932,5.185114928900724,9.349391827747775,0.0,0.01926742664922443,0.16737901023249283,0.22228191313312257,
CSGS2,q1_2020,4,robust_local_cqr,weather_outage,ramp,473,0.7293868921775899,0.17061310782241013,36.642105731821715,36.6513786315918,72.57140520634032,13.220681476479605,16.852383057008527,0.17061310782241013,0.0,0.281862351783244,0.5582415785103101,0.08121565934065934
CSGS2,q1_2020,4,robust_risk_mondrian,clean,non_ramp,5351,0.903008783404971,0.003008783404971016,20.826115424634615,16.11199951171875,30.29734228815277,5.253529218074325,9.6571275224629,0.0,0.003008783404971016,0.16020088788180473,0.2330564791396367,
CSGS2,q1_2020,4,robust_risk_mondrian,clean,ramp,473,0.7864693446088795,0.1135306553911205,36.02777323112616,35.38072967529297,68.03373914243492,11.935156461993433,15.680686076462045,0.1135306553911205,0.0,0.2771367171625089,0.5233364549418071,0.08121565934065934
CSGS2,q1_2020,4,robust_risk_mondrian,combined_outage,non_ramp,5351,0.8845075686787517,0.015492431321248334,23.46108658563407,25.01812744140625,43.75013661578766,6.98466818601962,11.912621438152062,0.015492431321248334,0.0,0.18046989681256978,0.3365395124291358,
CSGS2,q1_2020,4,robust_risk_mondrian,combined_outage,ramp,473,0.7357293868921776,0.16427061310782243,39.654377109184075,39.68605661392212,71.74554211647893,14.226982319518829,17.43100280643092,0.16427061310782243,0.0,0.30503367007064675,0.5518887855113764,0.08121565934065934
CSGS2,q1_2020,4,robust_risk_mondrian,irradiance_outage,non_ramp,5351,0.9203887123902075,0.020388712390207453,22.072297492671783,18.43196702003479,30.080691599708807,5.56226485853801,9.989192085896264,0.0,0.020388712390207453,0.16978690378978295,0.23138993538237543,
CSGS2,q1_2020,4,robust_risk_mondrian,irradiance_outage,ramp,473,0.813953488372093,0.086046511627907,38.471482641301876,37.9600887298584,67.01622506725674,11.949798403217223,15.68236075679166,0.086046511627907,0.0,0.2959344818561683,0.5155094235942826,0.08121565934065934
CSGS2,q1_2020,4,robust_risk_mondrian,recent_power_outage,non_ramp,5351,0.8689964492618202,0.03100355073817984,21.370277862003885,18.29692703485489,36.83701755270862,6.592868379604488,11.384578038983028,0.03100355073817984,0.0,0.16438675278464526,0.283361673482374,
CSGS2,q1_2020,4,robust_risk_mondrian,recent_power_outage,ramp,473,0.8012684989429175,0.0987315010570825,36.00078529595194,38.51028633117676,62.12552343195513,11.811787916981393,15.002588592515199,0.0987315010570825,0.0,0.2769291176611688,0.47788864178427026,0.08121565934065934
CSGS2,q1_2020,4,robust_risk_mondrian,weather_outage,non_ramp,5351,0.9125397122033265,0.012539712203326503,21.16650171689616,19.47654914855957,29.332362815134655,5.185114928900724,9.349391827747775,0.0,0.012539712203326503,0.16281924397612432,0.2256335601164204,
CSGS2,q1_2020,4,robust_risk_mondrian,weather_outage,ramp,473,0.7315010570824524,0.16849894291754763,37.89715967740052,36.58457374572754,75.40460053979406,13.220681476479605,16.852383057008527,0.16849894291754763,0.0,0.29151661290308095,0.5800353887676466,0.08121565934065934
CSGS2,q1_2020,4,robust_rolling_cqr,clean,non_ramp,5351,0.912352831246496,0.012352831246495999,22.03630401753124,17.745664596557617,31.998634181058925,5.253529218074325,9.6571275224629,0.0,0.012352831246495999,0.16951003090408645,0.24614333985429943,
CSGS2,q1_2020,4,robust_rolling_cqr,clean,ramp,473,0.7103594080338267,0.18964059196617333,32.15227391295151,31.56021022796631,71.12334707669173,11.935156461993433,15.680686076462045,0.18964059196617333,0.0,0.24732518394578082,0.5471026698207057,0.08121565934065934
CSGS2,q1_2020,4,robust_rolling_cqr,combined_outage,non_ramp,5351,0.9073070454120725,0.007307045412072499,28.14700008601638,23.835384368896484,40.31132905003449,6.98466818601962,11.912621438152062,0.0,0.007307045412072499,0.21651538527704908,0.3100871465387268,
CSGS2,q1_2020,4,robust_rolling_cqr,combined_outage,ramp,473,0.7441860465116279,0.15581395348837213,39.44797058696474,38.966041564941406,73.16615238760541,14.226982319518829,17.43100280643092,0.15581395348837213,0.0,0.3034459275920365,0.5628165568277339,0.08121565934065934
CSGS2,q1_2020,4,robust_rolling_cqr,irradiance_outage,non_ramp,5351,0.9106709026350215,0.010670902635021462,21.940875820660995,18.07103729248047,32.06909869117631,5.56226485853801,9.989192085896264,0.0,0.010670902635021462,0.1687759678512384,0.24668537454751005,
CSGS2,q1_2020,4,robust_rolling_cqr,irradiance_outage,ramp,473,0.7378435517970402,0.16215644820295982,33.46211100189334,32.714799880981445,69.76789379684574,11.949798403217223,15.68236075679166,0.16215644820295982,0.0,0.257400853860718,0.5366761061295826,0.08121565934065934
CSGS2,q1_2020,4,robust_rolling_cqr,recent_power_outage,non_ramp,5351,0.8979629975705475,0.0020370024294524836,24.966199982124113,20.80723237991333,35.73388127669348,6.592868379604488,11.384578038983028,0.0020370024294524836,0.0,0.1920476921701855,0.2748760098207191,
CSGS2,q1_2020,4,robust_rolling_cqr,recent_power_outage,ramp,473,0.8308668076109936,0.06913319238900639,38.07503229058712,38.44139099121094,60.93007877154422,11.811787916981393,15.002588592515199,0.06913319238900639,0.0,0.29288486377374706,0.46869291362726323,0.08121565934065934
CSGS2,q1_2020,4,robust_rolling_cqr,weather_outage,non_ramp,5351,0.9220706410016819,0.02207064100168188,22.548731087610214,19.351135730743408,31.188506066818135,5.185114928900724,9.349391827747775,0.0,0.02207064100168188,0.17345177759700164,0.23991158512937028,
CSGS2,q1_2020,4,robust_rolling_cqr,weather_outage,ramp,473,0.638477801268499,0.26152219873150107,32.9407703148843,32.25368118286133,81.65451739889906,13.220681476479605,16.852383057008527,0.26152219873150107,0.0,0.25339054088372537,0.6281116722992235,0.08121565934065934
CSGS2,q2_2020,1,clean_condition_cqr,clean,non_ramp,5487,0.8992163295061053,0.000783670493894717,10.085949596502354,9.607460021972656,13.944684593193335,2.2459755732547353,3.8192660185225074,0.000783670493894717,0.0,0.07758422766540272,0.10726680456302565,
CSGS2,q2_2020,1,clean_condition_cqr,clean,ramp,337,0.24629080118694363,0.6537091988130563,22.447596351895204,21.667282104492188,155.97973907595218,17.394541628636663,19.4009521240796,0.6537091988130563,0.0,0.17267381809150156,1.1998441467380938,0.05786401098901099
CSGS2,q2_2020,1,clean_condition_cqr,combined_outage,non_ramp,5487,0.740295243302351,0.15970475669764905,56.640558906389714,54.21586608886719,144.24278635532886,26.14811673758785,33.019792027919195,0.15970475669764905,0.0,0.43569660697222856,1.1095598950409913,
CSGS2,q2_2020,1,clean_condition_cqr,combined_outage,ramp,337,0.486646884272997,0.413353115727003,58.67705087633444,60.26905822753906,217.69463683448134,38.81519195800011,43.48773580144878,0.413353115727003,0.0,0.45136192981795725,1.6745741294960104,0.05786401098901099
CSGS2,q2_2020,1,clean_condition_cqr,irradiance_outage,non_ramp,5487,0.9281939128850009,0.028193912885000838,17.00671616654503,13.594642043113708,19.787642100952528,2.6318863684826477,4.139482377514941,0.0,0.028193912885000838,0.1308208935888079,0.15221263154578868,
CSGS2,q2_2020,1,clean_condition_cqr,irradiance_outage,ramp,337,0.44807121661721067,0.45192878338278936,28.29969335663566,28.197269439697266,121.38676850236841,16.910015167043895,19.132739684543733,0.45192878338278936,0.0,0.2176899488971974,0.9337443730951416,0.05786401098901099
CSGS2,q2_2020,1,clean_condition_cqr,recent_power_outage,non_ramp,5487,0.7417532349188992,0.1582467650811008,55.310558115391,52.697689056396484,142.58954948924463,25.35886132771447,32.578349778121684,0.1582467650811008,0.0,0.4254658316568538,1.096842688378805,
CSGS2,q2_2020,1,clean_condition_cqr,recent_power_outage,ramp,337,0.47774480712166173,0.4222551928783383,58.10659028231567,59.100406646728516,220.99570140216045,38.77558228099382,43.36192066884219,0.4222551928783383,0.0,0.4469737714024282,1.6999669338627728,0.05786401098901099
CSGS2,q2_2020,1,clean_condition_cqr,weather_outage,non_ramp,5487,0.8984873336978313,0.0015126663021687303,10.240937417499682,9.776626586914062,14.020573259644442,2.253373231871197,3.8413515775547773,0.0015126663021687303,0.0,0.07877644167307447,0.10785056353572647,
CSGS2,q2_2020,1,clean_condition_cqr,weather_outage,ramp,337,0.2522255192878338,0.6477744807121661,22.42649260331332,21.492019653320312,154.89440700915873,17.40422335859576,19.41724063651718,0.6477744807121661,0.0,0.17251148156394863,1.1914954385319902,0.05786401098901099
CSGS2,q2_2020,1,lgbm_condition_cqr,clean,non_ramp,5487,0.9201749589939858,0.020174958993985803,14.251862300313501,14.020240783691406,16.533454858613666,2.171129517046745,3.6111445658835053,0.0,0.020174958993985803,0.10962971000241155,0.1271804219893359,
CSGS2,q2_2020,1,lgbm_condition_cqr,clean,ramp,337,0.4391691394658754,0.46083086053412464,28.437392186694048,28.35894775390625,113.0301295883224,18.067436075352067,20.020800045872516,0.46083086053412464,0.0,0.2187491706668773,0.8694625352947877,0.05786401098901099
CSGS2,q2_2020,1,lgbm_condition_cqr,combined_outage,non_ramp,5487,0.7342810278840897,0.16571897211591036,56.54650654765846,57.6458854675293,137.55031952910983,27.681549632225572,34.3008424058928,0.16571897211591036,0.0,0.43497312728968046,1.0580793809931526,
CSGS2,q2_2020,1,lgbm_condition_cqr,combined_outage,ramp,337,0.49258160237388726,0.40741839762611276,59.31832797449491,58.8530158996582,209.03407394001675,40.06766439686897,44.71524774210597,0.40741839762611276,0.0,0.45629483057303777,1.607954414923206,0.05786401098901099
CSGS2,q2_2020,1,lgbm_condition_cqr,irradiance_outage,non_ramp,5487,0.8797156916347731,0.020284308365226877,15.52473114927406,15.610881805419922,17.678558020244694,2.5397702373831743,3.9598912297003404,0.020284308365226877,0.0,0.11942100884056969,0.1359889078480361,
CSGS2,q2_2020,1,lgbm_condition_cqr,irradiance_outage,ramp,337,0.47477744807121663,0.4252225519287834,29.654040302650156,29.426939010620117,106.36834371832782,17.718077338413952,19.965427158167685,0.4252225519287834,0.0,0.22810800232807812,0.8182180286025217,0.05786401098901099
CSGS2,q2_2020,1,lgbm_condition_cqr,recent_power_outage,non_ramp,5487,0.7342810278840897,0.16571897211591036,56.23576604079435,57.08802795410156,137.59366111345187,27.423200217756783,33.99306472311451,0.16571897211591036,0.0,0.4325828156984181,1.0584127777957837,
CSGS2,q2_2020,1,lgbm_condition_cqr,recent_power_outage,ramp,337,0.49851632047477745,0.40148367952522257,59.368923108018826,58.95346450805664,209.32059508190665,39.71108511718161,44.35781627267677,0.40148367952522257,0.0,0.45668402390783713,1.6101584237069742,0.05786401098901099
CSGS2,q2_2020,1,lgbm_condition_cqr,weather_outage,non_ramp,5487,0.9088755239657372,0.008875523965737209,14.163357520139574,13.921659469604492,16.599926997420837,2.177822050836235,3.6188454749989374,0.0,0.008875523965737209,0.10894890400107364,0.12769174613400644,
CSGS2,q2_2020,1,lgbm_condition_cqr,weather_outage,ramp,337,0.4332344213649852,0.46676557863501483,28.14589913591787,27.904834747314453,114.00921626331544,18.05657668495744,20.01180456432997,0.46676557863501483,0.0,0.21650691643013745,0.8769939712562725,0.05786401098901099
CSGS2,q2_2020,1,oracle_ramp_mondrian,clean,non_ramp,5487,0.8844541643885547,0.015545835611445291,12.594562206119273,11.465351104736328,15.652808233316161,2.438869428771516,4.213079450715495,0.015545835611445291,0.0,0.09688124773937902,0.12040621717935508,
CSGS2,q2_2020,1,oracle_ramp_mondrian,clean,ramp,337,0.884272997032641,0.01572700296735907,52.36620563746206,52.119911193847656,67.30223443776988,16.950374313207337,19.1904598874601,0.01572700296735907,0.0,0.4028169664420158,0.5177094956751529,0.05786401098901099
CSGS2,q2_2020,1,oracle_ramp_mondrian,combined_outage,non_ramp,5487,0.9227264443229451,0.022726444322945127,22.723648772472274,22.80792999267578,32.46700350513622,5.404125828864211,9.493405858081905,0.0,0.022726444322945127,0.1747972982497867,0.24974618080874014,
CSGS2,q2_2020,1,oracle_ramp_mondrian,combined_outage,ramp,337,0.8545994065281899,0.045400593471810136,53.591491377274075,53.47677993774414,83.24261006045235,16.45904685764709,20.208962248697166,0.045400593471810136,0.0,0.41224224136364673,0.6403277696957873,0.05786401098901099
CSGS2,q2_2020,1,oracle_ramp_mondrian,irradiance_outage,non_ramp,5487,0.9041370512119555,0.004137051211955511,14.488999979502955,13.638236999511719,17.26646161732809,2.6375696050956727,4.4905156947897975,0.0,0.004137051211955511,0.11145384599617658,0.13281893551790838,
CSGS2,q2_2020,1,oracle_ramp_mondrian,irradiance_outage,ramp,337,0.8427299703264095,0.05727002967359052,51.44617392401313,51.34701919555664,68.89620277648156,16.539178280872832,18.878806976365823,0.05727002967359052,0.0,0.39573979941548565,0.5299707905883196,0.05786401098901099
CSGS2,q2_2020,1,oracle_ramp_mondrian,recent_power_outage,non_ramp,5487,0.9300164024056862,0.03001640240568615,21.533046949148336,21.61181640625,27.173386044145115,4.78461833955954,8.20223068065091,0.0,0.03001640240568615,0.16563882268575641,0.20902604649342396,
CSGS2,q2_2020,1,oracle_ramp_mondrian,recent_power_outage,ramp,337,0.8724035608308606,0.027596439169139453,55.36969067063459,55.490142822265625,77.03601328820785,15.798682941527325,19.369621984801192,0.027596439169139453,0.0,0.4259206974664199,0.5925847176015989,0.05786401098901099
CSGS2,q2_2020,1,oracle_ramp_mondrian,weather_outage,non_ramp,5487,0.8868234007654456,0.013176599234554387,12.97973132564333,12.136037349700928,15.974319492824714,2.479992893219798,4.270889390749728,0.013176599234554387,0.0,0.09984408712033331,0.12287938071403626,
CSGS2,q2_2020,1,oracle_ramp_mondrian,weather_outage,ramp,337,0.8664688427299704,0.03353115727002964,50.831111092065136,50.50926399230957,67.86533833876561,16.839182696639607,19.143304915289423,0.03353115727002964,0.0,0.3910085468620395,0.5220410641443508,0.05786401098901099
CSGS2,q2_2020,1,persistence_condition_cqr,clean,non_ramp,5487,0.9021323127392018,0.0021323127392017804,12.5591469358976,14.385467529296875,16.856679328093186,3.0625829904231407,4.277756594397644,0.0,0.0021323127392017804,0.09660882258382769,0.12966676406225527,
CSGS2,q2_2020,1,persistence_condition_cqr,clean,ramp,337,0.0,0.9,14.385467963685622,14.385467529296875,279.7484621322473,20.46088376172572,21.820094968798035,0.9,0.0,0.11065744587450478,2.151911247171133,0.05786401098901099
CSGS2,q2_2020,1,persistence_condition_cqr,combined_outage,non_ramp,5487,0.8452706396938218,0.054729360306178254,66.05484822303507,68.66719818115234,92.81771281853787,19.9375521419928,27.408549728026212,0.054729360306178254,0.0,0.5081142171002697,0.7139824062964452,
CSGS2,q2_2020,1,persistence_condition_cqr,combined_outage,ramp,337,0.7418397626112759,0.1581602373887241,79.03248934699803,86.3503646850586,137.43621102338022,29.579756180504308,35.122505339743185,0.1581602373887241,0.0,0.6079422257461388,1.057201623256771,0.05786401098901099
CSGS2,q2_2020,1,persistence_condition_cqr,irradiance_outage,non_ramp,5487,0.9021323127392018,0.0021323127392017804,12.5591469358976,14.385467529296875,16.856679328093186,3.0625829904231407,4.277756594397644,0.0,0.0021323127392017804,0.09660882258382769,0.12966676406225527,
CSGS2,q2_2020,1,persistence_condition_cqr,irradiance_outage,ramp,337,0.0,0.9,14.385467963685622,14.385467529296875,279.7484621322473,20.46088376172572,21.820094968798035,0.9,0.0,0.11065744587450478,2.151911247171133,0.05786401098901099
CSGS2,q2_2020,1,persistence_condition_cqr,recent_power_outage,non_ramp,5487,0.8452706396938218,0.054729360306178254,66.05484822303507,68.66719818115234,92.81771281853787,19.9375521419928,27.408549728026212,0.054729360306178254,0.0,0.5081142171002697,0.7139824062964452,
CSGS2,q2_2020,1,persistence_condition_cqr,recent_power_outage,ramp,337,0.7418397626112759,0.1581602373887241,79.03248934699803,86.3503646850586,137.43621102338022,29.579756180504308,35.122505339743185,0.1581602373887241,0.0,0.6079422257461388,1.057201623256771,0.05786401098901099
CSGS2,q2_2020,1,persistence_condition_cqr,weather_outage,non_ramp,5487,0.9021323127392018,0.0021323127392017804,12.5591469358976,14.385467529296875,16.856679328093186,3.0625829904231407,4.277756594397644,0.0,0.0021323127392017804,0.09660882258382769,0.12966676406225527,
CSGS2,q2_2020,1,persistence_condition_cqr,weather_outage,ramp,337,0.0,0.9,14.385467963685622,14.385467529296875,279.7484621322473,20.46088376172572,21.820094968798035,0.9,0.0,0.11065744587450478,2.151911247171133,0.05786401098901099
CSGS2,q2_2020,1,robust_condition_cqr,clean,non_ramp,5487,0.8955713504647348,0.004428649535265228,12.597968308311767,11.468761444091797,15.652493639938575,2.438869428771516,4.213079450715495,0.004428649535265228,0.0,0.09690744852547513,0.12040379723029673,
CSGS2,q2_2020,1,robust_condition_cqr,clean,ramp,337,0.41543026706231456,0.48456973293768546,27.666247297111536,27.419952392578125,124.70248088214093,16.950374313207337,19.1904598874601,0.48456973293768546,0.0,0.21281728690085797,0.9592498529395457,0.05786401098901099
CSGS2,q2_2020,1,robust_condition_cqr,combined_outage,non_ramp,5487,0.9283761618370694,0.02837616183706937,23.45102393509453,23.63735055923462,32.56992071035584,5.404125828864211,9.493405858081905,0.0,0.02837616183706937,0.18039249180841946,0.2505378516181218,
CSGS2,q2_2020,1,robust_condition_cqr,combined_outage,ramp,337,0.658753709198813,0.24124629080118698,37.41274280673672,37.09880065917969,104.63790578260266,16.45904685764709,20.208962248697166,0.24124629080118698,0.0,0.2877903292825902,0.804906967558482,0.05786401098901099
CSGS2,q2_2020,1,robust_condition_cqr,irradiance_outage,non_ramp,5487,0.9066885365409149,0.006688536540914836,14.490271685005093,13.639511108398438,17.266527825461694,2.6375696050956727,4.4905156947897975,0.0,0.006688536540914836,0.11146362834619301,0.1328194448112438,
CSGS2,q2_2020,1,robust_condition_cqr,irradiance_outage,ramp,337,0.47477744807121663,0.4252225519287834,29.99123181362888,29.88323974609375,117.71853618169042,16.539178280872832,18.878806976365823,0.4252225519287834,0.0,0.2307017831817606,0.9055272013976187,0.05786401098901099
CSGS2,q2_2020,1,robust_condition_cqr,recent_power_outage,non_ramp,5487,0.936212866776016,0.036212866776015984,22.200422662176553,22.371395111083984,27.328829656133074,4.78461833955954,8.20223068065091,0.0,0.036212866776015984,0.17077248201674272,0.21022176658563904,
CSGS2,q2_2020,1,robust_condition_cqr,recent_power_outage,ramp,337,0.6379821958456974,0.26201780415430265,38.506146900731665,38.73971080780029,100.405573782652,15.798682941527325,19.369621984801192,0.26201780415430265,0.0,0.2962011300056282,0.7723505675588616,0.05786401098901099
CSGS2,q2_2020,1,robust_condition_cqr,weather_outage,non_ramp,5487,0.8981228357936942,0.0018771642063057925,12.98402334763413,12.14033317565918,15.974048437022796,2.479992893219798,4.270889390749728,0.0018771642063057925,0.0,0.0998771026741087,0.12287729566940613,
CSGS2,q2_2020,1,robust_condition_cqr,weather_outage,ramp,337,0.42729970326409494,0.4727002967359051,27.698531722456483,27.376686096191406,123.47809717138726,16.839182696639607,19.143304915289423,0.4727002967359051,0.0,0.21306562863428063,0.9498315167029789,0.05786401098901099
CSGS2,q2_2020,1,robust_local_cqr,clean,non_ramp,5487,0.9280116639329324,0.028011663932932418,14.615115721787763,13.98314094543457,16.170276999512442,2.438869428771516,4.213079450715495,0.0,0.028011663932932418,0.1124239670906751,0.1243867461500957,
CSGS2,q2_2020,1,robust_local_cqr,clean,ramp,337,0.5222551928783383,0.3777448071216617,32.642811874253816,31.415260314941406,105.23169717873593,16.950374313207337,19.1904598874601,0.3777448071216617,0.0,0.2510985528788755,0.809474593682584,0.05786401098901099
CSGS2,q2_2020,1,robust_local_cqr,combined_outage,non_ramp,5487,0.9121560051029707,0.012156005102970657,24.718663025614813,23.927284240722656,32.35313280630624,5.404125828864211,9.493405858081905,0.0,0.012156005102970657,0.19014356173549857,0.24887025235620186,
CSGS2,q2_2020,1,robust_local_cqr,combined_outage,ramp,337,0.7359050445103857,0.16409495548961428,43.225990030815055,44.147727966308594,93.66344437330342,16.45904685764709,20.208962248697166,0.16409495548961428,0.0,0.33250761562165426,0.7204880336407955,0.05786401098901099
CSGS2,q2_2020,1,robust_local_cqr,irradiance_outage,non_ramp,5487,0.9422270821942774,0.0422270821942774,16.247144751229442,16.117774963378906,17.726320369032056,2.6375696050956727,4.4905156947897975,0.0,0.0422270821942774,0.12497803654791878,0.13635631053101582,
CSGS2,q2_2020,1,robust_local_cqr,irradiance_outage,ramp,337,0.5400593471810089,0.3599406528189911,33.45598247143211,31.837814331054688,104.95972223876139,16.539178280872832,18.878806976365823,0.3599406528189911,0.0,0.25735371131870854,0.8073824787597029,0.05786401098901099
CSGS2,q2_2020,1,robust_local_cqr,recent_power_outage,non_ramp,5487,0.9283761618370694,0.02837616183706937,24.717550843866547,23.55547332763672,27.286516285971793,4.78461833955954,8.20223068065091,0.0,0.02837616183706937,0.19013500649128112,0.20989627912285994,
CSGS2,q2_2020,1,robust_local_cqr,recent_power_outage,ramp,337,0.7210682492581603,0.17893175074183976,44.03693092541454,44.41947555541992,88.906768841984,15.798682941527325,19.369621984801192,0.17893175074183976,0.0,0.33874562250318874,0.6838982218614155,0.05786401098901099
CSGS2,q2_2020,1,robust_local_cqr,weather_outage,non_ramp,5487,0.9294696555494806,0.029469655549480556,15.069095201246254,14.673137664794922,16.56991859663579,2.479992893219798,4.270889390749728,0.0,0.029469655549480556,0.11591611693266349,0.12746091228181378,
CSGS2,q2_2020,1,robust_local_cqr,weather_outage,ramp,337,0.5341246290801187,0.3658753709198813,32.73504142874426,31.297691345214844,103.96073289299578,16.839182696639607,19.143304915289423,0.3658753709198813,0.0,0.25180801099034045,0.7996979453307368,0.05786401098901099
CSGS2,q2_2020,1,robust_risk_mondrian,clean,non_ramp,5487,0.9048660470202297,0.004866047020229636,13.243107520057428,11.771244049072266,15.737509418063711,2.438869428771516,4.213079450715495,0.0,0.004866047020229636,0.1018700578465956,0.12105776475433624,
CSGS2,q2_2020,1,robust_risk_mondrian,clean,ramp,337,0.4599406528189911,0.4400593471810089,29.40391067369048,29.315433502197266,117.10812321897784,16.950374313207337,19.1904598874601,0.4400593471810089,0.0,0.22618392825915754,0.9008317170690603,0.05786401098901099
CSGS2,q2_2020,1,robust_risk_mondrian,combined_outage,non_ramp,5487,0.9298341534536176,0.029834153453617618,24.87099653757896,26.840150833129883,32.32299615432246,5.404125828864211,9.493405858081905,0.0,0.029834153453617618,0.1913153579813766,0.24863843195632662,
CSGS2,q2_2020,1,robust_risk_mondrian,combined_outage,ramp,337,0.712166172106825,0.18783382789317504,41.56598484498457,41.08634901046753,95.7861737612447,16.45904685764709,20.208962248697166,0.18783382789317504,0.0,0.3197383449614198,0.7368167212403438,0.05786401098901099
CSGS2,q2_2020,1,robust_risk_mondrian,irradiance_outage,non_ramp,5487,0.911244760342628,0.011244760342628002,14.858350857813946,13.905586242675781,17.311795804526707,2.6375696050956727,4.4905156947897975,0.0,0.011244760342628002,0.11429500659856881,0.13316766003482083,
CSGS2,q2_2020,1,robust_risk_mondrian,irradiance_outage,ramp,337,0.486646884272997,0.413353115727003,30.93298619720278,30.891929626464844,114.03810961522404,16.539178280872832,18.878806976365823,0.413353115727003,0.0,0.2379460476707906,0.8772162278094158,0.05786401098901099
CSGS2,q2_2020,1,robust_risk_mondrian,recent_power_outage,non_ramp,5487,0.9261891744122471,0.026189174412247107,21.840849962772182,22.353382110595703,26.786756807418794,4.78461833955954,8.20223068065091,0.0,0.026189174412247107,0.16800653817517064,0.20605197544168302,
CSGS2,q2_2020,1,robust_risk_mondrian,recent_power_outage,ramp,337,0.6498516320474778,0.25014836795252227,39.587556945110286,39.844764709472656,99.63992359800933,15.798682941527325,19.369621984801192,0.25014836795252227,0.0,0.30451966880854064,0.766460950753918,0.05786401098901099
CSGS2,q2_2020,1,robust_risk_mondrian,weather_outage,non_ramp,5487,0.9072352833971205,0.007235283397120429,13.907305240415203,12.52642822265625,16.17153637208274,2.479992893219798,4.270889390749728,0.0,0.007235283397120429,0.10697927108011696,0.1243964336314057,
CSGS2,q2_2020,1,robust_risk_mondrian,weather_outage,ramp,337,0.47477744807121663,0.4252225519287834,30.133129184960612,30.067174911499023,113.00365324897653,16.839182696639607,19.143304915289423,0.4252225519287834,0.0,0.23179330142277393,0.8692588711459733,0.05786401098901099
CSGS2,q2_2020,1,robust_rolling_cqr,clean,non_ramp,5487,0.9261891744122471,0.026189174412247107,13.164287544780489,12.06324577331543,15.821378424449003,2.438869428771516,4.213079450715495,0.0,0.026189174412247107,0.1012637503444653,0.12170291095730003,
CSGS2,q2_2020,1,robust_rolling_cqr,clean,ramp,337,0.42136498516320475,0.47863501483679527,28.333472124546855,28.4266414642334,121.82981900857534,16.950374313207337,19.1904598874601,0.47863501483679527,0.0,0.21794978557343736,0.937152453912118,0.05786401098901099
CSGS2,q2_2020,1,robust_rolling_cqr,combined_outage,non_ramp,5487,0.9092400218698743,0.009240021869874271,22.10244208047532,21.78585910797119,32.51094813781031,5.404125828864211,9.493405858081905,0.0,0.009240021869874271,0.17001878523442554,0.2500842164446947,
CSGS2,q2_2020,1,robust_rolling_cqr,combined_outage,ramp,337,0.6112759643916914,0.2887240356083086,35.702623212019134,35.59894847869873,110.22548498138121,16.45904685764709,20.208962248697166,0.2887240356083086,0.0,0.2746355631693779,0.8478883460106247,0.05786401098901099
CSGS2,q2_2020,1,robust_rolling_cqr,irradiance_outage,non_ramp,5487,0.9267359212684527,0.0267359212684527,14.772017460573183,13.939319610595703,17.383007042548005,2.6375696050956727,4.4905156947897975,0.0,0.0267359212684527,0.11363090354287064,0.1337154387888308,
CSGS2,q2_2020,1,robust_rolling_cqr,irradiance_outage,ramp,337,0.4836795252225519,0.4163204747774481,30.324309336325534,30.46780776977539,116.39942439868825,16.539178280872832,18.878806976365823,0.4163204747774481,0.0,0.23326391797173487,0.8953801876822174,0.05786401098901099
CSGS2,q2_2020,1,robust_rolling_cqr,recent_power_outage,non_ramp,5487,0.9132494988153819,0.013249498815381844,20.758579977073627,20.55259895324707,26.930281264675536,4.78461833955954,8.20223068065091,0.0,0.013249498815381844,0.1596813844390279,0.20715600972827336,
CSGS2,q2_2020,1,robust_rolling_cqr,recent_power_outage,ramp,337,0.629080118694362,0.27091988130563804,37.00849865310624,36.93391513824463,105.74394815824152,15.798682941527325,19.369621984801192,0.27091988130563804,0.0,0.28468075887004796,0.8134149858326271,0.05786401098901099
CSGS2,q2_2020,1,robust_rolling_cqr,weather_outage,non_ramp,5487,0.9258246765081101,0.025824676508110045,13.481967335068246,12.751181602478027,16.152445120201662,2.479992893219798,4.270889390749728,0.0,0.025824676508110045,0.1037074410389865,0.12424957784770509,
CSGS2,q2_2020,1,robust_rolling_cqr,weather_outage,ramp,337,0.43026706231454004,0.46973293768546,28.273431390258608,28.12390899658203,121.01648423226014,16.839182696639607,19.143304915289423,0.46973293768546,0.0,0.21748793377122005,0.9308960325558472,0.05786401098901099
CSGS2,q2_2020,4,clean_condition_cqr,clean,non_ramp,5267,0.923106132523258,0.023106132523257994,20.518160684893594,21.823013305664062,26.540181904873844,4.6570618785981415,7.428598314659318,0.0,0.023106132523257994,0.15783200526841226,0.2041552454221065,
CSGS2,q2_2020,4,clean_condition_cqr,clean,ramp,557,0.5511669658886894,0.3488330341113106,31.043404945244266,29.872772216796875,139.6107258626546,17.063505797989706,22.84405810659116,0.3488330341113106,0.0,0.23879542265572512,1.0739286604819585,0.09563873626373626
CSGS2,q2_2020,4,clean_condition_cqr,combined_outage,non_ramp,5267,0.7761534080121512,0.12384659198784886,50.96444721446106,46.828948974609375,113.1967226554586,23.021746176270756,30.26801003792919,0.12384659198784886,0.0,0.39203420934200817,0.8707440204266046,
CSGS2,q2_2020,4,clean_condition_cqr,combined_outage,ramp,557,0.7522441651705566,0.14775583482944343,53.70954660838554,55.203078746795654,103.54881983941932,24.731710646589097,30.832292887694617,0.14775583482944343,0.0,0.4131503585260426,0.7965293833801487,0.09563873626373626
CSGS2,q2_2020,4,clean_condition_cqr,irradiance_outage,non_ramp,5267,0.9101955572432124,0.010195557243212416,31.010521266334763,31.437700271606445,42.35151427241207,6.734121950908022,10.795705300218586,0.0,0.010195557243212416,0.23854247127949818,0.32578087901855435,
CSGS2,q2_2020,4,clean_condition_cqr,irradiance_outage,ramp,557,0.6768402154398564,0.22315978456014363,36.651371117741455,35.55130338668823,116.33467673781851,16.705504136945873,21.89905596402357,0.22315978456014363,0.0,0.28193362398262656,0.8948821287524501,0.09563873626373626
CSGS2,q2_2020,4,clean_condition_cqr,recent_power_outage,non_ramp,5267,0.7848870324662997,0.11511296753370037,46.557202841500214,50.37349796295166,113.43173960329958,19.59904625052199,26.917887607350327,0.11511296753370037,0.0,0.3581323295500016,0.8725518431023044,
CSGS2,q2_2020,4,clean_condition_cqr,recent_power_outage,ramp,557,0.7324955116696589,0.16750448833034115,54.55030348744491,54.71129322052002,126.20545944279893,21.42485061571457,27.87476591603029,0.16750448833034115,0.0,0.4196177191341916,0.9708112264830686,0.09563873626373626
CSGS2,q2_2020,4,clean_condition_cqr,weather_outage,non_ramp,5267,0.9282323903550408,0.02823239035504077,21.28280380170643,22.6660213470459,26.754683610256542,4.657638931254044,7.421468590236237,0.0,0.02823239035504077,0.16371387539774176,0.20580525854043494,
CSGS2,q2_2020,4,clean_condition_cqr,weather_outage,ramp,557,0.5816876122082585,0.31831238779174154,31.90661575625144,30.56597137451172,136.75043662906336,17.10233868334837,22.874027866368706,0.31831238779174154,0.0,0.24543550581731877,1.0519264356081797,0.09563873626373626
CSGS2,q2_2020,4,lgbm_condition_cqr,clean,non_ramp,5267,0.9185494588950066,0.018549458895006588,24.38916199509276,28.082558155059814,29.68489322479859,4.785594612447705,7.451417223861266,0.0,0.018549458895006588,0.18760893842379045,0.22834533249845068,
CSGS2,q2_2020,4,lgbm_condition_cqr,clean,ramp,557,0.6319569120287253,0.26804308797127474,35.370507834415676,35.198944091796875,99.99033781656028,17.4554076446237,23.30766494223885,0.26804308797127474,0.0,0.2720808294955052,0.7691564447427715,0.09563873626373626
CSGS2,q2_2020,4,lgbm_condition_cqr,combined_outage,non_ramp,5267,0.7765331308145054,0.12346686918549465,48.72684734451797,51.62058639526367,98.76830736089288,23.27975932232157,30.81610017099578,0.12346686918549465,0.0,0.37482190265013826,0.7597562104684067,
CSGS2,q2_2020,4,lgbm_condition_cqr,combined_outage,ramp,557,0.7378815080789947,0.16211849192100536,52.09215128207763,54.694053649902344,99.03849502204778,25.427633703611054,31.67600375539016,0.16211849192100536,0.0,0.4007088560159818,0.7618345770926752,0.09563873626373626
CSGS2,q2_2020,4,lgbm_condition_cqr,irradiance_outage,non_ramp,5267,0.9193089044997153,0.01930890449971523,29.10983914549488,31.68071174621582,36.26994203167256,6.524491277109044,10.2631727086373,0.0,0.01930890449971523,0.22392183958072986,0.2789995540897889,
CSGS2,q2_2020,4,lgbm_condition_cqr,irradiance_outage,ramp,557,0.7522441651705566,0.14775583482944343,41.279161853893015,42.4938383102417,81.6936481855074,16.939940468306173,22.445642938288938,0.14775583482944343,0.0,0.3175320142607155,0.6284126783500569,0.09563873626373626
CSGS2,q2_2020,4,lgbm_condition_cqr,recent_power_outage,non_ramp,5267,0.7888741218910196,0.11112587810898045,45.34991741254031,48.524261474609375,87.83914872115092,20.52234800492357,26.920383391239106,0.11112587810898045,0.0,0.3488455185580024,0.6756857593934686,
CSGS2,q2_2020,4,lgbm_condition_cqr,recent_power_outage,ramp,557,0.77737881508079,0.12262118491921004,49.56499714810983,51.50869655609131,98.98441885902648,22.240088955397237,28.789477795608008,0.12262118491921004,0.0,0.3812692088316141,0.761418606607896,0.09563873626373626
CSGS2,q2_2020,4,lgbm_condition_cqr,weather_outage,non_ramp,5267,0.9117144484526296,0.011714448452629589,24.234575568699682,27.899085998535156,29.988630159847073,4.884140668751982,7.595331175875138,0.0,0.011714448452629589,0.18641981206692063,0.2306817704603621,
CSGS2,q2_2020,4,lgbm_condition_cqr,weather_outage,ramp,557,0.6175942549371634,0.28240574506283667,34.96275564840923,35.23826599121094,101.15084679935737,17.435603674588126,23.35544125058542,0.28240574506283667,0.0,0.2689442742185325,0.7780834369181336,0.09563873626373626
CSGS2,q2_2020,4,oracle_ramp_mondrian,clean,non_ramp,5267,0.8851338522878299,0.014866147712170097,19.91173038219076,20.22684097290039,28.323327638717007,5.0044403555742,8.10295434319066,0.014866147712170097,0.0,0.15316715678608278,0.2178717510670539,
CSGS2,q2_2020,4,oracle_ramp_mondrian,clean,ramp,557,0.8366247755834829,0.0633752244165171,47.91230346120667,46.479848861694336,79.76388074701093,15.319087360983906,20.875904298472378,0.0633752244165171,0.0,0.3685561804708205,0.6135683134385456,0.09563873626373626
CSGS2,q2_2020,4,oracle_ramp_mondrian,combined_outage,non_ramp,5267,0.9176001518891209,0.017600151889120896,28.616348115104625,29.936134338378906,38.85085111639049,7.299223478418816,11.439314382631757,0.0,0.017600151889120896,0.22012575473157403,0.29885270089531146,
CSGS2,q2_2020,4,oracle_ramp_mondrian,combined_outage,ramp,557,0.8276481149012568,0.07235188509874324,44.59056345786719,44.54729080200195,85.87518615662195,14.29165522296724,19.6238106250917,0.07235188509874324,0.0,0.3430043342912861,0.6605783550509381,0.09563873626373626
CSGS2,q2_2020,4,oracle_ramp_mondrian,irradiance_outage,non_ramp,5267,0.8919688627302069,0.008031137269793098,22.046644969974,23.389602661132812,31.030138086181722,5.634887502126457,8.96132904565251,0.008031137269793098,0.0,0.1695895766921077,0.23869336989370554,
CSGS2,q2_2020,4,oracle_ramp_mondrian,irradiance_outage,ramp,557,0.8456014362657092,0.05439856373429086,49.58604798361463,48.07588291168213,79.95072209079123,14.90699181939798,20.30346865279851,0.05439856373429086,0.0,0.38143113833549713,0.615005554544548,0.09563873626373626
CSGS2,q2_2020,4,oracle_ramp_mondrian,recent_power_outage,non_ramp,5267,0.9090563888361496,0.009056388836149565,24.522816580369874,26.73830795288086,32.24359147110494,5.982260628725583,9.402201934996166,0.0,0.009056388836149565,0.1886370506182298,0.24802762670080725,
CSGS2,q2_2020,4,oracle_ramp_mondrian,recent_power_outage,ramp,557,0.8366247755834829,0.0633752244165171,45.97209313014251,45.497859954833984,80.26117127545218,14.255485968166022,19.20940159667732,0.0633752244165171,0.0,0.35363148561648083,0.617393625195786,0.09563873626373626
CSGS2,q2_2020,4,oracle_ramp_mondrian,weather_outage,non_ramp,5267,0.8902601101196127,0.00973988988038732,20.22284214911837,20.791919708251953,28.262990108676302,5.007645237917169,8.081574192303487,0.00973988988038732,0.0,0.15556032422398747,0.21740761622058694,
CSGS2,q2_2020,4,oracle_ramp_mondrian,weather_outage,ramp,557,0.8491921005385996,0.05080789946140041,49.56288392906022,48.0128173828125,80.31403491251451,15.381182665777805,20.94851352783826,0.05080789946140041,0.0,0.3812529533004632,0.617800268557804,0.09563873626373626
CSGS2,q2_2020,4,persistence_condition_cqr,clean,non_ramp,5267,0.9608885513575091,0.060888551357509035,39.09959793309797,48.043792724609375,39.84385874134122,8.96389664667838,11.880476554458784,0.0,0.060888551357509035,0.30076613794690743,0.3064912210872402,
CSGS2,q2_2020,4,persistence_condition_cqr,clean,ramp,557,0.0,0.9,46.891467743959524,48.04379463195801,261.49858660007453,34.7522537724334,36.18010464585791,0.9,0.0,0.3607035980304579,2.0115275892313424,0.09563873626373626
CSGS2,q2_2020,4,persistence_condition_cqr,combined_outage,non_ramp,5267,0.8426048984241503,0.057395101575849705,76.31255162045932,77.50236511230469,108.19481225343372,24.4932810738414,32.73375934170836,0.057395101575849705,0.0,0.5870196278496871,0.8322677865648748,
CSGS2,q2_2020,4,persistence_condition_cqr,combined_outage,ramp,557,0.6050269299820467,0.29497307001795336,81.67196579723614,89.40956115722656,176.0269807964443,44.15806364304181,48.51483660043638,0.29497307001795336,0.0,0.6282458907479703,1.3540536984341869,0.09563873626373626
CSGS2,q2_2020,4,persistence_condition_cqr,irradiance_outage,non_ramp,5267,0.9608885513575091,0.060888551357509035,39.09959793309797,48.043792724609375,39.84385874134122,8.96389664667838,11.880476554458784,0.0,0.060888551357509035,0.30076613794690743,0.3064912210872402,
CSGS2,q2_2020,4,persistence_condition_cqr,irradiance_outage,ramp,557,0.0,0.9,46.891467743959524,48.04379463195801,261.49858660007453,34.7522537724334,36.18010464585791,0.9,0.0,0.3607035980304579,2.0115275892313424,0.09563873626373626
CSGS2,q2_2020,4,persistence_condition_cqr,recent_power_outage,non_ramp,5267,0.8426048984241503,0.057395101575849705,76.31255162045932,77.50236511230469,108.19481225343372,24.4932810738414,32.73375934170836,0.057395101575849705,0.0,0.5870196278496871,0.8322677865648748,
CSGS2,q2_2020,4,persistence_condition_cqr,recent_power_outage,ramp,557,0.6050269299820467,0.29497307001795336,81.67196579723614,89.40956115722656,176.0269807964443,44.15806364304181,48.51483660043638,0.29497307001795336,0.0,0.6282458907479703,1.3540536984341869,0.09563873626373626
CSGS2,q2_2020,4,persistence_condition_cqr,weather_outage,non_ramp,5267,0.9608885513575091,0.060888551357509035,39.09959793309797,48.043792724609375,39.84385874134122,8.96389664667838,11.880476554458784,0.0,0.060888551357509035,0.30076613794690743,0.3064912210872402,
CSGS2,q2_2020,4,persistence_condition_cqr,weather_outage,ramp,557,0.0,0.9,46.891467743959524,48.04379463195801,261.49858660007453,34.7522537724334,36.18010464585791,0.9,0.0,0.3607035980304579,2.0115275892313424,0.09563873626373626
CSGS2,q2_2020,4,robust_condition_cqr,clean,non_ramp,5267,0.9124738940573381,0.01247389405733812,21.190948073392036,21.697059631347656,28.112463857982473,5.0044403555742,8.10295434319066,0.0,0.01247389405733812,0.16300729287224644,0.21624972198448056,
CSGS2,q2_2020,4,robust_condition_cqr,clean,ramp,557,0.6481149012567325,0.2518850987432675,32.522479488161565,31.004945755004883,102.90314082378652,15.319087360983906,20.875904298472378,0.2518850987432675,0.0,0.25017291913970435,0.7915626217214348,0.09563873626373626
CSGS2,q2_2020,4,robust_condition_cqr,combined_outage,non_ramp,5267,0.921777102715018,0.021777102715017982,29.106040693393734,30.511190533638,38.86221181268153,7.299223478418816,11.439314382631757,0.0,0.021777102715017982,0.22389262071841334,0.29894009086678097,
CSGS2,q2_2020,4,robust_condition_cqr,combined_outage,ramp,557,0.7737881508078994,0.1262118491921006,39.364110812290676,39.181495666503906,91.20112879575636,14.29165522296724,19.6238106250917,0.1262118491921006,0.0,0.302800852402236,0.7015471445827413,0.09563873626373626
CSGS2,q2_2020,4,robust_condition_cqr,irradiance_outage,non_ramp,5267,0.9063983292196697,0.006398329219669652,22.925225717599783,24.4081392288208,30.882357008750787,5.634887502126457,8.96132904565251,0.0,0.006398329219669652,0.17634789013538296,0.23755659237500606,
CSGS2,q2_2020,4,robust_condition_cqr,irradiance_outage,ramp,557,0.7001795332136446,0.19982046678635546,35.56772886623279,33.99903869628906,97.45838344511802,14.90699181939798,20.30346865279851,0.19982046678635546,0.0,0.27359791435563685,0.749679872654754,0.09563873626373626
CSGS2,q2_2020,4,robust_condition_cqr,recent_power_outage,non_ramp,5267,0.923106132523258,0.023106132523257994,25.578758458695134,27.952903747558594,32.26589896863117,5.982260628725583,9.402201934996166,0.0,0.023106132523257994,0.19675968045150102,0.24819922283562437,
CSGS2,q2_2020,4,robust_condition_cqr,recent_power_outage,ramp,557,0.718132854578097,0.18186714542190308,36.775216440591606,36.29995346069336,91.06158382230215,14.255485968166022,19.20940159667732,0.18186714542190308,0.0,0.2828862803122431,0.7004737217100165,0.09563873626373626
CSGS2,q2_2020,4,robust_condition_cqr,weather_outage,non_ramp,5267,0.9200683501044238,0.02006835010442376,21.738428587626892,22.53922462463379,28.130317700496683,5.007645237917169,8.081574192303487,0.0,0.02006835010442376,0.16721868144328378,0.21638705923458987,
CSGS2,q2_2020,4,robust_condition_cqr,weather_outage,ramp,557,0.6499102333931778,0.25008976660682225,33.01972638383588,31.388282775878906,102.80627899409625,15.381182665777805,20.94851352783826,0.25008976660682225,0.0,0.253997895260276,0.7908175307238173,0.09563873626373626
CSGS2,q2_2020,4,robust_local_cqr,clean,non_ramp,5267,0.924435162331498,0.024435162331498006,25.952823545806393,26.4239501953125,30.2130361238683,5.0044403555742,8.10295434319066,0.0,0.024435162331498006,0.19963710419851072,0.2324079701836023,
CSGS2,q2_2020,4,robust_local_cqr,clean,ramp,557,0.7289048473967684,0.1710951526032316,38.315878748037655,37.083441734313965,89.91981607472233,15.319087360983906,20.875904298472378,0.1710951526032316,0.0,0.29473752883105886,0.6916908928824795,0.09563873626373626
CSGS2,q2_2020,4,robust_local_cqr,combined_outage,non_ramp,5267,0.9037402696031896,0.0037402696031896276,31.039557899959767,33.450374603271484,41.414735011087735,7.299223478418816,11.439314382631757,0.0,0.0037402696031896276,0.2387658299996905,0.3185748847006749,
CSGS2,q2_2020,4,robust_local_cqr,combined_outage,ramp,557,0.8168761220825853,0.08312387791741471,41.48704892820286,39.997440338134766,82.16761962264856,14.29165522296724,19.6238106250917,0.08312387791741471,0.0,0.3191311456015605,0.632058612481912,0.09563873626373626
CSGS2,q2_2020,4,robust_local_cqr,irradiance_outage,non_ramp,5267,0.9293715587621036,0.029371558762103622,28.233120800319234,31.45404815673828,33.06519468332509,5.634887502126457,8.96132904565251,0.0,0.029371558762103622,0.21717785231014797,0.254347651410193,
CSGS2,q2_2020,4,robust_local_cqr,irradiance_outage,ramp,557,0.7827648114901257,0.11723518850987436,41.46667609183549,40.31037139892578,85.87275071121431,14.90699181939798,20.30346865279851,0.11723518850987436,0.0,0.3189744314756576,0.6605596208554947,0.09563873626373626
CSGS2,q2_2020,4,robust_local_cqr,recent_power_outage,non_ramp,5267,0.9305107271691665,0.030510727169166474,29.38272068586811,31.90926742553711,33.74403326083448,5.982260628725583,9.402201934996166,0.0,0.030510727169166474,0.22602092835283163,0.2595694866218037,
CSGS2,q2_2020,4,robust_local_cqr,recent_power_outage,ramp,557,0.8114901256732495,0.0885098743267505,41.618185798773006,40.905649185180664,80.43367828452823,14.255485968166022,19.20940159667732,0.0885098743267505,0.0,0.3201398907597923,0.6187206021886786,0.09563873626373626
CSGS2,q2_2020,4,robust_local_cqr,weather_outage,non_ramp,5267,0.9299411429656351,0.029941142965635104,26.155063224219177,26.69965362548828,30.12096801121809,5.007645237917169,8.081574192303487,0.0,0.029941142965635104,0.2011927940324552,0.23169975393244685,
CSGS2,q2_2020,4,robust_local_cqr,weather_outage,ramp,557,0.7342908438061041,0.16570915619389592,38.38220475028191,36.741411209106445,91.9248550890592,15.381182665777805,20.94851352783826,0.16570915619389592,0.0,0.29524772884832234,0.70711426991584,0.09563873626373626
CSGS2,q2_2020,4,robust_risk_mondrian,clean,non_ramp,5267,0.902790962597304,0.0027909625973039365,23.112401347387408,24.115278005599976,28.115075969314958,5.0044403555742,8.10295434319066,0.0,0.0027909625973039365,0.17778770267221083,0.2162698151485766,
CSGS2,q2_2020,4,robust_risk_mondrian,clean,ramp,557,0.7378815080789947,0.16211849192100536,40.83977736615621,38.345611572265625,93.06447287960583,15.319087360983906,20.875904298472378,0.16211849192100536,0.0,0.314152133585817,0.7158805606123525,0.09563873626373626
CSGS2,q2_2020,4,robust_risk_mondrian,combined_outage,non_ramp,5267,0.8792481488513385,0.020751851148661515,27.452237497831977,28.88152313232422,41.88865906577709,7.299223478418816,11.439314382631757,0.020751851148661515,0.0,0.2111710576756306,0.3222204543521315,
CSGS2,q2_2020,4,robust_risk_mondrian,combined_outage,ramp,557,0.7540394973070018,0.1459605026929982,39.040769474082616,39.77219772338867,100.23861878500378,14.29165522296724,19.6238106250917,0.1459605026929982,0.0,0.30031361133909706,0.7710662983461829,0.09563873626373626
CSGS2,q2_2020,4,robust_risk_mondrian,irradiance_outage,non_ramp,5267,0.9075374976267325,0.007537497626732503,24.898793987092215,27.206851959228516,30.519985598899588,5.634887502126457,8.96132904565251,0.0,0.007537497626732503,0.19152918451609396,0.2347691199915353,
CSGS2,q2_2020,4,robust_risk_mondrian,irradiance_outage,ramp,557,0.77737881508079,0.12262118491921004,42.97224846676233,41.470638275146484,89.99822758201049,14.90699181939798,20.30346865279851,0.12262118491921004,0.0,0.3305557574366333,0.6922940583231576,0.09563873626373626
CSGS2,q2_2020,4,robust_risk_mondrian,recent_power_outage,non_ramp,5267,0.8913992785266756,0.008600721473324469,23.914363371617448,28.210227966308594,32.53107167924966,5.982260628725583,9.402201934996166,0.008600721473324469,0.0,0.1839566413201342,0.2502390129173051,
CSGS2,q2_2020,4,robust_risk_mondrian,recent_power_outage,ramp,557,0.7271095152603232,0.17289048473967683,36.90752800951312,36.037654876708984,94.99429565775117,14.255485968166022,19.20940159667732,0.17289048473967683,0.0,0.2839040616116394,0.7307253512134705,0.09563873626373626
CSGS2,q2_2020,4,robust_risk_mondrian,weather_outage,non_ramp,5267,0.9098158344408582,0.009815834440858207,24.185903340718475,25.312419891357422,28.65966229990248,5.007645237917169,8.081574192303487,0.0,0.009815834440858207,0.18604541031321903,0.2204589407684806,
CSGS2,q2_2020,4,robust_risk_mondrian,weather_outage,ramp,557,0.7576301615798923,0.14236983842010775,42.85043329086081,41.01178455352783,94.02977830663832,15.381182665777805,20.94851352783826,0.14236983842010775,0.0,0.32961871762200623,0.723305986974141,0.09563873626373626
CSGS2,q2_2020,4,robust_rolling_cqr,clean,non_ramp,5267,0.9213973799126638,0.021397379912663772,22.19929397415163,22.619197368621826,28.395500429219837,5.0044403555742,8.10295434319066,0.0,0.021397379912663772,0.17076379980116638,0.21842692637861413,
CSGS2,q2_2020,4,robust_rolling_cqr,clean,ramp,557,0.6606822262118492,0.23931777378815078,33.705605274684984,32.72806930541992,101.08824435620163,15.319087360983906,20.875904298472378,0.23931777378815078,0.0,0.25927388672834606,0.7776018796630895,0.09563873626373626
CSGS2,q2_2020,4,robust_rolling_cqr,combined_outage,non_ramp,5267,0.9035504082020125,0.003550408202012467,28.128171476708165,29.02117919921875,39.21931020949909,7.299223478418816,11.439314382631757,0.0,0.003550408202012467,0.21637054982083204,0.3016870016115315,
CSGS2,q2_2020,4,robust_rolling_cqr,combined_outage,ramp,557,0.7504488330341114,0.14955116696588866,37.896555840661435,37.2183723449707,96.28953778210031,14.29165522296724,19.6238106250917,0.14955116696588866,0.0,0.29151196800508794,0.7406887521700024,0.09563873626373626
CSGS2,q2_2020,4,robust_rolling_cqr,irradiance_outage,non_ramp,5267,0.9170305676855895,0.017030567685589526,23.81373255738734,25.11705732345581,31.077618107015375,5.634887502126457,8.96132904565251,0.0,0.017030567685589526,0.18318255813374876,0.2390586008231952,
CSGS2,q2_2020,4,robust_rolling_cqr,irradiance_outage,ramp,557,0.7001795332136446,0.19982046678635546,36.49263597797449,35.15808868408203,97.66643788591963,14.90699181939798,20.30346865279851,0.19982046678635546,0.0,0.2807125844459576,0.7512802914301511,0.09563873626373626
CSGS2,q2_2020,4,robust_rolling_cqr,recent_power_outage,non_ramp,5267,0.9155116764761724,0.015511676476172354,25.176181464780843,26.95945167541504,32.31363096802002,5.982260628725583,9.402201934996166,0.0,0.015511676476172354,0.19366293434446802,0.24856639206169248,
CSGS2,q2_2020,4,robust_rolling_cqr,recent_power_outage,ramp,557,0.7145421903052065,0.18545780969479353,36.34258744976679,36.22611618041992,93.41809234472537,14.255485968166022,19.20940159667732,0.18545780969479353,0.0,0.2795583649982061,0.7186007103440413,0.09563873626373626
CSGS2,q2_2020,4,robust_rolling_cqr,weather_outage,non_ramp,5267,0.9246250237326752,0.024625023732675166,22.217396556248183,22.825180053710938,28.31596233830621,5.007645237917169,8.081574192303487,0.0,0.024625023732675166,0.17090305043267834,0.21781509491004777,
CSGS2,q2_2020,4,robust_rolling_cqr,weather_outage,ramp,557,0.6535008976660682,0.2464991023339318,33.55657698371894,32.88445472717285,102.81725227661578,15.381182665777805,20.94851352783826,0.2464991023339318,0.0,0.2581275152593765,0.7909019405893521,0.09563873626373626
CSGS2,q3_2020,1,clean_condition_cqr,clean,non_ramp,5637,0.9446514103246407,0.044651410324640706,11.187611887947515,11.827247619628906,13.545334530374737,2.046174326406338,3.4504277063641045,0.0,0.044651410324640706,0.08605855298421165,0.10419488100288259,
CSGS2,q3_2020,1,clean_condition_cqr,clean,ramp,251,0.26294820717131473,0.6370517928286853,22.033956961327814,21.248912811279297,125.11577233707763,15.68036434612426,16.96766721079675,0.6370517928286853,0.0,0.16949197662559856,0.9624290179775202,0.04262907608695652
CSGS2,q3_2020,1,clean_condition_cqr,combined_outage,non_ramp,5637,0.9400390278516941,0.04003902785169411,80.0641772026751,78.71466827392578,91.5012319557037,23.101634892209617,29.71577003855316,0.0,0.04003902785169411,0.6158782861744239,0.70385563042849,
CSGS2,q3_2020,1,clean_condition_cqr,combined_outage,ramp,251,0.9282868525896414,0.028286852589641365,80.66218168707007,80.6291275024414,91.83925075455016,33.031877386617474,38.05714928235024,0.0,0.028286852589641365,0.6204783206697698,0.7064557750350012,0.04262907608695652
CSGS2,q3_2020,1,clean_condition_cqr,irradiance_outage,non_ramp,5637,0.9405712258293418,0.040571225829341806,17.035682065122614,14.634716987609863,19.244939336335463,2.48396692933217,3.963412875020363,0.0,0.040571225829341806,0.13104370819325087,0.14803799489488817,
CSGS2,q3_2020,1,clean_condition_cqr,irradiance_outage,ramp,251,0.4820717131474104,0.41792828685258965,28.30380045107577,27.87881851196289,102.67901166524011,14.710727302201716,16.342113922565154,0.41792828685258965,0.0,0.21772154193135207,0.7898385512710778,0.04262907608695652
CSGS2,q3_2020,1,clean_condition_cqr,recent_power_outage,non_ramp,5637,0.9398616285258116,0.03986162852581154,75.83917358138575,75.2261734008789,87.82478188241821,22.63430640578312,29.395885039638266,0.0,0.03986162852581154,0.5833782583183519,0.6755752452493708,
CSGS2,q3_2020,1,clean_condition_cqr,recent_power_outage,ramp,251,0.9203187250996016,0.02031872509960153,76.5214485381229,76.0503158569336,89.823210970814,32.74885675156734,37.83827272456868,0.0,0.02031872509960153,0.58862652721633,0.6909477766985692,0.04262907608695652
CSGS2,q3_2020,1,clean_condition_cqr,weather_outage,non_ramp,5637,0.9446514103246407,0.044651410324640706,11.10257422428247,11.660850524902344,13.4328329099279,2.0214042091133835,3.427004050454279,0.0,0.044651410324640706,0.08540441710986516,0.10332948392252231,
CSGS2,q3_2020,1,clean_condition_cqr,weather_outage,ramp,251,0.27091633466135456,0.6290836653386455,22.07564980527794,21.735824584960938,124.35182874088743,15.70507937331361,16.995541184250243,0.6290836653386455,0.0,0.1698126908098303,0.9565525287760571,0.04262907608695652
CSGS2,q3_2020,1,lgbm_condition_cqr,clean,non_ramp,5637,0.9320560581869789,0.032056058186978875,13.272891814994937,13.542362213134766,15.453716004691113,1.9761941943562833,3.3517113894363724,0.0,0.032056058186978875,0.10209916780765337,0.11887473849762395,
CSGS2,q3_2020,1,lgbm_condition_cqr,clean,ramp,251,0.36254980079681276,0.5374501992031873,25.285534896698607,24.576900482177734,98.86709302545069,15.968277429204537,17.31160728233125,0.5374501992031873,0.0,0.19450411458998929,0.7605161001957745,0.04262907608695652
CSGS2,q3_2020,1,lgbm_condition_cqr,combined_outage,non_ramp,5637,0.9402164271775767,0.040216427177576675,75.35655679477748,76.53399658203125,86.09598658739178,24.41964318479167,31.164290355502555,0.0,0.040216427177576675,0.5796658214982883,0.6622768199030137,
CSGS2,q3_2020,1,lgbm_condition_cqr,combined_outage,ramp,251,0.9322709163346613,0.03227091633466128,78.45203752251736,79.25407409667969,88.43791979907519,35.01313781548306,39.99717298302492,0.0,0.03227091633466128,0.603477211711672,0.6802916907621168,0.04262907608695652
CSGS2,q3_2020,1,lgbm_condition_cqr,irradiance_outage,non_ramp,5637,0.9247826858257938,0.024782685825793793,15.416412072975618,16.94129180908203,16.91973108462883,2.4798118937241815,3.8638658798521637,0.0,0.024782685825793793,0.11858778517673552,0.13015177757406793,
CSGS2,q3_2020,1,lgbm_condition_cqr,irradiance_outage,ramp,251,0.5059760956175299,0.39402390438247015,28.58707674755993,28.62437629699707,81.4410522335554,15.135506466090442,16.907269854443122,0.39402390438247015,0.0,0.2199005903658456,0.6264696325658108,0.04262907608695652
CSGS2,q3_2020,1,lgbm_condition_cqr,recent_power_outage,non_ramp,5637,0.940926024481107,0.04092602448110694,75.69470126734191,76.71805572509766,86.31707944628066,24.224739621082943,31.016315065690968,0.0,0.04092602448110694,0.5822669328257071,0.6639775342021589,
CSGS2,q3_2020,1,lgbm_condition_cqr,recent_power_outage,ramp,251,0.9322709163346613,0.03227091633466128,78.50967556166934,79.3192367553711,89.08904874277304,34.88945342630029,39.86712556403399,0.0,0.03227091633466128,0.6039205812436103,0.685300374944408,0.04262907608695652
CSGS2,q3_2020,1,lgbm_condition_cqr,weather_outage,non_ramp,5637,0.9315238602093312,0.03152386020933118,13.2746494644815,13.349946975708008,15.499800596386194,1.9869879487401652,3.3710026385687737,0.0,0.03152386020933118,0.10211268818831923,0.11922923535681688,
CSGS2,q3_2020,1,lgbm_condition_cqr,weather_outage,ramp,251,0.3705179282868526,0.5294820717131474,25.13140130897917,24.502195358276367,99.16425864155075,15.935459615224861,17.315725507158454,0.5294820717131474,0.0,0.1933184716075321,0.7628019895503904,0.04262907608695652
CSGS2,q3_2020,1,oracle_ramp_mondrian,clean,non_ramp,5637,0.8900124179528118,0.009987582047188193,11.79742174328341,12.13739013671875,14.450975956368504,2.142859680365645,3.6975161342988145,0.009987582047188193,0.0,0.090749398025257,0.11116135351052696,
CSGS2,q3_2020,1,oracle_ramp_mondrian,clean,ramp,251,0.9561752988047809,0.05617529880478089,51.752462704818086,51.88939189910889,57.07901568479272,14.979822360068203,16.48953154884951,0.0,0.05617529880478089,0.3980958669601391,0.43906935142148246,0.04262907608695652
CSGS2,q3_2020,1,oracle_ramp_mondrian,combined_outage,non_ramp,5637,0.9143161255987228,0.014316125598722751,20.620726531412366,21.913860321044922,28.56277550012625,4.795588722748919,7.995344108082317,0.0,0.014316125598722751,0.15862097331855665,0.21971365769327886,
CSGS2,q3_2020,1,oracle_ramp_mondrian,combined_outage,ramp,251,0.9442231075697212,0.04422310756972114,57.858520939100195,57.63629913330078,62.79036597716084,12.912919861386971,15.581594731351819,0.0,0.04422310756972114,0.44506554568538614,0.4830028152089295,0.04262907608695652
CSGS2,q3_2020,1,oracle_ramp_mondrian,irradiance_outage,non_ramp,5637,0.9049139613269469,0.004913961326946881,13.173290264388127,14.15374755859375,15.46912775052943,2.28991091985461,3.839695276306083,0.0,0.004913961326946881,0.10133300203375482,0.11899329038868792,
CSGS2,q3_2020,1,oracle_ramp_mondrian,irradiance_outage,ramp,251,0.9681274900398407,0.06812749003984064,52.81221619414618,52.523380279541016,56.75698490981087,14.8418673365952,16.351086664989758,0.0,0.06812749003984064,0.40624781687804756,0.43659219161392976,0.04262907608695652
CSGS2,q3_2020,1,oracle_ramp_mondrian,recent_power_outage,non_ramp,5637,0.912187333688132,0.012187333688131963,19.601948224683735,20.911475658416748,24.869856583291483,4.109678926391447,6.745362002468339,0.0,0.012187333688131963,0.1507842171129518,0.19130658910224219,
CSGS2,q3_2020,1,oracle_ramp_mondrian,recent_power_outage,ramp,251,0.9442231075697212,0.04422310756972114,53.999669313070875,54.22224426269531,59.0594228222276,12.626720126406605,15.200330599581648,0.0,0.04422310756972114,0.41538207163900676,0.45430325247867387,0.04262907608695652
CSGS2,q3_2020,1,oracle_ramp_mondrian,weather_outage,non_ramp,5637,0.8880610253681036,0.011938974631896415,12.279522846552187,13.145792961120605,14.63979878246319,2.124519513487414,3.6664352417345665,0.011938974631896415,0.0,0.09445786805040143,0.11261383678817838,
CSGS2,q3_2020,1,oracle_ramp_mondrian,weather_outage,ramp,251,0.9601593625498008,0.06015936254980081,52.26734340867673,51.92439937591553,57.64437881563289,14.950999875348877,16.48220399793944,0.0,0.06015936254980081,0.4020564877590518,0.4434182985817915,0.04262907608695652
CSGS2,q3_2020,1,persistence_condition_cqr,clean,non_ramp,5637,0.9631009402164272,0.0631009402164272,15.884592156557117,18.59805965423584,17.073046438572323,2.6841086493102884,3.917974132900521,0.0,0.0631009402164272,0.12218917043505474,0.13133112645055633,
CSGS2,q3_2020,1,persistence_condition_cqr,clean,ramp,251,0.0,0.9,18.561879252057626,18.598060607910156,204.35209891995586,18.58854092259806,19.413703401958685,0.9,0.0,0.14278368655428944,1.571939222461199,0.04262907608695652
CSGS2,q3_2020,1,persistence_condition_cqr,combined_outage,non_ramp,5637,0.9430548163916977,0.043054816391697726,72.35955775172533,73.20996856689453,80.08267224244585,17.1552911782325,24.331742729900043,0.0,0.043054816391697726,0.5566119827055794,0.6160205557111219,
CSGS2,q3_2020,1,persistence_condition_cqr,combined_outage,ramp,251,0.852589641434263,0.047410358565737054,81.21171694753535,86.12424087524414,101.6498670722562,30.291482892822458,34.629953332020825,0.047410358565737054,0.0,0.6247055149810412,0.7819220544019707,0.04262907608695652
CSGS2,q3_2020,1,persistence_condition_cqr,irradiance_outage,non_ramp,5637,0.9631009402164272,0.0631009402164272,15.884592156557117,18.59805965423584,17.073046438572323,2.6841086493102884,3.917974132900521,0.0,0.0631009402164272,0.12218917043505474,0.13133112645055633,
CSGS2,q3_2020,1,persistence_condition_cqr,irradiance_outage,ramp,251,0.0,0.9,18.561879252057626,18.598060607910156,204.35209891995586,18.58854092259806,19.413703401958685,0.9,0.0,0.14278368655428944,1.571939222461199,0.04262907608695652
CSGS2,q3_2020,1,persistence_condition_cqr,recent_power_outage,non_ramp,5637,0.9430548163916977,0.043054816391697726,72.35955775172533,73.20996856689453,80.08267224244585,17.1552911782325,24.331742729900043,0.0,0.043054816391697726,0.5566119827055794,0.6160205557111219,
CSGS2,q3_2020,1,persistence_condition_cqr,recent_power_outage,ramp,251,0.852589641434263,0.047410358565737054,81.21171694753535,86.12424087524414,101.6498670722562,30.291482892822458,34.629953332020825,0.047410358565737054,0.0,0.6247055149810412,0.7819220544019707,0.04262907608695652
CSGS2,q3_2020,1,persistence_condition_cqr,weather_outage,non_ramp,5637,0.9631009402164272,0.0631009402164272,15.884592156557117,18.59805965423584,17.073046438572323,2.6841086493102884,3.917974132900521,0.0,0.0631009402164272,0.12218917043505474,0.13133112645055633,
CSGS2,q3_2020,1,persistence_condition_cqr,weather_outage,ramp,251,0.0,0.9,18.561879252057626,18.598060607910156,204.35209891995586,18.58854092259806,19.413703401958685,0.9,0.0,0.14278368655428944,1.571939222461199,0.04262907608695652
CSGS2,q3_2020,1,robust_condition_cqr,clean,non_ramp,5637,0.9341848500975696,0.03418485009756955,12.076583756722744,12.41679573059082,14.526785046874972,2.142859680365645,3.6975161342988145,0.0,0.03418485009756955,0.09289679812863649,0.1117445003605767,
CSGS2,q3_2020,1,robust_condition_cqr,clean,ramp,251,0.38645418326693226,0.5135458167330678,25.210106598903458,25.259971618652344,98.66702306603055,14.979822360068203,16.48953154884951,0.5135458167330678,0.0,0.19392389691464199,0.7589771005079273,0.04262907608695652
CSGS2,q3_2020,1,robust_condition_cqr,combined_outage,non_ramp,5637,0.9313464608834486,0.03134646088344861,22.129912378831285,23.671875,28.730399946864182,4.795588722748919,7.995344108082317,0.0,0.03134646088344861,0.17023009522177912,0.22100307651433987,
CSGS2,q3_2020,1,robust_condition_cqr,combined_outage,ramp,251,0.6812749003984063,0.2187250996015937,34.43742951358932,33.78528594970703,74.77253094897327,12.912919861386971,15.581594731351819,0.2187250996015937,0.0,0.2649033039506871,0.5751733149921021,0.04262907608695652
CSGS2,q3_2020,1,robust_condition_cqr,irradiance_outage,non_ramp,5637,0.9350718467269824,0.03507184672698238,13.20846987317627,14.18895435333252,15.479076450636105,2.28991091985461,3.839695276306083,0.0,0.03507184672698238,0.10160361440904823,0.11906981885104696,
CSGS2,q3_2020,1,robust_condition_cqr,irradiance_outage,ramp,251,0.44621513944223107,0.45378486055776895,25.835982260001135,25.427600860595703,90.81945880760709,14.8418673365952,16.351086664989758,0.45378486055776895,0.0,0.19873832507693182,0.6986112215969776,0.04262907608695652
CSGS2,q3_2020,1,robust_condition_cqr,recent_power_outage,non_ramp,5637,0.929217668972858,0.029217668972857935,20.250421667318705,21.595695972442627,24.989904928608972,4.109678926391447,6.745362002468339,0.0,0.029217668972857935,0.15577247436399003,0.1922300379123767,
CSGS2,q3_2020,1,robust_condition_cqr,recent_power_outage,ramp,251,0.6414342629482072,0.25856573705179287,33.283408170677276,33.35877513885498,71.84736812067221,12.626720126406605,15.200330599581648,0.25856573705179287,0.0,0.2560262166975175,0.5526720624667093,0.04262907608695652
CSGS2,q3_2020,1,robust_condition_cqr,weather_outage,non_ramp,5637,0.9363136420081604,0.03631364200816034,12.410858842738717,13.27723217010498,14.679267954865743,2.124519513487414,3.6664352417345665,0.0,0.03631364200816034,0.09546814494414398,0.11291744580665956,
CSGS2,q3_2020,1,robust_condition_cqr,weather_outage,ramp,251,0.41434262948207173,0.4856573705179283,25.30816426095497,24.848045349121094,97.09755124579151,14.950999875348877,16.48220399793944,0.4856573705179283,0.0,0.19467818662273054,0.7469042403522423,0.04262907608695652
CSGS2,q3_2020,1,robust_local_cqr,clean,non_ramp,5637,0.9185737094199042,0.018573709419904216,13.47449252466011,12.92147159576416,15.13192275384559,2.142859680365645,3.6975161342988145,0.0,0.018573709419904216,0.10364994249738546,0.11639940579881224,
CSGS2,q3_2020,1,robust_local_cqr,clean,ramp,251,0.5537848605577689,0.34621513944223115,31.118706429622087,30.343338012695312,79.45913268085495,14.979822360068203,16.48953154884951,0.34621513944223115,0.0,0.23937466484324682,0.611224097545038,0.04262907608695652
CSGS2,q3_2020,1,robust_local_cqr,combined_outage,non_ramp,5637,0.9182189107681391,0.018218910768139085,22.62813445572621,22.302833557128906,26.74679992301902,4.795588722748919,7.995344108082317,0.0,0.018218910768139085,0.17406257273635548,0.20574461479245398,
CSGS2,q3_2020,1,robust_local_cqr,combined_outage,ramp,251,0.7131474103585658,0.18685258964143425,40.1619169908572,38.687774658203125,71.9109482401277,12.912919861386971,15.581594731351819,0.18685258964143425,0.0,0.30893782300659384,0.5531611403086746,0.04262907608695652
CSGS2,q3_2020,1,robust_local_cqr,irradiance_outage,non_ramp,5637,0.9377328366152209,0.037732836615220866,14.884080311388175,15.222358703613281,16.2266762173472,2.28991091985461,3.839695276306083,0.0,0.037732836615220866,0.11449292547221673,0.12482058628728616,
CSGS2,q3_2020,1,robust_local_cqr,irradiance_outage,ramp,251,0.6055776892430279,0.2944223107569721,31.94794439034633,31.440227508544922,73.16443018514322,14.8418673365952,16.351086664989758,0.2944223107569721,0.0,0.24575341838727946,0.5628033091164862,0.04262907608695652
CSGS2,q3_2020,1,robust_local_cqr,recent_power_outage,non_ramp,5637,0.9277984743657974,0.02779847436579741,22.002746510741126,23.23550033569336,24.863153987705985,4.109678926391447,6.745362002468339,0.0,0.02779847436579741,0.1692518962364702,0.19125503067466143,
CSGS2,q3_2020,1,robust_local_cqr,recent_power_outage,ramp,251,0.7450199203187251,0.15498007968127492,37.630293471404755,36.77554702758789,63.98255422058333,12.626720126406605,15.200330599581648,0.15498007968127492,0.0,0.2894637959338827,0.4921734940044872,0.04262907608695652
CSGS2,q3_2020,1,robust_local_cqr,weather_outage,non_ramp,5637,0.9173319141387263,0.017331914138726257,14.024825763582077,14.044734954833984,15.43176974819595,2.124519513487414,3.6664352417345665,0.0,0.017331914138726257,0.10788327510447752,0.11870592113996885,
CSGS2,q3_2020,1,robust_local_cqr,weather_outage,ramp,251,0.5537848605577689,0.34621513944223115,31.396434783935547,30.249731063842773,77.9047892977042,14.950999875348877,16.48220399793944,0.34621513944223115,0.0,0.2415110367995042,0.59926760998234,0.04262907608695652
CSGS2,q3_2020,1,robust_risk_mondrian,clean,non_ramp,5637,0.9320560581869789,0.032056058186978875,12.9804059774733,12.79882526397705,14.836827950974728,2.142859680365645,3.6975161342988145,0.0,0.032056058186978875,0.09984927674979462,0.11412944577672868,
CSGS2,q3_2020,1,robust_risk_mondrian,clean,ramp,251,0.50199203187251,0.39800796812749006,28.65388517645726,29.33895492553711,84.79059265714243,14.979822360068203,16.48953154884951,0.39800796812749006,0.0,0.2204145013573635,0.6522353281318648,0.04262907608695652
CSGS2,q3_2020,1,robust_risk_mondrian,combined_outage,non_ramp,5637,0.9329430548163917,0.032943054816391704,22.210710790439066,24.219772338867188,28.597527767032663,4.795588722748919,7.995344108082317,0.0,0.032943054816391704,0.1708516214649159,0.21998098282332817,
CSGS2,q3_2020,1,robust_risk_mondrian,combined_outage,ramp,251,0.6932270916334662,0.20677290836653384,35.16487233679133,35.3090705871582,72.52193057691433,12.912919861386971,15.581594731351819,0.20677290836653384,0.0,0.27049901797531795,0.5578610044378025,0.04262907608695652
CSGS2,q3_2020,1,robust_risk_mondrian,irradiance_outage,non_ramp,5637,0.9297498669505055,0.02974986695050552,14.340720570801695,15.264996528625488,15.899089132264951,2.28991091985461,3.839695276306083,0.0,0.02974986695050552,0.11031323516001304,0.12230068563280731,
CSGS2,q3_2020,1,robust_risk_mondrian,irradiance_outage,ramp,251,0.545816733067729,0.354183266932271,29.04272976529551,28.94373321533203,79.5535052288101,14.8418673365952,16.351086664989758,0.354183266932271,0.0,0.22340561357919622,0.6119500402216161,0.04262907608695652
CSGS2,q3_2020,1,robust_risk_mondrian,recent_power_outage,non_ramp,5637,0.9370232393116906,0.0370232393116906,21.49457072668605,23.803081512451172,25.12742594625594,4.109678926391447,6.745362002468339,0.0,0.0370232393116906,0.16534285174373883,0.19328789189427645,
CSGS2,q3_2020,1,robust_risk_mondrian,recent_power_outage,ramp,251,0.7051792828685259,0.19482071713147409,35.740935703353635,35.5738639831543,65.84693348803279,12.626720126406605,15.200330599581648,0.19482071713147409,0.0,0.2749302746411818,0.5065148729848676,0.04262907608695652
CSGS2,q3_2020,1,robust_risk_mondrian,weather_outage,non_ramp,5637,0.9306368635799184,0.03063686357991835,13.44352066512118,14.021278381347656,15.065018023579853,2.124519513487414,3.6664352417345665,0.0,0.03063686357991835,0.10341169742400909,0.11588475402753733,
CSGS2,q3_2020,1,robust_risk_mondrian,weather_outage,ramp,251,0.5099601593625498,0.39003984063745023,28.699279067050888,28.804443359375,84.48200938996091,14.950999875348877,16.48220399793944,0.39003984063745023,0.0,0.22076368513116068,0.649861610692007,0.04262907608695652
CSGS2,q3_2020,1,robust_rolling_cqr,clean,non_ramp,5637,0.9215894979599077,0.021589497959907722,12.31715908738861,12.604320526123047,14.5308431389461,2.142859680365645,3.6975161342988145,0.0,0.021589497959907722,0.094747377595297,0.11177571645343154,
CSGS2,q3_2020,1,robust_rolling_cqr,clean,ramp,251,0.398406374501992,0.501593625498008,25.927407740923275,25.623001098632812,95.82108053965754,14.979822360068203,16.48953154884951,0.501593625498008,0.0,0.19944159800710212,0.7370852349204426,0.04262907608695652
CSGS2,q3_2020,1,robust_rolling_cqr,combined_outage,non_ramp,5637,0.9182189107681391,0.018218910768139085,21.480931743501444,22.00298500061035,28.016851537079418,4.795588722748919,7.995344108082317,0.0,0.018218910768139085,0.16523793648847265,0.2155142425929186,
CSGS2,q3_2020,1,robust_rolling_cqr,combined_outage,ramp,251,0.6733067729083665,0.22669322709163353,35.605681854415224,35.892494201660156,75.67458030237145,12.912919861386971,15.581594731351819,0.22669322709163353,0.0,0.27388986041857866,0.5821121561720881,0.04262907608695652
CSGS2,q3_2020,1,robust_rolling_cqr,irradiance_outage,non_ramp,5637,0.9262018804328543,0.02620188043285432,13.433908110413768,14.387925148010254,15.53373493361542,2.28991091985461,3.839695276306083,0.0,0.02620188043285432,0.10333775469549052,0.11949026872011861,
CSGS2,q3_2020,1,robust_rolling_cqr,irradiance_outage,ramp,251,0.4541832669322709,0.4458167330677291,26.3272344144692,25.617431640625,89.11711876895798,14.8418673365952,16.351086664989758,0.4458167330677291,0.0,0.20251718780360922,0.6855162982227537,0.04262907608695652
CSGS2,q3_2020,1,robust_rolling_cqr,recent_power_outage,non_ramp,5637,0.9176867127904914,0.017686712790491388,20.789774140678126,22.371192932128906,24.75993056538392,4.109678926391447,6.745362002468339,0.0,0.017686712790491388,0.1599213395436779,0.1904610043491071,
CSGS2,q3_2020,1,robust_rolling_cqr,recent_power_outage,ramp,251,0.6772908366533864,0.22270916334661361,34.89824795817949,35.31158447265625,69.83077086490464,12.626720126406605,15.200330599581648,0.22270916334661361,0.0,0.2684480612167653,0.5371597758838819,0.04262907608695652
CSGS2,q3_2020,1,robust_rolling_cqr,weather_outage,non_ramp,5637,0.9203477026787298,0.020347702678729762,12.595894679568985,13.364433288574219,14.69509988812963,2.124519513487414,3.6664352417345665,0.0,0.020347702678729762,0.09689149753514605,0.11303922990868946,
CSGS2,q3_2020,1,robust_rolling_cqr,weather_outage,ramp,251,0.44223107569721115,0.45776892430278887,25.814422039159265,25.097200393676758,95.13392066361895,14.950999875348877,16.48220399793944,0.45776892430278887,0.0,0.19857247722430205,0.7317993897201458,0.04262907608695652
CSGS2,q3_2020,4,clean_condition_cqr,clean,non_ramp,5439,0.942452656738371,0.04245265673837095,21.514378145265873,23.688587188720703,26.957475338030505,4.421186657937863,7.0986918293059516,0.0,0.04245265673837095,0.16549521650204518,0.20736519490792696,
CSGS2,q3_2020,4,clean_condition_cqr,clean,ramp,449,0.6770601336302895,0.22293986636971053,31.18335827956088,29.525070190429688,89.17798470285926,13.810336263796401,18.023632706616336,0.22293986636971053,0.0,0.23987198676585295,0.685984497714302,0.07625679347826086
CSGS2,q3_2020,4,clean_condition_cqr,combined_outage,non_ramp,5439,0.9417172274315131,0.04171722743151307,70.06927271129499,68.21234893798828,77.59600662032258,18.550514876121962,25.408406998029143,0.0,0.04171722743151307,0.5389944054714999,0.596892358617866,
CSGS2,q3_2020,4,clean_condition_cqr,combined_outage,ramp,449,0.9732739420935412,0.07327394209354121,73.5511177844619,84.1045913696289,76.69866731809348,20.890944329561265,26.261792239524052,0.0,0.07327394209354121,0.5657778291112453,0.5899897486007191,0.07625679347826086
CSGS2,q3_2020,4,clean_condition_cqr,irradiance_outage,non_ramp,5439,0.9249862107004965,0.024986210700496447,30.600674009922837,31.223872035741806,39.0393957799918,6.298959445445979,9.908394172437873,0.0,0.024986210700496447,0.2353898000763295,0.3003030444614754,
CSGS2,q3_2020,4,clean_condition_cqr,irradiance_outage,ramp,449,0.8062360801781737,0.0937639198218263,37.323682986702856,35.87049865722656,76.40265003227232,12.917266551861518,17.161171520168413,0.0937639198218263,0.0,0.28710525374386814,0.5877126925559409,0.07625679347826086
CSGS2,q3_2020,4,clean_condition_cqr,recent_power_outage,non_ramp,5439,0.9402463688177974,0.04024636881779742,62.37543166982838,69.28884887695312,74.42203019089459,15.894900928102645,22.698400018189286,0.0,0.04024636881779742,0.4798110128448337,0.5724771553145738,
CSGS2,q3_2020,4,clean_condition_cqr,recent_power_outage,ramp,449,0.933184855233853,0.03318485523385295,70.30537880169754,74.22747039794922,79.47351719952606,17.795500841331908,23.763688310427256,0.0,0.03318485523385295,0.5408106061669041,0.611334747688662,0.07625679347826086
CSGS2,q3_2020,4,clean_condition_cqr,weather_outage,non_ramp,5439,0.9422687994116565,0.04226879941165651,21.61626834954192,23.6138858795166,27.042248041300017,4.409658943054474,7.123007394950866,0.0,0.04226879941165651,0.1662789873041686,0.20801729262538474,
CSGS2,q3_2020,4,clean_condition_cqr,weather_outage,ramp,449,0.6770601336302895,0.22293986636971053,31.53262871570205,30.039738655090332,91.44406451839116,13.908616771610383,18.26847923301132,0.22293986636971053,0.0,0.2425586824284773,0.7034158809107012,0.07625679347826086
CSGS2,q3_2020,4,lgbm_condition_cqr,clean,non_ramp,5439,0.9430042287185144,0.04300422871851439,25.297072360550807,29.02199363708496,28.923424716659593,4.546016996906186,7.222871353941452,0.0,0.04300422871851439,0.1945928643119293,0.22248788243584303,
CSGS2,q3_2020,4,lgbm_condition_cqr,clean,ramp,449,0.7438752783964365,0.1561247216035635,35.93535796518049,36.71868705749512,69.4950458727329,14.231164246200187,18.76055168719121,0.1561247216035635,0.0,0.2764258305013884,0.5345772759440992,0.07625679347826086
CSGS2,q3_2020,4,lgbm_condition_cqr,combined_outage,non_ramp,5439,0.9350983636697923,0.03509836366979224,63.494984730746644,61.32863998413086,72.96313283478081,19.73137799930838,27.286410742789464,0.0,0.03509836366979224,0.48842295946728187,0.5612548679598524,
CSGS2,q3_2020,4,lgbm_condition_cqr,combined_outage,ramp,449,0.9643652561247216,0.06436525612472155,68.09202173823503,73.8723373413086,72.71805328674996,23.453738073994693,28.845856285243283,0.0,0.06436525612472155,0.5237847826018079,0.5593696406673074,0.07625679347826086
CSGS2,q3_2020,4,lgbm_condition_cqr,irradiance_outage,non_ramp,5439,0.9371207942636514,0.037120794263651335,28.365602265544148,32.067813873291016,33.432134662183124,6.073585581665235,9.533554985568855,0.0,0.037120794263651335,0.21819694050418575,0.2571702666321779,
CSGS2,q3_2020,4,lgbm_condition_cqr,irradiance_outage,ramp,449,0.8530066815144766,0.04699331848552346,40.062968217184924,39.39873695373535,64.48413510232301,12.898782697180597,17.56020366830207,0.04699331848552346,0.0,0.30817667859373016,0.49603180847940775,0.07625679347826086
CSGS2,q3_2020,4,lgbm_condition_cqr,recent_power_outage,non_ramp,5439,0.9341790770362199,0.03417907703621992,60.60838511677626,59.680091857910156,70.44507420261304,18.1262874425,24.86857193928875,0.0,0.03417907703621992,0.4662183470521251,0.5418851861739464,
CSGS2,q3_2020,4,lgbm_condition_cqr,recent_power_outage,ramp,449,0.9487750556792873,0.048775055679287305,66.29155678526065,70.63526153564453,73.56934871546144,20.48191125302644,26.28268123743092,0.0,0.048775055679287305,0.5099350521943127,0.5659180670420111,0.07625679347826086
CSGS2,q3_2020,4,lgbm_condition_cqr,weather_outage,non_ramp,5439,0.9407979407979408,0.040797940797940746,25.229643318324534,28.79816246032715,29.100763349720886,4.638489448440236,7.341496443091741,0.0,0.040797940797940746,0.1940741793717272,0.22385202576708374,
CSGS2,q3_2020,4,lgbm_condition_cqr,weather_outage,ramp,449,0.7416481069042317,0.15835189309576836,35.68134809230643,36.36509132385254,69.76697894247178,14.122442744489767,18.73941738298647,0.15835189309576836,0.0,0.27447190840235713,0.5366690687882445,0.07625679347826086
CSGS2,q3_2020,4,oracle_ramp_mondrian,clean,non_ramp,5439,0.9255377826806398,0.025537782680639776,20.52851527662974,22.117377281188965,27.417009287939642,4.744809150468407,7.666553523374325,0.0,0.025537782680639776,0.15791165597407492,0.21090007144568956,
CSGS2,q3_2020,4,oracle_ramp_mondrian,clean,ramp,449,0.9465478841870824,0.04654788418708233,57.941130449626186,57.412723541259766,69.73979342966973,12.00821695929779,16.57290853207636,0.0,0.04654788418708233,0.445701003458663,0.5364599494589979,0.07625679347826086
CSGS2,q3_2020,4,oracle_ramp_mondrian,combined_outage,non_ramp,5439,0.9299503585217871,0.029950358521787068,27.461718071343203,30.41912841796875,35.32252018025724,6.612163325498748,10.093466344229732,0.0,0.029950358521787068,0.21124398516417847,0.2717116936942865,
CSGS2,q3_2020,4,oracle_ramp_mondrian,combined_outage,ramp,449,0.9487750556792873,0.048775055679287305,54.63769316792754,54.7908353805542,65.83338551492096,11.447026874546484,15.763558434780771,0.0,0.048775055679287305,0.42028994744559645,0.5064106578070843,0.07625679347826086
CSGS2,q3_2020,4,oracle_ramp_mondrian,irradiance_outage,non_ramp,5439,0.924434638720353,0.024434638720353008,22.81948126205347,25.452613830566406,30.17356881246914,5.398616778278509,8.446340902754628,0.0,0.024434638720353008,0.17553447124656515,0.23210437548053184,
CSGS2,q3_2020,4,oracle_ramp_mondrian,irradiance_outage,ramp,449,0.9487750556792873,0.048775055679287305,56.70591534249368,56.09300994873047,69.0076739366243,11.605232203192594,16.0979595804439,0.0,0.048775055679287305,0.43619934878841293,0.5308282610509562,0.07625679347826086
CSGS2,q3_2020,4,oracle_ramp_mondrian,recent_power_outage,non_ramp,5439,0.9218606361463504,0.021860636146350365,23.933857486321482,26.87179946899414,30.22689287227601,5.827196213830962,8.839468637524183,0.0,0.021860636146350365,0.18410659604862678,0.2325145605559693,
CSGS2,q3_2020,4,oracle_ramp_mondrian,recent_power_outage,ramp,449,0.9487750556792873,0.048775055679287305,56.54573887010792,56.445420265197754,67.09169056893789,11.829684054665682,16.232968050129493,0.0,0.048775055679287305,0.43496722207775323,0.5160899274533683,0.07625679347826086
CSGS2,q3_2020,4,oracle_ramp_mondrian,weather_outage,non_ramp,5439,0.9178157749586321,0.01781577495863207,20.51035473606919,22.480899810791016,27.849396941279277,4.763755199570147,7.693733151550814,0.0,0.01781577495863207,0.15777195950822454,0.2142261303175329,
CSGS2,q3_2020,4,oracle_ramp_mondrian,weather_outage,ramp,449,0.9465478841870824,0.04654788418708233,57.6508905345098,56.625288009643555,69.34126649340065,12.068414686981978,16.73601134351644,0.0,0.04654788418708233,0.44346838872699845,0.5333943576415435,0.07625679347826086
CSGS2,q3_2020,4,persistence_condition_cqr,clean,non_ramp,5439,0.9944842801985659,0.09448428019856592,41.3305305826407,50.7684326171875,41.347822623230456,7.815870961813744,10.817302253734494,0.0,0.09448428019856592,0.3179271583280054,0.31806017402484965,
CSGS2,q3_2020,4,persistence_condition_cqr,clean,ramp,449,0.0,0.9,48.693530751495956,51.3393988609314,194.57113328197752,32.963580128344766,33.85653149595136,0.9,0.0,0.3745656211653535,1.496701025245981,0.07625679347826086
CSGS2,q3_2020,4,persistence_condition_cqr,combined_outage,non_ramp,5439,0.9555065269350984,0.05550652693509839,85.44006574129808,84.93543243408203,90.70159950662277,21.31740283670452,29.14716008425867,0.0,0.05550652693509839,0.6572312749330622,0.6977046115894059,
CSGS2,q3_2020,4,persistence_condition_cqr,combined_outage,ramp,449,0.8062360801781737,0.0937639198218263,87.22943343653579,91.22163772583008,116.93382261574003,45.08851779542681,48.18413502298316,0.0937639198218263,0.0,0.670995641819506,0.8994909431980002,0.07625679347826086
CSGS2,q3_2020,4,persistence_condition_cqr,irradiance_outage,non_ramp,5439,0.9944842801985659,0.09448428019856592,41.3305305826407,50.7684326171875,41.347822623230456,7.815870961813744,10.817302253734494,0.0,0.09448428019856592,0.3179271583280054,0.31806017402484965,
CSGS2,q3_2020,4,persistence_condition_cqr,irradiance_outage,ramp,449,0.0,0.9,48.693530751495956,51.3393988609314,194.57113328197752,32.963580128344766,33.85653149595136,0.9,0.0,0.3745656211653535,1.496701025245981,0.07625679347826086
CSGS2,q3_2020,4,persistence_condition_cqr,recent_power_outage,non_ramp,5439,0.9555065269350984,0.05550652693509839,85.44006574129808,84.93543243408203,90.70159950662277,21.31740283670452,29.14716008425867,0.0,0.05550652693509839,0.6572312749330622,0.6977046115894059,
CSGS2,q3_2020,4,persistence_condition_cqr,recent_power_outage,ramp,449,0.8062360801781737,0.0937639198218263,87.22943343653579,91.22163772583008,116.93382261574003,45.08851779542681,48.18413502298316,0.0937639198218263,0.0,0.670995641819506,0.8994909431980002,0.07625679347826086
CSGS2,q3_2020,4,persistence_condition_cqr,weather_outage,non_ramp,5439,0.9944842801985659,0.09448428019856592,41.3305305826407,50.7684326171875,41.347822623230456,7.815870961813744,10.817302253734494,0.0,0.09448428019856592,0.3179271583280054,0.31806017402484965,
CSGS2,q3_2020,4,persistence_condition_cqr,weather_outage,ramp,449,0.0,0.9,48.693530751495956,51.3393988609314,194.57113328197752,32.963580128344766,33.85653149595136,0.9,0.0,0.3745656211653535,1.496701025245981,0.07625679347826086
CSGS2,q3_2020,4,robust_condition_cqr,clean,non_ramp,5439,0.9411656554513698,0.04116565545136974,22.11317536421172,23.955780029296875,27.77553476597895,4.744809150468407,7.666553523374325,0.0,0.04116565545136974,0.17010134895547477,0.21365795973829962,
CSGS2,q3_2020,4,robust_condition_cqr,clean,ramp,449,0.7461024498886414,0.15389755011135864,31.830982032333623,30.50889778137207,76.22868206171954,12.00821695929779,16.57290853207636,0.15389755011135864,0.0,0.24485370794102787,0.5863744773978427,0.07625679347826086
CSGS2,q3_2020,4,robust_condition_cqr,combined_outage,non_ramp,5439,0.9411656554513698,0.04116565545136974,29.1148651852412,32.353790283203125,35.65373971619124,6.612163325498748,10.093466344229732,0.0,0.04116565545136974,0.22396050142493232,0.27425953627839417,
CSGS2,q3_2020,4,robust_condition_cqr,combined_outage,ramp,449,0.8530066815144766,0.04699331848552346,38.67855404189193,38.08730363845825,67.15080130366994,11.447026874546484,15.763558434780771,0.04699331848552346,0.0,0.29752733878378407,0.5165446254128456,0.07625679347826086
CSGS2,q3_2020,4,robust_condition_cqr,irradiance_outage,non_ramp,5439,0.9367530796102225,0.03675307961022245,24.326400266751577,27.222553253173828,30.447310356331695,5.398616778278509,8.446340902754628,0.0,0.03675307961022245,0.18712615589808906,0.23421007966408997,
CSGS2,q3_2020,4,robust_condition_cqr,irradiance_outage,ramp,449,0.7906458797327395,0.10935412026726055,34.81318257085332,33.68149948120117,72.22664824489894,11.605232203192594,16.0979595804439,0.10935412026726055,0.0,0.26779371208348707,0.555589601883838,0.07625679347826086
CSGS2,q3_2020,4,robust_condition_cqr,recent_power_outage,non_ramp,5439,0.9378562235705092,0.03785622357050922,25.406652224283658,28.633623600006104,30.467973284694366,5.827196213830962,8.839468637524183,0.0,0.03785622357050922,0.1954357863406435,0.23436902526687975,
CSGS2,q3_2020,4,robust_condition_cqr,recent_power_outage,ramp,449,0.779510022271715,0.12048997772828507,35.1275301265773,33.94944763183594,71.70200632191481,11.829684054665682,16.232968050129493,0.12048997772828507,0.0,0.27021177020444076,0.5515538947839601,0.07625679347826086
CSGS2,q3_2020,4,robust_condition_cqr,weather_outage,non_ramp,5439,0.9385916528773671,0.0385916528773671,22.09713225168851,24.33757781982422,28.14702756307014,4.763755199570147,7.693733151550814,0.0,0.0385916528773671,0.16997794039760392,0.21651559663900108,
CSGS2,q3_2020,4,robust_condition_cqr,weather_outage,ramp,449,0.7616926503340757,0.13830734966592428,31.930248399686175,29.919830322265625,76.94573962827833,12.068414686981978,16.73601134351644,0.13830734966592428,0.0,0.24561729538220134,0.5918903048329103,0.07625679347826086
CSGS2,q3_2020,4,robust_local_cqr,clean,non_ramp,5439,0.9369369369369369,0.03693693693693689,22.713425586060442,22.764602661132812,27.08081659381883,4.744809150468407,7.666553523374325,0.0,0.03693693693693689,0.17471865835431108,0.2083139737986064,
CSGS2,q3_2020,4,robust_local_cqr,clean,ramp,449,0.7884187082405345,0.11158129175946552,35.154506760344475,34.44984531402588,69.0069047045336,12.00821695929779,16.57290853207636,0.11158129175946552,0.0,0.2704192827718806,0.5308223438810277,0.07625679347826086
CSGS2,q3_2020,4,robust_local_cqr,combined_outage,non_ramp,5439,0.9303180731752161,0.030318073175216065,27.695256841452043,30.035335540771484,33.27476265951842,6.612163325498748,10.093466344229732,0.0,0.030318073175216065,0.2130404372419388,0.2559597127655263,
CSGS2,q3_2020,4,robust_local_cqr,combined_outage,ramp,449,0.8507795100222717,0.04922048997772832,38.60708000366566,38.41368103027344,64.53584630100393,11.447026874546484,15.763558434780771,0.04922048997772832,0.0,0.29697753848973585,0.49642958693079947,0.07625679347826086
CSGS2,q3_2020,4,robust_local_cqr,irradiance_outage,non_ramp,5439,0.9498069498069498,0.049806949806949774,25.891191248829752,26.924163818359375,29.661283476289146,5.398616778278509,8.446340902754628,0.0,0.049806949806949774,0.19916300960638272,0.22816371904837804,
CSGS2,q3_2020,4,robust_local_cqr,irradiance_outage,ramp,449,0.844097995545657,0.05590200445434301,38.349966311109625,38.07623100280762,64.8081286698248,11.605232203192594,16.0979595804439,0.05590200445434301,0.0,0.29499974085468944,0.49852406669096,0.07625679347826086
CSGS2,q3_2020,4,robust_local_cqr,recent_power_outage,non_ramp,5439,0.9409817981246553,0.0409817981246553,25.797343837097543,28.717323303222656,29.461749679664873,5.827196213830962,8.839468637524183,0.0,0.0409817981246553,0.19844110643921187,0.2266288436897298,
CSGS2,q3_2020,4,robust_local_cqr,recent_power_outage,ramp,449,0.8195991091314031,0.08040089086859692,36.995914047438745,38.068843841552734,65.2108693560938,11.829684054665682,16.232968050129493,0.08040089086859692,0.0,0.28458395421106725,0.5016220719699522,0.07625679347826086
CSGS2,q3_2020,4,robust_local_cqr,weather_outage,non_ramp,5439,0.9387755102040817,0.038775510204081653,23.08874654264211,23.88727569580078,27.558154982013402,4.763755199570147,7.693733151550814,0.0,0.038775510204081653,0.17760574263570852,0.21198580755394925,
CSGS2,q3_2020,4,robust_local_cqr,weather_outage,ramp,449,0.8084632516703786,0.09153674832962144,35.846882583171066,34.94155025482178,69.14809559912884,12.068414686981978,16.73601134351644,0.09153674832962144,0.0,0.27574525063977745,0.5319084276856064,0.07625679347826086
CSGS2,q3_2020,4,robust_risk_mondrian,clean,non_ramp,5439,0.9387755102040817,0.038775510204081653,23.147086322601076,25.769920349121094,27.384788096715795,4.744809150468407,7.666553523374325,0.0,0.038775510204081653,0.17805451017385443,0.21065221612858304,
CSGS2,q3_2020,4,robust_risk_mondrian,clean,ramp,449,0.8396436525612472,0.060356347438752844,37.83794485858926,36.40898323059082,71.66062741555722,12.00821695929779,16.57290853207636,0.060356347438752844,0.0,0.29106111429684045,0.5512355955042862,0.07625679347826086
CSGS2,q3_2020,4,robust_risk_mondrian,combined_outage,non_ramp,5439,0.9373046515903659,0.03730465159036589,28.739110014577573,30.645366668701172,36.28759842488273,6.612163325498748,10.093466344229732,0.0,0.03730465159036589,0.2210700770352121,0.2791353724990979,
CSGS2,q3_2020,4,robust_risk_mondrian,combined_outage,ramp,449,0.8329621380846325,0.06703786191536754,37.042222877402786,35.61551856994629,66.35601249146212,11.447026874546484,15.763558434780771,0.06703786191536754,0.0,0.2849401759800214,0.5104308653189394,0.07625679347826086
CSGS2,q3_2020,4,robust_risk_mondrian,irradiance_outage,non_ramp,5439,0.9501746644603788,0.05017466446037877,26.184274676647142,30.716474533081055,29.75992406464053,5.398616778278509,8.446340902754628,0.0,0.05017466446037877,0.20141749751267032,0.22892249280492716,
CSGS2,q3_2020,4,robust_risk_mondrian,irradiance_outage,ramp,449,0.8685968819599109,0.031403118040089106,42.086294716311194,40.86904525756836,70.01791118722583,11.605232203192594,16.0979595804439,0.031403118040089106,0.0,0.3237407285870092,0.5385993168248141,0.07625679347826086
CSGS2,q3_2020,4,robust_risk_mondrian,recent_power_outage,non_ramp,5439,0.9474168045596617,0.047416804559661685,26.18503897252847,29.969078063964844,30.508576564198613,5.827196213830962,8.839468637524183,0.0,0.047416804559661685,0.20142337671175747,0.23468135818614316,
CSGS2,q3_2020,4,robust_risk_mondrian,recent_power_outage,ramp,449,0.8151447661469933,0.08485523385300675,37.500927118978616,36.39294362068176,68.42252739280761,11.829684054665682,16.232968050129493,0.08485523385300675,0.0,0.28846867014598937,0.5263271337908277,0.07625679347826086
CSGS2,q3_2020,4,robust_risk_mondrian,weather_outage,non_ramp,5439,0.9422687994116565,0.04226879941165651,23.372616386224774,26.677906036376953,27.73192317009511,4.763755199570147,7.693733151550814,0.0,0.04226879941165651,0.17978935681711364,0.21332248592380854,
CSGS2,q3_2020,4,robust_risk_mondrian,weather_outage,ramp,449,0.8307349665924276,0.0692650334075724,38.434677284882966,36.488014221191406,72.74095961295549,12.068414686981978,16.73601134351644,0.0692650334075724,0.0,0.29565136372986894,0.5595458431765807,0.07625679347826086
CSGS2,q3_2020,4,robust_rolling_cqr,clean,non_ramp,5439,0.9187350615922044,0.018735061592204394,20.568136885489487,21.731712341308594,27.352700871476436,4.744809150468407,7.666553523374325,0.0,0.018735061592204394,0.15821643758068837,0.2104053913190495,
CSGS2,q3_2020,4,robust_rolling_cqr,clean,ramp,449,0.7193763919821826,0.1806236080178174,30.877952632367744,29.232877731323242,77.93909364221888,12.00821695929779,16.57290853207636,0.1806236080178174,0.0,0.23752271255667495,0.5995314895555298,0.07625679347826086
CSGS2,q3_2020,4,robust_rolling_cqr,combined_outage,non_ramp,5439,0.9108291965434823,0.010829196543482245,25.877318110782696,27.10208511352539,34.893671572559725,6.612163325498748,10.093466344229732,0.0,0.010829196543482245,0.1990562931598669,0.2684128582504594,
CSGS2,q3_2020,4,robust_rolling_cqr,combined_outage,ramp,449,0.8262806236080178,0.07371937639198223,36.196217604834,35.1059455871582,68.8320249905229,11.447026874546484,15.763558434780771,0.07371937639198223,0.0,0.27843244311410764,0.5294771153117146,0.07625679347826086
CSGS2,q3_2020,4,robust_rolling_cqr,irradiance_outage,non_ramp,5439,0.9165287736716308,0.016528773671630748,22.589009948632157,24.806873321533203,30.311914573312933,5.398616778278509,8.446340902754628,0.0,0.016528773671630748,0.17376161498947812,0.2331685736408687,
CSGS2,q3_2020,4,robust_rolling_cqr,irradiance_outage,ramp,449,0.7661469933184856,0.13385300668151445,33.559507360117706,32.222655296325684,73.91050143624119,11.605232203192594,16.0979595804439,0.13385300668151445,0.0,0.25815005661629004,0.5685423187403168,0.07625679347826086
CSGS2,q3_2020,4,robust_rolling_cqr,recent_power_outage,non_ramp,5439,0.9181834896120611,0.018183489612061066,23.424245494195898,25.875652313232422,29.670466804371248,5.827196213830962,8.839468637524183,0.0,0.018183489612061066,0.18018650380150691,0.228234360033625,
CSGS2,q3_2020,4,robust_rolling_cqr,recent_power_outage,ramp,449,0.7527839643652561,0.14721603563474395,33.9392908516118,32.97053623199463,72.58872840126234,11.829684054665682,16.232968050129493,0.14721603563474395,0.0,0.2610714680893215,0.5583748338558642,0.07625679347826086
CSGS2,q3_2020,4,robust_rolling_cqr,weather_outage,non_ramp,5439,0.9214929214929215,0.02149292149292148,20.907564813971927,22.560479164123535,27.824014039562993,4.763755199570147,7.693733151550814,0.0,0.02149292149292148,0.1608274216459379,0.21403087722740763,
CSGS2,q3_2020,4,robust_rolling_cqr,weather_outage,ramp,449,0.7305122494432071,0.16948775055679288,31.36669150595543,29.20583152770996,77.33826581138146,12.068414686981978,16.73601134351644,0.16948775055679288,0.0,0.24128224235350332,0.5949097370106267,0.07625679347826086
CSGS2,q4_2020,1,clean_condition_cqr,clean,non_ramp,5628,0.9612651030561479,0.06126510305614785,8.49411761474133,6.256782293319702,9.997978884786667,1.5407533424919009,2.9696152385660284,0.0,0.06126510305614785,0.065339366267241,0.07690752988297436,
CSGS2,q4_2020,1,clean_condition_cqr,clean,ramp,260,0.3,0.6000000000000001,21.738175808466398,21.257862091064453,132.43386192871975,15.870811561437753,18.287105843192,0.6000000000000001,0.0,0.16721673698820305,1.0187220148363059,0.044157608695652176
CSGS2,q4_2020,1,clean_condition_cqr,combined_outage,non_ramp,5628,0.894456289978678,0.005543710021322035,71.10707710309492,69.96498107910156,94.87997295946285,24.555218527227236,30.285952541597577,0.005543710021322035,0.0,0.5469775161776532,0.7298459458420219,
CSGS2,q4_2020,1,clean_condition_cqr,combined_outage,ramp,260,0.8846153846153846,0.015384615384615441,72.84827428964468,73.5969467163086,99.03768692016601,27.877923800395084,34.155391040738216,0.015384615384615441,0.0,0.5603713406895744,0.7618283609243539,0.044157608695652176
CSGS2,q4_2020,1,clean_condition_cqr,irradiance_outage,non_ramp,5628,0.9301705756929638,0.030170575692963775,14.09651263419462,11.265064179897308,15.472163383700034,1.8046912935210953,3.10028217621879,0.0,0.030170575692963775,0.10843471257072784,0.11901664141307718,
CSGS2,q4_2020,1,clean_condition_cqr,irradiance_outage,ramp,260,0.3230769230769231,0.5769230769230769,22.534149480668397,22.113384246826172,128.75801887775842,15.709127068519592,18.084722275313382,0.5769230769230769,0.0,0.1733396113897569,0.9904462990596802,0.044157608695652176
CSGS2,q4_2020,1,clean_condition_cqr,recent_power_outage,non_ramp,5628,0.8907249466950959,0.00927505330490408,69.08887805003347,67.54451751708984,95.35114144770576,22.846704799652777,28.96956767288713,0.00927505330490408,0.0,0.5314529080771806,0.7334703188285058,
CSGS2,q4_2020,1,clean_condition_cqr,recent_power_outage,ramp,260,0.8653846153846154,0.0346153846153846,71.84660722292386,72.73469543457031,100.5328935623169,27.062071836911716,33.302815658222514,0.0346153846153846,0.0,0.5526662094071066,0.7733299504793608,0.044157608695652176
CSGS2,q4_2020,1,clean_condition_cqr,weather_outage,non_ramp,5628,0.9594882729211087,0.0594882729211087,8.442245537698284,6.168892860412598,10.048537571738919,1.5568725726518888,2.9709886931006433,0.0,0.0594882729211087,0.06494035028998679,0.07729644285953015,
CSGS2,q4_2020,1,clean_condition_cqr,weather_outage,ramp,260,0.21153846153846154,0.6884615384615385,21.52854806276468,21.084596633911133,138.00163662066825,16.083873869822575,18.379489779447375,0.6884615384615385,0.0,0.16560421586742063,1.0615510509282173,0.044157608695652176
CSGS2,q4_2020,1,lgbm_condition_cqr,clean,non_ramp,5628,0.9456289978678039,0.04562899786780383,11.59580298331212,7.091581106185913,13.037699065860904,1.4758541584901868,2.7721321792911233,0.0,0.04562899786780383,0.08919848448701631,0.10028999281431465,
CSGS2,q4_2020,1,lgbm_condition_cqr,clean,ramp,260,0.3730769230769231,0.5269230769230769,28.309357319428372,27.070980072021484,104.89392273884553,16.09888751048308,18.629835427336946,0.5269230769230769,0.0,0.21776428707252593,0.8068763287603502,0.044157608695652176
CSGS2,q4_2020,1,lgbm_condition_cqr,combined_outage,non_ramp,5628,0.8821961620469083,0.017803837953091706,67.33247641934176,67.96381759643555,92.40286067469204,25.54121348691817,31.179737091670297,0.017803837953091706,0.0,0.5179421263026289,0.7107912359591695,
CSGS2,q4_2020,1,lgbm_condition_cqr,combined_outage,ramp,260,0.8653846153846154,0.0346153846153846,70.91748271355262,70.12641525268555,97.81712565788855,28.587271862763625,34.90522493719638,0.0346153846153846,0.0,0.5455190977965586,0.7524394281376042,0.044157608695652176
CSGS2,q4_2020,1,lgbm_condition_cqr,irradiance_outage,non_ramp,5628,0.7729211087420043,0.12707889125799576,12.883119103144216,7.248456239700317,14.809119982608758,1.8728620100927929,2.9446550416657242,0.12707889125799576,0.0,0.09910091617803243,0.11391630755852891,
CSGS2,q4_2020,1,lgbm_condition_cqr,irradiance_outage,ramp,260,0.4076923076923077,0.49230769230769234,29.780978491214604,29.44386577606201,99.42524594022677,15.9870254612886,18.511585937028254,0.49230769230769234,0.0,0.22908444993242003,0.7648095841555905,0.044157608695652176
CSGS2,q4_2020,1,lgbm_condition_cqr,recent_power_outage,non_ramp,5628,0.8843283582089553,0.015671641791044744,68.58426194980625,69.25875854492188,93.05526391715976,25.75731708559485,30.967302354623495,0.015671641791044744,0.0,0.5275712457677404,0.7158097224396904,
CSGS2,q4_2020,1,lgbm_condition_cqr,recent_power_outage,ramp,260,0.8730769230769231,0.02692307692307694,71.7465485059298,71.20172882080078,96.7041883468628,27.49627639697148,33.92388950048638,0.02692307692307694,0.0,0.5518965269686907,0.7438783718989446,0.044157608695652176
CSGS2,q4_2020,1,lgbm_condition_cqr,weather_outage,non_ramp,5628,0.9367448471926084,0.0367448471926084,11.589249114827558,6.9773101806640625,13.034126702885974,1.4907814299683773,2.7667293354329656,0.0,0.0367448471926084,0.08914807011405813,0.10026251309912287,
CSGS2,q4_2020,1,lgbm_condition_cqr,weather_outage,ramp,260,0.35,0.55,28.277439674964317,27.149398803710938,105.94192391909085,16.43689267543646,18.79381093536722,0.55,0.0,0.21751876673049475,0.8149378763006989,0.044157608695652176
CSGS2,q4_2020,1,oracle_ramp_mondrian,clean,non_ramp,5628,0.9271499644633973,0.027149964463397236,9.707254429933943,5.985893487930298,11.099007664980762,1.6046400592975483,3.1382398041729784,0.0,0.027149964463397236,0.0746711879225688,0.08537698203831355,
CSGS2,q4_2020,1,oracle_ramp_mondrian,clean,ramp,260,0.8730769230769231,0.02692307692307694,46.234484252562886,45.044997215270996,65.86200716128717,15.058678640769077,17.67662304572134,0.02692307692307694,0.0,0.35564987886586835,0.5066308243175935,0.044157608695652176
CSGS2,q4_2020,1,oracle_ramp_mondrian,combined_outage,non_ramp,5628,0.9321250888415068,0.03212508884150678,16.774570554979302,14.671096801757812,22.54601642874663,3.8438340369784076,7.2318096149629065,0.0,0.03212508884150678,0.1290351581152254,0.1734308956057433,
CSGS2,q4_2020,1,oracle_ramp_mondrian,combined_outage,ramp,260,0.8653846153846154,0.0346153846153846,48.42728962989954,48.60829496383667,71.7353332565381,15.699427839425894,18.895695943905984,0.0346153846153846,0.0,0.3725176125376888,0.5518102558195238,0.044157608695652176
CSGS2,q4_2020,1,oracle_ramp_mondrian,irradiance_outage,non_ramp,5628,0.9241293532338308,0.024129353233830808,10.99451807393562,6.393898844718933,12.218141443793765,1.6937812040583116,3.242450521144374,0.0,0.024129353233830808,0.08457321595335092,0.0939857034137982,
CSGS2,q4_2020,1,oracle_ramp_mondrian,irradiance_outage,ramp,260,0.9,0.0,48.75796113919753,48.587446212768555,65.61156244816688,15.447524426533626,18.07838089812999,0.0,0.0,0.3750612395322887,0.5047043265243606,0.044157608695652176
CSGS2,q4_2020,1,oracle_ramp_mondrian,recent_power_outage,non_ramp,5628,0.902452025586354,0.002452025586353934,15.537340174073668,11.565555095672607,20.82447309875444,3.6625079703864767,6.763366503354914,0.0,0.002452025586353934,0.11951800133902822,0.16018825460580338,
CSGS2,q4_2020,1,oracle_ramp_mondrian,recent_power_outage,ramp,260,0.8692307692307693,0.03076923076923077,46.16373241979342,46.09395217895508,67.71034413232253,14.99600092447721,18.148507485450036,0.03076923076923077,0.0,0.35510563399841094,0.5208488010178657,0.044157608695652176
CSGS2,q4_2020,1,oracle_ramp_mondrian,weather_outage,non_ramp,5628,0.9271499644633973,0.027149964463397236,9.872100918575365,5.644409894943237,11.413376957467788,1.6507748091790637,3.237331127266262,0.0,0.027149964463397236,0.07593923783519511,0.08779520736513684,
CSGS2,q4_2020,1,oracle_ramp_mondrian,weather_outage,ramp,260,0.8730769230769231,0.02692307692307694,46.755941604249756,45.91129684448242,65.08803286237212,15.282338349635785,17.826517904928433,0.02692307692307694,0.0,0.3596610892634597,0.5006771758644009,0.044157608695652176
CSGS2,q4_2020,1,persistence_condition_cqr,clean,non_ramp,5628,0.9262615493958778,0.02626154939587777,12.296391328451222,15.114746570587158,15.271062585611926,2.403322558190777,3.8899890151226937,0.0,0.02626154939587777,0.09458762560347093,0.11746971219701481,
CSGS2,q4_2020,1,persistence_condition_cqr,clean,ramp,260,0.0,0.9,15.789054401104266,15.827461242675781,256.1513907799354,19.931847062936196,21.3695595009476,0.9,0.0,0.12145426462387897,1.9703953136918109,0.044157608695652176
CSGS2,q4_2020,1,persistence_condition_cqr,combined_outage,non_ramp,5628,0.8306680881307748,0.06933191186922527,63.05281185894571,52.736480712890625,109.16255119522818,19.190298531328903,28.898505325950335,0.06933191186922527,0.0,0.48502162968419776,0.839711932270986,
CSGS2,q4_2020,1,persistence_condition_cqr,combined_outage,ramp,260,0.6230769230769231,0.27692307692307694,68.5755283747728,73.01874542236328,179.85973102381595,38.747984313105164,43.48023530151741,0.27692307692307694,0.0,0.5275040644213292,1.3835363924908919,0.044157608695652176
CSGS2,q4_2020,1,persistence_condition_cqr,irradiance_outage,non_ramp,5628,0.9262615493958778,0.02626154939587777,12.296391328451222,15.114746570587158,15.271062585611926,2.403322558190777,3.8899890151226937,0.0,0.02626154939587777,0.09458762560347093,0.11746971219701481,
CSGS2,q4_2020,1,persistence_condition_cqr,irradiance_outage,ramp,260,0.0,0.9,15.789054401104266,15.827461242675781,256.1513907799354,19.931847062936196,21.3695595009476,0.9,0.0,0.12145426462387897,1.9703953136918109,0.044157608695652176
CSGS2,q4_2020,1,persistence_condition_cqr,recent_power_outage,non_ramp,5628,0.8306680881307748,0.06933191186922527,63.05281185894571,52.736480712890625,109.16255119522818,19.190298531328903,28.898505325950335,0.06933191186922527,0.0,0.48502162968419776,0.839711932270986,
CSGS2,q4_2020,1,persistence_condition_cqr,recent_power_outage,ramp,260,0.6230769230769231,0.27692307692307694,68.5755283747728,73.01874542236328,179.85973102381595,38.747984313105164,43.48023530151741,0.27692307692307694,0.0,0.5275040644213292,1.3835363924908919,0.044157608695652176
CSGS2,q4_2020,1,persistence_condition_cqr,weather_outage,non_ramp,5628,0.9262615493958778,0.02626154939587777,12.296391328451222,15.114746570587158,15.271062585611926,2.403322558190777,3.8899890151226937,0.0,0.02626154939587777,0.09458762560347093,0.11746971219701481,
CSGS2,q4_2020,1,persistence_condition_cqr,weather_outage,ramp,260,0.0,0.9,15.789054401104266,15.827461242675781,256.1513907799354,19.931847062936196,21.3695595009476,0.9,0.0,0.12145426462387897,1.9703953136918109,0.044157608695652176
CSGS2,q4_2020,1,robust_condition_cqr,clean,non_ramp,5628,0.9530916844349681,0.053091684434968034,9.759705543368142,6.038357257843018,11.123297336660578,1.6046400592975483,3.1382398041729784,0.0,0.053091684434968034,0.07507465802590878,0.08556382566661982,
CSGS2,q4_2020,1,robust_condition_cqr,clean,ramp,260,0.4269230769230769,0.4730769230769231,26.57294402820273,25.322696685791016,103.98865374382585,15.058678640769077,17.67662304572134,0.4730769230769231,0.0,0.2044072617554056,0.7999127211063527,0.044157608695652176
CSGS2,q4_2020,1,robust_condition_cqr,combined_outage,non_ramp,5628,0.9392324093816631,0.03923240938166306,17.31916077110754,15.358120918273926,22.640577747971182,3.8438340369784076,7.2318096149629065,0.0,0.03923240938166306,0.13322431362390416,0.1741582903690091,
CSGS2,q4_2020,1,robust_condition_cqr,combined_outage,ramp,260,0.5807692307692308,0.3192307692307692,33.408371940255165,33.40333938598633,96.53299358831002,15.699427839425894,18.895695943905984,0.3192307692307692,0.0,0.2569874764635013,0.7425614891408463,0.044157608695652176
CSGS2,q4_2020,1,robust_condition_cqr,irradiance_outage,non_ramp,5628,0.9383439943141436,0.03834399431414359,10.999456066746456,6.398836970329285,12.219781935754792,1.6937812040583116,3.242450521144374,0.0,0.03834399431414359,0.08461120051343428,0.09399832258272917,
CSGS2,q4_2020,1,robust_condition_cqr,irradiance_outage,ramp,260,0.46923076923076923,0.4307692307692308,28.105598583874794,27.85028076171875,101.05968503430486,15.447524426533626,18.07838089812999,0.4307692307692308,0.0,0.21619691218365225,0.7773821925715758,0.044157608695652176
CSGS2,q4_2020,1,robust_condition_cqr,recent_power_outage,non_ramp,5628,0.923951670220327,0.02395167022032696,15.80802069287436,11.836236000061035,20.874340322586512,3.6625079703864767,6.763366503354914,0.0,0.02395167022032696,0.12160015917595661,0.16057184863528087,
CSGS2,q4_2020,1,robust_condition_cqr,recent_power_outage,ramp,260,0.5923076923076923,0.3076923076923077,32.57782593048536,32.447998046875,90.81843755703706,14.99600092447721,18.148507485450036,0.3076923076923077,0.0,0.25059866100373357,0.698603365823362,0.044157608695652176
CSGS2,q4_2020,1,robust_condition_cqr,weather_outage,non_ramp,5628,0.94136460554371,0.04136460554371002,9.885358357250322,5.657667398452759,11.41818550723428,1.6507748091790637,3.237331127266262,0.0,0.04136460554371002,0.07604121813269478,0.08783219620949446,
CSGS2,q4_2020,1,robust_condition_cqr,weather_outage,ramp,260,0.4307692307692308,0.46923076923076923,26.556596875319688,25.642784118652344,107.16509434822947,15.282338349635785,17.826517904928433,0.46923076923076923,0.0,0.20428151442553605,0.8243468796017652,0.044157608695652176
CSGS2,q4_2020,1,robust_local_cqr,clean,non_ramp,5628,0.9774342572850035,0.07743425728500353,11.641363029598798,7.852602243423462,12.22880318580786,1.6046400592975483,3.1382398041729784,0.0,0.07743425728500353,0.08954894638152922,0.09406771681390662,
CSGS2,q4_2020,1,robust_local_cqr,clean,ramp,260,0.6307692307692307,0.2692307692307693,33.746704279459436,31.57551670074463,82.51343631194187,15.058678640769077,17.67662304572134,0.2692307692307693,0.0,0.25959003291891874,0.6347187408610914,0.044157608695652176
CSGS2,q4_2020,1,robust_local_cqr,combined_outage,non_ramp,5628,0.9498933901918977,0.049893390191897646,20.112455077700567,16.66940426826477,23.03073954302441,3.8438340369784076,7.2318096149629065,0.0,0.049893390191897646,0.15471119290538898,0.17715953494634162,
CSGS2,q4_2020,1,robust_local_cqr,combined_outage,ramp,260,0.6807692307692308,0.21923076923076923,40.421516548670255,40.27736473083496,86.1450175340359,15.699427839425894,18.895695943905984,0.21923076923076923,0.0,0.3109347426820789,0.6626539810310454,0.044157608695652176
CSGS2,q4_2020,1,robust_local_cqr,irradiance_outage,non_ramp,5628,0.9792110874200426,0.07921108742004257,12.817433426829378,8.357685804367065,13.351886024579697,1.6937812040583116,3.242450521144374,0.0,0.07921108742004257,0.09859564174484137,0.10270681557368998,
CSGS2,q4_2020,1,robust_local_cqr,irradiance_outage,ramp,260,0.65,0.25,34.429114176676826,33.78531265258789,82.95998714520381,15.447524426533626,18.07838089812999,0.25,0.0,0.264839339820591,0.6381537472707985,0.044157608695652176
CSGS2,q4_2020,1,robust_local_cqr,recent_power_outage,non_ramp,5628,0.9449182658137882,0.044918265813788216,18.232155854803946,14.237501859664917,21.130761055527447,3.6625079703864767,6.763366503354914,0.0,0.044918265813788216,0.14024735272926112,0.1625443158117496,
CSGS2,q4_2020,1,robust_local_cqr,recent_power_outage,ramp,260,0.6961538461538461,0.2038461538461539,38.711392367803136,38.65166091918945,77.74058705293216,14.99600092447721,18.148507485450036,0.2038461538461539,0.0,0.2977799412907933,0.5980045157917858,0.044157608695652176
CSGS2,q4_2020,1,robust_local_cqr,weather_outage,non_ramp,5628,0.974591329068941,0.07459132906894095,11.802100772162191,8.06093692779541,12.458504411908523,1.6507748091790637,3.237331127266262,0.0,0.07459132906894095,0.09078539055509378,0.09583464932237325,
CSGS2,q4_2020,1,robust_local_cqr,weather_outage,ramp,260,0.6346153846153846,0.26538461538461544,33.72554629032428,31.553159713745117,85.2390355366927,15.282338349635785,17.826517904928433,0.26538461538461544,0.0,0.2594272791563406,0.6556848887437899,0.044157608695652176
CSGS2,q4_2020,1,robust_risk_mondrian,clean,non_ramp,5628,0.9493603411513859,0.04936034115138588,10.75873766040839,5.997411519289017,11.673025635502093,1.6046400592975483,3.1382398041729784,0.0,0.04936034115138588,0.08275952046467992,0.08979250488847763,
CSGS2,q4_2020,1,robust_risk_mondrian,clean,ramp,260,0.5461538461538461,0.3538461538461539,29.9811410940897,28.854463577270508,90.44215793245687,15.058678640769077,17.67662304572134,0.3538461538461539,0.0,0.23062416226222845,0.6957089071727451,0.044157608695652176
CSGS2,q4_2020,1,robust_risk_mondrian,combined_outage,non_ramp,5628,0.9402985074626866,0.040298507462686595,17.872699507721983,17.25133991241455,23.22671398585338,3.8438340369784076,7.2318096149629065,0.0,0.040298507462686595,0.13748230390555372,0.17866703066041062,
CSGS2,q4_2020,1,robust_risk_mondrian,combined_outage,ramp,260,0.6307692307692307,0.2692307692307693,34.461082606132216,34.69577598571777,93.76680022111306,15.699427839425894,18.895695943905984,0.2692307692307693,0.0,0.26508525081640166,0.7212830786239466,0.044157608695652176
CSGS2,q4_2020,1,robust_risk_mondrian,irradiance_outage,non_ramp,5628,0.9363894811656006,0.03638948116560059,11.438826337080071,6.548832654953003,12.464870133643736,1.6937812040583116,3.242450521144374,0.0,0.03638948116560059,0.08799097182369285,0.09588361641264412,
CSGS2,q4_2020,1,robust_risk_mondrian,irradiance_outage,ramp,260,0.5230769230769231,0.3769230769230769,29.387454863952904,29.162521362304688,95.87105826807137,15.447524426533626,18.07838089812999,0.3769230769230769,0.0,0.22605734510733003,0.7374696789851644,0.044157608695652176
CSGS2,q4_2020,1,robust_risk_mondrian,recent_power_outage,non_ramp,5628,0.9253731343283582,0.025373134328358193,16.29881604259178,12.703394889831543,20.79549277941616,3.6625079703864767,6.763366503354914,0.0,0.025373134328358193,0.12537550801993677,0.15996532907243202,
CSGS2,q4_2020,1,robust_risk_mondrian,recent_power_outage,ramp,260,0.6423076923076924,0.25769230769230766,34.88827073940864,34.57962608337402,83.58671686649322,14.99600092447721,18.148507485450036,0.25769230769230766,0.0,0.2683713133800665,0.6429747451268709,0.044157608695652176
CSGS2,q4_2020,1,robust_risk_mondrian,weather_outage,non_ramp,5628,0.9440298507462687,0.04402985074626864,10.786798249217668,5.646033048629761,11.887046690254245,1.6507748091790637,3.237331127266262,0.0,0.04402985074626864,0.08297537114782821,0.09143882069426341,
CSGS2,q4_2020,1,robust_risk_mondrian,weather_outage,ramp,260,0.5153846153846153,0.3846153846153847,29.568446736754133,28.862316131591797,95.09094527103007,15.282338349635785,17.826517904928433,0.3846153846153847,0.0,0.2274495902827241,0.7314688097771543,0.044157608695652176
CSGS2,q4_2020,1,robust_rolling_cqr,clean,non_ramp,5628,0.9310589907604833,0.03105899076048324,9.76899064167648,6.071323394775391,11.140359672672949,1.6046400592975483,3.1382398041729784,0.0,0.03105899076048324,0.07514608185904985,0.08569507440517653,
CSGS2,q4_2020,1,robust_rolling_cqr,clean,ramp,260,0.4269230769230769,0.4730769230769231,26.61929256609426,25.30891227722168,103.81407496989347,15.058678640769077,17.67662304572134,0.4730769230769231,0.0,0.20476378896995584,0.798569807460719,0.044157608695652176
CSGS2,q4_2020,1,robust_rolling_cqr,combined_outage,non_ramp,5628,0.912224591329069,0.012224591329068946,16.728612550109354,14.194472074508667,22.36178575995012,3.8438340369784076,7.2318096149629065,0.0,0.012224591329068946,0.12868163500084118,0.1720137366150009,
CSGS2,q4_2020,1,robust_rolling_cqr,combined_outage,ramp,260,0.5769230769230769,0.32307692307692315,33.23525669735211,33.39129829406738,98.31671735667265,15.699427839425894,18.895695943905984,0.32307692307692315,0.0,0.2556558207488624,0.7562824412051743,0.044157608695652176
CSGS2,q4_2020,1,robust_rolling_cqr,irradiance_outage,non_ramp,5628,0.9344349680170576,0.03443496801705759,11.027296046661661,6.450374633073807,12.238361532041463,1.6937812040583116,3.242450521144374,0.0,0.03443496801705759,0.0848253542050897,0.0941412425541651,
CSGS2,q4_2020,1,robust_rolling_cqr,irradiance_outage,ramp,260,0.46923076923076923,0.4307692307692308,28.163243270378846,27.849634170532227,100.82415160261668,15.447524426533626,18.07838089812999,0.4307692307692308,0.0,0.21664033284906806,0.7755703969432053,0.044157608695652176
CSGS2,q4_2020,1,robust_rolling_cqr,recent_power_outage,non_ramp,5628,0.9134683724235964,0.013468372423596331,16.209262485683674,12.636970520019531,20.948698116393178,3.6625079703864767,6.763366503354914,0.0,0.013468372423596331,0.12468663450525903,0.16114383166456292,
CSGS2,q4_2020,1,robust_rolling_cqr,recent_power_outage,ramp,260,0.6,0.30000000000000004,33.168050716674095,32.699947357177734,89.15870415817659,14.99600092447721,18.148507485450036,0.30000000000000004,0.0,0.2551388516667238,0.6858361858321276,0.044157608695652176
CSGS2,q4_2020,1,robust_rolling_cqr,weather_outage,non_ramp,5628,0.9312366737739872,0.0312366737739872,9.962773538175732,5.7698140144348145,11.475452519363149,1.6507748091790637,3.237331127266262,0.0,0.0312366737739872,0.0766367195244287,0.08827271168740884,
CSGS2,q4_2020,1,robust_rolling_cqr,weather_outage,ramp,260,0.43846153846153846,0.46153846153846156,26.69687372964735,25.65880012512207,106.59079756246736,15.282338349635785,17.826517904928433,0.46153846153846156,0.0,0.20536056715113346,0.8199292120189797,0.044157608695652176
CSGS2,q4_2020,4,clean_condition_cqr,clean,non_ramp,5118,0.9400156311059007,0.04001563110590067,16.104368007772802,12.691920578479767,20.720733133346663,3.583506100127221,6.675048742693941,0.0,0.04001563110590067,0.12387975390594463,0.1593902548718974,
CSGS2,q4_2020,4,clean_condition_cqr,clean,ramp,770,0.6454545454545455,0.2545454545454545,28.605260909310022,28.00729274749756,91.75466615651528,12.297628259194362,17.18707835486578,0.2545454545454545,0.0,0.220040468533154,0.7058051242808868,0.13077445652173914
CSGS2,q4_2020,4,clean_condition_cqr,combined_outage,non_ramp,5118,0.8876514263384134,0.012348573661586593,59.34630483647444,55.69907760620117,85.20201066118891,18.79973399509567,25.324150917879454,0.012348573661586593,0.0,0.4565100372036495,0.6554000820091455,
CSGS2,q4_2020,4,clean_condition_cqr,combined_outage,ramp,770,0.9194805194805195,0.01948051948051943,65.94141194727514,73.89725494384766,82.96944313544732,18.96700331173934,24.81221381765081,0.0,0.01948051948051943,0.507241630363655,0.6382264856572871,0.13077445652173914
CSGS2,q4_2020,4,clean_condition_cqr,irradiance_outage,non_ramp,5118,0.9529112934740133,0.05291129347401324,25.616043457772324,28.135698318481445,29.38163225485675,4.184321661865911,7.4067847322580755,0.0,0.05291129347401324,0.1970464881367102,0.22601255580659038,
CSGS2,q4_2020,4,clean_condition_cqr,irradiance_outage,ramp,770,0.7077922077922078,0.19220779220779227,33.50753690809398,33.33732080459595,88.55635272202554,12.90281271949991,17.53137906553872,0.19220779220779227,0.0,0.25775028390841526,0.6812027132463503,0.13077445652173914
CSGS2,q4_2020,4,clean_condition_cqr,recent_power_outage,non_ramp,5118,0.8491598280578351,0.05084017194216495,49.37106120002927,41.8329963684082,83.0690851678381,16.7797857430349,23.52661687553859,0.05084017194216495,0.0,0.379777393846379,0.6389929628295238,
CSGS2,q4_2020,4,clean_condition_cqr,recent_power_outage,ramp,770,0.8662337662337662,0.03376623376623378,57.96564731551455,60.939833641052246,87.91068575180971,17.578574738874064,23.560445369123926,0.03376623376623378,0.0,0.44588959473472733,0.6762360442446901,0.13077445652173914
CSGS2,q4_2020,4,clean_condition_cqr,weather_outage,non_ramp,5118,0.9411879640484564,0.04118796404845637,16.404767185390643,13.549121275544167,21.020082884138773,3.618343371538363,6.564705704389635,0.0,0.04118796404845637,0.12619051681069726,0.16169294526260594,
CSGS2,q4_2020,4,clean_condition_cqr,weather_outage,ramp,770,0.5844155844155844,0.31558441558441563,29.093667409810926,28.541125297546387,106.44846204211572,13.894400874515632,18.42403209393856,0.31558441558441563,0.0,0.2237974416139302,0.8188343234008901,0.13077445652173914
CSGS2,q4_2020,4,lgbm_condition_cqr,clean,non_ramp,5118,0.9079718640093787,0.00797186400937866,20.071915188230772,15.247280403971672,22.781953916284895,3.4883149097875217,6.292384206457432,0.0,0.00797186400937866,0.15439934760177518,0.17524579935603765,
CSGS2,q4_2020,4,lgbm_condition_cqr,clean,ramp,770,0.6415584415584416,0.25844155844155847,36.680396733442684,38.774962425231934,80.12959578759097,12.867359798604792,17.851613256028962,0.25844155844155847,0.0,0.2821568979495591,0.6163815060583921,0.13077445652173914
CSGS2,q4_2020,4,lgbm_condition_cqr,combined_outage,non_ramp,5118,0.9060179757717859,0.006017975771785866,55.42407942841509,55.5288200378418,71.60447360499663,20.842271015120815,27.72194897333768,0.0,0.006017975771785866,0.4263390725262699,0.5508036431153587,
CSGS2,q4_2020,4,lgbm_condition_cqr,combined_outage,ramp,770,0.9337662337662338,0.03376623376623378,62.52886381237828,66.04940462112427,73.64421867236204,20.26079444482729,26.598050096724684,0.0,0.03376623376623378,0.4809912600952176,0.5664939897874003,0.13077445652173914
CSGS2,q4_2020,4,lgbm_condition_cqr,irradiance_outage,non_ramp,5118,0.8210238374364986,0.07897616256350137,23.17789763870404,17.526789382100105,25.20300877690162,4.231975682879641,7.062627071771704,0.07897616256350137,0.0,0.17829152029772338,0.1938692982838586,
CSGS2,q4_2020,4,lgbm_condition_cqr,irradiance_outage,ramp,770,0.7506493506493507,0.14935064935064934,40.507421642696706,41.99155354499817,69.35901549938437,13.189016532588315,17.89439129662699,0.14935064935064934,0.0,0.31159555109766696,0.5335308884568029,0.13077445652173914
CSGS2,q4_2020,4,lgbm_condition_cqr,recent_power_outage,non_ramp,5118,0.8743649863227824,0.025635013677217655,50.327773811910866,52.30329132080078,72.59518738230472,20.58736558849281,26.881270395112075,0.025635013677217655,0.0,0.3871367216300836,0.5584245183254208,
CSGS2,q4_2020,4,lgbm_condition_cqr,recent_power_outage,ramp,770,0.9077922077922078,0.007792207792207795,57.731100065203975,60.265761375427246,72.88592644000106,17.745000916332394,23.98546397153392,0.0,0.007792207792207795,0.44408538511695367,0.5606609726153927,0.13077445652173914
CSGS2,q4_2020,4,lgbm_condition_cqr,weather_outage,non_ramp,5118,0.8985932004689332,0.0014067995310668158,20.36203908055274,16.473475128412247,22.941026310361806,3.457917867027676,6.095738174207846,0.0014067995310668158,0.0,0.1566310698504057,0.17646943315662927,
CSGS2,q4_2020,4,lgbm_condition_cqr,weather_outage,ramp,770,0.6064935064935065,0.2935064935064935,36.504925180874864,38.45866584777832,83.46245881597717,14.173514947953162,18.83351251446987,0.2935064935064935,0.0,0.2808071167759605,0.6420189139690552,0.13077445652173914
CSGS2,q4_2020,4,oracle_ramp_mondrian,clean,non_ramp,5118,0.9230168034388433,0.02301680343884327,15.694704271761758,10.483054921030998,21.575896342448885,3.838619585033621,7.2863157718738005,0.0,0.02301680343884327,0.12072849439816737,0.16596843340345296,
CSGS2,q4_2020,4,oracle_ramp_mondrian,clean,ramp,770,0.8792207792207792,0.020779220779220786,41.30380407727094,40.1728401184082,62.998382297588826,10.652082442772853,15.66352869738146,0.020779220779220786,0.0,0.3177215698251611,0.4846029407506833,0.13077445652173914
CSGS2,q4_2020,4,oracle_ramp_mondrian,combined_outage,non_ramp,5118,0.9329816334505666,0.032981633450566594,20.833201627769743,18.246751934289932,27.810281272534038,5.171041952065422,9.032654487716803,0.0,0.032981633450566594,0.16025539713669032,0.21392524055795414,
CSGS2,q4_2020,4,oracle_ramp_mondrian,combined_outage,ramp,770,0.8675324675324675,0.032467532467532534,45.827910006694594,44.40148788690567,65.18724963404722,12.937416137348523,16.886284776482245,0.032467532467532534,0.0,0.3525223846668815,0.5014403818003632,0.13077445652173914
CSGS2,q4_2020,4,oracle_ramp_mondrian,irradiance_outage,non_ramp,5118,0.9320046893317703,0.03200468933177025,17.258686466977096,11.963145852088928,22.30179982234653,4.003151098150511,7.451440651865342,0.0,0.03200468933177025,0.1327591266690546,0.17155230632574256,
CSGS2,q4_2020,4,oracle_ramp_mondrian,irradiance_outage,ramp,770,0.8766233766233766,0.023376623376623384,43.609932776792704,43.86733150482178,65.63395174564734,11.482481002807617,16.002196011309437,0.023376623376623384,0.0,0.3354610213599439,0.5048765518895949,0.13077445652173914
CSGS2,q4_2020,4,oracle_ramp_mondrian,recent_power_outage,non_ramp,5118,0.9109026963657679,0.010902696365767905,18.415951961977445,12.09733435511589,25.412965503615432,4.9194675064578375,8.792027093591464,0.0,0.010902696365767905,0.14166116893828803,0.195484350027811,
CSGS2,q4_2020,4,oracle_ramp_mondrian,recent_power_outage,ramp,770,0.9077922077922078,0.007792207792207795,46.96145395132435,47.033477783203125,59.61008538161586,10.897848646362107,15.213204856745378,0.0,0.007792207792207795,0.3612419534717258,0.458539118320122,0.13077445652173914
CSGS2,q4_2020,4,oracle_ramp_mondrian,weather_outage,non_ramp,5118,0.9224306369675654,0.02243063696756542,15.941081054152388,12.489395298995078,22.074511577367225,3.871712160886685,7.3324542354057405,0.0,0.02243063696756542,0.12262370041655683,0.16980393521051712,
CSGS2,q4_2020,4,oracle_ramp_mondrian,weather_outage,ramp,770,0.8493506493506493,0.05064935064935072,41.20951577759312,40.25840187072754,66.19807533948355,11.753423369085635,16.581842920669875,0.05064935064935072,0.0,0.31699627521225476,0.5092159641498735,0.13077445652173914
CSGS2,q4_2020,4,persistence_condition_cqr,clean,non_ramp,5118,0.9787026182102384,0.07870261821023838,35.25346949463401,28.487662315368652,35.568913137447055,6.129973164584521,9.656902969443648,0.0,0.07870261821023838,0.2711805345741078,0.2736070241342081,
CSGS2,q4_2020,4,persistence_condition_cqr,clean,ramp,770,0.0,0.9,44.67102077166465,48.87445652484894,262.98653397997964,35.35300464535301,36.495406714532834,0.9,0.0,0.3436232367051127,2.0229733383075357,0.13077445652173914
CSGS2,q4_2020,4,persistence_condition_cqr,combined_outage,non_ramp,5118,0.8593200468933178,0.040679953106682265,74.81655110516915,63.21828079223633,113.3606455218325,21.617787968937996,32.272976028071,0.040679953106682265,0.0,0.5755119315782242,0.8720049655525577,
CSGS2,q4_2020,4,persistence_condition_cqr,combined_outage,ramp,770,0.5194805194805194,0.3805194805194806,77.24598553581285,66.75141143798828,213.72460773701405,52.15001748478064,55.733078119982174,0.3805194805194806,0.0,0.5941998887370219,1.6440354441308773,0.13077445652173914
CSGS2,q4_2020,4,persistence_condition_cqr,irradiance_outage,non_ramp,5118,0.9787026182102384,0.07870261821023838,35.25346949463401,28.487662315368652,35.568913137447055,6.129973164584521,9.656902969443648,0.0,0.07870261821023838,0.2711805345741078,0.2736070241342081,
CSGS2,q4_2020,4,persistence_condition_cqr,irradiance_outage,ramp,770,0.0,0.9,44.67102077166465,48.87445652484894,262.98653397997964,35.35300464535301,36.495406714532834,0.9,0.0,0.3436232367051127,2.0229733383075357,0.13077445652173914
CSGS2,q4_2020,4,persistence_condition_cqr,recent_power_outage,non_ramp,5118,0.8593200468933178,0.040679953106682265,74.81655110516915,63.21828079223633,113.3606455218325,21.617787968937996,32.272976028071,0.040679953106682265,0.0,0.5755119315782242,0.8720049655525577,
CSGS2,q4_2020,4,persistence_condition_cqr,recent_power_outage,ramp,770,0.5194805194805194,0.3805194805194806,77.24598553581285,66.75141143798828,213.72460773701405,52.15001748478064,55.733078119982174,0.3805194805194806,0.0,0.5941998887370219,1.6440354441308773,0.13077445652173914
CSGS2,q4_2020,4,persistence_condition_cqr,weather_outage,non_ramp,5118,0.9787026182102384,0.07870261821023838,35.25346949463401,28.487662315368652,35.568913137447055,6.129973164584521,9.656902969443648,0.0,0.07870261821023838,0.2711805345741078,0.2736070241342081,
CSGS2,q4_2020,4,persistence_condition_cqr,weather_outage,ramp,770,0.0,0.9,44.67102077166465,48.87445652484894,262.98653397997964,35.35300464535301,36.495406714532834,0.9,0.0,0.3436232367051127,2.0229733383075357,0.13077445652173914
CSGS2,q4_2020,4,robust_condition_cqr,clean,non_ramp,5118,0.9343493552168816,0.03434935521688154,16.526588911997486,11.372211396694183,21.63538618909829,3.838619585033621,7.2863157718738005,0.0,0.03434935521688154,0.12712760701536527,0.1664260476084484,
CSGS2,q4_2020,4,robust_condition_cqr,clean,ramp,770,0.7233766233766233,0.17662337662337668,28.603671202644126,27.057713508605957,75.290237112711,10.652082442772853,15.66352869738146,0.17662337662337668,0.0,0.22002824002033944,0.5791556700977769,0.13077445652173914
CSGS2,q4_2020,4,robust_condition_cqr,combined_outage,non_ramp,5118,0.9382571316920673,0.03825713169206724,21.309518385713467,18.683315455913544,27.86693141542611,5.171041952065422,9.032654487716803,0.0,0.03825713169206724,0.1639193721977959,0.21436101088789314,
CSGS2,q4_2020,4,robust_condition_cqr,combined_outage,ramp,770,0.7142857142857143,0.18571428571428572,35.4243249561299,33.52949333190918,77.24034152489591,12.937416137348523,16.886284776482245,0.18571428571428572,0.0,0.2724948073548454,0.5941564732684301,0.13077445652173914
CSGS2,q4_2020,4,robust_condition_cqr,irradiance_outage,non_ramp,5118,0.9398202422821414,0.03982024228214143,17.86077049862624,12.69775402545929,22.401762233902936,4.003151098150511,7.451440651865342,0.0,0.03982024228214143,0.13739054229712494,0.1723212479530995,
CSGS2,q4_2020,4,robust_condition_cqr,irradiance_outage,ramp,770,0.7415584415584415,0.1584415584415585,32.68128602259925,32.621460914611816,75.44114052509138,11.482481002807617,16.002196011309437,0.1584415584415585,0.0,0.2513945078661481,0.5803164655776261,0.13077445652173914
CSGS2,q4_2020,4,robust_condition_cqr,recent_power_outage,non_ramp,5118,0.9196951934349356,0.019695193434935532,19.047597277221854,12.820572972297668,25.332960955089124,4.9194675064578375,8.792027093591464,0.0,0.019695193434935532,0.14651997905555272,0.1948689304237625,
CSGS2,q4_2020,4,robust_condition_cqr,recent_power_outage,ramp,770,0.7311688311688311,0.1688311688311689,31.719087228062865,31.197967529296875,71.96289868679914,10.897848646362107,15.213204856745378,0.1688311688311689,0.0,0.24399297867740666,0.5535607591292241,0.13077445652173914
CSGS2,q4_2020,4,robust_condition_cqr,weather_outage,non_ramp,5118,0.9337631887456037,0.03376318874560369,16.750146091294877,13.467746168375015,22.158708930605602,3.871712160886685,7.3324542354057405,0.0,0.03376318874560369,0.1288472776253452,0.17045160715850463,
CSGS2,q4_2020,4,robust_condition_cqr,weather_outage,ramp,770,0.6506493506493507,0.24935064935064932,28.324553182895308,26.930437088012695,85.45793972361784,11.753423369085635,16.581842920669875,0.24935064935064932,0.0,0.2178811783299639,0.6573687671047527,0.13077445652173914
CSGS2,q4_2020,4,robust_local_cqr,clean,non_ramp,5118,0.9445095740523642,0.04450957405236422,18.558433179525586,12.211076825857162,21.088758710798004,3.838619585033621,7.2863157718738005,0.0,0.04450957405236422,0.14275717830404297,0.16222122085229235,
CSGS2,q4_2020,4,robust_local_cqr,clean,ramp,770,0.8363636363636363,0.06363636363636371,38.36658485524066,35.92291069030762,67.56242383300484,10.652082442772853,15.66352869738146,0.06363636363636371,0.0,0.2951275758095435,0.5197109525615757,0.13077445652173914
CSGS2,q4_2020,4,robust_local_cqr,combined_outage,non_ramp,5118,0.9261430246189918,0.02614302461899176,22.105651519263667,16.901024639606476,27.045356258161654,5.171041952065422,9.032654487716803,0.0,0.02614302461899176,0.17004347322510513,0.20804120198585888,
CSGS2,q4_2020,4,robust_local_cqr,combined_outage,ramp,770,0.8038961038961039,0.09610389610389614,41.276401219589566,38.63499069213867,72.00676487963405,12.937416137348523,16.886284776482245,0.09610389610389614,0.0,0.31751077861222743,0.5538981913818004,0.13077445652173914
CSGS2,q4_2020,4,robust_local_cqr,irradiance_outage,non_ramp,5118,0.9538882375928097,0.053888237592809696,20.33379219596694,13.918061912059784,22.25827283175184,4.003151098150511,7.451440651865342,0.0,0.053888237592809696,0.1564137861228226,0.17121748332116798,
CSGS2,q4_2020,4,robust_local_cqr,irradiance_outage,ramp,770,0.8493506493506493,0.05064935064935072,42.27047218752469,40.649696350097656,68.47642082210582,11.482481002807617,16.002196011309437,0.05064935064935072,0.0,0.3251574783655745,0.5267416986315833,0.13077445652173914
CSGS2,q4_2020,4,robust_local_cqr,recent_power_outage,non_ramp,5118,0.9337631887456037,0.03376318874560369,21.136314476183603,13.090791463851929,24.77421097736073,4.9194675064578375,8.792027093591464,0.0,0.03376318874560369,0.16258703443218156,0.19057085367200563,
CSGS2,q4_2020,4,robust_local_cqr,recent_power_outage,ramp,770,0.8285714285714286,0.0714285714285714,39.195057558817425,37.964590549468994,65.32148250925609,10.897848646362107,15.213204856745378,0.0714285714285714,0.0,0.30150044276013405,0.502472942378893,0.13077445652173914
CSGS2,q4_2020,4,robust_local_cqr,weather_outage,non_ramp,5118,0.9474404064087534,0.047440406408753355,19.04496414383026,15.630106449127197,21.674472749146663,3.871712160886685,7.3324542354057405,0.0,0.047440406408753355,0.1464997241833097,0.16672671345497433,
CSGS2,q4_2020,4,robust_local_cqr,weather_outage,ramp,770,0.787012987012987,0.11298701298701297,38.17079439712325,35.457690954208374,72.4535868941141,11.753423369085635,16.581842920669875,0.11298701298701297,0.0,0.29362149536248655,0.5573352838008777,0.13077445652173914
CSGS2,q4_2020,4,robust_risk_mondrian,clean,non_ramp,5118,0.9407971864009379,0.04079718640093788,17.2971383028572,10.193022012710571,20.902893837973522,3.838619585033621,7.2863157718738005,0.0,0.04079718640093788,0.13305491002197845,0.16079149106133478,
CSGS2,q4_2020,4,robust_risk_mondrian,clean,ramp,770,0.8038961038961039,0.09610389610389614,35.46045688118834,34.439724922180176,69.4757793311078,10.652082442772853,15.66352869738146,0.09610389610389614,0.0,0.27277274523991035,0.5344290717777523,0.13077445652173914
CSGS2,q4_2020,4,robust_risk_mondrian,combined_outage,non_ramp,5118,0.9400156311059007,0.04001563110590067,21.862949933771926,19.557525634765625,27.91948880935754,5.171041952065422,9.032654487716803,0.0,0.04001563110590067,0.16817653795209173,0.21476529853351953,
CSGS2,q4_2020,4,robust_risk_mondrian,combined_outage,ramp,770,0.7792207792207793,0.12077922077922076,39.439093425860264,39.51501226425171,72.16170145957308,12.937416137348523,16.886284776482245,0.12077922077922076,0.0,0.3033776417373866,0.5550900112274852,0.13077445652173914
CSGS2,q4_2020,4,robust_risk_mondrian,irradiance_outage,non_ramp,5118,0.9439234075810864,0.04392340758108637,18.685904655898163,11.594469577074051,21.920424225356907,4.003151098150511,7.451440651865342,0.0,0.04392340758108637,0.14373772812229357,0.16861864788736083,
CSGS2,q4_2020,4,robust_risk_mondrian,irradiance_outage,ramp,770,0.8064935064935065,0.09350649350649354,38.35256183836851,38.66050922870636,71.2853824185909,11.482481002807617,16.002196011309437,0.09350649350649354,0.0,0.2950197064489885,0.5483490955276223,0.13077445652173914
CSGS2,q4_2020,4,robust_risk_mondrian,recent_power_outage,non_ramp,5118,0.9337631887456037,0.03376318874560369,20.020892272958836,14.814065992832184,25.207136909185532,4.9194675064578375,8.792027093591464,0.0,0.03376318874560369,0.1540068636381449,0.19390105314758102,
CSGS2,q4_2020,4,robust_risk_mondrian,recent_power_outage,ramp,770,0.787012987012987,0.11298701298701297,36.411926500417,36.54501295089722,66.71471367429507,10.897848646362107,15.213204856745378,0.11298701298701297,0.0,0.2800917423109,0.5131901051868851,0.13077445652173914
CSGS2,q4_2020,4,robust_risk_mondrian,weather_outage,non_ramp,5118,0.9370847987495116,0.03708479874951154,17.81019059102691,12.439416825771332,21.33785805627507,3.871712160886685,7.3324542354057405,0.0,0.03708479874951154,0.1370014660848224,0.1641373696636544,
CSGS2,q4_2020,4,robust_risk_mondrian,weather_outage,ramp,770,0.7597402597402597,0.1402597402597403,35.48836098335103,34.62972640991211,75.16207411009093,11.753423369085635,16.581842920669875,0.1402597402597403,0.0,0.2729873921796233,0.5781698008468533,0.13077445652173914
CSGS2,q4_2020,4,robust_rolling_cqr,clean,non_ramp,5118,0.9212583040250097,0.021258304025009722,16.75141546606007,11.598691157996655,21.633738473571015,3.838619585033621,7.2863157718738005,0.0,0.021258304025009722,0.12885704204661594,0.16641337287362318,
CSGS2,q4_2020,4,robust_rolling_cqr,clean,ramp,770,0.7285714285714285,0.17142857142857149,28.869920137427844,27.128939628601074,74.34131192675271,10.652082442772853,15.66352869738146,0.17142857142857149,0.0,0.22207630874944495,0.5718562455904055,0.13077445652173914
CSGS2,q4_2020,4,robust_rolling_cqr,combined_outage,non_ramp,5118,0.9146150840171943,0.014615084017194246,21.109080465284844,17.84305477142334,28.16452462734868,5.171041952065422,9.032654487716803,0.0,0.014615084017194246,0.16237754204065263,0.2166501894411437,
CSGS2,q4_2020,4,robust_rolling_cqr,combined_outage,ramp,770,0.7012987012987013,0.1987012987012987,35.244679523922215,34.325600147247314,75.14156557849378,12.937416137348523,16.886284776482245,0.1987012987012987,0.0,0.27111291941478627,0.5780120429114907,0.13077445652173914
CSGS2,q4_2020,4,robust_rolling_cqr,irradiance_outage,non_ramp,5118,0.9220398593200468,0.022039859320046817,17.896470497987657,12.229026392102242,22.3106460228877,4.003151098150511,7.451440651865342,0.0,0.022039859320046817,0.13766515767682813,0.17162035402221307,
CSGS2,q4_2020,4,robust_rolling_cqr,irradiance_outage,ramp,770,0.7415584415584415,0.1584415584415585,32.68414810508877,32.417426109313965,75.24004487650735,11.482481002807617,16.002196011309437,0.1584415584415585,0.0,0.2514165238852982,0.5787695759731335,0.13077445652173914
CSGS2,q4_2020,4,robust_rolling_cqr,recent_power_outage,non_ramp,5118,0.9144196951934349,0.01441969519343489,19.62443717491084,12.974253416061401,25.591032749518675,4.9194675064578375,8.792027093591464,0.0,0.01441969519343489,0.1509572090377757,0.19685409807322057,
CSGS2,q4_2020,4,robust_rolling_cqr,recent_power_outage,ramp,770,0.7324675324675325,0.16753246753246753,32.40992452005868,31.653686046600342,69.58381498377625,10.897848646362107,15.213204856745378,0.16753246753246753,0.0,0.24930711169275907,0.5352601152598173,0.13077445652173914
CSGS2,q4_2020,4,robust_rolling_cqr,weather_outage,non_ramp,5118,0.9261430246189918,0.02614302461899176,17.79830496314782,13.645852208137512,22.336990931115217,3.871712160886685,7.3324542354057405,0.0,0.02614302461899176,0.13691003817806016,0.17182300716242474,
CSGS2,q4_2020,4,robust_rolling_cqr,weather_outage,ramp,770,0.6818181818181818,0.21818181818181825,29.806497748273532,28.592148780822754,81.24253688951978,11.753423369085635,16.581842920669875,0.21818181818181825,0.0,0.2292807519097964,0.6249425914578445,0.13077445652173914
CSGS5,q1_2020,1,clean_condition_cqr,clean,non_ramp,3372,0.8870106761565836,0.012989323843416445,12.723219959513647,11.03575086593628,16.058393289711592,2.512018539521607,3.7479769009978403,0.012989323843416445,0.0,0.11566563599557861,0.14598539354283266,
CSGS5,q1_2020,1,clean_condition_cqr,clean,ramp,334,0.3263473053892216,0.5736526946107785,24.63653825571437,25.204211235046387,133.41048184840264,16.68720196392722,18.752933554530134,0.5736526946107785,0.0,0.22396852959740338,1.2128225622582058,0.0901241230437129
CSGS5,q1_2020,1,clean_condition_cqr,combined_outage,non_ramp,3372,0.861803084223013,0.03819691577698703,63.85142657143083,63.782901763916016,97.14487767474083,19.344147012484495,28.335125933016517,0.03819691577698703,0.0,0.5804675142857348,0.883135251588553,
CSGS5,q1_2020,1,clean_condition_cqr,combined_outage,ramp,334,0.8083832335329342,0.09161676646706585,63.492830801866724,63.855417251586914,107.46543460548995,30.945199356821483,36.90118932093158,0.09161676646706585,0.0,0.577207552744243,0.9769584964135449,0.0901241230437129
CSGS5,q1_2020,1,clean_condition_cqr,irradiance_outage,non_ramp,3372,0.8982799525504152,0.0017200474495848717,26.103120341408047,16.494614452123642,29.3653322511637,4.545202529694762,6.199333505298553,0.0017200474495848717,0.0,0.23730109401280042,0.26695756591967,
CSGS5,q1_2020,1,clean_condition_cqr,irradiance_outage,ramp,334,0.5688622754491018,0.3311377245508982,41.89844500465308,43.54792261123657,119.74345199308709,16.598836517619514,19.443804434618407,0.3311377245508982,0.0,0.38089495458775524,1.0885768363007917,0.0901241230437129
CSGS5,q1_2020,1,clean_condition_cqr,recent_power_outage,non_ramp,3372,0.8493475682087782,0.05065243179122181,41.37015994389852,36.409263610839844,65.5067738327126,15.634264506778015,25.212390081549,0.05065243179122181,0.0,0.3760923631263502,0.5955161257519327,
CSGS5,q1_2020,1,clean_condition_cqr,recent_power_outage,ramp,334,0.6736526946107785,0.22634730538922154,52.923566389940454,54.441558837890625,124.96016027827463,27.16948080776694,33.09369663956452,0.22634730538922154,0.0,0.48112333081764047,1.136001457075224,0.0901241230437129
CSGS5,q1_2020,1,clean_condition_cqr,weather_outage,non_ramp,3372,0.8920521945432978,0.007947805456702262,13.146169210296916,11.41179370880127,16.349166210625892,2.607173232266664,3.863707090590462,0.007947805456702262,0.0,0.11951062918451742,0.14862878373296265,
CSGS5,q1_2020,1,clean_condition_cqr,weather_outage,ramp,334,0.3203592814371258,0.5796407185628742,24.60520394048291,25.41472625732422,131.33232597319665,16.59289842451404,18.660802716232666,0.5796407185628742,0.0,0.22368367218620827,1.1939302361199695,0.0901241230437129
CSGS5,q1_2020,1,lgbm_condition_cqr,clean,non_ramp,3372,0.8861209964412812,0.01387900355871885,15.822997226692808,14.590231657028198,18.8839456744527,2.407639038219025,3.5810231720543837,0.01387900355871885,0.0,0.14384542933357097,0.17167223340411547,
CSGS5,q1_2020,1,lgbm_condition_cqr,clean,ramp,334,0.5059880239520959,0.39401197604790417,30.861241621885473,31.26906967163086,96.12224001084974,16.898774716668502,19.1172560611153,0.39401197604790417,0.0,0.28055674201714065,0.8738385455531794,0.0901241230437129
CSGS5,q1_2020,1,lgbm_condition_cqr,combined_outage,non_ramp,3372,0.8594306049822064,0.040569395017793664,60.88878166406887,62.551361083984375,91.93957253905236,19.07297123215423,28.532549355332012,0.040569395017793664,0.0,0.5535343787642625,0.8358142958095669,
CSGS5,q1_2020,1,lgbm_condition_cqr,combined_outage,ramp,334,0.8023952095808383,0.0976047904191617,62.40206222762605,63.11361312866211,106.1310473573422,31.86890818401725,37.65642734276075,0.0976047904191617,0.0,0.5672914747966005,0.9648277032485655,0.0901241230437129
CSGS5,q1_2020,1,lgbm_condition_cqr,irradiance_outage,non_ramp,3372,0.8125741399762753,0.08742586002372477,19.468705905735924,16.499363660812378,23.805374179936678,4.046756637140707,5.65317287295143,0.08742586002372477,0.0,0.1769882355066902,0.21641249254487888,
CSGS5,q1_2020,1,lgbm_condition_cqr,irradiance_outage,ramp,334,0.655688622754491,0.244311377245509,36.556446175375385,37.65829372406006,87.27807948118199,16.79267930270669,19.780960484360392,0.244311377245509,0.0,0.33233132886704897,0.7934370861925636,0.0901241230437129
CSGS5,q1_2020,1,lgbm_condition_cqr,recent_power_outage,non_ramp,3372,0.8567615658362989,0.0432384341637011,57.95624206244309,58.44095802307129,86.98382384864743,16.82563317912517,25.866952075507758,0.0432384341637011,0.0,0.5268749278403917,0.7907620349877039,
CSGS5,q1_2020,1,lgbm_condition_cqr,recent_power_outage,ramp,334,0.8053892215568862,0.09461077844311383,61.5131786826128,62.098350524902344,103.80198333648865,28.38580666045229,34.02831122387899,0.09461077844311383,0.0,0.55921071529648,0.9436543939680786,0.0901241230437129
CSGS5,q1_2020,1,lgbm_condition_cqr,weather_outage,non_ramp,3372,0.8876037959667853,0.01239620403321473,16.111278105438437,14.917157173156738,19.043646606534576,2.4379364268128976,3.6106536995986334,0.01239620403321473,0.0,0.1464661645948949,0.17312406005940523,
CSGS5,q1_2020,1,lgbm_condition_cqr,weather_outage,ramp,334,0.5089820359281437,0.3910179640718563,31.23445201990847,31.480464935302734,93.87123669907004,16.9370377998866,19.110837314285163,0.3910179640718563,0.0,0.28394956381734976,0.8533748790824549,0.0901241230437129
CSGS5,q1_2020,1,oracle_ramp_mondrian,clean,non_ramp,3372,0.9134045077105575,0.013404507710557456,20.31984743034107,20.116197377443314,22.688079229283886,2.8732622517700586,4.490665028864749,0.0,0.013404507710557456,0.18472588573037338,0.2062552657207626,
CSGS5,q1_2020,1,oracle_ramp_mondrian,clean,ramp,334,0.874251497005988,0.02574850299401199,51.933995066746,53.30855071544647,65.90001115088022,15.703846917180957,18.244559954603123,0.02574850299401199,0.0,0.4721272278795091,0.5990910104625474,0.0901241230437129
CSGS5,q1_2020,1,oracle_ramp_mondrian,combined_outage,non_ramp,3372,0.6705219454329775,0.22947805456702253,27.65666324213,29.215744137763977,82.69497435347417,11.997375023214882,17.06209789646661,0.22947805456702253,0.0,0.2514242112920909,0.7517724941224924,
CSGS5,q1_2020,1,oracle_ramp_mondrian,combined_outage,ramp,334,0.874251497005988,0.02574850299401199,54.9980833004647,55.15446615219116,76.07802946435031,15.329333582324182,19.011482750476496,0.02574850299401199,0.0,0.49998257545877,0.6916184496759119,0.0901241230437129
CSGS5,q1_2020,1,oracle_ramp_mondrian,irradiance_outage,non_ramp,3372,0.9261565836298933,0.02615658362989326,25.551026085685354,25.242243766784668,27.61686660799051,3.6373305786885752,5.527720656631248,0.0,0.02615658362989326,0.23228205532441232,0.2510624237090046,
CSGS5,q1_2020,1,oracle_ramp_mondrian,irradiance_outage,ramp,334,0.8922155688622755,0.0077844311377245345,51.82106282202873,52.274073123931885,66.780775050404,15.168156381138784,17.659650822257085,0.0077844311377245345,0.0,0.4711005711093521,0.6070979550036728,0.0901241230437129
CSGS5,q1_2020,1,oracle_ramp_mondrian,recent_power_outage,non_ramp,3372,0.8837485172004745,0.016251482799525485,28.426470468834808,29.96017837524414,33.75220961236599,5.530924052482279,8.27904546000349,0.016251482799525485,0.0,0.2584224588075892,0.3068382692033272,
CSGS5,q1_2020,1,oracle_ramp_mondrian,recent_power_outage,ramp,334,0.8952095808383234,0.004790419161676662,54.21713407424106,54.66742396354675,68.95995866294817,14.723018700491169,17.927673752970584,0.004790419161676662,0.0,0.49288303703855507,0.6269087151177106,0.0901241230437129
CSGS5,q1_2020,1,oracle_ramp_mondrian,weather_outage,non_ramp,3372,0.9151838671411625,0.015183867141162488,20.88485892678365,20.623541235923767,23.164309923194665,2.959088611981471,4.613814842162145,0.0,0.015183867141162488,0.18986235387985137,0.21058463566540606,
CSGS5,q1_2020,1,oracle_ramp_mondrian,weather_outage,ramp,334,0.8862275449101796,0.01377245508982039,51.277477513307225,52.34241533279419,64.54537687236498,15.687903688339416,18.153446883517265,0.01377245508982039,0.0,0.4661588864846111,0.5867761533851362,0.0901241230437129
CSGS5,q1_2020,1,persistence_condition_cqr,clean,non_ramp,3372,0.9228944246737841,0.02289442467378411,12.902550413655526,14.279998779296875,15.408066649594225,2.9606494917307815,3.8972046610754587,0.0,0.02289442467378411,0.11729591285141387,0.1400733331781293,
CSGS5,q1_2020,1,persistence_condition_cqr,clean,ramp,334,0.0,0.9,14.230778324389886,14.279998779296875,250.41760462486815,18.94934127966087,20.73145599839403,0.9,0.0,0.12937071203990805,2.276523678407892,0.0901241230437129
CSGS5,q1_2020,1,persistence_condition_cqr,combined_outage,non_ramp,3372,0.6648873072360617,0.2351126927639383,,,,,,0.2351126927639383,0.0,,,
CSGS5,q1_2020,1,persistence_condition_cqr,combined_outage,ramp,334,0.6766467065868264,0.22335329341317367,,,,,,0.22335329341317367,0.0,,,0.0901241230437129
CSGS5,q1_2020,1,persistence_condition_cqr,irradiance_outage,non_ramp,3372,0.9228944246737841,0.02289442467378411,12.902550413655526,14.279998779296875,15.408066649594225,2.9606494917307815,3.8972046610754587,0.0,0.02289442467378411,0.11729591285141387,0.1400733331781293,
CSGS5,q1_2020,1,persistence_condition_cqr,irradiance_outage,ramp,334,0.0,0.9,14.230778324389886,14.279998779296875,250.41760462486815,18.94934127966087,20.73145599839403,0.9,0.0,0.12937071203990805,2.276523678407892,0.0901241230437129
CSGS5,q1_2020,1,persistence_condition_cqr,recent_power_outage,non_ramp,3372,0.6648873072360617,0.2351126927639383,,,,,,0.2351126927639383,0.0,,,
CSGS5,q1_2020,1,persistence_condition_cqr,recent_power_outage,ramp,334,0.6766467065868264,0.22335329341317367,,,,,,0.22335329341317367,0.0,,,0.0901241230437129
CSGS5,q1_2020,1,persistence_condition_cqr,weather_outage,non_ramp,3372,0.9228944246737841,0.02289442467378411,12.902550413655526,14.279998779296875,15.408066649594225,2.9606494917307815,3.8972046610754587,0.0,0.02289442467378411,0.11729591285141387,0.1400733331781293,
CSGS5,q1_2020,1,persistence_condition_cqr,weather_outage,ramp,334,0.0,0.9,14.230778324389886,14.279998779296875,250.41760462486815,18.94934127966087,20.73145599839403,0.9,0.0,0.12937071203990805,2.276523678407892,0.0901241230437129
CSGS5,q1_2020,1,robust_condition_cqr,clean,non_ramp,3372,0.9134045077105575,0.013404507710557456,20.31984743034107,20.116197377443314,22.688079229283886,2.8732622517700586,4.490665028864749,0.0,0.013404507710557456,0.18472588573037338,0.2062552657207626,
CSGS5,q1_2020,1,robust_condition_cqr,clean,ramp,334,0.5658682634730539,0.33413173652694617,31.987502616322683,33.08767127990723,97.71836095084687,15.703846917180957,18.244559954603123,0.33413173652694617,0.0,0.2907954783302062,0.8883487359167898,0.0901241230437129
CSGS5,q1_2020,1,robust_condition_cqr,combined_outage,non_ramp,3372,0.6989916963226572,0.2010083036773428,28.470571818099494,30.054855346679688,80.86790945978139,11.997375023214882,17.06209789646661,0.2010083036773428,0.0,0.2588233801645409,0.7351628132707398,
CSGS5,q1_2020,1,robust_condition_cqr,combined_outage,ramp,334,0.6766467065868264,0.22335329341317367,35.71563544056328,35.58052062988281,98.8777595546855,15.329333582324182,19.011482750476496,0.22335329341317367,0.0,0.3246875949142117,0.8988887232244136,0.0901241230437129
CSGS5,q1_2020,1,robust_condition_cqr,irradiance_outage,non_ramp,3372,0.9261565836298933,0.02615658362989326,25.551026085685354,25.242243766784668,27.61686660799051,3.6373305786885752,5.527720656631248,0.0,0.02615658362989326,0.23228205532441232,0.2510624237090046,
CSGS5,q1_2020,1,robust_condition_cqr,irradiance_outage,ramp,334,0.625748502994012,0.27425149700598805,34.46384811401367,34.664140701293945,88.02233983228307,15.168156381138784,17.659650822257085,0.27425149700598805,0.0,0.313307710127397,0.8002030893843916,0.0901241230437129
CSGS5,q1_2020,1,robust_condition_cqr,recent_power_outage,non_ramp,3372,0.8837485172004745,0.016251482799525485,28.426470468834808,29.96017837524414,33.75220961236599,5.530924052482279,8.27904546000349,0.016251482799525485,0.0,0.2584224588075892,0.3068382692033272,
CSGS5,q1_2020,1,robust_condition_cqr,recent_power_outage,ramp,334,0.6646706586826348,0.23532934131736527,36.63914644789553,36.846986293792725,87.363270014346,14.723018700491169,17.927673752970584,0.23532934131736527,0.0,0.33308314952632295,0.7942115455849637,0.0901241230437129
CSGS5,q1_2020,1,robust_condition_cqr,weather_outage,non_ramp,3372,0.9151838671411625,0.015183867141162488,20.88485892678365,20.623541235923767,23.164309923194665,2.959088611981471,4.613814842162145,0.0,0.015183867141162488,0.18986235387985137,0.21058463566540606,
CSGS5,q1_2020,1,robust_condition_cqr,weather_outage,ramp,334,0.5598802395209581,0.3401197604790419,31.914971356977247,32.750684320926666,95.55129566271148,15.687903688339416,18.153446883517265,0.3401197604790419,0.0,0.2901361032452477,0.8686481423882862,0.0901241230437129
CSGS5,q1_2020,1,robust_local_cqr,clean,non_ramp,3372,0.9513641755634639,0.05136417556346384,22.36435489355906,20.801388576626778,23.661477411628965,2.8732622517700586,4.490665028864749,0.0,0.05136417556346384,0.20331231721417328,0.21510434010571786,
CSGS5,q1_2020,1,robust_local_cqr,clean,ramp,334,0.6706586826347305,0.22934131736526953,38.36840154881963,38.97485637664795,82.04517497987804,15.703846917180957,18.244559954603123,0.22934131736526953,0.0,0.3488036504438148,0.7458652270898004,0.0901241230437129
CSGS5,q1_2020,1,robust_local_cqr,combined_outage,non_ramp,3372,0.7532621589561092,0.14673784104389087,31.480291880396766,31.58595848083496,76.88662736454265,11.997375023214882,17.06209789646661,0.14673784104389087,0.0,0.28618447163997063,0.6989693396776604,
CSGS5,q1_2020,1,robust_local_cqr,combined_outage,ramp,334,0.7365269461077845,0.16347305389221556,41.049945311520446,39.89435577392578,88.3152517443244,15.329333582324182,19.011482750476496,0.16347305389221556,0.0,0.37318132101382223,0.8028659249484036,0.0901241230437129
CSGS5,q1_2020,1,robust_local_cqr,irradiance_outage,non_ramp,3372,0.9593712930011863,0.059371293001186265,27.412298980712468,25.958773612976074,28.35349681424789,3.6373305786885752,5.527720656631248,0.0,0.059371293001186265,0.24920271800647698,0.2577590619477081,
CSGS5,q1_2020,1,robust_local_cqr,irradiance_outage,ramp,334,0.7005988023952096,0.19940119760479047,38.64159561952431,38.62403869628906,79.30353956343885,15.168156381138784,17.659650822257085,0.19940119760479047,0.0,0.35128723290476643,0.7209412687585349,0.0901241230437129
CSGS5,q1_2020,1,robust_local_cqr,recent_power_outage,non_ramp,3372,0.9344602609727165,0.03446026097271648,30.25347590689676,30.51691722869873,33.916053516573065,5.530924052482279,8.27904546000349,0.0,0.03446026097271648,0.2750315991536069,0.3083277592415733,
CSGS5,q1_2020,1,robust_local_cqr,recent_power_outage,ramp,334,0.7125748502994012,0.18742514970059887,39.66998941402235,39.67915630340576,81.25428895268611,14.723018700491169,17.927673752970584,0.18742514970059887,0.0,0.3606362674002032,0.7386753541153283,0.0901241230437129
CSGS5,q1_2020,1,robust_local_cqr,weather_outage,non_ramp,3372,0.9504744958481613,0.05047449584816133,23.053794489868405,21.55344533920288,24.282468713360533,2.959088611981471,4.613814842162145,0.0,0.05047449584816133,0.20957994990789458,0.22074971557600484,
CSGS5,q1_2020,1,robust_local_cqr,weather_outage,ramp,334,0.6796407185628742,0.2203592814371258,38.40181815017483,38.99665546417236,78.55743318582009,15.687903688339416,18.153446883517265,0.2203592814371258,0.0,0.3491074377288621,0.7141584835074554,0.0901241230437129
CSGS5,q1_2020,1,robust_risk_mondrian,clean,non_ramp,3372,0.9211150652431791,0.021115065243179076,21.21585956167737,21.076940953731537,23.247291264958506,2.8732622517700586,4.490665028864749,0.0,0.021115065243179076,0.19287145056070337,0.21133901149962278,
CSGS5,q1_2020,1,robust_risk_mondrian,clean,ramp,334,0.6167664670658682,0.2832335329341318,34.21558652952046,35.44390106201172,91.08143642419826,15.703846917180957,18.244559954603123,0.2832335329341318,0.0,0.31105078663200414,0.8280130584018024,0.0901241230437129
CSGS5,q1_2020,1,robust_risk_mondrian,combined_outage,non_ramp,3372,0.7061091340450771,0.1938908659549229,29.01571424188775,31.007322311401367,80.17312517616354,11.997375023214882,17.06209789646661,0.1938908659549229,0.0,0.2637792203807977,0.7288465925105776,
CSGS5,q1_2020,1,robust_risk_mondrian,combined_outage,ramp,334,0.6796407185628742,0.2203592814371258,36.485979627795565,36.45536708831787,96.44625603733306,15.329333582324182,19.011482750476496,0.2203592814371258,0.0,0.3316907238890506,0.8767841457939369,0.0901241230437129
CSGS5,q1_2020,1,robust_risk_mondrian,irradiance_outage,non_ramp,3372,0.9264531435349941,0.02645314353499406,25.66861012640746,25.461819648742676,27.691597965006117,3.6373305786885752,5.527720656631248,0.0,0.02645314353499406,0.23335100114915874,0.25174179968187377,
CSGS5,q1_2020,1,robust_risk_mondrian,irradiance_outage,ramp,334,0.6287425149700598,0.2712574850299402,34.77432203292847,35.02295684814453,87.19946016951235,15.168156381138784,17.659650822257085,0.2712574850299402,0.0,0.3161302002993497,0.792722365177385,0.0901241230437129
CSGS5,q1_2020,1,robust_risk_mondrian,recent_power_outage,non_ramp,3372,0.8837485172004745,0.016251482799525485,28.43073050766586,29.96017837524414,33.753078011154976,5.530924052482279,8.27904546000349,0.016251482799525485,0.0,0.258461186433326,0.3068461637377725,
CSGS5,q1_2020,1,robust_risk_mondrian,recent_power_outage,ramp,334,0.6646706586826348,0.23532934131736527,36.63914644789553,36.846986293792725,87.363270014346,14.723018700491169,17.927673752970584,0.23532934131736527,0.0,0.33308314952632295,0.7942115455849637,0.0901241230437129
CSGS5,q1_2020,1,robust_risk_mondrian,weather_outage,non_ramp,3372,0.9264531435349941,0.02645314353499406,21.4887437840549,21.627431869506836,23.449150970195376,2.959088611981471,4.613814842162145,0.0,0.02645314353499406,0.1953522162186809,0.21317409972904888,
CSGS5,q1_2020,1,robust_risk_mondrian,weather_outage,ramp,334,0.5868263473053892,0.31317365269461084,33.08226051123556,33.95327281951904,91.80494433784199,15.687903688339416,18.153446883517265,0.31317365269461084,0.0,0.3007478228294142,0.8345904030712908,0.0901241230437129
CSGS5,q1_2020,1,robust_rolling_cqr,clean,non_ramp,3372,0.9303084223013048,0.030308422301304816,20.730721785702983,20.45575761795044,22.8433543593747,2.8732622517700586,4.490665028864749,0.0,0.030308422301304816,0.18846110714275438,0.20766685781249727,
CSGS5,q1_2020,1,robust_rolling_cqr,clean,ramp,334,0.5748502994011976,0.32514970059880244,32.46181696831823,33.53756141662598,96.28613055466178,15.703846917180957,18.244559954603123,0.32514970059880244,0.0,0.2951074269847112,0.8753284595878343,0.0901241230437129
CSGS5,q1_2020,1,robust_rolling_cqr,combined_outage,non_ramp,3372,0.8938315539739027,0.006168446026097341,46.70508261138481,48.38023376464844,63.406119438451285,11.997375023214882,17.06209789646661,0.006168446026097341,0.0,0.4245916601034983,0.5764192676222845,
CSGS5,q1_2020,1,robust_rolling_cqr,combined_outage,ramp,334,0.8562874251497006,0.043712574850299446,55.238148200520854,55.744853019714355,76.56707442971225,15.329333582324182,19.011482750476496,0.043712574850299446,0.0,0.5021649836410986,0.6960643129973841,0.0901241230437129
CSGS5,q1_2020,1,robust_rolling_cqr,irradiance_outage,non_ramp,3372,0.9314946619217082,0.031494661921708134,25.76240695239758,25.474295616149902,27.702055828987337,3.6373305786885752,5.527720656631248,0.0,0.031494661921708134,0.23420369956725073,0.25183687117261216,
CSGS5,q1_2020,1,robust_rolling_cqr,irradiance_outage,ramp,334,0.6317365269461078,0.2682634730538922,34.78585593928834,35.25843524932861,87.36914851208647,15.168156381138784,17.659650822257085,0.2682634730538922,0.0,0.31623505399353036,0.7942649864735134,0.0901241230437129
CSGS5,q1_2020,1,robust_rolling_cqr,recent_power_outage,non_ramp,3372,0.9128113879003559,0.012811387900355853,29.488366649947782,31.37263298034668,33.94308115804967,5.530924052482279,8.27904546000349,0.0,0.012811387900355853,0.26807606045407073,0.30857346507317884,
CSGS5,q1_2020,1,robust_rolling_cqr,recent_power_outage,ramp,334,0.688622754491018,0.21137724550898207,37.89577573573518,38.17853879928589,84.83414719418852,14.723018700491169,17.927673752970584,0.21137724550898207,0.0,0.34450705214304705,0.7712195199471683,0.0901241230437129
CSGS5,q1_2020,1,robust_rolling_cqr,weather_outage,non_ramp,3372,0.9261565836298933,0.02615658362989326,21.24642813168248,20.953208923339844,23.323265596557867,2.959088611981471,4.613814842162145,0.0,0.02615658362989326,0.19314934665165892,0.21202968724143514,
CSGS5,q1_2020,1,robust_rolling_cqr,weather_outage,ramp,334,0.5688622754491018,0.3311377245508982,32.30904808122955,33.18035840988159,94.31859185417255,15.687903688339416,18.153446883517265,0.3311377245508982,0.0,0.2937186189202686,0.8574417441288414,0.0901241230437129
CSGS5,q1_2020,4,clean_condition_cqr,clean,non_ramp,2896,0.9078038674033149,0.007803867403314846,25.54513363912392,24.6257905960083,31.15821014177671,5.386691847945549,7.7519870076393484,0.0,0.007803867403314846,0.2322284876283993,0.28325645583433373,
CSGS5,q1_2020,4,clean_condition_cqr,clean,ramp,543,0.6279926335174953,0.2720073664825047,34.65427536422706,38.29423141479492,115.5071800352515,16.491140452976826,20.913793271482447,0.2720073664825047,0.0,0.31503886694751876,1.0500652730477409,0.15789473684210525
CSGS5,q1_2020,4,clean_condition_cqr,combined_outage,non_ramp,2896,0.8249309392265194,0.07506906077348063,60.40809793762081,63.507652282714844,103.13056610302372,19.968394286473263,28.402873076634474,0.07506906077348063,0.0,0.5491645267056438,0.9375506009365793,
CSGS5,q1_2020,4,clean_condition_cqr,combined_outage,ramp,543,0.852670349907919,0.04732965009208101,60.18312641797145,65.12237548828125,94.3769930704303,23.134743905199166,29.964468027540992,0.04732965009208101,0.0,0.5471193310724677,0.8579726642766391,0.15789473684210525
CSGS5,q1_2020,4,clean_condition_cqr,irradiance_outage,non_ramp,2896,0.8456491712707183,0.054350828729281764,34.49021759345119,28.831348419189453,42.64880277050392,8.72937707536666,11.700808449671365,0.054350828729281764,0.0,0.3135474326677381,0.38771638882276294,
CSGS5,q1_2020,4,clean_condition_cqr,irradiance_outage,ramp,543,0.7255985267034991,0.1744014732965009,41.98762565005989,44.60767459869385,114.91312298085369,16.711782613511904,22.233545035747607,0.1744014732965009,0.0,0.38170568772781716,1.0446647543713972,0.15789473684210525
CSGS5,q1_2020,4,clean_condition_cqr,recent_power_outage,non_ramp,2896,0.8062845303867403,0.09371546961325972,37.66251294939034,35.203058302402496,66.85600449087758,15.578973004713433,24.242485653229334,0.09371546961325972,0.0,0.342386481358094,0.607781859007978,
CSGS5,q1_2020,4,clean_condition_cqr,recent_power_outage,ramp,543,0.6869244935543278,0.2130755064456722,43.572806130539846,44.66154181212187,138.94005230522043,20.54460822284551,26.770995386015223,0.2130755064456722,0.0,0.396116419368544,1.263091384592913,0.15789473684210525
CSGS5,q1_2020,4,clean_condition_cqr,weather_outage,non_ramp,2896,0.9229972375690608,0.022997237569060802,27.722907449480903,26.30294144153595,31.65653318846637,5.649750029348391,7.856200391258417,0.0,0.022997237569060802,0.2520264313589173,0.28778666534969427,
CSGS5,q1_2020,4,clean_condition_cqr,weather_outage,ramp,543,0.6206261510128913,0.2793738489871087,35.079598341686015,38.33258819580078,110.99827647038339,17.43923071471367,21.402873338131695,0.2793738489871087,0.0,0.3189054394698729,1.0090752406398489,0.15789473684210525
CSGS5,q1_2020,4,lgbm_condition_cqr,clean,non_ramp,2896,0.9088397790055248,0.008839779005524795,30.255595884242773,30.05492675304413,34.604537177571736,5.06089618019258,7.318911207345076,0.0,0.008839779005524795,0.2750508716749343,0.31458670161428853,
CSGS5,q1_2020,4,lgbm_condition_cqr,clean,ramp,543,0.567219152854512,0.33278084714548806,35.404346502068734,34.567097663879395,105.70192086235595,19.02959367407839,23.330002604730147,0.33278084714548806,0.0,0.32185769547335213,0.960926553294145,0.15789473684210525
CSGS5,q1_2020,4,lgbm_condition_cqr,combined_outage,non_ramp,2896,0.8321823204419889,0.0678176795580111,56.45202736564762,59.24311065673828,88.48036497073937,19.194725744977454,29.098408916974932,0.0678176795580111,0.0,0.5132002487786148,0.8043669542794488,
CSGS5,q1_2020,4,lgbm_condition_cqr,combined_outage,ramp,543,0.8250460405156538,0.07495395948434624,54.64104659078749,59.166595458984375,91.32556042047715,27.333818674307064,33.82267423300702,0.07495395948434624,0.0,0.4967367871889772,0.8302323674588832,0.15789473684210525
CSGS5,q1_2020,4,lgbm_condition_cqr,irradiance_outage,non_ramp,2896,0.8342541436464088,0.0657458563535912,34.14057706519898,31.8545138835907,41.31438574817905,10.67591397144294,15.440757283661263,0.0657458563535912,0.0,0.3103688824108998,0.3755853249834459,
CSGS5,q1_2020,4,lgbm_condition_cqr,irradiance_outage,ramp,543,0.6316758747697975,0.26832412523020255,38.483026066825865,36.28861951828003,100.92212149194866,19.98673945720244,25.926322133449247,0.26832412523020255,0.0,0.3498456915165988,0.9174738317449878,0.15789473684210525
CSGS5,q1_2020,4,lgbm_condition_cqr,recent_power_outage,non_ramp,2896,0.8318370165745856,0.06816298342541438,52.02772606246962,53.50912284851074,84.47701648557307,14.33578938876024,21.773641146709835,0.06816298342541438,0.0,0.4729793278406329,0.7679728771415734,
CSGS5,q1_2020,4,lgbm_condition_cqr,recent_power_outage,ramp,543,0.8121546961325967,0.0878453038674033,53.301796387438536,57.3072509765625,92.3202272904711,22.659567204079355,28.305059760352606,0.0878453038674033,0.0,0.4845617853403503,0.8392747935497372,0.15789473684210525
CSGS5,q1_2020,4,lgbm_condition_cqr,weather_outage,non_ramp,2896,0.9074585635359116,0.0074585635359115665,30.33983656572126,30.445257484912872,35.07510556856406,5.198992795155909,7.454778758577683,0.0,0.0074585635359115665,0.2758166960520115,0.3188645960778551,
CSGS5,q1_2020,4,lgbm_condition_cqr,weather_outage,ramp,543,0.5340699815837937,0.3659300184162063,35.098234504406406,34.21639060974121,111.07154711329036,19.97517497807357,24.074151467543228,0.3659300184162063,0.0,0.31907485913096734,1.0097413373935489,0.15789473684210525
CSGS5,q1_2020,4,oracle_ramp_mondrian,clean,non_ramp,2896,0.8608425414364641,0.03915745856353592,33.27175716996207,37.200037479400635,40.27746294984608,6.361862781305812,9.314891274472295,0.03915745856353592,0.0,0.3024705197269279,0.3661587540895098,
CSGS5,q1_2020,4,oracle_ramp_mondrian,clean,ramp,543,0.9023941068139963,0.0023941068139963217,56.70401447566833,64.11800193786621,72.44133637496999,13.870539405727913,18.934199808938818,0.0,0.0023941068139963217,0.5154910406878939,0.6585576034088181,0.15789473684210525
CSGS5,q1_2020,4,oracle_ramp_mondrian,combined_outage,non_ramp,2896,0.6802486187845304,0.21975138121546967,34.605274418639716,39.274539947509766,96.85529416088254,15.30349096858061,21.27250075057118,0.21975138121546967,0.0,0.31459340380581563,0.8805026741898413,
CSGS5,q1_2020,4,oracle_ramp_mondrian,combined_outage,ramp,543,0.9116022099447514,0.011602209944751363,58.88527646825459,63.42256164550781,78.0756004752924,14.103219763789168,19.155889617202156,0.0,0.011602209944751363,0.5353206951659508,0.7097781861390219,0.15789473684210525
CSGS5,q1_2020,4,oracle_ramp_mondrian,irradiance_outage,non_ramp,2896,0.8535911602209945,0.04640883977900556,36.12065935034793,40.782479763031006,43.08558015214027,9.555164141094863,13.464789669846258,0.04640883977900556,0.0,0.32836963045770845,0.39168709229218424,
CSGS5,q1_2020,4,oracle_ramp_mondrian,irradiance_outage,ramp,543,0.9116022099447514,0.011602209944751363,59.917378193886634,66.88971877098083,73.96128249312211,13.465959648181501,18.525581485250825,0.0,0.011602209944751363,0.5447034381262421,0.6723752953920192,0.15789473684210525
CSGS5,q1_2020,4,oracle_ramp_mondrian,recent_power_outage,non_ramp,2896,0.8207872928176796,0.07921270718232043,36.52102008762702,41.144100189208984,47.62578784769597,11.070066760664611,14.884629577451923,0.07921270718232043,0.0,0.33200927352388204,0.43296170770632697,
CSGS5,q1_2020,4,oracle_ramp_mondrian,recent_power_outage,ramp,543,0.8895027624309392,0.010497237569060847,53.48708733551986,57.16245460510254,73.41165610542092,13.041309172496831,18.211584169497844,0.010497237569060847,0.0,0.486246248504726,0.6673786918674629,0.15789473684210525
CSGS5,q1_2020,4,oracle_ramp_mondrian,weather_outage,non_ramp,2896,0.8729281767955801,0.02707182320441992,33.84725809617597,37.284276485443115,40.27876223700524,6.5283685403206135,9.334310617767882,0.02707182320441992,0.0,0.30770234632887244,0.3661705657909567,
CSGS5,q1_2020,4,oracle_ramp_mondrian,weather_outage,ramp,543,0.8950276243093923,0.004972375690607711,56.07873665779815,63.014652252197266,73.15849311530083,14.290225537003295,19.184098702706656,0.004972375690607711,0.0,0.5098066968890741,0.6650772101390985,0.15789473684210525
CSGS5,q1_2020,4,persistence_condition_cqr,clean,non_ramp,2896,0.9844613259668509,0.08446132596685085,34.291723059211826,35.045000076293945,34.40905725764489,7.588863928943168,9.784883358909076,0.0,0.08446132596685085,0.31174293690192567,0.31280961143313535,
CSGS5,q1_2020,4,persistence_condition_cqr,clean,ramp,543,0.0,0.9,40.12388586890961,42.47999954223633,212.66126823362177,29.866869177388004,30.950767207369758,0.9,0.0,0.36476259880826917,1.9332842566692887,0.15789473684210525
CSGS5,q1_2020,4,persistence_condition_cqr,combined_outage,non_ramp,2896,0.7030386740331491,0.1969613259668509,,,,,,0.1969613259668509,0.0,,,
CSGS5,q1_2020,4,persistence_condition_cqr,combined_outage,ramp,543,0.4106813996316759,0.48931860036832414,,,,,,0.48931860036832414,0.0,,,0.15789473684210525
CSGS5,q1_2020,4,persistence_condition_cqr,irradiance_outage,non_ramp,2896,0.9844613259668509,0.08446132596685085,34.291723059211826,35.045000076293945,34.40905725764489,7.588863928943168,9.784883358909076,0.0,0.08446132596685085,0.31174293690192567,0.31280961143313535,
CSGS5,q1_2020,4,persistence_condition_cqr,irradiance_outage,ramp,543,0.0,0.9,40.12388586890961,42.47999954223633,212.66126823362177,29.866869177388004,30.950767207369758,0.9,0.0,0.36476259880826917,1.9332842566692887,0.15789473684210525
CSGS5,q1_2020,4,persistence_condition_cqr,recent_power_outage,non_ramp,2896,0.7030386740331491,0.1969613259668509,,,,,,0.1969613259668509,0.0,,,
CSGS5,q1_2020,4,persistence_condition_cqr,recent_power_outage,ramp,543,0.4106813996316759,0.48931860036832414,,,,,,0.48931860036832414,0.0,,,0.15789473684210525
CSGS5,q1_2020,4,persistence_condition_cqr,weather_outage,non_ramp,2896,0.9844613259668509,0.08446132596685085,34.291723059211826,35.045000076293945,34.40905725764489,7.588863928943168,9.784883358909076,0.0,0.08446132596685085,0.31174293690192567,0.31280961143313535,
CSGS5,q1_2020,4,persistence_condition_cqr,weather_outage,ramp,543,0.0,0.9,40.12388586890961,42.47999954223633,212.66126823362177,29.866869177388004,30.950767207369758,0.9,0.0,0.36476259880826917,1.9332842566692887,0.15789473684210525
CSGS5,q1_2020,4,robust_condition_cqr,clean,non_ramp,2896,0.8939917127071824,0.00600828729281766,34.225202051190685,38.178653717041016,40.062104126542636,6.361862781305812,9.314891274472295,0.00600828729281766,0.0,0.3111382004653699,0.3642009466049331,
CSGS5,q1_2020,4,robust_condition_cqr,clean,ramp,543,0.7605893186003683,0.13941068139963175,39.962415450295474,46.407981872558594,83.79250710939175,13.870539405727913,18.934199808938818,0.13941068139963175,0.0,0.36329468591177705,0.7617500646308341,0.15789473684210525
CSGS5,q1_2020,4,robust_condition_cqr,combined_outage,non_ramp,2896,0.7147790055248618,0.18522099447513818,36.78471246018147,41.57265281677246,92.13551092727332,15.30349096858061,21.27250075057118,0.18522099447513818,0.0,0.3344064769107406,0.8375955538843028,
CSGS5,q1_2020,4,robust_condition_cqr,combined_outage,ramp,543,0.7642725598526704,0.13572744014732963,40.679297091185525,43.33857345581055,89.96333894552406,14.103219763789168,19.155889617202156,0.13572744014732963,0.0,0.36981179173805023,0.8178485358684006,0.15789473684210525
CSGS5,q1_2020,4,robust_condition_cqr,irradiance_outage,non_ramp,2896,0.8895027624309392,0.010497237569060847,37.11660736290357,41.80256462097168,42.76863465022337,9.555164141094863,13.464789669846258,0.010497237569060847,0.0,0.33742370329912336,0.3888057695474852,
CSGS5,q1_2020,4,robust_condition_cqr,irradiance_outage,ramp,543,0.7734806629834254,0.12651933701657458,42.70985460056345,48.49028778076172,84.30183107983561,13.465959648181501,18.525581485250825,0.12651933701657458,0.0,0.38827140545966776,0.7663802825439601,0.15789473684210525
CSGS5,q1_2020,4,robust_condition_cqr,recent_power_outage,non_ramp,2896,0.8435773480662984,0.05642265193370166,37.10255427264113,41.74271774291992,47.20615364110708,11.070066760664611,14.884629577451923,0.05642265193370166,0.0,0.3372959479331012,0.4291468512827916,
CSGS5,q1_2020,4,robust_condition_cqr,recent_power_outage,ramp,543,0.7679558011049724,0.1320441988950276,39.402421465467725,42.029273986816406,84.68977867636116,13.041309172496831,18.211584169497844,0.1320441988950276,0.0,0.35820383150425206,0.7699070788760105,0.15789473684210525
CSGS5,q1_2020,4,robust_condition_cqr,weather_outage,non_ramp,2896,0.9140193370165746,0.01401933701657454,35.28142143887065,38.765042304992676,40.162214549083444,6.5283685403206135,9.334310617767882,0.0,0.01401933701657454,0.3207401948988241,0.36511104135530403,
CSGS5,q1_2020,4,robust_condition_cqr,weather_outage,ramp,543,0.7440147329650092,0.15598526703499083,40.47208491137893,47.11158561706543,84.27175493497217,14.290225537003295,19.184098702706656,0.15598526703499083,0.0,0.36792804464889933,0.7661068630452015,0.15789473684210525
CSGS5,q1_2020,4,robust_local_cqr,clean,non_ramp,2896,0.9330110497237569,0.0330110497237569,37.030295377846,39.0814266204834,40.411755021088325,6.361862781305812,9.314891274472295,0.0,0.0330110497237569,0.33663904888950913,0.367379591100803,
CSGS5,q1_2020,4,robust_local_cqr,clean,ramp,543,0.8250460405156538,0.07495395948434624,44.785044588242926,49.41751289367676,76.91510598723559,13.870539405727913,18.934199808938818,0.07495395948434624,0.0,0.4071367689840266,0.6992282362475963,0.15789473684210525
CSGS5,q1_2020,4,robust_local_cqr,combined_outage,non_ramp,2896,0.7479281767955801,0.15207182320441992,39.80613792245926,42.78451922535896,82.65793413279111,15.30349096858061,21.27250075057118,0.15207182320441992,0.0,0.36187398111326596,0.7514357648435556,
CSGS5,q1_2020,4,robust_local_cqr,combined_outage,ramp,543,0.8305709023941068,0.06942909760589322,44.67680254947689,46.775339126586914,81.85055427164059,14.103219763789168,19.155889617202156,0.06942909760589322,0.0,0.4061527504497899,0.7440959479240054,0.15789473684210525
CSGS5,q1_2020,4,robust_local_cqr,irradiance_outage,non_ramp,2896,0.9471685082872928,0.0471685082872928,40.65888360161291,42.60843276977539,43.71070471708593,9.555164141094863,13.464789669846258,0.0,0.0471685082872928,0.36962621456011735,0.39737004288259936,
CSGS5,q1_2020,4,robust_local_cqr,irradiance_outage,ramp,543,0.8379373848987108,0.06206261510128919,47.84243123513916,51.83000659942627,78.15175287398762,13.465959648181501,18.525581485250825,0.06206261510128919,0.0,0.4349311930467196,0.7104704806726148,0.15789473684210525
CSGS5,q1_2020,4,robust_local_cqr,recent_power_outage,non_ramp,2896,0.9195441988950276,0.019544198895027565,41.26027820986858,44.18523597717285,46.45847348732969,11.070066760664611,14.884629577451923,0.0,0.019544198895027565,0.3750934382715326,0.42234975897572447,
CSGS5,q1_2020,4,robust_local_cqr,recent_power_outage,ramp,543,0.8213627992633518,0.07863720073664826,44.066093701069995,45.31107711791992,76.9108046043431,13.041309172496831,18.211584169497844,0.07863720073664826,0.0,0.40060085182790905,0.6991891327667554,0.15789473684210525
CSGS5,q1_2020,4,robust_local_cqr,weather_outage,non_ramp,2896,0.9350828729281768,0.0350828729281768,37.447144150002295,39.169944763183594,40.64407918112411,6.5283685403206135,9.334310617767882,0.0,0.0350828729281768,0.34042858318183905,0.3694916289193101,
CSGS5,q1_2020,4,robust_local_cqr,weather_outage,ramp,543,0.8103130755064457,0.08968692449355431,44.58555341322613,50.447147369384766,77.6220872378728,14.290225537003295,19.184098702706656,0.08968692449355431,0.0,0.4053232128475103,0.7056553385261164,0.15789473684210525
CSGS5,q1_2020,4,robust_risk_mondrian,clean,non_ramp,2896,0.9154005524861878,0.015400552486187769,36.57541526903338,41.83067321777344,40.29256203296647,6.361862781305812,9.314891274472295,0.0,0.015400552486187769,0.3325037751730307,0.3662960184815134,
CSGS5,q1_2020,4,robust_risk_mondrian,clean,ramp,543,0.8121546961325967,0.0878453038674033,44.85676853109707,51.70588397979736,79.40499431153495,13.870539405727913,18.934199808938818,0.0878453038674033,0.0,0.40778880482815516,0.7218635846503177,0.15789473684210525
CSGS5,q1_2020,4,robust_risk_mondrian,combined_outage,non_ramp,2896,0.7334254143646409,0.1665745856353591,38.463327179745534,43.26257610321045,88.67621198630518,15.30349096858061,21.27250075057118,0.1665745856353591,0.0,0.3496666107249594,0.8061473816936834,
CSGS5,q1_2020,4,robust_risk_mondrian,combined_outage,ramp,543,0.7974217311233885,0.10257826887661148,41.96292425290052,45.85046195983887,84.4771925466852,14.103219763789168,19.155889617202156,0.10257826887661148,0.0,0.3814811295718229,0.7679744776971382,0.15789473684210525
CSGS5,q1_2020,4,robust_risk_mondrian,irradiance_outage,non_ramp,2896,0.8891574585635359,0.010842541436464126,38.85456052691589,43.71601152420044,43.48387270804856,9.555164141094863,13.464789669846258,0.010842541436464126,0.0,0.35322327751741717,0.3953079337095323,
CSGS5,q1_2020,4,robust_risk_mondrian,irradiance_outage,ramp,543,0.8268876611418048,0.07311233885819524,48.4902945876835,54.44352388381958,81.19928133720961,13.465959648181501,18.525581485250825,0.07311233885819524,0.0,0.4408208598880318,0.7381752848837237,0.15789473684210525
CSGS5,q1_2020,4,robust_risk_mondrian,recent_power_outage,non_ramp,2896,0.8566988950276243,0.043301104972375715,37.84534782892445,42.98833084106445,46.93497951009545,11.070066760664611,14.884629577451923,0.043301104972375715,0.0,0.3440486166265859,0.42668163190995867,
CSGS5,q1_2020,4,robust_risk_mondrian,recent_power_outage,ramp,543,0.7771639042357275,0.12283609576427257,40.59795890328977,43.75343322753906,84.3077679940604,13.041309172496831,18.211584169497844,0.12283609576427257,0.0,0.36907235366627067,0.7664342544914582,0.15789473684210525
CSGS5,q1_2020,4,robust_risk_mondrian,weather_outage,non_ramp,2896,0.9381906077348067,0.03819060773480665,38.2418773026756,43.41477012634277,40.86827358643507,6.5283685403206135,9.334310617767882,0.0,0.03819060773480665,0.3476534300243236,0.37152975987668246,
CSGS5,q1_2020,4,robust_risk_mondrian,weather_outage,ramp,543,0.8250460405156538,0.07495395948434624,46.341000836917146,53.03833198547363,78.57420627567505,14.290225537003295,19.184098702706656,0.07495395948434624,0.0,0.4212818257901559,0.7143109661425004,0.15789473684210525
CSGS5,q1_2020,4,robust_rolling_cqr,clean,non_ramp,2896,0.9071132596685083,0.007113259668508287,35.12219759894744,39.085049629211426,40.283499050708365,6.361862781305812,9.314891274472295,0.0,0.007113259668508287,0.3192927054449767,0.3662136277337124,
CSGS5,q1_2020,4,robust_rolling_cqr,clean,ramp,543,0.7771639042357275,0.12283609576427257,41.16905348944181,47.54475021362305,82.56135703000355,13.870539405727913,18.934199808938818,0.12283609576427257,0.0,0.37426412263128916,0.7505577911818504,0.15789473684210525
CSGS5,q1_2020,4,robust_rolling_cqr,combined_outage,non_ramp,2896,0.8787983425414365,0.021201657458563505,54.40406248449137,59.71751403808594,69.22281843936585,15.30349096858061,21.27250075057118,0.021201657458563505,0.0,0.49458238622264883,0.6292983494487805,
CSGS5,q1_2020,4,robust_rolling_cqr,combined_outage,ramp,543,0.9152854511970534,0.015285451197053379,59.57284076078186,63.015045166015625,79.19437593378,14.103219763789168,19.155889617202156,0.0,0.015285451197053379,0.5415712796434714,0.7199488721252727,0.15789473684210525
CSGS5,q1_2020,4,robust_rolling_cqr,irradiance_outage,non_ramp,2896,0.9064226519337016,0.0064226519337016175,38.12185978909614,43.12878465652466,43.00196574004295,9.555164141094863,13.464789669846258,0.0,0.0064226519337016175,0.34656236171905586,0.3909269612731177,
CSGS5,q1_2020,4,robust_rolling_cqr,irradiance_outage,ramp,543,0.7955801104972375,0.10441988950276249,43.9697340877785,49.69247817993164,83.1966815332352,13.465959648181501,18.525581485250825,0.10441988950276249,0.0,0.3997248553434409,0.7563334684839564,0.15789473684210525
CSGS5,q1_2020,4,robust_rolling_cqr,recent_power_outage,non_ramp,2896,0.9015883977900553,0.0015883977900552626,39.92825257068754,44.73997211456299,46.69240694412413,11.070066760664611,14.884629577451923,0.0,0.0015883977900552626,0.36298411427897764,0.4244764267647648,
CSGS5,q1_2020,4,robust_rolling_cqr,recent_power_outage,ramp,543,0.8029465930018416,0.09705340699815845,42.70017570926779,44.92784118652344,80.9514837341853,13.041309172496831,18.211584169497844,0.09705340699815845,0.0,0.3881834155387981,0.7359225794016846,0.15789473684210525
CSGS5,q1_2020,4,robust_rolling_cqr,weather_outage,non_ramp,2896,0.9154005524861878,0.015400552486187769,35.586130938050694,39.3409538269043,40.30449670882049,6.5283685403206135,9.334310617767882,0.0,0.015400552486187769,0.3235102812550063,0.3664045155347317,
CSGS5,q1_2020,4,robust_rolling_cqr,weather_outage,ramp,543,0.7458563535911602,0.15414364640883982,41.001328971449624,47.08609199523926,83.74934052186117,14.290225537003295,19.184098702706656,0.15414364640883982,0.0,0.37273935428590566,0.7613576411078288,0.15789473684210525
CSGS5,q2_2020,1,clean_condition_cqr,clean,non_ramp,4040,0.9495049504950495,0.04950495049504944,15.940971603613498,14.294019222259521,17.793206127983918,2.8472008186264546,4.317733196263728,0.0,0.04950495049504944,0.1449179236692136,0.16175641934530835,
CSGS5,q2_2020,1,clean_condition_cqr,clean,ramp,658,0.4194528875379939,0.4805471124620061,27.831399239486473,27.885796546936035,116.27813906818176,16.547735294672492,18.607455531402906,0.4805471124620061,0.0,0.25301272035896794,1.0570739915289251,0.14005959982971478
CSGS5,q2_2020,1,clean_condition_cqr,combined_outage,non_ramp,4040,0.8688118811881188,0.031188118811881216,69.8453803506228,70.25065612792969,94.12521464470589,23.819376024326292,33.76418525043061,0.031188118811881216,0.0,0.6349580031874801,0.8556837694973263,
CSGS5,q2_2020,1,clean_condition_cqr,combined_outage,ramp,658,0.8465045592705167,0.05349544072948331,70.19444396648001,70.25065612792969,97.50088089360293,38.57969663353314,43.50830751711969,0.05349544072948331,0.0,0.6381313087861819,0.8863716444872993,0.14005959982971478
CSGS5,q2_2020,1,clean_condition_cqr,irradiance_outage,non_ramp,4040,0.9423267326732673,0.04232673267326725,29.60456253374318,20.24727201461792,31.633288798134977,4.485709294793427,6.165553417517287,0.0,0.04232673267326725,0.2691323866703926,0.287575352710318,
CSGS5,q2_2020,1,clean_condition_cqr,irradiance_outage,ramp,658,0.6519756838905775,0.24802431610942255,47.44433007667855,52.25234794616699,103.3704991358754,16.571479346614478,19.186483737118564,0.24802431610942255,0.0,0.4313120916061686,0.9397318103261401,0.14005959982971478
CSGS5,q2_2020,1,clean_condition_cqr,recent_power_outage,non_ramp,4040,0.927970297029703,0.027970297029702995,49.30707062730695,44.37241744995117,59.0362198980728,17.87718710408334,26.390049916379095,0.0,0.027970297029702995,0.44824609661188136,0.5366929081642982,
CSGS5,q2_2020,1,clean_condition_cqr,recent_power_outage,ramp,658,0.7659574468085106,0.1340425531914894,63.22859793955794,63.885746002197266,104.02679597860411,29.0669107770485,34.08608557309063,0.1340425531914894,0.0,0.5748054358141631,0.9456981452600374,0.14005959982971478
CSGS5,q2_2020,1,clean_condition_cqr,weather_outage,non_ramp,4040,0.9566831683168316,0.05668316831683162,16.17201276809475,15.24985408782959,17.808552709176656,2.832358949049952,4.254760572471528,0.0,0.05668316831683162,0.14701829789177046,0.16189593371978778,
CSGS5,q2_2020,1,clean_condition_cqr,weather_outage,ramp,658,0.4012158054711246,0.4987841945288754,27.885593254453187,28.412492752075195,118.35470591157697,16.818574444501234,18.84213602130711,0.4987841945288754,0.0,0.2535053932223017,1.0759518719234271,0.14005959982971478
CSGS5,q2_2020,1,lgbm_condition_cqr,clean,non_ramp,4040,0.9532178217821782,0.053217821782178154,19.283264347998827,18.474305391311646,20.68867487854239,2.7755262454148695,4.08366545109594,0.0,0.053217821782178154,0.1753024031636257,0.18807886253220354,
CSGS5,q2_2020,1,lgbm_condition_cqr,clean,ramp,658,0.5699088145896657,0.33009118541033433,34.429125492514814,35.37135696411133,85.5817747661408,17.705608907079263,19.538989787498338,0.33009118541033433,0.0,0.31299204993195284,0.7780161342376436,0.14005959982971478
CSGS5,q2_2020,1,lgbm_condition_cqr,combined_outage,non_ramp,4040,0.8695544554455445,0.030445544554455473,66.3843515093964,67.81885528564453,87.22944711552988,23.63390900031156,33.51436591604014,0.030445544554455473,0.0,0.6034941046308763,0.7929949737775444,
CSGS5,q2_2020,1,lgbm_condition_cqr,combined_outage,ramp,658,0.8495440729483282,0.05045592705167179,69.42751671695419,70.63268661499023,93.6839503604228,38.32909252578364,43.19863618526557,0.05045592705167179,0.0,0.6311592428814017,0.8516722760038437,0.14005959982971478
CSGS5,q2_2020,1,lgbm_condition_cqr,irradiance_outage,non_ramp,4040,0.9413366336633663,0.04133663366336626,25.31704283826604,23.93180274963379,26.756137629288897,5.912643152603529,7.944815677729208,0.0,0.04133663366336626,0.23015493489332764,0.24323761481171724,
CSGS5,q2_2020,1,lgbm_condition_cqr,irradiance_outage,ramp,658,0.7553191489361702,0.14468085106382977,43.21391831741507,45.15955448150635,72.33500297997135,17.34502115800388,20.854980031002256,0.14468085106382977,0.0,0.3928538028855916,0.6575909361815577,0.14005959982971478
CSGS5,q2_2020,1,lgbm_condition_cqr,recent_power_outage,non_ramp,4040,0.9596534653465346,0.059653465346534595,65.8899453691917,64.87740325927734,68.08477971010869,20.799854657720626,30.255142885395117,0.0,0.059653465346534595,0.5989995033562882,0.6189525428191699,
CSGS5,q2_2020,1,lgbm_condition_cqr,recent_power_outage,ramp,658,0.8768996960486323,0.02310030395136775,71.56284976947634,70.32279205322266,88.32984096445936,33.84298389008705,38.75925123772338,0.02310030395136775,0.0,0.6505713615406941,0.8029985542223579,0.14005959982971478
CSGS5,q2_2020,1,lgbm_condition_cqr,weather_outage,non_ramp,4040,0.9457920792079207,0.04579207920792072,18.910671613064807,17.94755744934082,20.498278459465812,2.779660499311919,4.077968049744042,0.0,0.04579207920792072,0.17191519648240733,0.18634798599514374,
CSGS5,q2_2020,1,lgbm_condition_cqr,weather_outage,ramp,658,0.5729483282674772,0.3270516717325228,34.266590122575096,35.046220779418945,86.33240971503649,17.773960787474564,19.603027940832693,0.3270516717325228,0.0,0.3115144556597736,0.7848400883185136,0.14005959982971478
CSGS5,q2_2020,1,oracle_ramp_mondrian,clean,non_ramp,4040,0.9076732673267327,0.00767326732673268,19.626888292877403,18.843416213989258,22.345825405340207,3.152108105119908,4.8604415560310565,0.0,0.00767326732673268,0.1784262572079764,0.20314386732127462,
CSGS5,q2_2020,1,oracle_ramp_mondrian,clean,ramp,658,0.9042553191489362,0.004255319148936176,53.4872462744952,53.904547691345215,62.36813236397088,15.641537215571997,17.930889334759907,0.0,0.004255319148936176,0.4862476934045018,0.5669830214906444,0.14005959982971478
CSGS5,q2_2020,1,oracle_ramp_mondrian,combined_outage,non_ramp,4040,0.9556930693069307,0.05569306930693063,41.56627156953558,43.505781173706055,47.12017660863919,8.050107137442193,11.565647559331612,0.0,0.05569306930693063,0.37787519608668707,0.42836524189671993,
CSGS5,q2_2020,1,oracle_ramp_mondrian,combined_outage,ramp,658,0.9179331306990881,0.017933130699088085,56.89434966648784,57.04092788696289,64.6000848991802,14.123929949879283,17.002646798846833,0.0,0.017933130699088085,0.5172213606044349,0.5872734990834564,0.14005959982971478
CSGS5,q2_2020,1,oracle_ramp_mondrian,irradiance_outage,non_ramp,4040,0.930940594059406,0.030940594059405968,24.6250356929783,25.03969430923462,26.758556737364234,3.6380186254824256,5.4713952079738535,0.0,0.030940594059405968,0.22386396084525728,0.24325960670331123,
CSGS5,q2_2020,1,oracle_ramp_mondrian,irradiance_outage,ramp,658,0.8996960486322189,0.0003039513677811634,52.30953276195878,53.11993449926376,63.038835861060576,15.186865908034305,17.71899271284183,0.0003039513677811634,0.0,0.475541206926898,0.5730803260096416,0.14005959982971478
CSGS5,q2_2020,1,oracle_ramp_mondrian,recent_power_outage,non_ramp,4040,0.9150990099009901,0.015099009900990112,25.479313553364236,27.137792944908142,28.65405725225106,4.309736810745366,6.407305816444368,0.0,0.015099009900990112,0.23163012321240214,0.26049142956591875,
CSGS5,q2_2020,1,oracle_ramp_mondrian,recent_power_outage,ramp,658,0.9148936170212766,0.014893617021276562,54.5361847268208,54.6765193939209,62.31693701028235,14.707736142500556,17.228982532495838,0.0,0.014893617021276562,0.4957834975165527,0.566517609184385,0.14005959982971478
CSGS5,q2_2020,1,oracle_ramp_mondrian,weather_outage,non_ramp,4040,0.9131188118811882,0.01311881188118813,20.30366248548576,20.291319370269775,22.890745260279065,3.206214184320352,4.868686536526207,0.0,0.01311881188118813,0.18457874986805237,0.20809768418435515,
CSGS5,q2_2020,1,oracle_ramp_mondrian,weather_outage,ramp,658,0.9027355623100304,0.0027355623100303594,53.04659867628674,53.4315767288208,62.823089012417924,15.961830221048604,18.17918095249462,0.0,0.0027355623100303594,0.4822418061480613,0.5711189910219812,0.14005959982971478
CSGS5,q2_2020,1,persistence_condition_cqr,clean,non_ramp,4040,0.9863861386138614,0.08638613861386135,18.47555443383108,20.51999855041504,18.579019804443647,3.4320940824059565,4.316271261381401,0.0,0.08638613861386135,0.1679595857621007,0.16890018004039678,
CSGS5,q2_2020,1,persistence_condition_cqr,clean,ramp,658,0.0,0.9,20.48927056143983,20.520000457763672,214.8072045889986,19.97589674329323,21.66531125550846,0.9,0.0,0.18626609601308938,1.9527927689908962,0.14005959982971478
CSGS5,q2_2020,1,persistence_condition_cqr,combined_outage,non_ramp,4040,0.7797029702970297,0.12029702970297029,,,,,,0.12029702970297029,0.0,,,
CSGS5,q2_2020,1,persistence_condition_cqr,combined_outage,ramp,658,0.8829787234042553,0.017021276595744705,,,,,,0.017021276595744705,0.0,,,0.14005959982971478
CSGS5,q2_2020,1,persistence_condition_cqr,irradiance_outage,non_ramp,4040,0.9863861386138614,0.08638613861386135,18.47555443383108,20.51999855041504,18.579019804443647,3.4320940824059565,4.316271261381401,0.0,0.08638613861386135,0.1679595857621007,0.16890018004039678,
CSGS5,q2_2020,1,persistence_condition_cqr,irradiance_outage,ramp,658,0.0,0.9,20.48927056143983,20.520000457763672,214.8072045889986,19.97589674329323,21.66531125550846,0.9,0.0,0.18626609601308938,1.9527927689908962,0.14005959982971478
CSGS5,q2_2020,1,persistence_condition_cqr,recent_power_outage,non_ramp,4040,0.7797029702970297,0.12029702970297029,,,,,,0.12029702970297029,0.0,,,
CSGS5,q2_2020,1,persistence_condition_cqr,recent_power_outage,ramp,658,0.8829787234042553,0.017021276595744705,,,,,,0.017021276595744705,0.0,,,0.14005959982971478
CSGS5,q2_2020,1,persistence_condition_cqr,weather_outage,non_ramp,4040,0.9863861386138614,0.08638613861386135,18.47555443383108,20.51999855041504,18.579019804443647,3.4320940824059565,4.316271261381401,0.0,0.08638613861386135,0.1679595857621007,0.16890018004039678,
CSGS5,q2_2020,1,persistence_condition_cqr,weather_outage,ramp,658,0.0,0.9,20.48927056143983,20.520000457763672,214.8072045889986,19.97589674329323,21.66531125550846,0.9,0.0,0.18626609601308938,1.9527927689908962,0.14005959982971478
CSGS5,q2_2020,1,robust_condition_cqr,clean,non_ramp,4040,0.9363861386138614,0.03638613861386142,20.338607603014506,19.577603816986084,22.502662658003402,3.152108105119908,4.8604415560310565,0.0,0.03638613861386142,0.18489643275467732,0.20456966052730366,
CSGS5,q2_2020,1,robust_condition_cqr,clean,ramp,658,0.5501519756838906,0.3498480243161094,31.8635416657729,32.233641624450684,92.81610258915504,15.641537215571997,17.930889334759907,0.3498480243161094,0.0,0.28966856059793544,0.8437827508105004,0.14005959982971478
CSGS5,q2_2020,1,robust_condition_cqr,combined_outage,non_ramp,4040,0.9584158415841584,0.05841584158415836,42.23530810569496,44.322800636291504,47.43188319318089,8.050107137442193,11.565647559331612,0.0,0.05841584158415836,0.38395734641540874,0.43119893811982624,
CSGS5,q2_2020,1,robust_condition_cqr,combined_outage,ramp,658,0.8693009118541033,0.030699088145896725,49.44526864031165,49.42851972579956,65.10314434485957,14.123929949879283,17.002646798846833,0.030699088145896725,0.0,0.4495024421846514,0.5918467667714506,0.14005959982971478
CSGS5,q2_2020,1,robust_condition_cqr,irradiance_outage,non_ramp,4040,0.942079207920792,0.042079207920792006,24.926807057629947,25.351194381713867,26.866296903185262,3.6380186254824256,5.4713952079738535,0.0,0.042079207920792006,0.22660733688754497,0.24423906275622964,
CSGS5,q2_2020,1,robust_condition_cqr,irradiance_outage,ramp,658,0.5957446808510638,0.3042553191489362,33.34677306062182,34.08107805252075,89.92547190008193,15.186865908034305,17.71899271284183,0.3042553191489362,0.0,0.30315248236928927,0.8175042900007449,0.14005959982971478
CSGS5,q2_2020,1,robust_condition_cqr,recent_power_outage,non_ramp,4040,0.9336633663366337,0.03366336633663369,26.26386322713374,27.95824921131134,28.82431759677855,4.309736810745366,6.407305816444368,0.0,0.03366336633663369,0.23876239297394308,0.262039250879805,
CSGS5,q2_2020,1,robust_condition_cqr,recent_power_outage,ramp,658,0.6231003039513677,0.2768996960486323,35.85601285437411,35.834473609924316,83.5526129306495,14.707736142500556,17.228982532495838,0.2768996960486323,0.0,0.3259637532215828,0.7595692084604501,0.14005959982971478
CSGS5,q2_2020,1,robust_condition_cqr,weather_outage,non_ramp,4040,0.9324257425742575,0.032425742574257455,20.81015942119348,20.81283950805664,23.00653937723589,3.206214184320352,4.868686536526207,0.0,0.032425742574257455,0.18918326746539527,0.20915035797487172,
CSGS5,q2_2020,1,robust_condition_cqr,weather_outage,ramp,658,0.5303951367781155,0.36960486322188457,31.664757823146946,31.897953987121582,95.47882319982291,15.961830221048604,18.17918095249462,0.36960486322188457,0.0,0.28786143475588133,0.867989301816572,0.14005959982971478
CSGS5,q2_2020,1,robust_local_cqr,clean,non_ramp,4040,0.9452970297029702,0.045297029702970226,22.427125216750998,19.757277488708496,23.94425641480683,3.152108105119908,4.8604415560310565,0.0,0.045297029702970226,0.20388295651591817,0.21767505831642572,
CSGS5,q2_2020,1,robust_local_cqr,clean,ramp,658,0.7021276595744681,0.19787234042553192,40.535634568442326,41.28710126876831,76.62274089342374,15.641537215571997,17.930889334759907,0.19787234042553192,0.0,0.36850576880402114,0.6965703717583976,0.14005959982971478
CSGS5,q2_2020,1,robust_local_cqr,combined_outage,non_ramp,4040,0.8962871287128713,0.003712871287128716,37.04766700586127,38.382490158081055,44.999034808899104,8.050107137442193,11.565647559331612,0.003712871287128716,0.0,0.33679697278055704,0.4090821346263555,
CSGS5,q2_2020,1,robust_local_cqr,combined_outage,ramp,658,0.8328267477203647,0.06717325227963533,48.379946366813044,48.96468734741211,69.78445979545182,14.123929949879283,17.002646798846833,0.06717325227963533,0.0,0.43981769424375494,0.634404179958653,0.14005959982971478
CSGS5,q2_2020,1,robust_local_cqr,irradiance_outage,non_ramp,4040,0.9559405940594059,0.05594059405940588,26.872619657207565,26.401939868927002,27.946868356563655,3.6380186254824256,5.4713952079738535,0.0,0.05594059405940588,0.2442965423382506,0.25406243960512415,
CSGS5,q2_2020,1,robust_local_cqr,irradiance_outage,ramp,658,0.7279635258358662,0.1720364741641338,41.00125834789682,41.56330490112305,76.10440625463214,15.186865908034305,17.71899271284183,0.1720364741641338,0.0,0.3727387122536075,0.691858238678474,0.14005959982971478
CSGS5,q2_2020,1,robust_local_cqr,recent_power_outage,non_ramp,4040,0.939108910891089,0.03910891089108903,27.29831426771882,27.639864921569824,29.158964525924446,4.309736810745366,6.407305816444368,0.0,0.03910891089108903,0.24816649334289836,0.2650814956902222,
CSGS5,q2_2020,1,robust_local_cqr,recent_power_outage,ramp,658,0.7188449848024316,0.18115501519756838,41.217603125380165,39.620025634765625,74.56225898843768,14.707736142500556,17.228982532495838,0.18115501519756838,0.0,0.3747054829580015,0.6778387180767061,0.14005959982971478
CSGS5,q2_2020,1,robust_local_cqr,weather_outage,non_ramp,4040,0.9445544554455445,0.04455445544554448,23.101578619589223,21.09403419494629,24.602707313481947,3.206214184320352,4.868686536526207,0.0,0.04455445544554448,0.21001435108717476,0.2236609755771086,
CSGS5,q2_2020,1,robust_local_cqr,weather_outage,ramp,658,0.7112462006079028,0.18875379939209724,40.583620136858485,41.501261711120605,76.86075543220464,15.961830221048604,18.17918095249462,0.18875379939209724,0.0,0.36894200124416804,0.6987341402927695,0.14005959982971478
CSGS5,q2_2020,1,robust_risk_mondrian,clean,non_ramp,4040,0.9368811881188119,0.036881188118811914,21.464368632008288,21.209980010986328,23.21271978565849,3.152108105119908,4.8604415560310565,0.0,0.036881188118811914,0.19513062392734806,0.21102472532416808,
CSGS5,q2_2020,1,robust_risk_mondrian,clean,ramp,658,0.6291793313069909,0.27082066869300914,34.947450427751775,35.54854202270508,83.63205434205322,15.641537215571997,17.930889334759907,0.27082066869300914,0.0,0.3177040947977434,0.7602914031095748,0.14005959982971478
CSGS5,q2_2020,1,robust_risk_mondrian,combined_outage,non_ramp,4040,0.9542079207920792,0.054207920792079145,42.400424514673325,46.77209258079529,47.60484374794708,8.050107137442193,11.565647559331612,0.0,0.054207920792079145,0.3854584046788484,0.4327713067995189,
CSGS5,q2_2020,1,robust_risk_mondrian,combined_outage,ramp,658,0.8814589665653495,0.018541033434650522,51.57195010572377,52.69924068450928,65.00632159017299,14.123929949879283,17.002646798846833,0.018541033434650522,0.0,0.4688359100520343,0.5909665599106635,0.14005959982971478
CSGS5,q2_2020,1,robust_risk_mondrian,irradiance_outage,non_ramp,4040,0.9492574257425742,0.04925742574257419,26.1182724518931,27.75971508026123,27.514834357773108,3.6380186254824256,5.4713952079738535,0.0,0.04925742574257419,0.23743884047175548,0.2501348577979373,
CSGS5,q2_2020,1,robust_risk_mondrian,irradiance_outage,ramp,658,0.6458966565349544,0.2541033434650456,36.61375342893746,37.53021430969238,81.25976482785582,15.186865908034305,17.71899271284183,0.2541033434650456,0.0,0.33285230389943143,0.7387251347986893,0.14005959982971478
CSGS5,q2_2020,1,robust_risk_mondrian,recent_power_outage,non_ramp,4040,0.9455445544554455,0.045544554455445474,27.682209212624347,30.122368812561035,29.578698192461218,4.309736810745366,6.407305816444368,0.0,0.045544554455445474,0.25165644738749404,0.26889725629510197,
CSGS5,q2_2020,1,robust_risk_mondrian,recent_power_outage,ramp,658,0.6671732522796353,0.2328267477203647,38.333079832846636,38.55047607421875,77.27113663950952,14.707736142500556,17.228982532495838,0.2328267477203647,0.0,0.3484825439349694,0.7024648785409956,0.14005959982971478
CSGS5,q2_2020,1,robust_risk_mondrian,weather_outage,non_ramp,4040,0.9376237623762376,0.037623762376237546,21.838108179011947,22.254539489746094,23.63683170099551,3.206214184320352,4.868686536526207,0.0,0.037623762376237546,0.19852825617283587,0.2148802881908683,
CSGS5,q2_2020,1,robust_risk_mondrian,weather_outage,ramp,658,0.5911854103343465,0.30881458966565356,34.216962219858516,34.63518238067627,87.02087709292951,15.961830221048604,18.17918095249462,0.30881458966565356,0.0,0.3110632929078047,0.7910988826629956,0.14005959982971478
CSGS5,q2_2020,1,robust_rolling_cqr,clean,non_ramp,4040,0.9542079207920792,0.054207920792079145,21.50612689775823,20.685879707336426,23.024379817398362,3.152108105119908,4.8604415560310565,0.0,0.054207920792079145,0.19551024452507482,0.20931254379453057,
CSGS5,q2_2020,1,robust_rolling_cqr,clean,ramp,658,0.5881458966565349,0.3118541033434651,33.30625084152383,33.49135494232178,88.70955028913711,15.641537215571997,17.930889334759907,0.3118541033434651,0.0,0.3027840985593075,0.8064504571739738,0.14005959982971478
CSGS5,q2_2020,1,robust_rolling_cqr,combined_outage,non_ramp,4040,0.9225247524752476,0.022524752475247545,37.036600626011825,37.66093695163727,46.01276739779197,8.050107137442193,11.565647559331612,0.0,0.022524752475247545,0.33669636932738023,0.41829788543447244,
CSGS5,q2_2020,1,robust_rolling_cqr,combined_outage,ramp,658,0.7826747720364742,0.11732522796352585,43.335764184956496,43.28439140319824,69.8715409116995,14.123929949879283,17.002646798846833,0.11732522796352585,0.0,0.3939614925905136,0.6351958264699954,0.14005959982971478
CSGS5,q2_2020,1,robust_rolling_cqr,irradiance_outage,non_ramp,4040,0.9542079207920792,0.054207920792079145,25.63103830648036,26.073086738586426,27.129889105973373,3.6380186254824256,5.4713952079738535,0.0,0.054207920792079145,0.23300943914982145,0.24663535550884885,
CSGS5,q2_2020,1,robust_rolling_cqr,irradiance_outage,ramp,658,0.6063829787234043,0.2936170212765957,34.20298139193862,34.71325492858887,87.66966249261584,15.186865908034305,17.71899271284183,0.2936170212765957,0.0,0.3109361944721693,0.7969969317510531,0.14005959982971478
CSGS5,q2_2020,1,robust_rolling_cqr,recent_power_outage,non_ramp,4040,0.9433168316831683,0.043316831683168244,27.050487319844496,28.557607650756836,29.213280423560658,4.309736810745366,6.407305816444368,0.0,0.043316831683168244,0.2459135210894954,0.26557527657782415,
CSGS5,q2_2020,1,robust_rolling_cqr,recent_power_outage,ramp,658,0.6291793313069909,0.27082066869300914,36.78819978055983,36.67728328704834,81.08915760814237,14.707736142500556,17.228982532495838,0.27082066869300914,0.0,0.3344381798232712,0.7371741600740216,0.14005959982971478
CSGS5,q2_2020,1,robust_rolling_cqr,weather_outage,non_ramp,4040,0.9559405940594059,0.05594059405940588,22.087382408205563,22.085750579833984,23.589744696394416,3.206214184320352,4.868686536526207,0.0,0.05594059405940588,0.20079438552914147,0.2144522245126765,
CSGS5,q2_2020,1,robust_rolling_cqr,weather_outage,ramp,658,0.5759878419452887,0.3240121580547113,33.17166562202899,33.333810806274414,90.87737334600018,15.961830221048604,18.17918095249462,0.3240121580547113,0.0,0.3015605965638999,0.8261579395090926,0.14005959982971478
CSGS5,q2_2020,4,clean_condition_cqr,clean,non_ramp,3767,0.949031059198301,0.049031059198300975,28.687055876527133,28.601795196533203,31.99676463965172,5.512123711884961,7.9376602780406085,0.0,0.049031059198300975,0.26079141705933756,0.29087967854228836,
CSGS5,q2_2020,4,clean_condition_cqr,clean,ramp,659,0.5857359635811836,0.3142640364188164,37.19061728387121,38.099371910095215,122.74409896218994,18.524496608963506,22.72390166202435,0.3142640364188164,0.0,0.33809652076246555,1.1158554451108176,0.14889290555806597
CSGS5,q2_2020,4,clean_condition_cqr,combined_outage,non_ramp,3767,0.8656756039288559,0.034324396071144125,68.76158138444261,70.87353515625,91.85132562218594,24.226634466672035,33.22293864487747,0.034324396071144125,0.0,0.6251052853131146,0.8350120511107813,
CSGS5,q2_2020,4,clean_condition_cqr,combined_outage,ramp,659,0.8937784522003035,0.006221547799696525,70.41099457458589,70.87353515625,87.36122908758647,29.385147878993443,34.94388192904307,0.006221547799696525,0.0,0.6400999506780535,0.7941929917053315,0.14889290555806597
CSGS5,q2_2020,4,clean_condition_cqr,irradiance_outage,non_ramp,3767,0.9208919564640298,0.02089195646402975,40.73232173505038,38.236393213272095,45.61927181203751,9.525860177427317,12.199376604048163,0.0,0.02089195646402975,0.3702938339550034,0.4147206528367046,
CSGS5,q2_2020,4,clean_condition_cqr,irradiance_outage,ramp,659,0.6722306525037937,0.22776934749620636,47.968253953436076,45.65108108520508,119.59614615675983,19.506715297789423,24.07904343498232,0.22776934749620636,0.0,0.436075035940328,1.0872376923341802,0.14889290555806597
CSGS5,q2_2020,4,clean_condition_cqr,recent_power_outage,non_ramp,3767,0.9779665516325989,0.07796655163259891,55.224138648409664,53.458274841308594,57.53885051864415,16.57543004400591,23.563907986157506,0.0,0.07796655163259891,0.5020376240764515,0.5230804592604014,
CSGS5,q2_2020,4,clean_condition_cqr,recent_power_outage,ramp,659,0.8194233687405159,0.08057663125948411,62.99725919500649,63.5860710144043,97.50109049401985,20.80848093287898,26.228328646858483,0.08057663125948411,0.0,0.5727023563182408,0.886373549945635,0.14889290555806597
CSGS5,q2_2020,4,clean_condition_cqr,weather_outage,non_ramp,3767,0.9466418900982214,0.046641890098221395,28.604264743426693,29.329036712646484,32.418876888175895,5.549113315686496,7.976485712443008,0.0,0.046641890098221395,0.2600387703947881,0.29471706261978087,
CSGS5,q2_2020,4,clean_condition_cqr,weather_outage,ramp,659,0.5948406676783005,0.30515933232169956,37.08241671093136,37.86081314086914,125.53579723884738,18.67119038855722,22.83032883092845,0.30515933232169956,0.0,0.3371128791902851,1.141234520353158,0.14889290555806597
CSGS5,q2_2020,4,lgbm_condition_cqr,clean,non_ramp,3767,0.9524820812317494,0.052482081231749356,32.99371246493416,34.7324161529541,35.4936537846598,5.391411359504978,7.764408692899113,0.0,0.052482081231749356,0.29994284059031057,0.3226695798605436,
CSGS5,q2_2020,4,lgbm_condition_cqr,clean,ramp,659,0.7101669195751138,0.18983308042488622,42.24723234781727,43.014339447021484,89.75288023432216,19.866464394267666,23.903556067766004,0.18983308042488622,0.0,0.3840657486165206,0.8159352748574742,0.14889290555806597
CSGS5,q2_2020,4,lgbm_condition_cqr,combined_outage,non_ramp,3767,0.8749668170958322,0.025033182904167783,65.72610300062568,70.92906951904297,79.74733350534542,24.618231577368046,33.872652422155966,0.025033182904167783,0.0,0.5975100272784153,0.7249757591395039,
CSGS5,q2_2020,4,lgbm_condition_cqr,combined_outage,ramp,659,0.8952959028831563,0.0047040971168437196,68.31432261488688,72.36284637451172,82.58535816383652,31.286046560237548,36.86432442083073,0.0047040971168437196,0.0,0.6210392964989716,0.7507759833076048,0.14889290555806597
CSGS5,q2_2020,4,lgbm_condition_cqr,irradiance_outage,non_ramp,3767,0.9267321475975577,0.02673214759755771,42.95619292521808,43.918544828891754,46.597207894279016,13.18999889724546,17.896637236586535,0.0,0.02673214759755771,0.3905108447747098,0.423610980857082,
CSGS5,q2_2020,4,lgbm_condition_cqr,irradiance_outage,ramp,659,0.7602427921092565,0.13975720789074353,51.694742896272594,52.90361404418945,88.43828290037186,20.045463227086074,25.53963627408517,0.13975720789074353,0.0,0.46995220814793265,0.8039843900033805,0.14889290555806597
CSGS5,q2_2020,4,lgbm_condition_cqr,recent_power_outage,non_ramp,3767,0.9439872577647995,0.0439872577647995,59.475453398581315,61.75254821777344,64.03673350153517,20.073285990014163,27.841685534354845,0.0,0.0439872577647995,0.5406859399871029,0.5821521227412287,
CSGS5,q2_2020,4,lgbm_condition_cqr,recent_power_outage,ramp,659,0.8770864946889226,0.022913505311077387,66.19534671541773,68.6636962890625,86.34615113377028,26.382759723297923,32.27828560926416,0.022913505311077387,0.0,0.6017758792310702,0.7849650103070025,0.14889290555806597
CSGS5,q2_2020,4,lgbm_condition_cqr,weather_outage,non_ramp,3767,0.9617732943987258,0.06177329439872581,33.68375340350668,35.44157600402832,35.922757190979034,5.388725920264118,7.742139192033397,0.0,0.06177329439872581,0.3062159400318789,0.32657051991799124,
CSGS5,q2_2020,4,lgbm_condition_cqr,weather_outage,ramp,659,0.723823975720789,0.17617602427921097,42.937389327694554,44.0933723449707,88.34224266369883,20.234203952306682,24.11358910905542,0.17617602427921097,0.0,0.3903399029790414,0.8031112969427167,0.14889290555806597
CSGS5,q2_2020,4,oracle_ramp_mondrian,clean,non_ramp,3767,0.8938147066631271,0.006185293336872899,31.19908172724769,34.1978645324707,38.019074954785985,6.976447922974936,9.794066066552567,0.006185293336872899,0.0,0.2836280157022517,0.34562795413441805,
CSGS5,q2_2020,4,oracle_ramp_mondrian,clean,ramp,659,0.8710166919575114,0.02898330804248861,58.674801492857235,60.89148712158203,78.22766369205301,15.828005638849753,20.950505885847083,0.02898330804248861,0.0,0.5334072862987022,0.7111605790186638,0.14889290555806597
CSGS5,q2_2020,4,oracle_ramp_mondrian,combined_outage,non_ramp,3767,0.9673480222989116,0.06734802229891157,62.55033313077836,67.83271408081055,66.96468526852904,12.924812304707482,17.632981564457502,0.0,0.06734802229891157,0.5686393920979851,0.6087698660775367,
CSGS5,q2_2020,4,oracle_ramp_mondrian,combined_outage,ramp,659,0.9195751138088012,0.01957511380880117,62.00961467785385,63.30845832824707,74.7409429706079,15.133193131914993,19.3099298486354,0.0,0.01957511380880117,0.5637237697986713,0.6794631179146173,0.14889290555806597
CSGS5,q2_2020,4,oracle_ramp_mondrian,irradiance_outage,non_ramp,3767,0.9033713830634457,0.003371383063445643,35.39694817329875,37.27913761138916,42.03158439780166,8.823791581236186,12.046441732733232,0.0,0.003371383063445643,0.3217904379390796,0.3821053127072878,
CSGS5,q2_2020,4,oracle_ramp_mondrian,irradiance_outage,ramp,659,0.8877086494688923,0.012291350531107748,59.17950017149355,61.131102561950684,75.50742949460025,14.825236548512766,19.815654726752502,0.012291350531107748,0.0,0.5379954561044868,0.6864311772236386,0.14889290555806597
CSGS5,q2_2020,4,oracle_ramp_mondrian,recent_power_outage,non_ramp,3767,0.9001858242633395,0.00018582426333946245,36.64650869382338,38.08223342895508,43.481602468241064,9.348869572971315,12.858636365010593,0.0,0.00018582426333946245,0.33315007903475796,0.39528729516582783,
CSGS5,q2_2020,4,oracle_ramp_mondrian,recent_power_outage,ramp,659,0.8755690440060698,0.024430955993930192,59.45890387082373,60.95604610443115,77.1268132556829,15.576660351706202,20.377117991284837,0.024430955993930192,0.0,0.5405354897347612,0.7011528477789355,0.14889290555806597
CSGS5,q2_2020,4,oracle_ramp_mondrian,weather_outage,non_ramp,3767,0.8898327581629945,0.01016724183700557,31.11215968469613,33.99906921386719,38.0118428650154,7.034024852167796,9.801723971419408,0.01016724183700557,0.0,0.28283781531541935,0.3455622078637764,
CSGS5,q2_2020,4,oracle_ramp_mondrian,weather_outage,ramp,659,0.874051593323217,0.025948406676782998,59.531354572233916,61.63331317901611,78.77406556707594,15.987729322295268,21.096535107330126,0.025948406676782998,0.0,0.5411941324748538,0.7161278687915994,0.14889290555806597
CSGS5,q2_2020,4,persistence_condition_cqr,clean,non_ramp,3767,1.0,0.09999999999999998,42.23549775858015,48.209999084472656,42.23549775858015,9.428598359401231,11.286901638504974,0.0,0.09999999999999998,0.38395907053254685,0.38395907053254685,
CSGS5,q2_2020,4,persistence_condition_cqr,clean,ramp,659,0.3216995447647951,0.5783004552352049,47.59232184865225,50.059998631477356,182.9243393506917,31.246403780348928,32.54298843054528,0.5783004552352049,0.0,0.43265747135138405,1.6629485395517427,0.14889290555806597
CSGS5,q2_2020,4,persistence_condition_cqr,combined_outage,non_ramp,3767,0.7889567294929652,0.11104327050703477,,,,,,0.11104327050703477,0.0,,,
CSGS5,q2_2020,4,persistence_condition_cqr,combined_outage,ramp,659,0.7678300455235205,0.1321699544764795,,,,,,0.1321699544764795,0.0,,,0.14889290555806597
CSGS5,q2_2020,4,persistence_condition_cqr,irradiance_outage,non_ramp,3767,1.0,0.09999999999999998,42.23549775858015,48.209999084472656,42.23549775858015,9.428598359401231,11.286901638504974,0.0,0.09999999999999998,0.38395907053254685,0.38395907053254685,
CSGS5,q2_2020,4,persistence_condition_cqr,irradiance_outage,ramp,659,0.3216995447647951,0.5783004552352049,47.59232184865225,50.059998631477356,182.9243393506917,31.246403780348928,32.54298843054528,0.5783004552352049,0.0,0.43265747135138405,1.6629485395517427,0.14889290555806597
CSGS5,q2_2020,4,persistence_condition_cqr,recent_power_outage,non_ramp,3767,0.7889567294929652,0.11104327050703477,,,,,,0.11104327050703477,0.0,,,
CSGS5,q2_2020,4,persistence_condition_cqr,recent_power_outage,ramp,659,0.7678300455235205,0.1321699544764795,,,,,,0.1321699544764795,0.0,,,0.14889290555806597
CSGS5,q2_2020,4,persistence_condition_cqr,weather_outage,non_ramp,3767,1.0,0.09999999999999998,42.23549775858015,48.209999084472656,42.23549775858015,9.428598359401231,11.286901638504974,0.0,0.09999999999999998,0.38395907053254685,0.38395907053254685,
CSGS5,q2_2020,4,persistence_condition_cqr,weather_outage,ramp,659,0.3216995447647951,0.5783004552352049,47.59232184865225,50.059998631477356,182.9243393506917,31.246403780348928,32.54298843054528,0.5783004552352049,0.0,0.43265747135138405,1.6629485395517427,0.14889290555806597
CSGS5,q2_2020,4,robust_condition_cqr,clean,non_ramp,3767,0.9251393681975046,0.02513936819750462,32.95425108258223,36.10244369506836,38.08444629297807,6.976447922974936,9.794066066552567,0.0,0.02513936819750462,0.29958410075074754,0.3462222390270734,
CSGS5,q2_2020,4,robust_condition_cqr,clean,ramp,659,0.6934749620637329,0.2065250379362671,39.54637914854745,41.36334991455078,98.53694636565216,15.828005638849753,20.950505885847083,0.2065250379362671,0.0,0.3595125377140677,0.8957904215059287,0.14889290555806597
CSGS5,q2_2020,4,robust_condition_cqr,combined_outage,non_ramp,3767,0.964958853198832,0.06495885319883199,61.78521304358047,66.90366744995117,66.5429999609568,12.924812304707482,17.632981564457502,0.0,0.06495885319883199,0.5616837549416406,0.6049363632814255,
CSGS5,q2_2020,4,robust_condition_cqr,combined_outage,ramp,659,0.9544764795144158,0.05447647951441581,68.29061278125359,70.18956470489502,76.5298688542748,15.133193131914993,19.3099298486354,0.0,0.05447647951441581,0.6208237525568507,0.6957260804934072,0.14889290555806597
CSGS5,q2_2020,4,robust_condition_cqr,irradiance_outage,non_ramp,3767,0.9232811255641094,0.02328112556410933,36.703668496134625,38.71934509277344,42.07992308241948,8.823791581236186,12.046441732733232,0.0,0.02328112556410933,0.3336697136012239,0.38254475529472254,
CSGS5,q2_2020,4,robust_condition_cqr,irradiance_outage,ramp,659,0.7389984825493171,0.16100151745068292,41.90213514929454,43.3802547454834,90.50088620149108,14.825236548512766,19.815654726752502,0.16100151745068292,0.0,0.38092850135722306,0.8227353291044645,0.14889290555806597
CSGS5,q2_2020,4,robust_condition_cqr,recent_power_outage,non_ramp,3767,0.9147863020971595,0.014786302097159476,37.6628475703049,39.184391021728516,43.48887733469879,9.348869572971315,12.858636365010593,0.0,0.014786302097159476,0.34238952336640815,0.39535343031544357,
CSGS5,q2_2020,4,robust_condition_cqr,recent_power_outage,ramp,659,0.7132018209408194,0.1867981790591806,42.12163030205518,42.985538482666016,94.9419525370584,15.576660351706202,20.377117991284837,0.1867981790591806,0.0,0.3829239118368653,0.8631086594278036,0.14889290555806597
CSGS5,q2_2020,4,robust_condition_cqr,weather_outage,non_ramp,3767,0.9211574196973719,0.021157419697371838,32.69837455510923,35.71148681640625,37.980650077563816,7.034024852167796,9.801723971419408,0.0,0.021157419697371838,0.297257950500993,0.34527863706876194,
CSGS5,q2_2020,4,robust_condition_cqr,weather_outage,ramp,659,0.6934749620637329,0.2065250379362671,39.69041243856928,41.55978965759277,99.35514326709038,15.987729322295268,21.096535107330126,0.2065250379362671,0.0,0.36082193125972073,0.9032285751553671,0.14889290555806597
CSGS5,q2_2020,4,robust_local_cqr,clean,non_ramp,3767,0.9365542872312185,0.03655428723121845,35.05424261179041,37.944644927978516,39.22412798333632,6.976447922974936,9.794066066552567,0.0,0.03655428723121845,0.31867493283445825,0.3565829816666938,
CSGS5,q2_2020,4,robust_local_cqr,clean,ramp,659,0.7420333839150227,0.1579666160849773,43.03249330745024,42.3685302734375,89.64541602673854,15.828005638849753,20.950505885847083,0.1579666160849773,0.0,0.39120448461318397,0.814958327515805,0.14889290555806597
CSGS5,q2_2020,4,robust_local_cqr,combined_outage,non_ramp,3767,0.9219538093973985,0.02195380939739844,49.21287541181572,45.91381645202637,56.08027079878184,12.924812304707482,17.632981564457502,0.0,0.02195380939739844,0.44738977647105205,0.5098206436252894,
CSGS5,q2_2020,4,robust_local_cqr,combined_outage,ramp,659,0.834597875569044,0.06540212443095605,56.48990100633625,58.022342681884766,83.27074585538584,15.133193131914993,19.3099298486354,0.06540212443095605,0.0,0.5135445546030568,0.7570067805035077,0.14889290555806597
CSGS5,q2_2020,4,robust_local_cqr,irradiance_outage,non_ramp,3767,0.9216883461640563,0.021688346164056238,37.86477859886389,39.39312744140625,43.176267439767926,8.823791581236186,12.046441732733232,0.0,0.021688346164056238,0.34422525998967174,0.3925115221797084,
CSGS5,q2_2020,4,robust_local_cqr,irradiance_outage,ramp,659,0.7723823975720789,0.12761760242792108,44.84599436943918,43.17705154418945,84.74022170702315,14.825236548512766,19.815654726752502,0.12761760242792108,0.0,0.40769085790399257,0.7703656518820287,0.14889290555806597
CSGS5,q2_2020,4,robust_local_cqr,recent_power_outage,non_ramp,3767,0.9097425006636581,0.009742500663658116,38.48438197361142,39.67635202407837,44.089754150400125,9.348869572971315,12.858636365010593,0.0,0.009742500663658116,0.349858017941922,0.4008159468218193,
CSGS5,q2_2020,4,robust_local_cqr,recent_power_outage,ramp,659,0.7511380880121397,0.14886191198786036,44.3828520205929,44.09595489501953,89.5169669864572,15.576660351706202,20.377117991284837,0.14886191198786036,0.0,0.4034804729144809,0.8137906089677928,0.14889290555806597
CSGS5,q2_2020,4,robust_local_cqr,weather_outage,non_ramp,3767,0.9341651181311388,0.03416511813113876,35.066580114734364,38.044925689697266,39.23319125749351,7.034024852167796,9.801723971419408,0.0,0.03416511813113876,0.31878709195213056,0.3566653750681228,
CSGS5,q2_2020,4,robust_local_cqr,weather_outage,ramp,659,0.7526555386949925,0.14734446130500756,43.75720665346102,43.15076446533203,89.37729297317169,15.987729322295268,21.096535107330126,0.14734446130500756,0.0,0.39779278775873655,0.8125208452106517,0.14889290555806597
CSGS5,q2_2020,4,robust_risk_mondrian,clean,non_ramp,3767,0.9211574196973719,0.021157419697371838,34.48713340401281,38.09343719482422,38.79249085192891,6.976447922974936,9.794066066552567,0.0,0.021157419697371838,0.3135193945819346,0.3526590077448083,
CSGS5,q2_2020,4,robust_risk_mondrian,clean,ramp,659,0.7465857359635811,0.1534142640364189,44.38751922224469,46.728607177734375,92.72031172467834,15.828005638849753,20.950505885847083,0.1534142640364189,0.0,0.4035229020204063,0.842911924769803,0.14889290555806597
CSGS5,q2_2020,4,robust_risk_mondrian,combined_outage,non_ramp,3767,0.9548712503318291,0.05487125033182905,54.960645358868085,56.84127998352051,58.55933503612959,12.924812304707482,17.632981564457502,0.0,0.05487125033182905,0.49964223053516443,0.5323575912375417,
CSGS5,q2_2020,4,robust_risk_mondrian,combined_outage,ramp,659,0.8937784522003035,0.006221547799696525,60.718967380943354,60.80362129211426,76.40321993321317,15.133193131914993,19.3099298486354,0.006221547799696525,0.0,0.5519906125540305,0.6945747266655742,0.14889290555806597
CSGS5,q2_2020,4,robust_risk_mondrian,irradiance_outage,non_ramp,3767,0.9299177063976639,0.02991770639766389,37.841085083978605,40.52077865600586,42.051752961632204,8.823791581236186,12.046441732733232,0.0,0.02991770639766389,0.3440098643998055,0.3822886632875655,
CSGS5,q2_2020,4,robust_risk_mondrian,irradiance_outage,ramp,659,0.7647951441578149,0.1352048558421851,44.95841632385446,46.900132179260254,87.17512661564604,14.825236548512766,19.815654726752502,0.1352048558421851,0.0,0.4087128756714042,0.7925011510513276,0.14889290555806597
CSGS5,q2_2020,4,robust_risk_mondrian,recent_power_outage,non_ramp,3767,0.9203610299973454,0.020361029997345348,38.386775865529685,40.37835121154785,43.61601631501976,9.348869572971315,12.858636365010593,0.0,0.020361029997345348,0.34897068968663353,0.3965092392274524,
CSGS5,q2_2020,4,robust_risk_mondrian,recent_power_outage,ramp,659,0.7344461305007587,0.16555386949924134,43.40043572813403,44.809085845947266,89.75364149436326,15.576660351706202,20.377117991284837,0.16555386949924134,0.0,0.3945494157103093,0.8159421954033024,0.14889290555806597
CSGS5,q2_2020,4,robust_risk_mondrian,weather_outage,non_ramp,3767,0.9200955667640032,0.020095566764003148,34.50132844693398,38.219512939453125,38.842670902372234,7.034024852167796,9.801723971419408,0.0,0.020095566764003148,0.31364844042667256,0.3531151900215658,
CSGS5,q2_2020,4,robust_risk_mondrian,weather_outage,ramp,659,0.7541729893778453,0.14582701062215475,44.66702585028589,46.51555061340332,92.8711915184406,15.987729322295268,21.096535107330126,0.14582701062215475,0.0,0.40606387136623534,0.8442835592585509,0.14889290555806597
CSGS5,q2_2020,4,robust_rolling_cqr,clean,non_ramp,3767,0.938677993097956,0.03867799309795594,34.13369623742646,37.036720275878906,38.504978380422145,6.976447922974936,9.794066066552567,0.0,0.03867799309795594,0.31030632943114966,0.3500452580038377,
CSGS5,q2_2020,4,robust_rolling_cqr,clean,ramp,659,0.716236722306525,0.183763277693475,40.83087535697701,42.42080307006836,96.37180907452233,15.828005638849753,20.950505885847083,0.183763277693475,0.0,0.3711897759725183,0.8761073552229303,0.14889290555806597
CSGS5,q2_2020,4,robust_rolling_cqr,combined_outage,non_ramp,3767,0.9062914786302098,0.006291478630209735,48.32532029633012,49.87493133544922,62.94248307972223,12.924812304707482,17.632981564457502,0.0,0.006291478630209735,0.4393210936030011,0.5722043916338384,
CSGS5,q2_2020,4,robust_rolling_cqr,combined_outage,ramp,659,0.8694992412746586,0.030500758725341415,53.6553817185798,54.04376029968262,77.17440208857695,15.133193131914993,19.3099298486354,0.030500758725341415,0.0,0.48777619744163453,0.7015854735325178,0.14889290555806597
CSGS5,q2_2020,4,robust_rolling_cqr,irradiance_outage,non_ramp,3767,0.9277940005309264,0.0277940005309264,37.46880161538443,39.060630798339844,42.4942315815386,8.823791581236186,12.046441732733232,0.0,0.0277940005309264,0.34062546923076753,0.38631119619580545,
CSGS5,q2_2020,4,robust_rolling_cqr,irradiance_outage,ramp,659,0.7465857359635811,0.1534142640364189,42.813211844230636,44.19060134887695,89.58190622403426,14.825236548512766,19.815654726752502,0.1534142640364189,0.0,0.38921101676573305,0.8143809656730386,0.14889290555806597
CSGS5,q2_2020,4,robust_rolling_cqr,recent_power_outage,non_ramp,3767,0.9341651181311388,0.03416511813113876,38.8590621216903,40.35189437866211,43.7217253011127,9.348869572971315,12.858636365010593,0.0,0.03416511813113876,0.35326420110627543,0.39747023001011544,
CSGS5,q2_2020,4,robust_rolling_cqr,recent_power_outage,ramp,659,0.7223065250379362,0.17769347496206378,43.31543714477368,44.0967903137207,93.24552121844386,15.576660351706202,20.377117991284837,0.17769347496206378,0.0,0.39377670131612436,0.8476865565313078,0.14889290555806597
CSGS5,q2_2020,4,robust_rolling_cqr,weather_outage,non_ramp,3767,0.9346960445978232,0.03469604459782316,34.098554686169486,36.98005282878876,38.35535144264248,7.034024852167796,9.801723971419408,0.0,0.03469604459782316,0.30998686078335896,0.3486850131149316,
CSGS5,q2_2020,4,robust_rolling_cqr,weather_outage,ramp,659,0.716236722306525,0.183763277693475,41.2624278428522,42.93838119506836,96.69558097939932,15.987729322295268,21.096535107330126,0.183763277693475,0.0,0.3751129803895654,0.8790507361763575,0.14889290555806597
CSGS5,q3_2020,1,clean_condition_cqr,clean,non_ramp,4006,0.9695456814777833,0.06954568147778328,17.809337244018973,17.11503505706787,18.889606847913672,2.6954568611600105,4.193536486360467,0.0,0.06954568147778328,0.16190306585471795,0.17172369861739703,
CSGS5,q3_2020,1,clean_condition_cqr,clean,ramp,588,0.5153061224489796,0.38469387755102047,29.819762367172306,29.732088088989258,94.59659553810853,15.644584824438809,17.73602827592518,0.38469387755102047,0.0,0.2710887487924755,0.8599690503464412,0.1279930343926861
CSGS5,q3_2020,1,clean_condition_cqr,combined_outage,non_ramp,4006,0.9238642036944583,0.023864203694458297,73.66001170096966,73.1573486328125,80.51395876194559,22.561560082324203,31.37870652292688,0.0,0.023864203694458297,0.6696364700088151,0.7319450796540508,
CSGS5,q3_2020,1,clean_condition_cqr,combined_outage,ramp,588,0.8843537414965986,0.0156462585034014,73.67181671557783,73.1573486328125,87.95339218451052,37.06102553760113,41.78055945845474,0.0156462585034014,0.0,0.6697437883234348,0.7995762925864592,0.1279930343926861
CSGS5,q3_2020,1,clean_condition_cqr,irradiance_outage,non_ramp,4006,0.9498252621068397,0.049825262106839685,31.70012382799211,21.274112701416016,33.72149789855056,5.305651108639632,7.291932165710528,0.0,0.049825262106839685,0.2881829438908374,0.3065590718050051,
CSGS5,q3_2020,1,clean_condition_cqr,irradiance_outage,ramp,588,0.6360544217687075,0.2639455782312925,49.58875835428432,53.484830379486084,105.8987194591639,16.01987589378746,19.281333404564716,0.2639455782312925,0.0,0.45080689412985747,0.9627156314469445,0.1279930343926861
CSGS5,q3_2020,1,clean_condition_cqr,recent_power_outage,non_ramp,4006,0.9530703944083874,0.053070394408387345,54.19863450187953,50.48472785949707,58.56560754466521,18.40204983079714,27.186018369277097,0.0,0.053070394408387345,0.49271485910799573,0.532414614042411,
CSGS5,q3_2020,1,clean_condition_cqr,recent_power_outage,ramp,588,0.8384353741496599,0.06156462585034017,65.89549608944225,65.4776611328125,91.00244631734834,31.772313769171838,36.63490288269718,0.06156462585034017,0.0,0.599049964449475,0.8272949665213486,0.1279930343926861
CSGS5,q3_2020,1,clean_condition_cqr,weather_outage,non_ramp,4006,0.9680479281078382,0.06804792810783822,17.906361190821706,17.639092922210693,19.04681805361773,2.70170557078128,4.17871509448384,0.0,0.06804792810783822,0.16278510173474278,0.17315289139652482,
CSGS5,q3_2020,1,clean_condition_cqr,weather_outage,ramp,588,0.5170068027210885,0.38299319727891157,30.215008022022896,30.09720802307129,94.76055707088133,15.82264891449286,17.895366934062686,0.38299319727891157,0.0,0.2746818911092991,0.8614596097352848,0.1279930343926861
CSGS5,q3_2020,1,lgbm_condition_cqr,clean,non_ramp,4006,0.9430853719420869,0.043085371942086836,18.79050623247548,19.628467082977295,20.297972462217206,2.516275057438956,3.8448207739165587,0.0,0.043085371942086836,0.17082278393159528,0.1845270223837928,
CSGS5,q3_2020,1,lgbm_condition_cqr,clean,ramp,588,0.6122448979591837,0.28775510204081634,34.26468572892299,34.60898780822754,79.79140740105895,17.383148463404908,19.364414088275392,0.28775510204081634,0.0,0.31149714299020903,0.7253764309187177,0.1279930343926861
CSGS5,q3_2020,1,lgbm_condition_cqr,combined_outage,non_ramp,4006,0.936345481777334,0.03634548177733399,71.81468677854038,73.95697784423828,76.11922964380791,22.29551755580484,31.111753762604685,0.0,0.03634548177733399,0.6528607888958217,0.6919929967618901,
CSGS5,q3_2020,1,lgbm_condition_cqr,combined_outage,ramp,588,0.9030612244897959,0.003061224489795844,74.06735411144439,75.09243774414062,84.4297173947704,36.87647492139518,41.50712244702849,0.0,0.003061224489795844,0.6733395828313126,0.7675428854070037,0.1279930343926861
CSGS5,q3_2020,1,lgbm_condition_cqr,irradiance_outage,non_ramp,4006,0.9380928607089366,0.03809286070893658,22.568867063350936,22.88420820236206,24.56012949707869,5.456753012383402,7.277826147375785,0.0,0.03809286070893658,0.2051715187577358,0.2232739045188972,
CSGS5,q3_2020,1,lgbm_condition_cqr,irradiance_outage,ramp,588,0.6258503401360545,0.27414965986394557,36.55170789320453,37.37182331085205,84.02517714407168,17.19885131655907,20.688735929371916,0.27414965986394557,0.0,0.33228825357458663,0.763865246764288,0.1279930343926861
CSGS5,q3_2020,1,lgbm_condition_cqr,recent_power_outage,non_ramp,4006,0.9370943584623065,0.037094358462306465,63.54073646267354,63.165340423583984,66.99911304574815,18.93350262424843,27.26628715674179,0.0,0.037094358462306465,0.5776430587515776,0.6090828458704377,
CSGS5,q3_2020,1,lgbm_condition_cqr,recent_power_outage,ramp,588,0.8673469387755102,0.032653061224489854,69.97817023270795,70.9544677734375,85.60826272380595,31.73296400884382,36.40943229860143,0.032653061224489854,0.0,0.6361651839337087,0.7782569338527814,0.1279930343926861
CSGS5,q3_2020,1,lgbm_condition_cqr,weather_outage,non_ramp,4006,0.9500748876684972,0.050074887668497214,18.860995082872588,19.640459060668945,20.29299074811145,2.527624276302303,3.8660976787475785,0.0,0.050074887668497214,0.17146359166247807,0.18448173407374044,
CSGS5,q3_2020,1,lgbm_condition_cqr,weather_outage,ramp,588,0.6241496598639455,0.2758503401360545,34.444688694919044,35.01063823699951,79.6151643530244,17.417691750591302,19.417861825810157,0.2758503401360545,0.0,0.31313353359017315,0.7237742213911309,0.1279930343926861
CSGS5,q3_2020,1,oracle_ramp_mondrian,clean,non_ramp,4006,0.9051422865701447,0.005142286570144705,16.871651013400378,15.91440200805664,19.785949215338963,2.958707458050889,4.6737130718724895,0.0,0.005142286570144705,0.15337864557636707,0.17987226559399058,
CSGS5,q3_2020,1,oracle_ramp_mondrian,clean,ramp,588,0.9183673469387755,0.01836734693877551,51.16301948622782,51.21738958358765,61.75864067308757,14.69240078390861,17.077666981441322,0.0,0.01836734693877551,0.4651183589657074,0.5614421879371597,0.1279930343926861
CSGS5,q3_2020,1,oracle_ramp_mondrian,combined_outage,non_ramp,4006,0.9228657014478283,0.02286570144782829,28.965430211572464,29.58346152305603,34.383658932534956,6.352791685646812,8.824040667578837,0.0,0.02286570144782829,0.26332209283247693,0.3125787175684996,
CSGS5,q3_2020,1,oracle_ramp_mondrian,combined_outage,ramp,588,0.9081632653061225,0.008163265306122436,49.76946142407096,49.883271872997284,62.80633644739381,13.613492887847277,16.724013588302594,0.0,0.008163265306122436,0.452449649309736,0.5709666949763074,0.1279930343926861
CSGS5,q3_2020,1,oracle_ramp_mondrian,irradiance_outage,non_ramp,4006,0.9395906140788817,0.03959061407888165,19.97168702137848,19.225263595581055,21.637240547212638,3.1099009446395702,4.728639029627819,0.0,0.03959061407888165,0.18156079110344073,0.19670218679284215,
CSGS5,q3_2020,1,oracle_ramp_mondrian,irradiance_outage,ramp,588,0.923469387755102,0.02346938775510199,52.85709237695045,52.050795555114746,62.223410194093475,15.05434493223826,17.349242828058248,0.0,0.02346938775510199,0.4805190216086404,0.5656673654008497,0.1279930343926861
CSGS5,q3_2020,1,oracle_ramp_mondrian,recent_power_outage,non_ramp,4006,0.9228657014478283,0.02286570144782829,21.18227646661087,21.351530075073242,23.809793687945035,3.848784462193095,6.255949418618076,0.0,0.02286570144782829,0.19256614969646244,0.2164526698904094,
CSGS5,q3_2020,1,oracle_ramp_mondrian,recent_power_outage,ramp,588,0.9166666666666666,0.016666666666666607,52.71705978930149,53.01223278045654,64.17140317960408,14.916558083222837,17.371268070628275,0.0,0.016666666666666607,0.479245998084559,0.5833763925418554,0.1279930343926861
CSGS5,q3_2020,1,oracle_ramp_mondrian,weather_outage,non_ramp,4006,0.9071392910634049,0.007139291063404829,17.397832704168554,17.03832769393921,20.23905103707527,3.027755191883503,4.759703405649451,0.0,0.007139291063404829,0.15816211549244139,0.18399137306432065,
CSGS5,q3_2020,1,oracle_ramp_mondrian,weather_outage,ramp,588,0.9166666666666666,0.016666666666666607,51.73841214849024,51.87600231170654,62.107761728723034,14.521736998136351,16.99186159469682,0.0,0.016666666666666607,0.47034920134991126,0.564616015715664,0.1279930343926861
CSGS5,q3_2020,1,persistence_condition_cqr,clean,non_ramp,4006,1.0,0.09999999999999998,24.6658013011201,28.359996795654297,24.6658013011201,3.3171267876628447,4.181623121284254,0.0,0.09999999999999998,0.22423455728291,0.22423455728291,
CSGS5,q3_2020,1,persistence_condition_cqr,clean,ramp,588,0.2755102040816326,0.6244897959183674,28.184830038624558,28.360000610351562,151.2409525654551,19.88649660632724,21.627286205024685,0.6244897959183674,0.0,0.2562257276238596,1.3749177505950463,0.1279930343926861
CSGS5,q3_2020,1,persistence_condition_cqr,combined_outage,non_ramp,4006,0.7673489765351972,0.13265102346480284,,,,,,0.13265102346480284,0.0,,,
CSGS5,q3_2020,1,persistence_condition_cqr,combined_outage,ramp,588,0.8452380952380952,0.05476190476190479,,,,,,0.05476190476190479,0.0,,,0.1279930343926861
CSGS5,q3_2020,1,persistence_condition_cqr,irradiance_outage,non_ramp,4006,1.0,0.09999999999999998,24.6658013011201,28.359996795654297,24.6658013011201,3.3171267876628447,4.181623121284254,0.0,0.09999999999999998,0.22423455728291,0.22423455728291,
CSGS5,q3_2020,1,persistence_condition_cqr,irradiance_outage,ramp,588,0.2755102040816326,0.6244897959183674,28.184830038624558,28.360000610351562,151.2409525654551,19.88649660632724,21.627286205024685,0.6244897959183674,0.0,0.2562257276238596,1.3749177505950463,0.1279930343926861
CSGS5,q3_2020,1,persistence_condition_cqr,recent_power_outage,non_ramp,4006,0.7673489765351972,0.13265102346480284,,,,,,0.13265102346480284,0.0,,,
CSGS5,q3_2020,1,persistence_condition_cqr,recent_power_outage,ramp,588,0.8452380952380952,0.05476190476190479,,,,,,0.05476190476190479,0.0,,,0.1279930343926861
CSGS5,q3_2020,1,persistence_condition_cqr,weather_outage,non_ramp,4006,1.0,0.09999999999999998,24.6658013011201,28.359996795654297,24.6658013011201,3.3171267876628447,4.181623121284254,0.0,0.09999999999999998,0.22423455728291,0.22423455728291,
CSGS5,q3_2020,1,persistence_condition_cqr,weather_outage,ramp,588,0.2755102040816326,0.6244897959183674,28.184830038624558,28.360000610351562,151.2409525654551,19.88649660632724,21.627286205024685,0.6244897959183674,0.0,0.2562257276238596,1.3749177505950463,0.1279930343926861
CSGS5,q3_2020,1,robust_condition_cqr,clean,non_ramp,4006,0.95282076884673,0.052820768846729926,18.558672030637236,17.662266492843628,20.27216083139062,2.958707458050889,4.6737130718724895,0.0,0.052820768846729926,0.16871520027852033,0.1842923711944602,
CSGS5,q3_2020,1,robust_condition_cqr,clean,ramp,588,0.6224489795918368,0.27755102040816326,32.574798152965755,32.51845169067383,81.08437815531582,14.69240078390861,17.077666981441322,0.27755102040816326,0.0,0.29613452866332507,0.737130710502871,0.1279930343926861
CSGS5,q3_2020,1,robust_condition_cqr,combined_outage,non_ramp,4006,0.9400898652021967,0.040089865202196706,30.417053481747004,31.081904888153076,34.73614483298578,6.352791685646812,8.824040667578837,0.0,0.040089865202196706,0.2765186680158819,0.3157831348453253,
CSGS5,q3_2020,1,robust_condition_cqr,combined_outage,ramp,588,0.7874149659863946,0.11258503401360542,39.720292261364506,39.81680488586426,68.29596525116438,13.613492887847277,16.724013588302594,0.11258503401360542,0.0,0.3610935660124046,0.6208724113742216,0.1279930343926861
CSGS5,q3_2020,1,robust_condition_cqr,irradiance_outage,non_ramp,4006,0.9458312531203196,0.04583125312031955,20.115684312260598,19.371667861938477,21.69612453159795,3.1099009446395702,4.728639029627819,0.0,0.04583125312031955,0.18286985738418726,0.19723749574179952,
CSGS5,q3_2020,1,robust_condition_cqr,irradiance_outage,ramp,588,0.6190476190476191,0.28095238095238095,33.40075691961715,32.443437576293945,80.0600913067152,15.05434493223826,17.349242828058248,0.28095238095238095,0.0,0.3036432447237923,0.727819011879229,0.1279930343926861
CSGS5,q3_2020,1,robust_condition_cqr,recent_power_outage,non_ramp,4006,0.9563155267099351,0.056315526709935115,22.385331629424417,22.59482765197754,24.303799133782224,3.848784462193095,6.255949418618076,0.0,0.056315526709935115,0.20350301481294925,0.22094362848892932,
CSGS5,q3_2020,1,robust_condition_cqr,recent_power_outage,ramp,588,0.6547619047619048,0.24523809523809526,33.61847134836677,33.791321992874146,81.24641363474788,14.916558083222837,17.371268070628275,0.24523809523809526,0.0,0.30562246680333427,0.7386037603158898,0.1279930343926861
CSGS5,q3_2020,1,robust_condition_cqr,weather_outage,non_ramp,4006,0.9505741387918123,0.05057413879181227,18.892762836745273,18.575881958007812,20.668019443448504,3.027755191883503,4.759703405649451,0.0,0.05057413879181227,0.17175238942495702,0.18789108584953185,
CSGS5,q3_2020,1,robust_condition_cqr,weather_outage,ramp,588,0.6292517006802721,0.2707482993197279,32.99241459329112,33.11180782318115,80.02677201454331,14.521736998136351,16.99186159469682,0.2707482993197279,0.0,0.29993104175719204,0.727516109223121,0.1279930343926861
CSGS5,q3_2020,1,robust_local_cqr,clean,non_ramp,4006,0.9520718921617574,0.05207189216175734,19.690514686767962,17.609318733215332,21.0086515428971,2.958707458050889,4.6737130718724895,0.0,0.05207189216175734,0.17900467897061784,0.19098774129906454,
CSGS5,q3_2020,1,robust_local_cqr,clean,ramp,588,0.7278911564625851,0.17210884353741496,37.8566270953133,38.56905555725098,72.34764381411935,14.69240078390861,17.077666981441322,0.17210884353741496,0.0,0.3441511554119391,0.6577058528556304,0.1279930343926861
CSGS5,q3_2020,1,robust_local_cqr,combined_outage,non_ramp,4006,0.9063904143784324,0.006390414378432352,29.498075410071834,30.45669984817505,34.27386363726754,6.352791685646812,8.824040667578837,0.0,0.006390414378432352,0.26816432190974393,0.311580578520614,
CSGS5,q3_2020,1,robust_local_cqr,combined_outage,ramp,588,0.814625850340136,0.08537414965986401,42.70574462486013,42.85743808746338,65.885051900749,13.613492887847277,16.724013588302594,0.08537414965986401,0.0,0.388234042044183,0.5989550172795364,0.1279930343926861
CSGS5,q3_2020,1,robust_local_cqr,irradiance_outage,non_ramp,4006,0.972790813779331,0.07279081377933094,22.33690959917001,20.317610263824463,23.09544719110207,3.1099009446395702,4.728639029627819,0.0,0.07279081377933094,0.20306281453790917,0.20995861082820064,
CSGS5,q3_2020,1,robust_local_cqr,irradiance_outage,ramp,588,0.7517006802721088,0.14829931972789123,39.53462373602147,39.84235763549805,69.07223753337146,15.05434493223826,17.349242828058248,0.14829931972789123,0.0,0.35940567032746795,0.6279294321215587,0.1279930343926861
CSGS5,q3_2020,1,robust_local_cqr,recent_power_outage,non_ramp,4006,0.964053919121318,0.06405391912131797,24.042735833713145,23.491994857788086,25.301120976845723,3.848784462193095,6.255949418618076,0.0,0.06405391912131797,0.21857032576102858,0.2300101906985975,
CSGS5,q3_2020,1,robust_local_cqr,recent_power_outage,ramp,588,0.7551020408163265,0.14489795918367354,38.58835807179107,38.46636962890625,72.8119068701251,14.916558083222837,17.371268070628275,0.14489795918367354,0.0,0.3508032551981006,0.6619264260920463,0.1279930343926861
CSGS5,q3_2020,1,robust_local_cqr,weather_outage,non_ramp,4006,0.9518222666000998,0.05182226660009981,20.17426665905255,18.424856185913086,21.506304535116485,3.027755191883503,4.759703405649451,0.0,0.05182226660009981,0.183402424173205,0.19551185941014987,
CSGS5,q3_2020,1,robust_local_cqr,weather_outage,ramp,588,0.7346938775510204,0.16530612244897958,38.30674839790176,38.90371036529541,71.31331461749109,14.521736998136351,16.99186159469682,0.16530612244897958,0.0,0.34824316725365234,0.6483028601590098,0.1279930343926861
CSGS5,q3_2020,1,robust_risk_mondrian,clean,non_ramp,4006,0.936345481777334,0.03634548177733399,19.32220922963583,17.167072296142578,20.99736007435581,2.958707458050889,4.6737130718724895,0.0,0.03634548177733399,0.1756564475421439,0.19088509158505282,
CSGS5,q3_2020,1,robust_risk_mondrian,clean,ramp,588,0.7091836734693877,0.1908163265306123,36.77759367065365,37.3457555770874,72.37518826593347,14.69240078390861,17.077666981441322,0.1908163265306123,0.0,0.3343417606423059,0.6579562569630316,0.1279930343926861
CSGS5,q3_2020,1,robust_risk_mondrian,combined_outage,non_ramp,4006,0.9301048427358961,0.030104842735896087,30.370577746668864,31.31049633026123,34.77993884461007,6.352791685646812,8.824040667578837,0.0,0.030104842735896087,0.2760961613333533,0.31618126222372794,
CSGS5,q3_2020,1,robust_risk_mondrian,combined_outage,ramp,588,0.7925170068027211,0.10748299319727894,40.23648457948853,40.10791206359863,67.68125695922748,13.613492887847277,16.724013588302594,0.10748299319727894,0.0,0.36578622344989575,0.6152841541747953,0.1279930343926861
CSGS5,q3_2020,1,robust_risk_mondrian,irradiance_outage,non_ramp,4006,0.9505741387918123,0.05057413879181227,21.289473355578078,19.519752502441406,22.497724543609493,3.1099009446395702,4.728639029627819,0.0,0.05057413879181227,0.19354066686889163,0.20452476857826812,
CSGS5,q3_2020,1,robust_risk_mondrian,irradiance_outage,ramp,588,0.7074829931972789,0.1925170068027211,37.76239205090975,37.753448486328125,71.90942909963886,15.05434493223826,17.349242828058248,0.1925170068027211,0.0,0.34329447319008866,0.6537220827239896,0.1279930343926861
CSGS5,q3_2020,1,robust_risk_mondrian,recent_power_outage,non_ramp,4006,0.9495756365451822,0.049575636545182156,23.677244279219774,24.735595226287842,25.253741655536405,3.848784462193095,6.255949418618076,0.0,0.049575636545182156,0.21524767526563432,0.2295794695957855,
CSGS5,q3_2020,1,robust_risk_mondrian,recent_power_outage,ramp,588,0.7074829931972789,0.1925170068027211,36.31095804811335,36.44533157348633,75.22718163250255,14.916558083222837,17.371268070628275,0.1925170068027211,0.0,0.3300996186192123,0.6838834693863868,0.1279930343926861
CSGS5,q3_2020,1,robust_risk_mondrian,weather_outage,non_ramp,4006,0.9390913629555666,0.03909136295556659,19.72241234195805,17.879645824432373,21.3705808250924,3.027755191883503,4.759703405649451,0.0,0.03909136295556659,0.1792946576541641,0.19427800750084,
CSGS5,q3_2020,1,robust_risk_mondrian,weather_outage,ramp,588,0.7159863945578231,0.18401360544217693,37.0375837740444,37.70723342895508,71.96743236715291,14.521736998136351,16.99186159469682,0.18401360544217693,0.0,0.33670530703676727,0.6542493851559356,0.1279930343926861
CSGS5,q3_2020,1,robust_rolling_cqr,clean,non_ramp,4006,0.9470793809286071,0.047079380928607084,18.244980252191674,17.27175784111023,20.099136426173075,2.958707458050889,4.6737130718724895,0.0,0.047079380928607084,0.16586345683810613,0.18271942205611885,
CSGS5,q3_2020,1,robust_rolling_cqr,clean,ramp,588,0.6037414965986394,0.2962585034013606,32.210748344051595,32.17239189147949,82.3603564079116,14.69240078390861,17.077666981441322,0.2962585034013606,0.0,0.29282498494592357,0.7487305127991963,0.1279930343926861
CSGS5,q3_2020,1,robust_rolling_cqr,combined_outage,non_ramp,4006,0.9221168247628557,0.022116824762855702,29.008554736946333,29.840679168701172,34.14464424061101,6.352791685646812,8.824040667578837,0.0,0.022116824762855702,0.2637141339722394,0.31040585673282733,
CSGS5,q3_2020,1,robust_rolling_cqr,combined_outage,ramp,588,0.75,0.15000000000000002,38.001083299897765,38.11813163757324,71.16114331961793,13.613492887847277,16.724013588302594,0.15000000000000002,0.0,0.34546439363543424,0.6469194847237995,0.1279930343926861
CSGS5,q3_2020,1,robust_rolling_cqr,irradiance_outage,non_ramp,4006,0.95481777333999,0.05481777333998994,20.422468530723386,19.71761131286621,21.81884801633443,3.1099009446395702,4.728639029627819,0.0,0.05481777333998994,0.18565880482475805,0.19835316378485848,
CSGS5,q3_2020,1,robust_rolling_cqr,irradiance_outage,ramp,588,0.6190476190476191,0.28095238095238095,33.73993238715493,32.902323722839355,79.21605247309824,15.05434493223826,17.349242828058248,0.28095238095238095,0.0,0.30672665806504484,0.7201459315736204,0.1279930343926861
CSGS5,q3_2020,1,robust_rolling_cqr,recent_power_outage,non_ramp,4006,0.9480778831752371,0.04807788317523709,21.891458106945937,22.00045321881771,24.01590533656695,3.848784462193095,6.255949418618076,0.0,0.04807788317523709,0.19901325551769034,0.21832641215060863,
CSGS5,q3_2020,1,robust_rolling_cqr,recent_power_outage,ramp,588,0.6530612244897959,0.24693877551020416,33.126128357283925,33.29324722290039,82.69931417419797,14.916558083222837,17.371268070628275,0.24693877551020416,0.0,0.3011466214298539,0.7518119470381633,0.1279930343926861
CSGS5,q3_2020,1,robust_rolling_cqr,weather_outage,non_ramp,4006,0.9520718921617574,0.05207189216175734,18.719918200326926,18.230064034461975,20.524783554304346,3.027755191883503,4.759703405649451,0.0,0.05207189216175734,0.1701810745484266,0.18658894140276677,
CSGS5,q3_2020,1,robust_rolling_cqr,weather_outage,ramp,588,0.6275510204081632,0.2724489795918368,32.82675354578057,32.8709020614624,80.57750829141968,14.521736998136351,16.99186159469682,0.2724489795918368,0.0,0.29842503223436884,0.7325228026492698,0.1279930343926861
CSGS5,q3_2020,4,clean_condition_cqr,clean,non_ramp,3793,0.9559715264961771,0.05597152649617709,28.491634663251965,28.322944164276123,31.199213186668945,5.260775206752481,7.5854167060426425,0.0,0.05597152649617709,0.2590148605750179,0.2836292107878995,
CSGS5,q3_2020,4,clean_condition_cqr,clean,ramp,527,0.6470588235294118,0.2529411764705882,36.11713723524472,36.551618576049805,95.92613376425385,16.57121318137623,20.4025226501697,0.2529411764705882,0.0,0.32833761122949745,0.8720557614932168,0.12199074074074075
CSGS5,q3_2020,4,clean_condition_cqr,combined_outage,non_ramp,3793,0.9361982599525441,0.03619825995254411,74.02728412989228,76.87854766845703,78.08914964104152,24.31078851347823,32.40649306680946,0.0,0.03619825995254411,0.672975310271748,0.7099013603731047,
CSGS5,q3_2020,4,clean_condition_cqr,combined_outage,ramp,527,0.9278937381404174,0.0278937381404174,73.0762281182595,74.9756851196289,80.00354144333436,27.800385923267996,33.80619349756728,0.0,0.0278937381404174,0.6643293465296317,0.7273049222121305,0.12199074074074075
CSGS5,q3_2020,4,clean_condition_cqr,irradiance_outage,non_ramp,3793,0.9232797258107039,0.023279725810703922,40.859250298326785,37.13556909561157,45.25610886228234,9.166393023057928,11.6851346396991,0.0,0.023279725810703922,0.371447729984789,0.411419171475294,
CSGS5,q3_2020,4,clean_condition_cqr,irradiance_outage,ramp,527,0.7324478178368121,0.1675521821631879,46.85518195481522,46.881529808044434,91.97528481186568,16.801077571494304,21.459085046569797,0.1675521821631879,0.0,0.4259561995892293,0.8361389528351425,0.12199074074074075
CSGS5,q3_2020,4,clean_condition_cqr,recent_power_outage,non_ramp,3793,0.9607171104666491,0.06071711046664907,52.642912441517176,50.95159149169922,55.13896681541283,17.708264892773038,24.742241465785842,0.0,0.06071711046664907,0.47857193128651976,0.5012633346855712,
CSGS5,q3_2020,4,clean_condition_cqr,recent_power_outage,ramp,527,0.8064516129032258,0.09354838709677427,58.13309204610916,58.863346099853516,91.83339935290915,20.580416509503433,26.508553407206644,0.09354838709677427,0.0,0.5284826549646288,0.8348490850264468,0.12199074074074075
CSGS5,q3_2020,4,clean_condition_cqr,weather_outage,non_ramp,3793,0.9588716055892433,0.058871605589243314,29.19447060591732,29.126991271972656,32.09317154931717,5.284752288729675,7.7253542179612955,0.0,0.058871605589243314,0.265404278235612,0.29175610499379245,
CSGS5,q3_2020,4,clean_condition_cqr,weather_outage,ramp,527,0.6641366223908919,0.23586337760910814,37.27091446869514,37.75979995727539,94.87470665834208,16.558525305545306,20.508824803384176,0.23586337760910814,0.0,0.33882649516995583,0.8624973332576552,0.12199074074074075
CSGS5,q3_2020,4,lgbm_condition_cqr,clean,non_ramp,3793,0.9311890324281571,0.03118903242815707,31.4938588100871,33.57064628601074,34.19613068644731,5.094212424689808,7.416966598434378,0.0,0.03118903242815707,0.2863078073644282,0.3108739153313392,
CSGS5,q3_2020,4,lgbm_condition_cqr,clean,ramp,527,0.681214421252372,0.21878557874762805,38.945278283767045,41.90854358673096,78.95037998442858,18.22637935223118,21.98132677350299,0.21878557874762805,0.0,0.3540479843978822,0.7177307271311689,0.12199074074074075
CSGS5,q3_2020,4,lgbm_condition_cqr,combined_outage,non_ramp,3793,0.9348800421829686,0.034880042182968585,67.75466037330858,74.02054595947266,71.29259733948832,24.499781637990022,33.026251311163925,0.0,0.034880042182968585,0.615951457939169,0.6481145212680757,
CSGS5,q3_2020,4,lgbm_condition_cqr,combined_outage,ramp,527,0.9165085388994307,0.016508538899430714,68.01442698238019,75.29208374023438,75.97549894502991,28.791908397846477,35.18573318948533,0.0,0.016508538899430714,0.6183129725670926,0.6906863540457264,0.12199074074074075
CSGS5,q3_2020,4,lgbm_condition_cqr,irradiance_outage,non_ramp,3793,0.9356709728447139,0.03567097284471388,39.25059441345256,39.09763789176941,41.80853128459549,11.990768758977367,15.902297545949162,0.0,0.03567097284471388,0.35682358557684146,0.38007755713268626,
CSGS5,q3_2020,4,lgbm_condition_cqr,irradiance_outage,ramp,527,0.825426944971537,0.07457305502846301,46.49401739064385,47.30511283874512,66.82135821881738,17.995499376780167,23.310637015445426,0.07457305502846301,0.0,0.42267288536948955,0.6074668928983398,0.12199074074074075
CSGS5,q3_2020,4,lgbm_condition_cqr,recent_power_outage,non_ramp,3793,0.9412074874769312,0.04120748747693115,62.4824673974228,68.74091339111328,65.77191140335529,19.407754368534974,26.14348406163316,0.0,0.04120748747693115,0.5680224308856618,0.59792646730323,
CSGS5,q3_2020,4,lgbm_condition_cqr,recent_power_outage,ramp,527,0.8994307400379506,0.0005692599620493732,66.01314085032048,72.53589630126953,77.4105060077935,23.44175116545335,29.622345261011926,0.0005692599620493732,0.0,0.6001194622756407,0.7037318727981228,0.12199074074074075
CSGS5,q3_2020,4,lgbm_condition_cqr,weather_outage,non_ramp,3793,0.9348800421829686,0.034880042182968585,31.61874787876446,33.487778663635254,34.26069820018236,5.085477183626501,7.460480851755138,0.0,0.034880042182968585,0.28744316253422236,0.31146089272893057,
CSGS5,q3_2020,4,lgbm_condition_cqr,weather_outage,ramp,527,0.6925996204933587,0.20740037950664136,39.190892661771464,42.044504165649414,79.50350797583528,18.14983893458712,21.97644034878322,0.20740037950664136,0.0,0.35628084237974056,0.7227591634166843,0.12199074074074075
CSGS5,q3_2020,4,oracle_ramp_mondrian,clean,non_ramp,3793,0.9069338254679673,0.006933825467967281,28.37780915829433,28.617636680603027,33.82388719339773,5.815979297955332,8.398753142158052,0.0,0.006933825467967281,0.25798008325722116,0.307489883576343,
CSGS5,q3_2020,4,oracle_ramp_mondrian,clean,ramp,527,0.9278937381404174,0.0278937381404174,57.393562129078404,58.54353904724121,68.20489263663552,14.972630845753924,19.0881284695472,0.0,0.0278937381404174,0.5217596557188946,0.6200444785148683,0.12199074074074075
CSGS5,q3_2020,4,oracle_ramp_mondrian,combined_outage,non_ramp,3793,0.9151067756393356,0.015106775639335601,35.90055954985045,38.41500544548035,42.538455857698395,8.322025470281913,11.752584314131168,0.0,0.015106775639335601,0.3263687231804586,0.3867132350699854,
CSGS5,q3_2020,4,oracle_ramp_mondrian,combined_outage,ramp,527,0.9184060721062619,0.018406072106261884,56.39106512222389,60.782864809036255,69.90437606859253,14.218274675465173,18.659246063016973,0.0,0.018406072106261884,0.5126460465656717,0.6354943278962957,0.12199074074074075
CSGS5,q3_2020,4,oracle_ramp_mondrian,irradiance_outage,non_ramp,3793,0.911152122330609,0.011152122330609027,32.67350950607067,34.57014274597168,37.56860356339819,6.751487714075428,9.372266091758307,0.0,0.011152122330609027,0.2970319046006425,0.34153275966725627,
CSGS5,q3_2020,4,oracle_ramp_mondrian,irradiance_outage,ramp,527,0.9146110056925996,0.014611005692599544,57.53764023826912,59.9095025062561,68.11471250306893,14.136323640423436,18.29924485442385,0.0,0.014611005692599544,0.5230694567115375,0.6192246591188084,0.12199074074074075
CSGS5,q3_2020,4,oracle_ramp_mondrian,recent_power_outage,non_ramp,3793,0.9077247561297126,0.007724756129712573,30.514041476223053,30.94214916229248,35.776927779526446,6.47533793481631,9.181860054289082,0.0,0.007724756129712573,0.2774003770565732,0.32524479799569495,
CSGS5,q3_2020,4,oracle_ramp_mondrian,recent_power_outage,ramp,527,0.9127134724857685,0.012713472485768484,57.271504762715026,60.036834716796875,69.5698486365081,14.55722364777632,18.46472264409474,0.0,0.012713472485768484,0.5206500432974093,0.6324531694228009,0.12199074074074075
CSGS5,q3_2020,4,oracle_ramp_mondrian,weather_outage,non_ramp,3793,0.9140522014236752,0.014052201423675137,28.67403219966623,29.382031440734863,33.937199272039564,5.846617644936013,8.500610917891098,0.0,0.014052201423675137,0.26067301999696574,0.30851999338217784,
CSGS5,q3_2020,4,oracle_ramp_mondrian,weather_outage,ramp,527,0.9297912713472486,0.02979127134724857,58.026370166061334,59.99498176574707,66.82678568829469,14.960762001531627,19.12850385735979,0.0,0.02979127134724857,0.527512456055103,0.6075162335299518,0.12199074074074075
CSGS5,q3_2020,4,persistence_condition_cqr,clean,non_ramp,3793,1.0,0.09999999999999998,42.289045670538975,48.68000030517578,42.289045670538975,9.331927214568196,11.30019902924377,0.0,0.09999999999999998,0.3844458697321725,0.3844458697321725,
CSGS5,q3_2020,4,persistence_condition_cqr,clean,ramp,527,0.3187855787476281,0.581214421252372,48.21223893552396,50.3799991607666,175.092314170366,30.918823532293597,32.03957711130764,0.581214421252372,0.0,0.43829308123203603,1.5917483106396908,0.12199074074074075
CSGS5,q3_2020,4,persistence_condition_cqr,combined_outage,non_ramp,3793,0.7790667018191405,0.12093329818085952,,,,,,0.12093329818085952,0.0,,,
CSGS5,q3_2020,4,persistence_condition_cqr,combined_outage,ramp,527,0.7077798861480076,0.19222011385199245,,,,,,0.19222011385199245,0.0,,,0.12199074074074075
CSGS5,q3_2020,4,persistence_condition_cqr,irradiance_outage,non_ramp,3793,1.0,0.09999999999999998,42.289045670538975,48.68000030517578,42.289045670538975,9.331927214568196,11.30019902924377,0.0,0.09999999999999998,0.3844458697321725,0.3844458697321725,
CSGS5,q3_2020,4,persistence_condition_cqr,irradiance_outage,ramp,527,0.3187855787476281,0.581214421252372,48.21223893552396,50.3799991607666,175.092314170366,30.918823532293597,32.03957711130764,0.581214421252372,0.0,0.43829308123203603,1.5917483106396908,0.12199074074074075
CSGS5,q3_2020,4,persistence_condition_cqr,recent_power_outage,non_ramp,3793,0.7790667018191405,0.12093329818085952,,,,,,0.12093329818085952,0.0,,,
CSGS5,q3_2020,4,persistence_condition_cqr,recent_power_outage,ramp,527,0.7077798861480076,0.19222011385199245,,,,,,0.19222011385199245,0.0,,,0.12199074074074075
CSGS5,q3_2020,4,persistence_condition_cqr,weather_outage,non_ramp,3793,1.0,0.09999999999999998,42.289045670538975,48.68000030517578,42.289045670538975,9.331927214568196,11.30019902924377,0.0,0.09999999999999998,0.3844458697321725,0.3844458697321725,
CSGS5,q3_2020,4,persistence_condition_cqr,weather_outage,ramp,527,0.3187855787476281,0.581214421252372,48.21223893552396,50.3799991607666,175.092314170366,30.918823532293597,32.03957711130764,0.581214421252372,0.0,0.43829308123203603,1.5917483106396908,0.12199074074074075
CSGS5,q3_2020,4,robust_condition_cqr,clean,non_ramp,3793,0.9356709728447139,0.03567097284471388,30.475012010315986,30.77703857421875,34.21018484586075,5.815979297955332,8.398753142158052,0.0,0.03567097284471388,0.27704556373014533,0.31100168041691595,
CSGS5,q3_2020,4,robust_condition_cqr,clean,ramp,527,0.7229601518026565,0.17703984819734353,37.496638521071404,38.20290184020996,78.65317250700558,14.972630845753924,19.0881284695472,0.17703984819734353,0.0,0.34087853200974005,0.715028840972778,0.12199074074074075
CSGS5,q3_2020,4,robust_condition_cqr,combined_outage,non_ramp,3793,0.9356709728447139,0.03567097284471388,37.79958470742084,40.504406213760376,42.895143834073394,8.322025470281913,11.752584314131168,0.0,0.03567097284471388,0.3436325882492804,0.38995585303703084,
CSGS5,q3_2020,4,robust_condition_cqr,combined_outage,ramp,527,0.825426944971537,0.07457305502846301,42.9358594450778,46.11748123168945,76.01721662106046,14.218274675465173,18.659246063016973,0.07457305502846301,0.0,0.3903259949552528,0.6910656056460042,0.12199074074074075
CSGS5,q3_2020,4,robust_condition_cqr,irradiance_outage,non_ramp,3793,0.9330345373055628,0.03303453730556283,34.40688286511869,36.39324426651001,37.87502711827821,6.751487714075428,9.372266091758307,0.0,0.03303453730556283,0.3127898442283517,0.34431842834798376,
CSGS5,q3_2020,4,robust_condition_cqr,irradiance_outage,ramp,527,0.7722960151802657,0.12770398481973433,39.993388825168644,41.63649368286133,76.04936730069952,14.136323640423436,18.29924485442385,0.12770398481973433,0.0,0.3635762620469877,0.6913578845518138,0.12199074074074075
CSGS5,q3_2020,4,robust_condition_cqr,recent_power_outage,non_ramp,3793,0.9383074083838651,0.03830740838386504,32.69839601411987,33.25717067718506,36.23952778258096,6.47533793481631,9.181860054289082,0.0,0.03830740838386504,0.2972581455829079,0.3294502525689178,
CSGS5,q3_2020,4,robust_condition_cqr,recent_power_outage,ramp,527,0.7609108159392789,0.13908918406072113,39.33761160880101,41.624813079833984,78.4730529319601,14.55722364777632,18.46472264409474,0.13908918406072113,0.0,0.3576146509891001,0.7133913902905463,0.12199074074074075
CSGS5,q3_2020,4,robust_condition_cqr,weather_outage,non_ramp,3793,0.9393619825995254,0.03936198259952539,30.79195964964995,31.62684440612793,34.43524153508229,5.846617644936013,8.500610917891098,0.0,0.03936198259952539,0.27992690590590863,0.3130476503189299,
CSGS5,q3_2020,4,robust_condition_cqr,weather_outage,ramp,527,0.7286527514231499,0.17134724857685013,38.22749100509586,39.730693340301514,77.52140096016582,14.960762001531627,19.12850385735979,0.17134724857685013,0.0,0.3475226455008714,0.7047400087287802,0.12199074074074075
CSGS5,q3_2020,4,robust_local_cqr,clean,non_ramp,3793,0.948062219878724,0.048062219878723944,32.27910970722839,30.627910614013672,34.96263003206685,5.815979297955332,8.398753142158052,0.0,0.048062219878723944,0.2934464518838945,0.3178420912006077,
CSGS5,q3_2020,4,robust_local_cqr,clean,ramp,527,0.7836812144212524,0.11631878557874764,41.82020382311697,44.02943229675293,71.9688928913629,14.972630845753924,19.0881284695472,0.11631878557874764,0.0,0.38018367111924517,0.6542626626487537,0.12199074074074075
CSGS5,q3_2020,4,robust_local_cqr,combined_outage,non_ramp,3793,0.9274980226733457,0.027498022673345668,38.02058491581601,39.1545774936676,42.42213182626438,8.322025470281913,11.752584314131168,0.0,0.027498022673345668,0.3456416810528728,0.38565574387513074,
CSGS5,q3_2020,4,robust_local_cqr,combined_outage,ramp,527,0.8462998102466793,0.05370018975332069,45.178848975213455,49.14351224899292,70.72846734062972,14.218274675465173,18.659246063016973,0.05370018975332069,0.0,0.4107168088655769,0.6429860667329974,0.12199074074074075
CSGS5,q3_2020,4,robust_local_cqr,irradiance_outage,non_ramp,3793,0.9499077247561297,0.0499077247561297,36.50224962404199,37.46147537231445,38.70328804782129,6.751487714075428,9.372266091758307,0.0,0.0499077247561297,0.33183863294583626,0.3518480731620117,
CSGS5,q3_2020,4,robust_local_cqr,irradiance_outage,ramp,527,0.8349146110056926,0.06508538899430738,44.00100868601048,45.33225631713867,69.14692723988581,14.136323640423436,18.29924485442385,0.06508538899430738,0.0,0.40000916987282253,0.6286084294535074,0.12199074074074075
CSGS5,q3_2020,4,robust_local_cqr,recent_power_outage,non_ramp,3793,0.9517532296335355,0.05175322963353546,34.43865837712577,34.51778030395508,36.87574094084397,6.47533793481631,9.181860054289082,0.0,0.05175322963353546,0.3130787125193252,0.33523400855312696,
CSGS5,q3_2020,4,robust_local_cqr,recent_power_outage,ramp,527,0.8007590132827325,0.09924098671726755,42.837032266993226,44.9749641418457,73.056324007389,14.55722364777632,18.46472264409474,0.09924098671726755,0.0,0.38942756606357476,0.6641484000671727,0.12199074074074075
CSGS5,q3_2020,4,robust_local_cqr,weather_outage,non_ramp,3793,0.9525441602952808,0.05254416029528075,32.81924668331899,32.3135347366333,35.30194084218923,5.846617644936013,8.500610917891098,0.0,0.05254416029528075,0.2983567880301726,0.32092673492899304,
CSGS5,q3_2020,4,robust_local_cqr,weather_outage,ramp,527,0.7912713472485768,0.10872865275142318,42.77201249375515,44.840158462524414,70.64513101466919,14.960762001531627,19.12850385735979,0.10872865275142318,0.0,0.3888364772159559,0.6422284637697199,0.12199074074074075
CSGS5,q3_2020,4,robust_risk_mondrian,clean,non_ramp,3793,0.9340891115212233,0.03408911152122329,31.029446548632635,31.24936294555664,34.41140799428013,5.815979297955332,8.398753142158052,0.0,0.03408911152122329,0.2820858777148421,0.312830981766183,
CSGS5,q3_2020,4,robust_risk_mondrian,clean,ramp,527,0.7609108159392789,0.13908918406072113,39.82403351821755,40.70397758483887,75.60748967726272,14.972630845753924,19.0881284695472,0.13908918406072113,0.0,0.36203666834743226,0.687340815247843,0.12199074074074075
CSGS5,q3_2020,4,robust_risk_mondrian,combined_outage,non_ramp,3793,0.9311890324281571,0.03118903242815707,38.29119521990024,40.96249747276306,43.27498754532161,8.322025470281913,11.752584314131168,0.0,0.03118903242815707,0.34810177472636583,0.39340897768474187,
CSGS5,q3_2020,4,robust_risk_mondrian,combined_outage,ramp,527,0.8273244781783681,0.07267552182163195,43.272248115899494,46.7078914642334,72.37646620075238,14.218274675465173,18.659246063016973,0.07267552182163195,0.0,0.3933840737809045,0.6579678745522943,0.12199074074074075
CSGS5,q3_2020,4,robust_risk_mondrian,irradiance_outage,non_ramp,3793,0.9327708937516478,0.03277089375164777,35.075577111127195,37.524179458618164,38.02543288411822,6.751487714075428,9.372266091758307,0.0,0.03277089375164777,0.31886888282842907,0.34568575349198377,
CSGS5,q3_2020,4,robust_risk_mondrian,irradiance_outage,ramp,527,0.8064516129032258,0.09354838709677427,41.56123099234344,42.90348434448242,74.02742374904695,14.136323640423436,18.29924485442385,0.09354838709677427,0.0,0.37782937265766764,0.6729765795367905,0.12199074074074075
CSGS5,q3_2020,4,robust_risk_mondrian,recent_power_outage,non_ramp,3793,0.9422620616925916,0.04226206169259161,33.45659148610633,34.67263099551201,36.54496144152384,6.47533793481631,9.181860054289082,0.0,0.04226206169259161,0.30415083169187573,0.33222692219567124,
CSGS5,q3_2020,4,robust_risk_mondrian,recent_power_outage,ramp,527,0.7817836812144212,0.11821631878557881,40.77376492245148,42.87861442565918,76.53748829767419,14.55722364777632,18.46472264409474,0.11821631878557881,0.0,0.3706705902041043,0.6957953481606745,0.12199074074074075
CSGS5,q3_2020,4,robust_risk_mondrian,weather_outage,non_ramp,3793,0.9401529132612708,0.040152913261270795,31.421335300250924,32.370686531066895,34.72055966702933,5.846617644936013,8.500610917891098,0.0,0.040152913261270795,0.28564850272955383,0.3156414515184484,
CSGS5,q3_2020,4,robust_risk_mondrian,weather_outage,ramp,527,0.7703984819734345,0.1296015180265655,40.46219101169304,41.99136734008789,74.83016117881326,14.960762001531627,19.12850385735979,0.1296015180265655,0.0,0.36783810010630036,0.6802741925346659,0.12199074074074075
CSGS5,q3_2020,4,robust_rolling_cqr,clean,non_ramp,3793,0.930661745320327,0.03066174532032695,29.555093306441798,29.604877471923828,33.7221563334414,5.815979297955332,8.398753142158052,0.0,0.03066174532032695,0.2686826664221982,0.30656505757673996,
CSGS5,q3_2020,4,robust_rolling_cqr,clean,ramp,527,0.7077798861480076,0.19222011385199245,36.21199511011366,37.41642951965332,81.27451396734936,14.972630845753924,19.0881284695472,0.19222011385199245,0.0,0.32919995554648784,0.7388592178849942,0.12199074074074075
CSGS5,q3_2020,4,robust_rolling_cqr,combined_outage,non_ramp,3793,0.9177432111784867,0.01774321117848665,35.64591614730928,37.69842219352722,42.30446008333948,8.322025470281913,11.752584314131168,0.0,0.01774321117848665,0.32405378315735706,0.3845860007576316,
CSGS5,q3_2020,4,robust_rolling_cqr,combined_outage,ramp,527,0.8026565464895635,0.0973434535104365,40.113202953332966,42.85152626037598,79.09064775408446,14.218274675465173,18.659246063016973,0.0973434535104365,0.0,0.36466548139393606,0.719005888673495,0.12199074074074075
CSGS5,q3_2020,4,robust_rolling_cqr,irradiance_outage,non_ramp,3793,0.9243343000263644,0.024334300026364386,33.548190881109086,35.647515058517456,37.57461584015568,6.751487714075428,9.372266091758307,0.0,0.024334300026364386,0.3049835534646281,0.341587416728688,
CSGS5,q3_2020,4,robust_rolling_cqr,irradiance_outage,ramp,527,0.7628083491461101,0.13719165085388996,38.761185631806306,40.31544494628906,78.12878861621842,14.136323640423436,18.29924485442385,0.13719165085388996,0.0,0.3523744148346028,0.7102617146928947,0.12199074074074075
CSGS5,q3_2020,4,robust_rolling_cqr,recent_power_outage,non_ramp,3793,0.9251252306881097,0.02512523068810968,31.457028470113833,31.86194396018982,35.60156137699096,6.47533793481631,9.181860054289082,0.0,0.02512523068810968,0.28597298609194394,0.3236505579726451,
CSGS5,q3_2020,4,robust_rolling_cqr,recent_power_outage,ramp,527,0.7343453510436433,0.16565464895635673,37.54623044726476,39.81589221954346,81.52760744447231,14.55722364777632,18.46472264409474,0.16565464895635673,0.0,0.3413293677024069,0.741160067677021,0.12199074074074075
CSGS5,q3_2020,4,robust_rolling_cqr,weather_outage,non_ramp,3793,0.9322436066438176,0.032243606643817535,29.742834171916805,30.391066551208496,33.880924695127575,5.846617644936013,8.500610917891098,0.0,0.032243606643817535,0.27038940156288005,0.3080084063193416,
CSGS5,q3_2020,4,robust_rolling_cqr,weather_outage,ramp,527,0.7058823529411765,0.1941176470588235,36.79383381109763,38.03789520263672,79.90552263943023,14.960762001531627,19.12850385735979,0.1941176470588235,0.0,0.3344893982827057,0.7264138421766385,0.12199074074074075
CSGS5,q4_2020,1,clean_condition_cqr,clean,non_ramp,3372,0.9626334519572953,0.0626334519572953,15.85161833417539,15.665771961212158,16.951876995934246,2.287536366668133,3.4995492299004756,0.0,0.0626334519572953,0.14410562121977627,0.15410797269031132,
CSGS5,q4_2020,1,clean_condition_cqr,clean,ramp,297,0.4006734006734007,0.49932659932659934,27.26273819212159,27.17578125,110.60726294172332,16.015258530575018,18.104854698877514,0.49932659932659934,0.0,0.24784307447383264,1.0055205721974847,0.08094848732624693
CSGS5,q4_2020,1,clean_condition_cqr,combined_outage,non_ramp,3372,0.9371293001186239,0.03712930011862392,72.17906176520695,72.26155853271484,77.37729764465477,19.7987583413508,27.51964223656157,0.0,0.03712930011862392,0.6561732887746087,0.7034299785877707,
CSGS5,q4_2020,1,clean_condition_cqr,combined_outage,ramp,297,0.9191919191919192,0.019191919191919204,71.9543790977812,71.9679183959961,86.30810361919981,27.627553896470502,33.372301786742646,0.0,0.019191919191919204,0.6541307190707382,0.7846191238109074,0.08094848732624693
CSGS5,q4_2020,1,clean_condition_cqr,irradiance_outage,non_ramp,3372,0.965005931198102,0.06500593119810194,28.31400023923396,20.15327787399292,29.44634155992116,4.345634253649207,5.8342305159782795,0.0,0.06500593119810194,0.25740000217485415,0.26769401418110145,
CSGS5,q4_2020,1,clean_condition_cqr,irradiance_outage,ramp,297,0.6262626262626263,0.2737373737373737,40.245630638165906,40.26605987548828,92.12523515116085,15.342903089041661,17.788601664239636,0.2737373737373737,0.0,0.36586936943787185,0.8375021377378259,0.08094848732624693
CSGS5,q4_2020,1,clean_condition_cqr,recent_power_outage,non_ramp,3372,0.9027283511269276,0.0027283511269275973,47.43028934655241,41.96741485595703,57.49334970883769,16.930410571961993,25.163183549012054,0.0,0.0027283511269275973,0.43118444860502186,0.5226668155348881,
CSGS5,q4_2020,1,clean_condition_cqr,recent_power_outage,ramp,297,0.7744107744107744,0.12558922558922558,54.98519896176528,53.18000030517578,101.54762831922332,25.15593962717538,30.888857089204752,0.12558922558922558,0.0,0.4998654451069571,0.9231602574474848,0.08094848732624693
CSGS5,q4_2020,1,clean_condition_cqr,weather_outage,non_ramp,3372,0.9655990510083037,0.06559905100830365,16.00488213086302,15.919183254241943,17.01119321008287,2.307968649355317,3.48391813421903,0.0,0.06559905100830365,0.1454989284623911,0.15464721100075335,
CSGS5,q4_2020,1,clean_condition_cqr,weather_outage,ramp,297,0.37373737373737376,0.5262626262626262,27.16735648988473,27.08526039123535,112.30896437810327,16.177939931952995,18.22935259991047,0.5262626262626262,0.0,0.2469759680898612,1.0209905852554844,0.08094848732624693
CSGS5,q4_2020,1,lgbm_condition_cqr,clean,non_ramp,3372,0.9489916963226572,0.04899169632265721,16.791118448658658,16.69659996032715,17.884402585827843,2.1093048525585827,3.214926509149785,0.0,0.04899169632265721,0.15264653135144235,0.16258547805298038,
CSGS5,q4_2020,1,lgbm_condition_cqr,clean,ramp,297,0.5420875420875421,0.35791245791245796,31.850239136805037,31.978469848632812,87.40638699796465,16.520749851509375,18.67642372858488,0.35791245791245796,0.0,0.2895476285164094,0.794603518163315,0.08094848732624693
CSGS5,q4_2020,1,lgbm_condition_cqr,combined_outage,non_ramp,3372,0.9516607354685647,0.051660735468564645,68.51217593671588,69.74339294433594,72.04396796763862,19.731905289559954,27.785114875717408,0.0,0.051660735468564645,0.6228379630610534,0.6549451633421693,
CSGS5,q4_2020,1,lgbm_condition_cqr,combined_outage,ramp,297,0.9158249158249159,0.015824915824915853,70.60955664124151,71.22030639648438,82.48619092433943,28.359488671877568,34.03587807216775,0.0,0.015824915824915853,0.6419050603749228,0.7498744629485402,0.08094848732624693
CSGS5,q4_2020,1,lgbm_condition_cqr,irradiance_outage,non_ramp,3372,0.9875444839857651,0.08754448398576509,21.252950997876113,21.29935121536255,21.489426874610782,4.909873472263734,6.367445798216043,0.0,0.08754448398576509,0.19320864543523739,0.19535842613282528,
CSGS5,q4_2020,1,lgbm_condition_cqr,irradiance_outage,ramp,297,0.6262626262626263,0.2737373737373737,34.12281879381299,33.394845962524414,80.58150428021797,15.645016304170243,18.713381274275463,0.2737373737373737,0.0,0.3102074435801181,0.7325591298201634,0.08094848732624693
CSGS5,q4_2020,1,lgbm_condition_cqr,recent_power_outage,non_ramp,3372,0.900355871886121,0.000355871886120962,57.86692291024458,56.701494216918945,67.9937134241577,17.86591159918236,26.05623400586167,0.0,0.000355871886120962,0.526062935547678,0.6181246674923427,
CSGS5,q4_2020,1,lgbm_condition_cqr,recent_power_outage,ramp,297,0.8888888888888888,0.011111111111111183,63.992294940884264,64.33785247802734,84.7260469507288,26.195091820726493,31.898032124464976,0.011111111111111183,0.0,0.5817481358262205,0.7702367904611709,0.08094848732624693
CSGS5,q4_2020,1,lgbm_condition_cqr,weather_outage,non_ramp,3372,0.9501779359430605,0.050177935943060525,16.89019332025537,16.75158929824829,17.9776761089946,2.1115069366429604,3.2015515132717867,0.0,0.050177935943060525,0.15354721200232155,0.1634334191726782,
CSGS5,q4_2020,1,lgbm_condition_cqr,weather_outage,ramp,297,0.5387205387205387,0.3612794612794613,31.733074533016193,32.21865272521973,87.59571270469061,16.610317519216828,18.698054207637483,0.3612794612794613,0.0,0.28848249575469265,0.7963246609517328,0.08094848732624693
CSGS5,q4_2020,1,oracle_ramp_mondrian,clean,non_ramp,3372,0.9045077105575327,0.004507710557532629,15.879289435117999,14.94825792312622,18.281349377699122,2.484570266763997,3.9356702981954195,0.0,0.004507710557532629,0.1443571766828909,0.1661940852518102,
CSGS5,q4_2020,1,oracle_ramp_mondrian,clean,ramp,297,0.8821548821548821,0.017845117845117886,47.07046620582892,47.740478515625,63.172435240813776,15.14199693596323,17.429735704140327,0.017845117845117886,0.0,0.4279133291438993,0.5742948658255798,0.08094848732624693
CSGS5,q4_2020,1,oracle_ramp_mondrian,combined_outage,non_ramp,3372,0.8781138790035588,0.021886120996441272,29.18601584787111,28.901584923267365,38.002476526655876,6.818892829367628,9.939231756898645,0.021886120996441272,0.0,0.26532741679882826,0.34547705933323525,
CSGS5,q4_2020,1,oracle_ramp_mondrian,combined_outage,ramp,297,0.8956228956228957,0.004377104377104368,49.89857731102292,51.606855392456055,67.4690155675917,14.934104786176071,17.70413138720083,0.004377104377104368,0.0,0.45362343010020834,0.6133546869781064,0.08094848732624693
CSGS5,q4_2020,1,oracle_ramp_mondrian,irradiance_outage,non_ramp,3372,0.9395017793594306,0.039501779359430556,19.152799483581653,18.385191202163696,20.485052660976724,2.632368342713414,4.013502577423201,0.0,0.039501779359430556,0.1741163589416514,0.18622775146342477,
CSGS5,q4_2020,1,oracle_ramp_mondrian,irradiance_outage,ramp,297,0.9158249158249159,0.015824915824915853,49.217124606046816,49.87488555908203,62.962061558734085,14.945418399592441,17.15439227319386,0.0,0.015824915824915853,0.4474284055095165,0.5723823778066734,0.08094848732624693
CSGS5,q4_2020,1,oracle_ramp_mondrian,recent_power_outage,non_ramp,3372,0.9169632265717675,0.01696322657176752,22.37866923541036,22.118910312652588,24.14817684068129,3.4162526253173358,4.972996821827124,0.0,0.01696322657176752,0.20344244759463964,0.21952888036982993,
CSGS5,q4_2020,1,oracle_ramp_mondrian,recent_power_outage,ramp,297,0.9023569023569024,0.002356902356902335,52.382364642836144,53.0056791305542,64.40638306214684,15.321764604009763,17.904265496381097,0.0,0.002356902356902335,0.47620331493487406,0.585512573292244,0.08094848732624693
CSGS5,q4_2020,1,oracle_ramp_mondrian,weather_outage,non_ramp,3372,0.9086595492289442,0.008659549228944186,16.851186164304018,16.255777716636658,19.070375860079313,2.530329276223182,4.003076979145713,0.0,0.008659549228944186,0.1531926014936729,0.1733670532734483,
CSGS5,q4_2020,1,oracle_ramp_mondrian,weather_outage,ramp,297,0.8922558922558923,0.00774410774410772,48.18357804317266,48.84094715118408,62.88029410130648,15.129007753699717,17.292431015385358,0.00774410774410772,0.0,0.438032527665206,0.5716390372846044,0.08094848732624693
CSGS5,q4_2020,1,persistence_condition_cqr,clean,non_ramp,3372,1.0,0.09999999999999998,23.611491691372507,27.279998779296875,23.611491691372507,2.997835103858788,3.862031736660454,0.0,0.09999999999999998,0.2146499244670228,0.2146499244670228,
CSGS5,q4_2020,1,persistence_condition_cqr,clean,ramp,297,0.28619528619528617,0.6138047138047138,27.05400674672239,27.279998779296875,140.48430962032742,18.903366947816277,20.55975169548179,0.6138047138047138,0.0,0.24594551587929445,1.277130087457522,0.08094848732624693
CSGS5,q4_2020,1,persistence_condition_cqr,combined_outage,non_ramp,3372,0.6734875444839857,0.2265124555160143,,,,,,0.2265124555160143,0.0,,,
CSGS5,q4_2020,1,persistence_condition_cqr,combined_outage,ramp,297,0.7474747474747475,0.1525252525252525,,,,,,0.1525252525252525,0.0,,,0.08094848732624693
CSGS5,q4_2020,1,persistence_condition_cqr,irradiance_outage,non_ramp,3372,1.0,0.09999999999999998,23.611491691372507,27.279998779296875,23.611491691372507,2.997835103858788,3.862031736660454,0.0,0.09999999999999998,0.2146499244670228,0.2146499244670228,
CSGS5,q4_2020,1,persistence_condition_cqr,irradiance_outage,ramp,297,0.28619528619528617,0.6138047138047138,27.05400674672239,27.279998779296875,140.48430962032742,18.903366947816277,20.55975169548179,0.6138047138047138,0.0,0.24594551587929445,1.277130087457522,0.08094848732624693
CSGS5,q4_2020,1,persistence_condition_cqr,recent_power_outage,non_ramp,3372,0.6734875444839857,0.2265124555160143,,,,,,0.2265124555160143,0.0,,,
CSGS5,q4_2020,1,persistence_condition_cqr,recent_power_outage,ramp,297,0.7474747474747475,0.1525252525252525,,,,,,0.1525252525252525,0.0,,,0.08094848732624693
CSGS5,q4_2020,1,persistence_condition_cqr,weather_outage,non_ramp,3372,1.0,0.09999999999999998,23.611491691372507,27.279998779296875,23.611491691372507,2.997835103858788,3.862031736660454,0.0,0.09999999999999998,0.2146499244670228,0.2146499244670228,
CSGS5,q4_2020,1,persistence_condition_cqr,weather_outage,ramp,297,0.28619528619528617,0.6138047138047138,27.05400674672239,27.279998779296875,140.48430962032742,18.903366947816277,20.55975169548179,0.6138047138047138,0.0,0.24594551587929445,1.277130087457522,0.08094848732624693
CSGS5,q4_2020,1,robust_condition_cqr,clean,non_ramp,3372,0.9489916963226572,0.04899169632265721,17.201807465288272,16.29633331298828,18.654839835498674,2.484570266763997,3.9356702981954195,0.0,0.04899169632265721,0.15638006786625702,0.16958945304998793,
CSGS5,q4_2020,1,robust_condition_cqr,clean,ramp,297,0.5488215488215489,0.35117845117845115,31.071245178630456,31.676328659057617,87.86365255161569,15.14199693596323,17.429735704140327,0.35117845117845115,0.0,0.2824658652602769,0.7987604777419608,0.08094848732624693
CSGS5,q4_2020,1,robust_condition_cqr,combined_outage,non_ramp,3372,0.9000593119810202,5.931198102016033e-05,30.428699837338144,30.24492445588112,37.75775269781003,6.818892829367628,9.939231756898645,0.0,5.931198102016033e-05,0.27662454397580133,0.3432522972528184,
CSGS5,q4_2020,1,robust_condition_cqr,combined_outage,ramp,297,0.7575757575757576,0.14242424242424245,40.37859013118477,41.84324264526367,73.56017003891996,14.934104786176071,17.70413138720083,0.14242424242424245,0.0,0.36707809210167974,0.668728818535636,0.08094848732624693
CSGS5,q4_2020,1,robust_condition_cqr,irradiance_outage,non_ramp,3372,0.9516607354685647,0.051660735468564645,19.48827667566507,18.723275661468506,20.637524889062934,2.632368342713414,4.013502577423201,0.0,0.051660735468564645,0.17716615159695517,0.18761386262784485,
CSGS5,q4_2020,1,robust_condition_cqr,irradiance_outage,ramp,297,0.5757575757575758,0.3242424242424242,30.99110909182616,31.525177001953125,83.75837535569163,14.945418399592441,17.15439227319386,0.3242424242424242,0.0,0.2817373553802378,0.761439775960833,0.08094848732624693
CSGS5,q4_2020,1,robust_condition_cqr,recent_power_outage,non_ramp,3372,0.9412811387900356,0.04128113879003559,22.998331590837807,22.74526309967041,24.330376028418495,3.4162526253173358,4.972996821827124,0.0,0.04128113879003559,0.20907574173488916,0.22118523662198633,
CSGS5,q4_2020,1,robust_condition_cqr,recent_power_outage,ramp,297,0.6531986531986532,0.2468013468013468,35.488314260136,36.03614807128906,79.82110123120574,15.321764604009763,17.904265496381097,0.2468013468013468,0.0,0.3226210387285091,0.7256463748291432,0.08094848732624693
CSGS5,q4_2020,1,robust_condition_cqr,weather_outage,non_ramp,3372,0.9460260972716489,0.04602609727164886,18.072873413035314,17.498424887657166,19.427830971625603,2.530329276223182,4.003076979145713,0.0,0.04602609727164886,0.16429884920941196,0.1766166451965964,
CSGS5,q4_2020,1,robust_condition_cqr,weather_outage,ramp,297,0.531986531986532,0.368013468013468,31.765840384293888,32.662715911865234,87.0432410593386,15.129007753699717,17.292431015385358,0.368013468013468,0.0,0.2887803671299444,0.7913021914485328,0.08094848732624693
CSGS5,q4_2020,1,robust_local_cqr,clean,non_ramp,3372,0.9578884934756821,0.057888493475682035,18.342198430577792,16.39123272895813,19.395038295498154,2.484570266763997,3.9356702981954195,0.0,0.057888493475682035,0.1667472584597981,0.17631852995907413,
CSGS5,q4_2020,1,robust_local_cqr,clean,ramp,297,0.6464646464646465,0.2535353535353535,35.11273428586998,36.253883361816406,77.93335429285511,15.14199693596323,17.429735704140327,0.2535353535353535,0.0,0.31920667532609076,0.7084850390259556,0.08094848732624693
CSGS5,q4_2020,1,robust_local_cqr,combined_outage,non_ramp,3372,0.9086595492289442,0.008659549228944186,30.952724354054386,29.40628683567047,37.20908421351136,6.818892829367628,9.939231756898645,0.0,0.008659549228944186,0.28138840321867625,0.33826440194101237,
CSGS5,q4_2020,1,robust_local_cqr,combined_outage,ramp,297,0.7744107744107744,0.12558922558922558,41.74587820686074,43.15406036376953,72.32207133884381,14.934104786176071,17.70413138720083,0.12558922558922558,0.0,0.37950798369873395,0.6574733758076711,0.08094848732624693
CSGS5,q4_2020,1,robust_local_cqr,irradiance_outage,non_ramp,3372,0.9682680901542111,0.06826809015421109,21.26529530734724,19.53975474834442,21.920838950815845,2.632368342713414,4.013502577423201,0.0,0.06826809015421109,0.19332086643042948,0.19928035409832587,
CSGS5,q4_2020,1,robust_local_cqr,irradiance_outage,ramp,297,0.6936026936026936,0.20639730639730647,34.89934452455052,35.70703887939453,74.34469242288608,14.945418399592441,17.15439227319386,0.20639730639730647,0.0,0.31726676840500473,0.6758608402080553,0.08094848732624693
CSGS5,q4_2020,1,robust_local_cqr,recent_power_outage,non_ramp,3372,0.9590747330960854,0.05907473309608535,24.547692939914715,23.523141384124756,25.34191904042173,3.4162526253173358,4.972996821827124,0.0,0.05907473309608535,0.2231608449083156,0.2303810821856521,
CSGS5,q4_2020,1,robust_local_cqr,recent_power_outage,ramp,297,0.7205387205387206,0.17946127946127943,38.479250319879064,40.418827056884766,73.41587317070174,15.321764604009763,17.904265496381097,0.17946127946127943,0.0,0.34981136654435513,0.6674170288245613,0.08094848732624693
CSGS5,q4_2020,1,robust_local_cqr,weather_outage,non_ramp,3372,0.9564056939501779,0.056405693950177915,19.4569142990567,17.790767431259155,20.386210705977287,2.530329276223182,4.003076979145713,0.0,0.056405693950177915,0.17688103908233363,0.18532918823615716,
CSGS5,q4_2020,1,robust_local_cqr,weather_outage,ramp,297,0.6531986531986532,0.2468013468013468,36.170163602941365,38.266197204589844,74.95628419428161,15.129007753699717,17.292431015385358,0.2468013468013468,0.0,0.32881966911764876,0.68142076540256,0.08094848732624693
CSGS5,q4_2020,1,robust_risk_mondrian,clean,non_ramp,3372,0.9400948991696323,0.04009489916963227,17.442736642429047,15.433550596237183,18.9105395536879,2.484570266763997,3.9356702981954195,0.0,0.04009489916963227,0.15857033311299135,0.17191399594261728,
CSGS5,q4_2020,1,robust_risk_mondrian,clean,ramp,297,0.632996632996633,0.267003367003367,34.271004627449344,35.676971435546875,80.07615299939306,15.14199693596323,17.429735704140327,0.267003367003367,0.0,0.3115545875222668,0.7279650272672097,0.08094848732624693
CSGS5,q4_2020,1,robust_risk_mondrian,combined_outage,non_ramp,3372,0.9068801897983393,0.006880189798339265,31.004489525165496,30.69841057062149,37.42653722459923,6.818892829367628,9.939231756898645,0.0,0.006880189798339265,0.2818589956833227,0.34024124749635665,
CSGS5,q4_2020,1,robust_risk_mondrian,combined_outage,ramp,297,0.7710437710437711,0.12895622895622894,41.27346252903392,42.38827896118164,72.52098955841177,14.934104786176071,17.70413138720083,0.12895622895622894,0.0,0.3752132957184902,0.6592817232582888,0.08094848732624693
CSGS5,q4_2020,1,robust_risk_mondrian,irradiance_outage,non_ramp,3372,0.9448398576512456,0.04483985765124554,19.926322231628774,18.421260833740234,21.025353621555027,2.632368342713414,4.013502577423201,0.0,0.04483985765124554,0.18114838392389795,0.19113957837777298,
CSGS5,q4_2020,1,robust_risk_mondrian,irradiance_outage,ramp,297,0.6767676767676768,0.22323232323232323,34.68854509379326,36.50361347198486,76.64681026991771,14.945418399592441,17.15439227319386,0.22323232323232323,0.0,0.3153504099435751,0.6967891842719791,0.08094848732624693
CSGS5,q4_2020,1,robust_risk_mondrian,recent_power_outage,non_ramp,3372,0.9276393831553974,0.02763938315539738,23.258853446228223,23.18623161315918,24.65975815989519,3.4162526253173358,4.972996821827124,0.0,0.02763938315539738,0.2114441222384384,0.22417961963541083,
CSGS5,q4_2020,1,robust_risk_mondrian,recent_power_outage,ramp,297,0.67003367003367,0.22996632996633004,36.40790047950616,36.859867095947266,78.3056900525334,15.321764604009763,17.904265496381097,0.22996632996633004,0.0,0.330980913450056,0.7118699095684854,0.08094848732624693
CSGS5,q4_2020,1,robust_risk_mondrian,weather_outage,non_ramp,3372,0.9386120996441281,0.03861209964412804,18.35546621608505,16.65717124938965,19.79063012923168,2.530329276223182,4.003076979145713,0.0,0.03861209964412804,0.16686787469168227,0.17991481935665163,
CSGS5,q4_2020,1,robust_risk_mondrian,weather_outage,ramp,297,0.6296296296296297,0.27037037037037037,34.992748269729745,36.295719146728516,78.34255329246072,15.129007753699717,17.292431015385358,0.27037037037037037,0.0,0.3181158933611795,0.7122050299314611,0.08094848732624693
CSGS5,q4_2020,1,robust_rolling_cqr,clean,non_ramp,3372,0.9397983392645315,0.03979833926453147,16.98725431380658,16.032609939575195,18.555541839956756,2.484570266763997,3.9356702981954195,0.0,0.03979833926453147,0.15442958467096893,0.16868674399960687,
CSGS5,q4_2020,1,robust_rolling_cqr,clean,ramp,297,0.5555555555555556,0.34444444444444444,31.111635299644085,31.222553253173828,87.60866655324043,15.14199693596323,17.429735704140327,0.34444444444444444,0.0,0.28283304817858257,0.7964424232112766,0.08094848732624693
CSGS5,q4_2020,1,robust_rolling_cqr,combined_outage,non_ramp,3372,0.9015421115065243,0.0015421115065242796,30.982516559765564,31.00418448448181,38.02326548290312,6.818892829367628,9.939231756898645,0.0,0.0015421115065242796,0.2816592414524142,0.34566604984457383,
CSGS5,q4_2020,1,robust_rolling_cqr,combined_outage,ramp,297,0.7744107744107744,0.12558922558922558,41.03289049442368,42.39529800415039,72.22949070521075,14.934104786176071,17.70413138720083,0.12558922558922558,0.0,0.37302627722203346,0.6566317336837341,0.08094848732624693
CSGS5,q4_2020,1,robust_rolling_cqr,irradiance_outage,non_ramp,3372,0.9478054567022538,0.04780545670225378,19.37089589293905,18.682682037353516,20.59288600540042,2.632368342713414,4.013502577423201,0.0,0.04780545670225378,0.17609905357217318,0.18720805459454928,
CSGS5,q4_2020,1,robust_rolling_cqr,irradiance_outage,ramp,297,0.569023569023569,0.33097643097643104,30.90468610497035,31.303661346435547,84.09114524491306,14.945418399592441,17.15439227319386,0.33097643097643104,0.0,0.2809516918633668,0.7644649567719369,0.08094848732624693
CSGS5,q4_2020,1,robust_rolling_cqr,recent_power_outage,non_ramp,3372,0.9326809015421115,0.03268090154211145,22.78464244250476,22.45686149597168,24.235876613055314,3.4162526253173358,4.972996821827124,0.0,0.03268090154211145,0.20713311311367966,0.22032615102777559,
CSGS5,q4_2020,1,robust_rolling_cqr,recent_power_outage,ramp,297,0.6498316498316499,0.25016835016835015,35.288957783670135,35.8309268951416,80.26966858070708,15.321764604009763,17.904265496381097,0.25016835016835015,0.0,0.32080870712427395,0.7297242598246098,0.08094848732624693
CSGS5,q4_2020,1,robust_rolling_cqr,weather_outage,non_ramp,3372,0.9436536180308422,0.04365361803084222,17.93999406838489,17.359973907470703,19.364953890194826,2.530329276223182,4.003076979145713,0.0,0.04365361803084222,0.16309085516713537,0.1760450353654075,
CSGS5,q4_2020,1,robust_rolling_cqr,weather_outage,ramp,297,0.531986531986532,0.368013468013468,31.86423988856049,32.462890625,86.79524739583333,15.129007753699717,17.292431015385358,0.368013468013468,0.0,0.28967490807782265,0.7890477035984848,0.08094848732624693
CSGS5,q4_2020,4,clean_condition_cqr,clean,non_ramp,2911,0.9577464788732394,0.05774647887323936,26.647882765182885,26.068392753601074,29.406881962619263,4.503364204361264,6.830159519364332,0.0,0.05774647887323936,0.24225347968348077,0.267335290569266,
CSGS5,q4_2020,4,clean_condition_cqr,clean,ramp,482,0.6618257261410788,0.2381742738589212,33.71610094994863,32.134339332580566,89.23111065392116,14.716136936577524,18.830638072353757,0.2381742738589212,0.0,0.30651000863589667,0.8111919150356469,0.14205717653993516
CSGS5,q4_2020,4,clean_condition_cqr,combined_outage,non_ramp,2911,0.9302645139127448,0.03026451391274476,70.06569904234351,69.49251556396484,76.06888139358463,20.73154349651281,27.545392862150827,0.0,0.03026451391274476,0.636960900384941,0.6915352853962239,
CSGS5,q4_2020,4,clean_condition_cqr,combined_outage,ramp,482,0.9647302904564315,0.06473029045643153,71.2347882298513,70.59522247314453,75.07346427094392,16.254087057103753,22.957895764650818,0.0,0.06473029045643153,0.6475889839077391,0.6824860388267628,0.14205717653993516
CSGS5,q4_2020,4,clean_condition_cqr,irradiance_outage,non_ramp,2911,0.9580900034352456,0.05809000343524562,40.74554572490849,39.08035612106323,43.327568713061794,7.754153442466379,9.924093733840845,0.0,0.05809000343524562,0.37041405204462263,0.39388698830056174,
CSGS5,q4_2020,4,clean_condition_cqr,irradiance_outage,ramp,482,0.8360995850622407,0.06390041493775933,42.333754195480054,38.534239768981934,71.55571065826102,13.032559382222995,17.75710779123188,0.06390041493775933,0.0,0.3848523108680005,0.6505064605296457,0.14205717653993516
CSGS5,q4_2020,4,clean_condition_cqr,recent_power_outage,non_ramp,2911,0.9574029543112332,0.05740295431123321,45.50180461026809,45.351858139038086,49.10273563290296,14.791211074466421,20.897906088186154,0.0,0.05740295431123321,0.41365276918425536,0.4463885057536633,
CSGS5,q4_2020,4,clean_condition_cqr,recent_power_outage,ramp,482,0.8360995850622407,0.06390041493775933,46.4336732928931,44.934800148010254,77.9727920478063,13.35012129258318,19.370848869555942,0.06390041493775933,0.0,0.42212430266266454,0.7088435640709663,0.14205717653993516
CSGS5,q4_2020,4,clean_condition_cqr,weather_outage,non_ramp,2911,0.9563723806252147,0.05637238062521466,27.139873700300075,26.44991683959961,29.696116911136517,4.50273565011312,6.707308465577226,0.0,0.05637238062521466,0.2467261245481825,0.26996469919215016,
CSGS5,q4_2020,4,clean_condition_cqr,weather_outage,ramp,482,0.6265560165975104,0.27344398340248965,33.790804556791215,32.17020225524902,93.54062781640603,16.088384296142213,19.391110914741397,0.27344398340248965,0.0,0.3071891323344656,0.8503693437855093,0.14205717653993516
CSGS5,q4_2020,4,lgbm_condition_cqr,clean,non_ramp,2911,0.9570594297492271,0.057059429749227064,31.911897793853715,30.73296356201172,33.260781456442814,4.256661182682806,6.449232239347705,0.0,0.057059429749227064,0.2901081617623065,0.30237074051311646,
CSGS5,q4_2020,4,lgbm_condition_cqr,clean,ramp,482,0.6680497925311203,0.23195020746887973,37.64025797314664,37.046738624572754,74.11295568621505,15.02364765484798,19.310014824936133,0.23195020746887973,0.0,0.34218416339224217,0.673754142601955,0.14205717653993516
CSGS5,q4_2020,4,lgbm_condition_cqr,combined_outage,non_ramp,2911,0.9137753349364479,0.013775334936447892,63.61344577339825,67.52283477783203,70.49088081089913,21.216298193784386,29.283059891551844,0.0,0.013775334936447892,0.5783040524854386,0.6408261891899921,
CSGS5,q4_2020,4,lgbm_condition_cqr,combined_outage,ramp,482,0.9398340248962656,0.03983402489626553,62.35066455825236,67.59343338012695,68.7057849519975,19.18757244684884,26.077399254749206,0.0,0.03983402489626553,0.5668242232568397,0.6245980450181591,0.14205717653993516
CSGS5,q4_2020,4,lgbm_condition_cqr,irradiance_outage,non_ramp,2911,0.9618687736173136,0.06186877361731358,38.57212442773795,37.382301330566406,39.91538032890262,8.293078519033452,10.86817887784304,0.0,0.06186877361731358,0.3506556766157995,0.36286709389911476,
CSGS5,q4_2020,4,lgbm_condition_cqr,irradiance_outage,ramp,482,0.8443983402489627,0.05560165975103737,41.934901659635834,41.1798882484436,59.722625334449575,13.66688017256527,17.921851023668697,0.05560165975103737,0.0,0.38122637872396214,0.5429329575859052,0.14205717653993516
CSGS5,q4_2020,4,lgbm_condition_cqr,recent_power_outage,non_ramp,2911,0.9017519752662315,0.001751975266231498,56.12106602766997,58.38844680786133,64.70306974790007,17.337867323239436,23.881882512121557,0.0,0.001751975266231498,0.5101915093424543,0.5882097249809097,
CSGS5,q4_2020,4,lgbm_condition_cqr,recent_power_outage,ramp,482,0.9087136929460581,0.00871369294605806,57.696920046667834,61.86482620239258,68.65607391452393,15.24450758210851,22.239340284688677,0.0,0.00871369294605806,0.5245174549697076,0.6241461264956721,0.14205717653993516
CSGS5,q4_2020,4,lgbm_condition_cqr,weather_outage,non_ramp,2911,0.9536241841291653,0.05362418412916525,31.8809213771695,30.72760248184204,33.434982016737976,4.267712204997681,6.364480612351594,0.0,0.05362418412916525,0.2898265579742682,0.30395438197034524,
CSGS5,q4_2020,4,lgbm_condition_cqr,weather_outage,ramp,482,0.6224066390041494,0.27759336099585064,37.234508085052994,36.0114631652832,76.64017531288115,16.31455271990962,20.06496957535466,0.27759336099585064,0.0,0.3384955280459363,0.6967288664807377,0.14205717653993516
CSGS5,q4_2020,4,oracle_ramp_mondrian,clean,non_ramp,2911,0.9172105805565098,0.017210580556509814,26.319477667115443,25.056528091430664,31.361843946101914,5.086288315704402,7.804291743205929,0.0,0.017210580556509814,0.23926797879195857,0.2851076722372901,
CSGS5,q4_2020,4,oracle_ramp_mondrian,clean,ramp,482,0.9253112033195021,0.025311203319502096,51.19099770942355,51.071633100509644,62.14002274482267,12.85973806920388,17.26455820391214,0.0,0.025311203319502096,0.465372706449305,0.5649092976802061,0.14205717653993516
CSGS5,q4_2020,4,oracle_ramp_mondrian,combined_outage,non_ramp,2911,0.8680865681896256,0.031913431810374426,39.06159785253161,39.582130432128906,52.099730203969884,9.47452802306066,12.75178041326705,0.031913431810374426,0.0,0.35510543502301467,0.47363391094518076,
CSGS5,q4_2020,4,oracle_ramp_mondrian,combined_outage,ramp,482,0.8672199170124482,0.03278008298755186,50.37168550370763,49.58302193880081,65.54332770824556,14.696682899572048,18.118677298662266,0.03278008298755186,0.0,0.45792441367006936,0.5958484337113232,0.14205717653993516
CSGS5,q4_2020,4,oracle_ramp_mondrian,irradiance_outage,non_ramp,2911,0.9199587770525592,0.019958777052559218,29.171365469857623,28.55490493774414,33.27268488057584,5.306728243301212,7.955875869723616,0.0,0.019958777052559218,0.2651942315441602,0.3024789534597803,
CSGS5,q4_2020,4,oracle_ramp_mondrian,irradiance_outage,ramp,482,0.9315352697095436,0.03153526970954357,52.105571513527934,53.301236391067505,63.544614554614725,13.24516442133678,17.061471710325748,0.0,0.03153526970954357,0.47368701375934485,0.5776783141328611,0.14205717653993516
CSGS5,q4_2020,4,oracle_ramp_mondrian,recent_power_outage,non_ramp,2911,0.9275163174166953,0.027516317416695246,31.331617158008033,32.56544017791748,35.105226155456855,5.907718791661906,8.529948776092478,0.0,0.027516317416695246,0.2848328832546185,0.31913841959506234,
CSGS5,q4_2020,4,oracle_ramp_mondrian,recent_power_outage,ramp,482,0.9232365145228216,0.023236514522821605,55.21684246514422,56.60735106468201,64.7949927632351,13.502003982601323,17.668988747723965,0.0,0.023236514522821605,0.5019712951376747,0.5890453887566828,0.14205717653993516
CSGS5,q4_2020,4,oracle_ramp_mondrian,weather_outage,non_ramp,2911,0.919271727928547,0.019271727928546922,27.15727209855045,25.836127042770386,31.6034644008235,5.150207412999593,7.792610184942237,0.0,0.019271727928546922,0.2468842918050041,0.28730422182566817,
CSGS5,q4_2020,4,oracle_ramp_mondrian,weather_outage,ramp,482,0.9356846473029046,0.03568464730290455,51.67916159749155,52.45233511924744,60.61943210843811,13.796933282213093,17.693342760698787,0.0,0.03568464730290455,0.4698105599771959,0.5510857464403465,0.14205717653993516
CSGS5,q4_2020,4,persistence_condition_cqr,clean,non_ramp,2911,1.0,0.09999999999999998,38.57751291525291,41.189998626708984,38.57751291525291,8.161875574431395,10.191333874247237,0.0,0.09999999999999998,0.35070466286593555,0.35070466286593555,
CSGS5,q4_2020,4,persistence_condition_cqr,clean,ramp,482,0.17634854771784234,0.7236514522821577,42.85937754208555,46.57999801635742,182.05398349604604,30.129626633715333,31.105777024935097,0.7236514522821577,0.0,0.3896307049280504,1.6550362136004186,0.14205717653993516
CSGS5,q4_2020,4,persistence_condition_cqr,combined_outage,non_ramp,2911,0.7100652696667812,0.18993473033321884,,,,,,0.18993473033321884,0.0,,,
CSGS5,q4_2020,4,persistence_condition_cqr,combined_outage,ramp,482,0.43983402489626555,0.46016597510373447,,,,,,0.46016597510373447,0.0,,,0.14205717653993516
CSGS5,q4_2020,4,persistence_condition_cqr,irradiance_outage,non_ramp,2911,1.0,0.09999999999999998,38.57751291525291,41.189998626708984,38.57751291525291,8.161875574431395,10.191333874247237,0.0,0.09999999999999998,0.35070466286593555,0.35070466286593555,
CSGS5,q4_2020,4,persistence_condition_cqr,irradiance_outage,ramp,482,0.17634854771784234,0.7236514522821577,42.85937754208555,46.57999801635742,182.05398349604604,30.129626633715333,31.105777024935097,0.7236514522821577,0.0,0.3896307049280504,1.6550362136004186,0.14205717653993516
CSGS5,q4_2020,4,persistence_condition_cqr,recent_power_outage,non_ramp,2911,0.7100652696667812,0.18993473033321884,,,,,,0.18993473033321884,0.0,,,
CSGS5,q4_2020,4,persistence_condition_cqr,recent_power_outage,ramp,482,0.43983402489626555,0.46016597510373447,,,,,,0.46016597510373447,0.0,,,0.14205717653993516
CSGS5,q4_2020,4,persistence_condition_cqr,weather_outage,non_ramp,2911,1.0,0.09999999999999998,38.57751291525291,41.189998626708984,38.57751291525291,8.161875574431395,10.191333874247237,0.0,0.09999999999999998,0.35070466286593555,0.35070466286593555,
CSGS5,q4_2020,4,persistence_condition_cqr,weather_outage,ramp,482,0.17634854771784234,0.7236514522821577,42.85937754208555,46.57999801635742,182.05398349604604,30.129626633715333,31.105777024935097,0.7236514522821577,0.0,0.3896307049280504,1.6550362136004186,0.14205717653993516
CSGS5,q4_2020,4,robust_condition_cqr,clean,non_ramp,2911,0.941944349020955,0.04194434902095501,28.041508627399914,26.849425077438354,31.814535308968722,5.086288315704402,7.804291743205929,0.0,0.04194434902095501,0.25492280570363557,0.28922304826335204,
CSGS5,q4_2020,4,robust_condition_cqr,clean,ramp,482,0.7489626556016598,0.15103734439834027,35.029838128826924,34.12339377403259,71.19235195473021,12.85973806920388,17.26455820391214,0.15103734439834027,0.0,0.3184530738984266,0.6472031995884565,0.14205717653993516
CSGS5,q4_2020,4,robust_condition_cqr,combined_outage,non_ramp,2911,0.8814840261078667,0.01851597389213333,40.51565460867128,41.11735200881958,51.52459914076527,9.47452802306066,12.75178041326705,0.01851597389213333,0.0,0.3683241328061025,0.46840544673422974,
CSGS5,q4_2020,4,robust_condition_cqr,combined_outage,ramp,482,0.7655601659751037,0.13443983402489634,42.63282740439957,42.30668365955353,73.25459761419083,14.696682899572048,18.118677298662266,0.13443983402489634,0.0,0.38757115822181426,0.6659508874017348,0.14205717653993516
CSGS5,q4_2020,4,robust_condition_cqr,irradiance_outage,non_ramp,2911,0.9477842665750601,0.047784266575060075,30.933265252694696,30.383472442626953,33.85976701219957,5.306728243301212,7.955875869723616,0.0,0.047784266575060075,0.2812115022972245,0.30781606374726883,
CSGS5,q4_2020,4,robust_condition_cqr,irradiance_outage,ramp,482,0.7946058091286307,0.10539419087136936,36.38196177607502,37.12982988357544,69.10151716689599,13.24516442133678,17.061471710325748,0.10539419087136936,0.0,0.33074510705522747,0.6281956106081453,0.14205717653993516
CSGS5,q4_2020,4,robust_condition_cqr,recent_power_outage,non_ramp,2911,0.9491583648230848,0.04915836482308478,32.85028368757595,34.158331871032715,35.676243066058916,5.907718791661906,8.529948776092478,0.0,0.04915836482308478,0.29863894261432683,0.3243294824187174,
CSGS5,q4_2020,4,robust_condition_cqr,recent_power_outage,ramp,482,0.7821576763485477,0.11784232365145231,38.50846790484176,38.78404998779297,73.67946246163282,13.502003982601323,17.668988747723965,0.11784232365145231,0.0,0.3500769809531069,0.6698132951057529,0.14205717653993516
CSGS5,q4_2020,4,robust_condition_cqr,weather_outage,non_ramp,2911,0.9429749227069736,0.04297492270697356,28.723623539920197,27.466989517211914,32.04213897380367,5.150207412999593,7.792610184942237,0.0,0.04297492270697356,0.26112385036291086,0.29129217248912426,
CSGS5,q4_2020,4,robust_condition_cqr,weather_outage,ramp,482,0.7282157676348547,0.17178423236514528,35.41697991265301,35.363744258880615,70.71330615024844,13.796933282213093,17.693342760698787,0.17178423236514528,0.0,0.3219725446604819,0.6428482377295313,0.14205717653993516
CSGS5,q4_2020,4,robust_local_cqr,clean,non_ramp,2911,0.9467536928890415,0.04675369288904152,29.274703311139266,27.601744890213013,31.6563469509508,5.086288315704402,7.804291743205929,0.0,0.04675369288904152,0.26613366646490244,0.2877849722813709,
CSGS5,q4_2020,4,robust_local_cqr,clean,ramp,482,0.8070539419087137,0.09294605809128631,39.29368213954946,39.06340789794922,66.4045164244862,12.85973806920388,17.26455820391214,0.09294605809128631,0.0,0.35721529217772235,0.6036774220407837,0.14205717653993516
CSGS5,q4_2020,4,robust_local_cqr,combined_outage,non_ramp,2911,0.9041566472002748,0.0041566472002747545,40.29664268235144,42.13285446166992,46.91517573823655,9.47452802306066,12.75178041326705,0.0,0.0041566472002747545,0.366333115294104,0.42650159762033224,
CSGS5,q4_2020,4,robust_local_cqr,combined_outage,ramp,482,0.8153526970954357,0.08464730290456435,45.14177641119128,44.336145877838135,68.5336853872436,14.696682899572048,18.118677298662266,0.08464730290456435,0.0,0.41037978555628435,0.6230335035203963,0.14205717653993516
CSGS5,q4_2020,4,robust_local_cqr,irradiance_outage,non_ramp,2911,0.9570594297492271,0.057059429749227064,32.644932934334435,32.193708419799805,34.34969607747319,5.306728243301212,7.955875869723616,0.0,0.057059429749227064,0.2967721175848585,0.31226996434066534,
CSGS5,q4_2020,4,robust_local_cqr,irradiance_outage,ramp,482,0.8381742738589212,0.06182572614107884,40.04800118312734,41.94811570644379,65.01426908446484,13.24516442133678,17.061471710325748,0.06182572614107884,0.0,0.3640727380284304,0.5910388098587713,0.14205717653993516
CSGS5,q4_2020,4,robust_local_cqr,recent_power_outage,non_ramp,2911,0.9553418069391961,0.0553418069391961,34.442092933879756,36.065834045410156,36.31233539996192,5.907718791661906,8.529948776092478,0.0,0.0553418069391961,0.31310993576254326,0.3301121399996538,
CSGS5,q4_2020,4,robust_local_cqr,recent_power_outage,ramp,482,0.8153526970954357,0.08464730290456435,41.516469285842724,42.63643264770508,69.11779722153244,13.502003982601323,17.668988747723965,0.08464730290456435,0.0,0.3774224480531157,0.6283436111048404,0.14205717653993516
CSGS5,q4_2020,4,robust_local_cqr,weather_outage,non_ramp,2911,0.953280659567159,0.053280659567158994,30.179241174475262,29.025649547576904,32.13987274426578,5.150207412999593,7.792610184942237,0.0,0.053280659567158994,0.2743567379497751,0.2921806613115071,
CSGS5,q4_2020,4,robust_local_cqr,weather_outage,ramp,482,0.7842323651452282,0.11576763485477182,39.52082601387471,39.54808521270752,64.9716865577391,13.796933282213093,17.693342760698787,0.11576763485477182,0.0,0.3592802364897701,0.5906516959794464,0.14205717653993516
CSGS5,q4_2020,4,robust_risk_mondrian,clean,non_ramp,2911,0.9285468911027138,0.0285468911027138,28.13602194389087,26.82114028930664,31.41119303222783,5.086288315704402,7.804291743205929,0.0,0.0285468911027138,0.2557820176717352,0.28555630029298024,
CSGS5,q4_2020,4,robust_risk_mondrian,clean,ramp,482,0.7883817427385892,0.11161825726141084,38.14960048103481,36.96579957008362,68.64094441554111,12.85973806920388,17.26455820391214,0.11161825726141084,0.0,0.3468145498275892,0.6240085855958283,0.14205717653993516
CSGS5,q4_2020,4,robust_risk_mondrian,combined_outage,non_ramp,2911,0.8979732050841636,0.0020267949158364607,39.09314746702505,40.19834327697754,48.21071157820522,9.47452802306066,12.75178041326705,0.0020267949158364607,0.0,0.3553922497002277,0.438279196165502,
CSGS5,q4_2020,4,robust_risk_mondrian,combined_outage,ramp,482,0.7800829875518672,0.1199170124481328,42.22915938849024,40.77716064453125,72.21800195298997,14.696682899572048,18.118677298662266,0.1199170124481328,0.0,0.3839014489862749,0.656527290481727,0.14205717653993516
CSGS5,q4_2020,4,robust_risk_mondrian,irradiance_outage,non_ramp,2911,0.9357609069048437,0.03576090690484368,31.175057118230352,30.729515075683594,33.747183114453726,5.306728243301212,7.955875869723616,0.0,0.03576090690484368,0.28340961016573046,0.30679257376776115,
CSGS5,q4_2020,4,robust_risk_mondrian,irradiance_outage,ramp,482,0.8174273858921162,0.08257261410788386,38.75550689430776,39.83471965789795,68.17918040832173,13.24516442133678,17.061471710325748,0.08257261410788386,0.0,0.35232278994825234,0.6198107309847429,0.14205717653993516
CSGS5,q4_2020,4,robust_risk_mondrian,recent_power_outage,non_ramp,2911,0.9508759876331158,0.05087598763311574,33.53438218106903,35.00863593816757,35.93135394523549,5.907718791661906,8.529948776092478,0.0,0.05087598763311574,0.30485801982790023,0.3266486722294136,
CSGS5,q4_2020,4,robust_risk_mondrian,recent_power_outage,ramp,482,0.7925311203319502,0.10746887966804985,40.046867077034044,40.887662410736084,73.27060827006937,13.502003982601323,17.668988747723965,0.10746887966804985,0.0,0.3640624279730368,0.6660964388188125,0.14205717653993516
CSGS5,q4_2020,4,robust_risk_mondrian,weather_outage,non_ramp,2911,0.932669185846788,0.03266918584678802,28.572698132845424,27.005343198776245,31.617817152777715,5.150207412999593,7.792610184942237,0.0,0.03266918584678802,0.25975180120768565,0.2874347013888883,
CSGS5,q4_2020,4,robust_risk_mondrian,weather_outage,ramp,482,0.7697095435684648,0.13029045643153525,37.849252220459626,37.69771957397461,68.12127371690394,13.796933282213093,17.693342760698787,0.13029045643153525,0.0,0.3440841110950875,0.6192843065173086,0.14205717653993516
CSGS5,q4_2020,4,robust_rolling_cqr,clean,non_ramp,2911,0.9285468911027138,0.0285468911027138,27.386987246027648,26.024642944335938,31.699681128122645,5.086288315704402,7.804291743205929,0.0,0.0285468911027138,0.24897261132752407,0.2881789193465695,
CSGS5,q4_2020,4,robust_rolling_cqr,clean,ramp,482,0.7323651452282157,0.1676348547717843,34.26879728656587,33.57865238189697,72.3466202844228,12.85973806920388,17.26455820391214,0.1676348547717843,0.0,0.3115345207869625,0.6576965480402073,0.14205717653993516
CSGS5,q4_2020,4,robust_rolling_cqr,combined_outage,non_ramp,2911,0.9079354173823428,0.007935417382342824,43.73653002251946,44.94613838195801,51.66531021226262,9.47452802306066,12.75178041326705,0.0,0.007935417382342824,0.39760481838654055,0.46968463829329654,
CSGS5,q4_2020,4,robust_rolling_cqr,combined_outage,ramp,482,0.8153526970954357,0.08464730290456435,46.219116164811915,45.378770887851715,68.4488049754216,14.696682899572048,18.118677298662266,0.08464730290456435,0.0,0.4201737833164719,0.6222618634129236,0.14205717653993516
CSGS5,q4_2020,4,robust_rolling_cqr,irradiance_outage,non_ramp,2911,0.9244245963586396,0.024424596358639583,29.50245204910089,28.782859802246094,33.4378765204037,5.306728243301212,7.955875869723616,0.0,0.024424596358639583,0.2682041095372808,0.3039806956400336,
CSGS5,q4_2020,4,robust_rolling_cqr,irradiance_outage,ramp,482,0.7614107883817427,0.13858921161825732,34.88230993315825,35.69677472114563,70.61950948894705,13.24516442133678,17.061471710325748,0.13858921161825732,0.0,0.31711190848325677,0.6419955408086095,0.14205717653993516
CSGS5,q4_2020,4,robust_rolling_cqr,recent_power_outage,non_ramp,2911,0.926829268292683,0.02682926829268295,31.473073867277304,32.631839752197266,35.236018178626196,5.907718791661906,8.529948776092478,0.0,0.02682926829268295,0.2861188533388846,0.3203274379875109,
CSGS5,q4_2020,4,robust_rolling_cqr,recent_power_outage,ramp,482,0.7531120331950207,0.1468879668049793,37.022104735752855,37.26804828643799,75.37430276273444,13.502003982601323,17.668988747723965,0.1468879668049793,0.0,0.3365645885068441,0.6852209342066767,0.14205717653993516
CSGS5,q4_2020,4,robust_rolling_cqr,weather_outage,non_ramp,2911,0.9350738577808313,0.035073857780831275,28.256744989712587,26.998939514160156,31.958415352014107,5.150207412999593,7.792610184942237,0.0,0.035073857780831275,0.25687949990647807,0.2905310486546737,
CSGS5,q4_2020,4,robust_rolling_cqr,weather_outage,ramp,482,0.7095435684647303,0.1904564315352697,34.928685524620704,34.82145309448242,71.5336855605121,13.796933282213093,17.693342760698787,0.1904564315352697,0.0,0.3175335047692791,0.6503062323682918,0.14205717653993516
CSGS6,q1_2020,1,clean_condition_cqr,clean,non_ramp,5458,0.9468669842433126,0.04686698424331259,2.113278205303522,1.7504873871803284,2.6681020442388945,0.3718143678522566,0.8166140512579626,0.0,0.04686698424331259,0.06037937729438634,0.07623148697825413,
CSGS6,q1_2020,1,clean_condition_cqr,clean,ramp,366,0.2978142076502732,0.6021857923497268,7.2899122958814555,7.258194923400879,43.874124657344886,5.247632856669077,6.0753401687055675,0.6021857923497268,0.0,0.20828320845375586,1.2535464187812824,0.06284340659340659
CSGS6,q1_2020,1,clean_condition_cqr,combined_outage,non_ramp,5458,0.8195309637229754,0.08046903627702462,23.813727170218037,23.83633041381836,32.53380184166595,8.790135504228783,10.673137982015623,0.08046903627702462,0.0,0.6803922048633725,0.92953719547617,
CSGS6,q1_2020,1,clean_condition_cqr,combined_outage,ramp,366,0.8961748633879781,0.0038251366120218844,24.29648245618643,24.411197662353516,28.54498761599181,8.026055271508264,9.992837996269854,0.0038251366120218844,0.0,0.6941852130338979,0.8155710747426231,0.06284340659340659
CSGS6,q1_2020,1,clean_condition_cqr,irradiance_outage,non_ramp,5458,0.9486991572004397,0.04869915720043971,8.699016703087368,7.994926810264587,9.17885900062704,1.8855302785774068,2.226101738322017,0.0,0.04869915720043971,0.2485433343739248,0.26225311430362974,
CSGS6,q1_2020,1,clean_condition_cqr,irradiance_outage,ramp,366,0.5491803278688525,0.3508196721311475,10.682389979235461,10.94185209274292,30.749281992107793,4.724235748332706,5.592708945315422,0.3508196721311475,0.0,0.3052111422638703,0.8785509140602227,0.06284340659340659
CSGS6,q1_2020,1,clean_condition_cqr,recent_power_outage,non_ramp,5458,0.8537925980212532,0.04620740197874684,21.31861143856531,19.822635650634766,27.764344596653117,7.775294481609774,10.275075015970186,0.04620740197874684,0.0,0.6091031839590089,0.7932669884758033,
CSGS6,q1_2020,1,clean_condition_cqr,recent_power_outage,ramp,366,0.8989071038251366,0.0010928961748634114,23.386393883189218,22.792539596557617,28.47365768880792,8.115606248704463,10.080973808177223,0.0010928961748634114,0.0,0.6681826823768348,0.8135330768230834,0.06284340659340659
CSGS6,q1_2020,1,clean_condition_cqr,weather_outage,non_ramp,5458,0.9455844631733236,0.04558446317332354,2.3140208660604316,2.127614676952362,2.8281473438166524,0.3975106435450915,0.8313153864444016,0.0,0.04558446317332354,0.0661148818874409,0.08080420982333293,
CSGS6,q1_2020,1,clean_condition_cqr,weather_outage,ramp,366,0.319672131147541,0.580327868852459,7.31129606207129,7.191010475158691,43.432939677621974,5.246304469060947,6.0665508950606,0.580327868852459,0.0,0.20889417320203685,1.240941133646342,0.06284340659340659
CSGS6,q1_2020,1,lgbm_condition_cqr,clean,non_ramp,5458,0.9543788933675339,0.054378893367533876,3.6980902405713194,3.2784664630889893,3.9842624465446748,0.36624132261744763,0.752849709808847,0.0,0.054378893367533876,0.10565972115918056,0.11383606990127643,
CSGS6,q1_2020,1,lgbm_condition_cqr,clean,ramp,366,0.5327868852459017,0.36721311475409835,10.082059166816578,10.261345863342285,30.47586172625748,5.3859779625479645,6.118188056288492,0.36721311475409835,0.0,0.2880588333376165,0.8707389064644995,0.06284340659340659
CSGS6,q1_2020,1,lgbm_condition_cqr,combined_outage,non_ramp,5458,0.8801758886038842,0.01982411139611584,22.376715438887505,21.6416015625,25.194597314154546,9.192194652118774,11.03336397112837,0.01982411139611584,0.0,0.6393347268253573,0.7198456375472727,
CSGS6,q1_2020,1,lgbm_condition_cqr,combined_outage,ramp,366,0.9398907103825137,0.03989071038251368,24.529475952106747,24.80107307434082,26.15913161293405,8.436988053426065,10.392989404828725,0.0,0.03989071038251368,0.7008421700601928,0.7474037603695443,0.06284340659340659
CSGS6,q1_2020,1,lgbm_condition_cqr,irradiance_outage,non_ramp,5458,0.8845731037009894,0.015426896299010617,8.01074778541916,7.506704539060593,8.193868472857517,1.7880892658421204,2.05535883003982,0.015426896299010617,0.0,0.22887850815483313,0.23411052779592906,
CSGS6,q1_2020,1,lgbm_condition_cqr,irradiance_outage,ramp,366,0.8114754098360656,0.08852459016393444,14.271259243676408,14.827085971832275,20.762427616294453,4.911641236211433,5.794483476360298,0.08852459016393444,0.0,0.4077502641050402,0.5932122176084129,0.06284340659340659
CSGS6,q1_2020,1,lgbm_condition_cqr,recent_power_outage,non_ramp,5458,0.8618541590326126,0.03814584096738738,21.132264840380095,20.388371467590332,24.293029619163104,8.883453910861856,10.965550889689377,0.03814584096738738,0.0,0.6037789954394313,0.6940865605475173,
CSGS6,q1_2020,1,lgbm_condition_cqr,recent_power_outage,ramp,366,0.9289617486338798,0.02896174863387979,23.96262806751689,24.289462089538574,26.391638948617736,8.609730669058086,10.588376574749773,0.0,0.02896174863387979,0.6846465162147682,0.7540468271033639,0.06284340659340659
CSGS6,q1_2020,1,lgbm_condition_cqr,weather_outage,non_ramp,5458,0.949798460974716,0.04979846097471596,3.7045330007878956,3.280357837677002,3.996857108313832,0.3723120865359618,0.7485587223780857,0.0,0.04979846097471596,0.1058438000225113,0.1141959173803952,
CSGS6,q1_2020,1,lgbm_condition_cqr,weather_outage,ramp,366,0.5218579234972678,0.37814207650273224,9.953531348864075,10.088788032531738,30.93967529551172,5.401483307200703,6.127985052209723,0.37814207650273224,0.0,0.284386609967545,0.8839907227289062,0.06284340659340659
CSGS6,q1_2020,1,oracle_ramp_mondrian,clean,non_ramp,5458,0.9521802858189813,0.052180285818981265,2.6344150382091462,1.7780365347862244,3.070408326613949,0.41839864754989425,0.9444519232454869,0.0,0.052180285818981265,0.0752690010916899,0.08772595218896996,
CSGS6,q1_2020,1,oracle_ramp_mondrian,clean,ramp,366,0.855191256830601,0.04480874316939898,15.513511191178216,15.685322284698486,21.775428638310053,5.0034575558832435,5.895379697629213,0.04480874316939898,0.0,0.44324317689080617,0.6221551039517158,0.06284340659340659
CSGS6,q1_2020,1,oracle_ramp_mondrian,combined_outage,non_ramp,5458,0.8840234518138512,0.015976548186148798,3.9185143020549877,3.5015974640846252,6.3931831447564615,0.9604598891438136,1.9676416923774376,0.015976548186148798,0.0,0.11195755148728537,0.18266237556447032,
CSGS6,q1_2020,1,oracle_ramp_mondrian,combined_outage,ramp,366,0.855191256830601,0.04480874316939898,16.40888924588312,16.600793838500977,23.799343119970843,4.846642907586743,6.212407731196528,0.04480874316939898,0.0,0.468825407025232,0.6799812319991669,0.06284340659340659
CSGS6,q1_2020,1,oracle_ramp_mondrian,irradiance_outage,non_ramp,5458,0.9488823744961524,0.0488823744961524,3.45390689633427,2.8597612380981445,3.9895090492463305,0.5209838698158457,1.119544290819568,0.0,0.0488823744961524,0.09868305418097914,0.11398597283560945,
CSGS6,q1_2020,1,oracle_ramp_mondrian,irradiance_outage,ramp,366,0.8387978142076503,0.061202185792349706,15.401054967276222,15.593672752380371,21.206903511037428,4.7454517893493176,5.660688185679259,0.061202185792349706,0.0,0.44003014192217776,0.6059115288867837,0.06284340659340659
CSGS6,q1_2020,1,oracle_ramp_mondrian,recent_power_outage,non_ramp,5458,0.9400879443019421,0.04008794430194207,3.9796908731136154,3.588029146194458,4.6331299099903775,0.657163844344987,1.3780499221364781,0.0,0.04008794430194207,0.11370545351753186,0.13237514028543937,
CSGS6,q1_2020,1,oracle_ramp_mondrian,recent_power_outage,ramp,366,0.8497267759562842,0.050273224043715814,16.070027368234808,16.213149070739746,22.40553273586302,4.918795462921669,6.067232103730598,0.050273224043715814,0.0,0.45914363909242306,0.6401580781675148,0.06284340659340659
CSGS6,q1_2020,1,oracle_ramp_mondrian,weather_outage,non_ramp,5458,0.9525467204104068,0.052546720410406755,2.731455963576619,1.9401398971676826,3.1422839359217707,0.4437664534861208,0.9708545806812688,0.0,0.052546720410406755,0.07804159895933196,0.0897795410263363,
CSGS6,q1_2020,1,oracle_ramp_mondrian,weather_outage,ramp,366,0.8469945355191257,0.05300546448087429,15.555628792347152,15.597844123840332,21.964367944197576,5.02158870186677,5.912360876754548,0.05300546448087429,0.0,0.4444465369242043,0.6275533698342165,0.06284340659340659
CSGS6,q1_2020,1,persistence_condition_cqr,clean,non_ramp,5458,0.9606082814217662,0.06060828142176622,4.036526397966385,5.009330749511719,4.319556205807783,0.8337071597516078,1.2093247284320359,0.0,0.06060828142176622,0.11532932565618241,0.12341589159450808,
CSGS6,q1_2020,1,persistence_condition_cqr,clean,ramp,366,0.0,0.9,4.971371069061951,5.009331703186035,79.46823412676652,6.229509091238832,6.792491661796242,0.9,0.0,0.14203917340177002,2.270520975050472,0.06284340659340659
CSGS6,q1_2020,1,persistence_condition_cqr,combined_outage,non_ramp,5458,0.8849395382924148,0.015060461707585238,22.24875775730963,22.16100025177002,26.549664396040153,7.040046019857246,9.520733495545047,0.015060461707585238,0.0,0.6356787930659894,0.7585618398868615,
CSGS6,q1_2020,1,persistence_condition_cqr,combined_outage,ramp,366,0.7950819672131147,0.10491803278688527,24.886302557188632,24.812666416168213,37.13149643339258,10.438020476710072,12.158713412812489,0.10491803278688527,0.0,0.7110372159196752,1.0608998980969309,0.06284340659340659
CSGS6,q1_2020,1,persistence_condition_cqr,irradiance_outage,non_ramp,5458,0.9606082814217662,0.06060828142176622,4.036526397966385,5.009330749511719,4.319556205807783,0.8337071597516078,1.2093247284320359,0.0,0.06060828142176622,0.11532932565618241,0.12341589159450808,
CSGS6,q1_2020,1,persistence_condition_cqr,irradiance_outage,ramp,366,0.0,0.9,4.971371069061951,5.009331703186035,79.46823412676652,6.229509091238832,6.792491661796242,0.9,0.0,0.14203917340177002,2.270520975050472,0.06284340659340659
CSGS6,q1_2020,1,persistence_condition_cqr,recent_power_outage,non_ramp,5458,0.8849395382924148,0.015060461707585238,22.24875775730963,22.16100025177002,26.549664396040153,7.040046019857246,9.520733495545047,0.015060461707585238,0.0,0.6356787930659894,0.7585618398868615,
CSGS6,q1_2020,1,persistence_condition_cqr,recent_power_outage,ramp,366,0.7950819672131147,0.10491803278688527,24.886302557188632,24.812666416168213,37.13149643339258,10.438020476710072,12.158713412812489,0.10491803278688527,0.0,0.7110372159196752,1.0608998980969309,0.06284340659340659
CSGS6,q1_2020,1,persistence_condition_cqr,weather_outage,non_ramp,5458,0.9606082814217662,0.06060828142176622,4.036526397966385,5.009330749511719,4.319556205807783,0.8337071597516078,1.2093247284320359,0.0,0.06060828142176622,0.11532932565618241,0.12341589159450808,
CSGS6,q1_2020,1,persistence_condition_cqr,weather_outage,ramp,366,0.0,0.9,4.971371069061951,5.009331703186035,79.46823412676652,6.229509091238832,6.792491661796242,0.9,0.0,0.14203917340177002,2.270520975050472,0.06284340659340659
CSGS6,q1_2020,1,robust_condition_cqr,clean,non_ramp,5458,0.9521802858189813,0.052180285818981265,2.6344150382091462,1.7780365347862244,3.070408326613949,0.41839864754989425,0.9444519232454869,0.0,0.052180285818981265,0.0752690010916899,0.08772595218896996,
CSGS6,q1_2020,1,robust_condition_cqr,clean,ramp,366,0.5273224043715847,0.3726775956284153,9.510687873049898,9.708906173706055,33.02756690754825,5.0034575558832435,5.895379697629213,0.3726775956284153,0.0,0.2717339392299971,0.9436447687870928,0.06284340659340659
CSGS6,q1_2020,1,robust_condition_cqr,combined_outage,non_ramp,5458,0.9054598754122389,0.005459875412238913,4.10205641017341,3.7229869961738586,6.343699634918995,0.9604598891438136,1.9676416923774376,0.0,0.005459875412238913,0.11720161171924029,0.18124856099768558,
CSGS6,q1_2020,1,robust_condition_cqr,combined_outage,ramp,366,0.5819672131147541,0.31803278688524594,10.022503857078448,10.105547904968262,34.66934376694466,4.846642907586743,6.212407731196528,0.31803278688524594,0.0,0.2863572530593842,0.9905526790555617,0.06284340659340659
CSGS6,q1_2020,1,robust_condition_cqr,irradiance_outage,non_ramp,5458,0.9488823744961524,0.0488823744961524,3.45390689633427,2.8597612380981445,3.9895090492463305,0.5209838698158457,1.119544290819568,0.0,0.0488823744961524,0.09868305418097914,0.11398597283560945,
CSGS6,q1_2020,1,robust_condition_cqr,irradiance_outage,ramp,366,0.5901639344262295,0.3098360655737705,10.298057982445531,10.505308866500854,29.54209077287188,4.7454517893493176,5.660688185679259,0.3098360655737705,0.0,0.2942302280698723,0.844059736367768,0.06284340659340659
CSGS6,q1_2020,1,robust_condition_cqr,recent_power_outage,non_ramp,5458,0.9400879443019421,0.04008794430194207,3.9796908731136154,3.588029146194458,4.6331299099903775,0.657163844344987,1.3780499221364781,0.0,0.04008794430194207,0.11370545351753186,0.13237514028543937,
CSGS6,q1_2020,1,robust_condition_cqr,recent_power_outage,ramp,366,0.6147540983606558,0.28524590163934427,10.989334484005012,11.094311952590942,30.04271801058559,4.918795462921669,6.067232103730598,0.28524590163934427,0.0,0.31398098525728607,0.858363371731017,0.06284340659340659
CSGS6,q1_2020,1,robust_condition_cqr,weather_outage,non_ramp,5458,0.9525467204104068,0.052546720410406755,2.731455963576619,1.9401398971676826,3.1422839359217707,0.4437664534861208,0.9708545806812688,0.0,0.052546720410406755,0.07804159895933196,0.0897795410263363,
CSGS6,q1_2020,1,robust_condition_cqr,weather_outage,ramp,366,0.5245901639344263,0.37540983606557377,9.551159326294997,9.59271240234375,33.15390903975234,5.02158870186677,5.912360876754548,0.37540983606557377,0.0,0.27289026646557135,0.9472545439929241,0.06284340659340659
CSGS6,q1_2020,1,robust_local_cqr,clean,non_ramp,5458,0.9732502748259436,0.0732502748259436,2.9062947555247525,1.9413385391235352,3.168380658086591,0.41839864754989425,0.9444519232454869,0.0,0.0732502748259436,0.08303699301499293,0.09052516165961688,
CSGS6,q1_2020,1,robust_local_cqr,clean,ramp,366,0.6092896174863388,0.2907103825136612,10.539459230225594,10.96111249923706,30.062855305323183,5.0034575558832435,5.895379697629213,0.2907103825136612,0.0,0.3011274065778741,0.8589387230092338,0.06284340659340659
CSGS6,q1_2020,1,robust_local_cqr,combined_outage,non_ramp,5458,0.9338585562477097,0.033858556247709726,4.609206987825432,3.90098237991333,5.962573258424675,0.9604598891438136,1.9676416923774376,0.0,0.033858556247709726,0.13169162822358377,0.17035923595499072,
CSGS6,q1_2020,1,robust_local_cqr,combined_outage,ramp,366,0.6721311475409836,0.22786885245901645,12.008657541512791,11.720632255077362,31.124241197125507,4.846642907586743,6.212407731196528,0.22786885245901645,0.0,0.34310450118607977,0.8892640342035859,0.06284340659340659
CSGS6,q1_2020,1,robust_local_cqr,irradiance_outage,non_ramp,5458,0.9694027116159766,0.06940271161597655,3.7494897316279174,3.019839286804199,4.048955350225533,0.5209838698158457,1.119544290819568,0.0,0.06940271161597655,0.10712827804651193,0.11568443857787238,
CSGS6,q1_2020,1,robust_local_cqr,irradiance_outage,ramp,366,0.6584699453551912,0.2415300546448088,11.291812863506255,11.605063915252686,27.404937192064818,4.7454517893493176,5.660688185679259,0.2415300546448088,0.0,0.3226232246716073,0.7829982054875663,0.06284340659340659
CSGS6,q1_2020,1,robust_local_cqr,recent_power_outage,non_ramp,5458,0.9615243679003298,0.06152436790032978,4.250088650778676,3.676238000392914,4.656320636863402,0.657163844344987,1.3780499221364781,0.0,0.06152436790032978,0.12143110430796218,0.1330377324818115,
CSGS6,q1_2020,1,robust_local_cqr,recent_power_outage,ramp,366,0.6639344262295082,0.23606557377049187,12.06817680947442,12.215520143508911,27.951114497793828,4.918795462921669,6.067232103730598,0.23606557377049187,0.0,0.3448050516992691,0.798603271365538,0.06284340659340659
CSGS6,q1_2020,1,robust_local_cqr,weather_outage,non_ramp,5458,0.9743495786002199,0.07434957860021985,3.0231446507828714,2.158861517906189,3.2689391500422262,0.4437664534861208,0.9708545806812688,0.0,0.07434957860021985,0.08637556145093918,0.09339826142977789,
CSGS6,q1_2020,1,robust_local_cqr,weather_outage,ramp,366,0.6010928961748634,0.29890710382513663,10.5973645065163,10.609286785125732,30.332004046586693,5.02158870186677,5.912360876754548,0.29890710382513663,0.0,0.30278184304332284,0.8666286870453341,0.06284340659340659
CSGS6,q1_2020,1,robust_risk_mondrian,clean,non_ramp,5458,0.9602418468303408,0.06024184683034073,2.8039348088337723,1.7928466498851776,3.125966616241102,0.41839864754989425,0.9444519232454869,0.0,0.06024184683034073,0.08011242310953635,0.08931333189260292,
CSGS6,q1_2020,1,robust_risk_mondrian,clean,ramp,366,0.5983606557377049,0.3016393442622951,10.417106275632468,10.669010996818542,30.408264944418917,5.0034575558832435,5.895379697629213,0.3016393442622951,0.0,0.29763160787521337,0.8688075698405405,0.06284340659340659
CSGS6,q1_2020,1,robust_risk_mondrian,combined_outage,non_ramp,5458,0.920850128252107,0.02085012825210697,4.378163317548425,4.237275123596191,6.263579208617114,0.9604598891438136,1.9676416923774376,0.0,0.02085012825210697,0.12509038050138357,0.17895940596048895,
CSGS6,q1_2020,1,robust_risk_mondrian,combined_outage,ramp,366,0.6010928961748634,0.29890710382513663,10.53705675207852,10.727629661560059,33.064201179586476,4.846642907586743,6.212407731196528,0.29890710382513663,0.0,0.3010587643451006,0.9446914622738993,0.06284340659340659
CSGS6,q1_2020,1,robust_risk_mondrian,irradiance_outage,non_ramp,5458,0.9508977647489923,0.050897764748992325,3.468592768185784,2.881464958190918,3.9927691234931513,0.5209838698158457,1.119544290819568,0.0,0.050897764748992325,0.09910265051959383,0.11407911781409004,
CSGS6,q1_2020,1,robust_risk_mondrian,irradiance_outage,ramp,366,0.5983606557377049,0.3016393442622951,10.338108824517024,10.551991939544678,29.426919159934286,4.7454517893493176,5.660688185679259,0.3016393442622951,0.0,0.29537453784334355,0.8407691188552653,0.06284340659340659
CSGS6,q1_2020,1,robust_risk_mondrian,recent_power_outage,non_ramp,5458,0.9457676804690363,0.04576768046903623,4.06560629637715,3.588029146194458,4.59401939372312,0.657163844344987,1.3780499221364781,0.0,0.04576768046903623,0.11616017989649001,0.13125769696351772,
CSGS6,q1_2020,1,robust_risk_mondrian,recent_power_outage,ramp,366,0.6502732240437158,0.24972677595628423,11.637988633046161,11.671144485473633,28.500765773994452,4.918795462921669,6.067232103730598,0.24972677595628423,0.0,0.332513960944176,0.8143075935426987,0.06284340659340659
CSGS6,q1_2020,1,robust_risk_mondrian,weather_outage,non_ramp,5458,0.9655551484060095,0.06555514840600951,2.9733746303443582,1.9924888610839844,3.2420735138157055,0.4437664534861208,0.9708545806812688,0.0,0.06555514840600951,0.08495356086698166,0.09263067182330587,
CSGS6,q1_2020,1,robust_risk_mondrian,weather_outage,ramp,366,0.6092896174863388,0.2907103825136612,10.489706117072005,10.65576457977295,30.404137837229797,5.02158870186677,5.912360876754548,0.2907103825136612,0.0,0.29970588905920015,0.8686896524922799,0.06284340659340659
CSGS6,q1_2020,1,robust_rolling_cqr,clean,non_ramp,5458,0.9545621106632466,0.054562110663246566,2.6614592745929726,1.8063287734985352,3.084705299421178,0.41839864754989425,0.9444519232454869,0.0,0.054562110663246566,0.07604169355979921,0.08813443712631937,
CSGS6,q1_2020,1,robust_rolling_cqr,clean,ramp,366,0.5300546448087432,0.3699453551912568,9.562623660258257,9.79629898071289,32.80673627465801,5.0034575558832435,5.895379697629213,0.3699453551912568,0.0,0.2732178188645216,0.9373353221330859,0.06284340659340659
CSGS6,q1_2020,1,robust_rolling_cqr,combined_outage,non_ramp,5458,0.9248809087577867,0.0248809087577867,4.518875976551533,4.0192039012908936,6.289155184177052,0.9604598891438136,1.9676416923774376,0.0,0.0248809087577867,0.12911074218718666,0.17969014811934436,
CSGS6,q1_2020,1,robust_rolling_cqr,combined_outage,ramp,366,0.5956284153005464,0.3043715846994536,10.571341472326733,10.625458240509033,33.0822839438101,4.846642907586743,6.212407731196528,0.3043715846994536,0.0,0.3020383277807638,0.9452081126802885,0.06284340659340659
CSGS6,q1_2020,1,robust_rolling_cqr,irradiance_outage,non_ramp,5458,0.9538292414803957,0.053829241480395695,3.5003554019148977,2.901784062385559,4.008596450797376,0.5209838698158457,1.119544290819568,0.0,0.053829241480395695,0.10001015434042565,0.11453132716563932,
CSGS6,q1_2020,1,robust_rolling_cqr,irradiance_outage,ramp,366,0.5956284153005464,0.3043715846994536,10.372955756088912,10.517810821533203,29.24687677326668,4.7454517893493176,5.660688185679259,0.3043715846994536,0.0,0.29637016445968317,0.8356250506647623,0.06284340659340659
CSGS6,q1_2020,1,robust_rolling_cqr,recent_power_outage,non_ramp,5458,0.9475998534261634,0.04759985342616335,4.076605426082811,3.6637039184570312,4.647831122813472,0.657163844344987,1.3780499221364781,0.0,0.04759985342616335,0.11647444074522316,0.1327951749375278,
CSGS6,q1_2020,1,robust_rolling_cqr,recent_power_outage,ramp,366,0.6256830601092896,0.2743169398907104,11.113812348881705,11.12949937582016,29.628571420419412,4.918795462921669,6.067232103730598,0.2743169398907104,0.0,0.3175374956823344,0.8465306120119832,0.06284340659340659
CSGS6,q1_2020,1,robust_rolling_cqr,weather_outage,non_ramp,5458,0.9549285452546721,0.054928545254672057,2.7552984068527038,1.9494609534740448,3.1573809590699837,0.4437664534861208,0.9708545806812688,0.0,0.054928545254672057,0.07872281162436297,0.09021088454485668,
CSGS6,q1_2020,1,robust_rolling_cqr,weather_outage,ramp,366,0.5327868852459017,0.36721311475409835,9.60261848862054,9.709380626678467,32.9309434830491,5.02158870186677,5.912360876754548,0.36721311475409835,0.0,0.27436052824630114,0.9408840995156885,0.06284340659340659
CSGS6,q1_2020,4,clean_condition_cqr,clean,non_ramp,4614,0.9380147377546597,0.03801473775465969,3.9925704178639325,2.8484452962875366,5.548792460187906,0.8663521277780017,1.8686104541997473,0.0,0.03801473775465969,0.11407344051039807,0.15853692743394018,
CSGS6,q1_2020,4,clean_condition_cqr,clean,ramp,1210,0.8041322314049587,0.09586776859504131,6.859688948060209,5.62402606010437,20.38089799270388,2.5784244894019275,4.591895899724242,0.09586776859504131,0.0,0.19599111280172027,0.5823113712201108,0.20776098901098902
CSGS6,q1_2020,4,clean_condition_cqr,combined_outage,non_ramp,4614,0.777199826614651,0.12280017338534899,15.864170220743915,15.42606258392334,21.188681943884653,5.749881227373371,7.795008498599096,0.12280017338534899,0.0,0.453262006306969,0.6053909126824186,
CSGS6,q1_2020,4,clean_condition_cqr,combined_outage,ramp,1210,0.9363636363636364,0.036363636363636376,15.24100245157303,15.990911960601807,18.03916716111347,3.7278682984634925,4.918474469077385,0.0,0.036363636363636376,0.43545721290208655,0.5154047760318133,0.20776098901098902
CSGS6,q1_2020,4,clean_condition_cqr,irradiance_outage,non_ramp,4614,0.871261378413524,0.028738621586476,10.1189859076395,9.86990937590599,12.244039815939974,2.674356440996861,3.7339111089231327,0.028738621586476,0.0,0.2891138830754143,0.3498297090268564,
CSGS6,q1_2020,4,clean_condition_cqr,irradiance_outage,ramp,1210,0.8702479338842976,0.02975206611570247,9.36128101802377,8.576598167419434,14.608776021745703,2.5660628137055568,4.049083758210262,0.02975206611570247,0.0,0.2674651719435363,0.4173936006213058,0.20776098901098902
CSGS6,q1_2020,4,clean_condition_cqr,recent_power_outage,non_ramp,4614,0.8131772865192891,0.08682271348071091,12.709556424129419,12.454548835754395,16.329212837325514,4.8408687298696345,6.84838977417243,0.08682271348071091,0.0,0.3631301835465548,0.4665489382093004,
CSGS6,q1_2020,4,clean_condition_cqr,recent_power_outage,ramp,1210,0.8743801652892562,0.025619834710743805,11.62694612340001,11.592951893806458,16.241783995495354,3.1241630686624053,4.467134624797729,0.025619834710743805,0.0,0.3321984606685717,0.4640509712998672,0.20776098901098902
CSGS6,q1_2020,4,clean_condition_cqr,weather_outage,non_ramp,4614,0.9310793237971391,0.03107932379713907,4.560385440707278,3.8101329803466797,6.000776905646915,1.022403591972866,2.040749818126222,0.0,0.03107932379713907,0.1302967268773508,0.171450768732769,
CSGS6,q1_2020,4,clean_condition_cqr,weather_outage,ramp,1210,0.7966942148760331,0.10330578512396693,7.499038446041917,6.920574188232422,20.300772559784413,2.7137805864191806,4.508737577748671,0.10330578512396693,0.0,0.21425824131548335,0.5800220731366975,0.20776098901098902
CSGS6,q1_2020,4,lgbm_condition_cqr,clean,non_ramp,4614,0.9343302990897269,0.034330299089726846,7.134379563339242,5.9921775460243225,7.881697970092874,0.8462255515295631,1.767233003632373,0.0,0.034330299089726846,0.2038394160954069,0.22519137057408212,
CSGS6,q1_2020,4,lgbm_condition_cqr,clean,ramp,1210,0.8363636363636363,0.06363636363636371,9.36382199887221,9.123852968215942,16.4279346598014,2.697984964244283,4.676113789210499,0.06363636363636371,0.0,0.2675377713963488,0.4693695617086115,0.20776098901098902
CSGS6,q1_2020,4,lgbm_condition_cqr,combined_outage,non_ramp,4614,0.8610749891634157,0.038925010836584284,16.993288616051935,15.405852317810059,19.002352315255113,6.467125626487797,8.724686759873551,0.038925010836584284,0.0,0.4855225318871981,0.5429243518644318,
CSGS6,q1_2020,4,lgbm_condition_cqr,combined_outage,ramp,1210,0.9950413223140496,0.0950413223140496,18.3054539341264,17.691967964172363,18.37867224824207,4.118639318735054,5.4692131282559595,0.0,0.0950413223140496,0.5230129695464686,0.5251049213783449,0.20776098901098902
CSGS6,q1_2020,4,lgbm_condition_cqr,irradiance_outage,non_ramp,4614,0.864109232769831,0.03589076723016904,10.844711933389075,10.211265325546265,12.643585752106734,2.485639203000485,3.3890144609202064,0.03589076723016904,0.0,0.30984891238254497,0.36124530720304954,
CSGS6,q1_2020,4,lgbm_condition_cqr,irradiance_outage,ramp,1210,0.9495867768595041,0.04958677685950408,13.100295495386582,12.40530252456665,15.10088651435496,2.574547009457149,4.113442133072704,0.0,0.04958677685950408,0.37429415701104524,0.4314539004101417,0.20776098901098902
CSGS6,q1_2020,4,lgbm_condition_cqr,recent_power_outage,non_ramp,4614,0.7624620719549198,0.13753792804508025,11.808042280082482,10.736977100372314,16.207082564748774,5.244214703973421,7.283723765080629,0.13753792804508025,0.0,0.3373726365737852,0.46305950184996497,
CSGS6,q1_2020,4,lgbm_condition_cqr,recent_power_outage,ramp,1210,0.9454545454545454,0.045454545454545414,12.900654341499052,12.525654554367065,14.339726675575799,3.563517317087351,4.853679164207276,0.0,0.045454545454545414,0.3685901240428301,0.40970647644502284,0.20776098901098902
CSGS6,q1_2020,4,lgbm_condition_cqr,weather_outage,non_ramp,4614,0.9334633723450368,0.033463372345036824,7.169197968427651,6.109759567305446,7.975264295425913,0.9226086011151861,1.8138680947306074,0.0,0.033463372345036824,0.20483422766936143,0.22786469415502608,
CSGS6,q1_2020,4,lgbm_condition_cqr,weather_outage,ramp,1210,0.824793388429752,0.075206611570248,9.395541635860711,9.092115879058838,16.417534995488516,2.9384088111294755,4.718714551125589,0.075206611570248,0.0,0.26844404673887745,0.46907242844252905,0.20776098901098902
CSGS6,q1_2020,4,oracle_ramp_mondrian,clean,non_ramp,4614,0.9037711313394018,0.0037711313394017676,3.937885837956925,2.1533288657665253,6.056881348003483,0.9662840292305253,2.131204895795053,0.0,0.0037711313394017676,0.11251102394162642,0.1730537528000995,
CSGS6,q1_2020,4,oracle_ramp_mondrian,clean,ramp,1210,0.9090909090909091,0.009090909090909038,9.166079499544807,7.381149530410767,15.213610352603487,2.293119842911881,4.300954089893252,0.0,0.009090909090909038,0.2618879857012802,0.4346745815029568,0.20776098901098902
CSGS6,q1_2020,4,oracle_ramp_mondrian,combined_outage,non_ramp,4614,0.8708279150411791,0.029172084958820954,4.331993255953254,3.374258041381836,7.715490778318415,1.2856906618285793,2.5666904752273463,0.029172084958820954,0.0,0.12377123588437869,0.22044259366624042,
CSGS6,q1_2020,4,oracle_ramp_mondrian,combined_outage,ramp,1210,0.9057851239669421,0.005785123966942085,10.064073588822252,8.925636053085327,16.988995622104603,2.4616687921768685,4.301757700321355,0.0,0.005785123966942085,0.28754495968063576,0.4853998749172744,0.20776098901098902
CSGS6,q1_2020,4,oracle_ramp_mondrian,irradiance_outage,non_ramp,4614,0.9135240572171651,0.013524057217165097,4.648953999531729,3.6025381088256836,6.57982300133084,1.054335197968434,2.240626324143182,0.0,0.013524057217165097,0.13282725712947796,0.18799494289516686,
CSGS6,q1_2020,4,oracle_ramp_mondrian,irradiance_outage,ramp,1210,0.9008264462809917,0.0008264462809917106,9.143095053969459,7.703760385513306,15.293800662424077,2.321635574552092,4.281743027456114,0.0,0.0008264462809917106,0.26123128725627026,0.4369657332121165,0.20776098901098902
CSGS6,q1_2020,4,oracle_ramp_mondrian,recent_power_outage,non_ramp,4614,0.9003034243606415,0.0003034243606414577,4.586686037309498,3.563714385032654,6.8817613343585435,1.1034928026492015,2.3321084182901455,0.0,0.0003034243606414577,0.13104817249455708,0.1966217524102441,
CSGS6,q1_2020,4,oracle_ramp_mondrian,recent_power_outage,ramp,1210,0.9024793388429752,0.0024793388429751317,9.610972799819486,8.256499290466309,15.974708717005434,2.396325623384996,4.359727809601599,0.0,0.0024793388429751317,0.2745992228519853,0.4564202490572981,0.20776098901098902
CSGS6,q1_2020,4,oracle_ramp_mondrian,weather_outage,non_ramp,4614,0.8929345470307759,0.0070654529692241175,4.022544444104107,2.476214751601219,6.5423273023052815,1.0253229366850498,2.2084177740949356,0.0070654529692241175,0.0,0.11492984126011735,0.18692363720872232,
CSGS6,q1_2020,4,oracle_ramp_mondrian,weather_outage,ramp,1210,0.9024793388429752,0.0024793388429751317,9.766047051380395,8.222904443740845,15.831695616002818,2.2963789894660236,4.22982542590307,0.0,0.0024793388429751317,0.2790299157537256,0.45233416045722336,0.20776098901098902
CSGS6,q1_2020,4,persistence_condition_cqr,clean,non_ramp,4614,1.0,0.09999999999999998,12.413266312445005,11.687999725341797,12.413266312445005,2.077346980628264,3.031523762844017,0.0,0.09999999999999998,0.35466475178414303,0.35466475178414303,
CSGS6,q1_2020,4,persistence_condition_cqr,clean,ramp,1210,0.4909090909090909,0.4090909090909091,15.38044612095268,16.87733268737793,40.50032391437091,9.346414589764905,9.723858424009547,0.4090909090909091,0.0,0.43944131774150513,1.1571521118391688,0.20776098901098902
CSGS6,q1_2020,4,persistence_condition_cqr,combined_outage,non_ramp,4614,0.9009536194191591,0.0009536194191590575,25.94110772122036,25.985666275024414,29.661653739344295,7.804190661036581,10.719096008699813,0.0,0.0009536194191590575,0.7411745063205817,0.8474758211241227,
CSGS6,q1_2020,4,persistence_condition_cqr,combined_outage,ramp,1210,0.7479338842975206,0.1520661157024794,25.418395893252647,26.570333003997803,35.394646523601935,15.42391323332544,16.41230359163516,0.1520661157024794,0.0,0.7262398826643613,1.0112756149600552,0.20776098901098902
CSGS6,q1_2020,4,persistence_condition_cqr,irradiance_outage,non_ramp,4614,1.0,0.09999999999999998,12.413266312445005,11.687999725341797,12.413266312445005,2.077346980628264,3.031523762844017,0.0,0.09999999999999998,0.35466475178414303,0.35466475178414303,
CSGS6,q1_2020,4,persistence_condition_cqr,irradiance_outage,ramp,1210,0.4909090909090909,0.4090909090909091,15.38044612095268,16.87733268737793,40.50032391437091,9.346414589764905,9.723858424009547,0.4090909090909091,0.0,0.43944131774150513,1.1571521118391688,0.20776098901098902
CSGS6,q1_2020,4,persistence_condition_cqr,recent_power_outage,non_ramp,4614,0.9009536194191591,0.0009536194191590575,25.94110772122036,25.985666275024414,29.661653739344295,7.804190661036581,10.719096008699813,0.0,0.0009536194191590575,0.7411745063205817,0.8474758211241227,
CSGS6,q1_2020,4,persistence_condition_cqr,recent_power_outage,ramp,1210,0.7479338842975206,0.1520661157024794,25.418395893252647,26.570333003997803,35.394646523601935,15.42391323332544,16.41230359163516,0.1520661157024794,0.0,0.7262398826643613,1.0112756149600552,0.20776098901098902
CSGS6,q1_2020,4,persistence_condition_cqr,weather_outage,non_ramp,4614,1.0,0.09999999999999998,12.413266312445005,11.687999725341797,12.413266312445005,2.077346980628264,3.031523762844017,0.0,0.09999999999999998,0.35466475178414303,0.35466475178414303,
CSGS6,q1_2020,4,persistence_condition_cqr,weather_outage,ramp,1210,0.4909090909090909,0.4090909090909091,15.38044612095268,16.87733268737793,40.50032391437091,9.346414589764905,9.723858424009547,0.4090909090909091,0.0,0.43944131774150513,1.1571521118391688,0.20776098901098902
CSGS6,q1_2020,4,robust_condition_cqr,clean,non_ramp,4614,0.9282618118768964,0.02826181187689636,4.237133397317602,2.514892727136612,6.044721292606465,0.9662840292305253,2.131204895795053,0.0,0.02826181187689636,0.12106095420907434,0.172706322645899,
CSGS6,q1_2020,4,robust_condition_cqr,clean,ramp,1210,0.8454545454545455,0.054545454545454564,6.435949121572632,4.596806287765503,15.856882852411344,2.293119842911881,4.300954089893252,0.054545454545454564,0.0,0.1838842606163609,0.4530537957831813,0.20776098901098902
CSGS6,q1_2020,4,robust_condition_cqr,combined_outage,non_ramp,4614,0.9189423493714781,0.018942349371478095,5.084845596493278,4.311208724975586,7.50033508939164,1.2856906618285793,2.5666904752273463,0.0,0.018942349371478095,0.1452813027569508,0.21429528826833255,
CSGS6,q1_2020,4,robust_condition_cqr,combined_outage,ramp,1210,0.8446280991735537,0.055371900826446274,7.441648717483213,6.184259414672852,17.660313062653067,2.4616687921768685,4.301757700321355,0.055371900826446274,0.0,0.21261853478523465,0.504580373218659,0.20776098901098902
CSGS6,q1_2020,4,robust_condition_cqr,irradiance_outage,non_ramp,4614,0.9325964456003468,0.0325964456003468,4.89712868515822,3.9158287048339844,6.5921152028830114,1.054335197968434,2.240626324143182,0.0,0.0325964456003468,0.139917962433092,0.18834614865380034,
CSGS6,q1_2020,4,robust_condition_cqr,irradiance_outage,ramp,1210,0.8578512396694215,0.04214876033057857,7.0462891885826044,5.5471272468566895,15.792366251314043,2.321635574552092,4.281743027456114,0.04214876033057857,0.0,0.20132254824521728,0.45121046432325834,0.20776098901098902
CSGS6,q1_2020,4,robust_condition_cqr,recent_power_outage,non_ramp,4614,0.9120069354139575,0.012006935413957476,4.698246004354809,3.703797698020935,6.863561701471483,1.1034928026492015,2.3321084182901455,0.0,0.012006935413957476,0.13423560012442312,0.19610176289918524,
CSGS6,q1_2020,4,robust_condition_cqr,recent_power_outage,ramp,1210,0.8380165289256198,0.06198347107438018,7.197789026996167,5.759925603866577,16.65332097289468,2.396325623384996,4.359727809601599,0.06198347107438018,0.0,0.20565111505703335,0.4758091706541337,0.20776098901098902
CSGS6,q1_2020,4,robust_condition_cqr,weather_outage,non_ramp,4614,0.9278283485045513,0.027828348504551292,4.475300916551932,3.0356006622314453,6.495659894093356,1.0253229366850498,2.2084177740949356,0.0,0.027828348504551292,0.12786574047291235,0.1855902826883816,
CSGS6,q1_2020,4,robust_condition_cqr,weather_outage,ramp,1210,0.8446280991735537,0.055371900826446274,6.930768987137732,5.305319547653198,16.615139991557612,2.2963789894660236,4.22982542590307,0.055371900826446274,0.0,0.19802197106107805,0.47471828547307465,0.20776098901098902
CSGS6,q1_2020,4,robust_local_cqr,clean,non_ramp,4614,0.9553532726484613,0.05535327264846124,4.821779817830686,2.998514175415039,5.776277982783908,0.9662840292305253,2.131204895795053,0.0,0.05535327264846124,0.13776513765230533,0.16503651379382595,
CSGS6,q1_2020,4,robust_local_cqr,clean,ramp,1210,0.8743801652892562,0.025619834710743805,7.908331575025256,5.681721925735474,15.438462668136175,2.293119842911881,4.300954089893252,0.025619834710743805,0.0,0.2259523307150073,0.4410989333753193,0.20776098901098902
CSGS6,q1_2020,4,robust_local_cqr,combined_outage,non_ramp,4614,0.9241439098396186,0.02414390983961856,5.297223091703736,4.4840803146362305,6.9590578413148965,1.2856906618285793,2.5666904752273463,0.0,0.02414390983961856,0.15134923119153532,0.19883022403756848,
CSGS6,q1_2020,4,robust_local_cqr,combined_outage,ramp,1210,0.8694214876033057,0.03057851239669429,8.749300950967267,7.403908729553223,17.283578524410665,2.4616687921768685,4.301757700321355,0.03057851239669429,0.0,0.24998002717049336,0.49381652926887615,0.20776098901098902
CSGS6,q1_2020,4,robust_local_cqr,irradiance_outage,non_ramp,4614,0.9609882964889467,0.06098829648894666,5.553224355275938,4.66252326965332,6.372431647049934,1.054335197968434,2.240626324143182,0.0,0.06098829648894666,0.15866355300788393,0.18206947562999812,
CSGS6,q1_2020,4,robust_local_cqr,irradiance_outage,ramp,1210,0.9,0.0,8.756802666561018,6.795041561126709,15.089501380872353,2.321635574552092,4.281743027456114,0.0,0.0,0.2501943619017434,0.4311286108820672,0.20776098901098902
CSGS6,q1_2020,4,robust_local_cqr,recent_power_outage,non_ramp,4614,0.947334200260078,0.04733420026007795,5.419453540742863,4.708076238632202,6.46451228810801,1.1034928026492015,2.3321084182901455,0.0,0.04733420026007795,0.15484152973551035,0.18470035108880029,
CSGS6,q1_2020,4,robust_local_cqr,recent_power_outage,ramp,1210,0.8818181818181818,0.018181818181818188,9.049212484309077,7.554556131362915,16.286445412742772,2.396325623384996,4.359727809601599,0.018181818181818188,0.0,0.2585489281231165,0.4653270117926506,0.20776098901098902
CSGS6,q1_2020,4,robust_local_cqr,weather_outage,non_ramp,4614,0.9447334200260078,0.044733420026007775,4.92500993381888,3.3177433013916016,6.109182959403616,1.0253229366850498,2.2084177740949356,0.0,0.044733420026007775,0.1407145695376823,0.17454808455438903,
CSGS6,q1_2020,4,robust_local_cqr,weather_outage,ramp,1210,0.8752066115702479,0.024793388429752095,8.378517324385072,6.694009900093079,15.988233185614929,2.2963789894660236,4.22982542590307,0.024793388429752095,0.0,0.2393862092681449,0.4568066624461408,0.20776098901098902
CSGS6,q1_2020,4,robust_risk_mondrian,clean,non_ramp,4614,0.9343302990897269,0.034330299089726846,4.423442182894934,2.268342971801758,5.811709439750563,0.9662840292305253,2.131204895795053,0.0,0.034330299089726846,0.1263840623684267,0.16604884113573037,
CSGS6,q1_2020,4,robust_risk_mondrian,clean,ramp,1210,0.8859504132231405,0.014049586776859524,8.035733268940668,6.256744921207428,15.6690974586955,2.293119842911881,4.300954089893252,0.014049586776859524,0.0,0.2295923791125905,0.44768849881987144,0.20776098901098902
CSGS6,q1_2020,4,robust_risk_mondrian,combined_outage,non_ramp,4614,0.9100563502384048,0.010056350238404788,5.1345090317546385,3.8343424797058105,7.447693373437646,1.2856906618285793,2.5666904752273463,0.0,0.010056350238404788,0.14670025805013254,0.2127912392410756,
CSGS6,q1_2020,4,robust_risk_mondrian,combined_outage,ramp,1210,0.859504132231405,0.04049586776859504,7.964616017455758,6.897603988647461,17.733310473906954,2.4616687921768685,4.301757700321355,0.04049586776859504,0.0,0.22756045764159308,0.5066660135401987,0.20776098901098902
CSGS6,q1_2020,4,robust_risk_mondrian,irradiance_outage,non_ramp,4614,0.9388816644993498,0.03888166449934982,5.1133011559088075,4.1387892961502075,6.413457192839896,1.054335197968434,2.240626324143182,0.0,0.03888166449934982,0.14609431874025164,0.1832416340811399,
CSGS6,q1_2020,4,robust_risk_mondrian,irradiance_outage,ramp,1210,0.8859504132231405,0.014049586776859524,8.51862254520731,7.165869474411011,15.858827496152747,2.321635574552092,4.281743027456114,0.014049586776859524,0.0,0.2433892155773517,0.45310935703293564,0.20776098901098902
CSGS6,q1_2020,4,robust_risk_mondrian,recent_power_outage,non_ramp,4614,0.9315127871694842,0.031512787169484135,5.099508337051253,3.8771209716796875,6.744442235703918,1.1034928026492015,2.3321084182901455,0.0,0.031512787169484135,0.14570023820146435,0.1926983495915405,
CSGS6,q1_2020,4,robust_risk_mondrian,recent_power_outage,ramp,1210,0.8710743801652893,0.02892561983471076,8.132581001227676,6.739534616470337,16.443301733001327,2.396325623384996,4.359727809601599,0.02892561983471076,0.0,0.2323594571779336,0.46980862094289505,0.20776098901098902
CSGS6,q1_2020,4,robust_risk_mondrian,weather_outage,non_ramp,4614,0.9308625921109667,0.030862592110966647,4.626914626189358,2.579411506652832,6.226358475779516,1.0253229366850498,2.2084177740949356,0.0,0.030862592110966647,0.13219756074826738,0.1778959564508433,
CSGS6,q1_2020,4,robust_risk_mondrian,weather_outage,ramp,1210,0.8851239669421488,0.014876033057851235,8.858789787105907,7.381708979606628,16.420219570438356,2.2963789894660236,4.22982542590307,0.014876033057851235,0.0,0.2531082796315974,0.469149130583953,0.20776098901098902
CSGS6,q1_2020,4,robust_rolling_cqr,clean,non_ramp,4614,0.9302123970524491,0.030212397052449047,4.313981179480038,2.512313485145569,6.064710512751892,0.9662840292305253,2.131204895795053,0.0,0.030212397052449047,0.12325660512800109,0.17327744322148264,
CSGS6,q1_2020,4,robust_rolling_cqr,clean,ramp,1210,0.843801652892562,0.056198347107437985,6.531104148529044,4.702543497085571,15.832364443522106,2.293119842911881,4.300954089893252,0.056198347107437985,0.0,0.1866029756722584,0.4523532698149173,0.20776098901098902
CSGS6,q1_2020,4,robust_rolling_cqr,combined_outage,non_ramp,4614,0.9193758127438232,0.019375812743823162,5.2368509581126625,4.043139457702637,7.502534473178653,1.2856906618285793,2.5666904752273463,0.0,0.019375812743823162,0.1496243130889332,0.21435812780510438,
CSGS6,q1_2020,4,robust_rolling_cqr,combined_outage,ramp,1210,0.8454545454545455,0.054545454545454564,7.676966484728431,6.642627120018005,17.405790480677314,2.4616687921768685,4.301757700321355,0.054545454545454564,0.0,0.21934189956366945,0.49730829944792326,0.20776098901098902
CSGS6,q1_2020,4,robust_rolling_cqr,irradiance_outage,non_ramp,4614,0.9315127871694842,0.031512787169484135,4.943674960198752,3.9199342727661133,6.590235026982356,1.054335197968434,2.240626324143182,0.0,0.031512787169484135,0.14124785600567863,0.18829242934235302,
CSGS6,q1_2020,4,robust_rolling_cqr,irradiance_outage,ramp,1210,0.856198347107438,0.04380165289256199,7.102355292175746,5.632274866104126,15.753671207000629,2.321635574552092,4.281743027456114,0.04380165289256199,0.0,0.20292443691930703,0.4501048916285894,0.20776098901098902
CSGS6,q1_2020,4,robust_rolling_cqr,recent_power_outage,non_ramp,4614,0.9284785435630689,0.028478543563068892,5.069225634528253,3.927669644355774,6.857544459669696,1.1034928026492015,2.3321084182901455,0.0,0.028478543563068892,0.14483501812937866,0.19592984170484845,
CSGS6,q1_2020,4,robust_rolling_cqr,recent_power_outage,ramp,1210,0.856198347107438,0.04380165289256199,7.665765506146915,6.537292003631592,16.350606006501682,2.396325623384996,4.359727809601599,0.04380165289256199,0.0,0.21902187160419756,0.46716017161433376,0.20776098901098902
CSGS6,q1_2020,4,robust_rolling_cqr,weather_outage,non_ramp,4614,0.9267446900736888,0.026744690073688737,4.536625546045953,2.9137259125709534,6.4903311080266555,1.0253229366850498,2.2084177740949356,0.0,0.026744690073688737,0.12961787274417008,0.18543803165790443,
CSGS6,q1_2020,4,robust_rolling_cqr,weather_outage,ramp,1210,0.8454545454545455,0.054545454545454564,7.013226755835454,5.449625253677368,16.563252102686015,2.2963789894660236,4.22982542590307,0.054545454545454564,0.0,0.2003779073095844,0.47323577436245756,0.20776098901098902
CSGS6,q2_2020,1,clean_condition_cqr,clean,non_ramp,5337,0.9044406970207982,0.00444069702079819,2.8060052371813713,2.288484573364258,3.731511063800131,0.5970977498726221,1.0701970456107943,0.0,0.00444069702079819,0.08017157820518203,0.1066146018228609,
CSGS6,q2_2020,1,clean_condition_cqr,clean,ramp,487,0.3347022587268994,0.5652977412731006,6.85875717247406,7.004804611206055,37.48905371892738,4.7311626613002415,5.272623975499161,0.5652977412731006,0.0,0.195964490642116,1.0711158205407822,0.08361950549450549
CSGS6,q2_2020,1,clean_condition_cqr,combined_outage,non_ramp,5337,0.9741427768409219,0.07414277684092185,26.089507609555532,25.84494400024414,26.39567113079023,7.464379668337165,9.136413988556932,0.0,0.07414277684092185,0.7454145031301581,0.7541620323082923,
CSGS6,q2_2020,1,clean_condition_cqr,combined_outage,ramp,487,0.9856262833675564,0.0856262833675564,26.91791569280918,26.81800079345703,27.158167363192266,8.215826957622347,9.732804500288681,0.0,0.0856262833675564,0.7690833055088337,0.7759476389483505,0.08361950549450549
CSGS6,q2_2020,1,clean_condition_cqr,irradiance_outage,non_ramp,5337,0.880831928049466,0.01916807195053405,9.420308095046767,6.8655476570129395,10.217899812855464,1.8062148905555175,2.2098982187052343,0.01916807195053405,0.0,0.26915165985847905,0.29193999465301324,
CSGS6,q2_2020,1,clean_condition_cqr,irradiance_outage,ramp,487,0.5975359342915811,0.3024640657084189,12.712511248152236,13.256670951843262,28.9442314607009,4.255705479723717,5.008828857441084,0.3024640657084189,0.0,0.36321460709006387,0.8269780417343114,0.08361950549450549
CSGS6,q2_2020,1,clean_condition_cqr,recent_power_outage,non_ramp,5337,0.9132471425894697,0.013247142589469685,22.16101482099019,21.055519104003906,25.089276809292116,6.367898317308514,8.333296709042836,0.0,0.013247142589469685,0.6331718520282911,0.7168364802654891,
CSGS6,q2_2020,1,clean_condition_cqr,recent_power_outage,ramp,487,0.9753593429158111,0.07535934291581103,24.247678983872433,24.007291793823242,25.005240340497213,7.761352402718405,9.227103650932838,0.0,0.07535934291581103,0.692790828110641,0.7144354382999204,0.08361950549450549
CSGS6,q2_2020,1,clean_condition_cqr,weather_outage,non_ramp,5337,0.9083754918493536,0.0083754918493536,2.878585172174444,2.4516645669937134,3.7579753152467625,0.6037290367867818,1.0787301144428754,0.0,0.0083754918493536,0.08224529063355555,0.10737072329276465,
CSGS6,q2_2020,1,clean_condition_cqr,weather_outage,ramp,487,0.33675564681724846,0.5632443531827516,6.937905988105223,7.024511337280273,36.6078372834541,4.689985285480593,5.241820190237285,0.5632443531827516,0.0,0.19822588537443495,1.0459382080986888,0.08361950549450549
CSGS6,q2_2020,1,lgbm_condition_cqr,clean,non_ramp,5337,0.9143713696833426,0.014371369683342627,3.9939158892733255,3.4803829193115234,4.521220733383417,0.5825263654692502,1.0105200604788536,0.0,0.014371369683342627,0.11411188255066644,0.1291777352395262,
CSGS6,q2_2020,1,lgbm_condition_cqr,clean,ramp,487,0.5010266940451745,0.3989733059548255,8.91273725999699,8.894454956054688,28.409107255862235,4.992538175605873,5.505132307531888,0.3989733059548255,0.0,0.25464963599991397,0.811688778738921,0.08361950549450549
CSGS6,q2_2020,1,lgbm_condition_cqr,combined_outage,non_ramp,5337,0.9153082255949035,0.015308225594903524,21.423428950203434,21.176843643188477,23.376484739572696,8.098209743210703,9.808467360187818,0.0,0.015308225594903524,0.6120979700058123,0.6678995639877913,
CSGS6,q2_2020,1,lgbm_condition_cqr,combined_outage,ramp,487,0.9260780287474333,0.026078028747433257,23.18676738229865,23.552101135253906,25.298334775764104,8.946365955429156,10.506810005927457,0.0,0.026078028747433257,0.6624790680656757,0.7228095650218316,0.08361950549450549
CSGS6,q2_2020,1,lgbm_condition_cqr,irradiance_outage,non_ramp,5337,0.8665917181937418,0.03340828180625821,6.13521842881973,5.112802982330322,6.6695098234654,1.5068800755500227,1.828667655713173,0.03340828180625821,0.0,0.17529195510913514,0.19055742352758284,
CSGS6,q2_2020,1,lgbm_condition_cqr,irradiance_outage,ramp,487,0.6406570841889117,0.25934291581108837,10.470497064399524,10.661420822143555,22.54458441589892,4.559526354135674,5.258775752682949,0.25934291581108837,0.0,0.29915705898284356,0.6441309833113977,0.08361950549450549
CSGS6,q2_2020,1,lgbm_condition_cqr,recent_power_outage,non_ramp,5337,0.9085628630316658,0.008562863031665757,20.429056073253648,20.323266983032227,22.342713044559506,7.381633934947399,9.178622256115773,0.0,0.008562863031665757,0.5836873163786757,0.6383632298445573,
CSGS6,q2_2020,1,lgbm_condition_cqr,recent_power_outage,ramp,487,0.9281314168377823,0.028131416837782308,23.053017978550717,23.372692108154297,25.239896504051632,8.498411212613695,10.025687008393286,0.0,0.028131416837782308,0.6586576565300205,0.7211399001157609,0.08361950549450549
CSGS6,q2_2020,1,lgbm_condition_cqr,weather_outage,non_ramp,5337,0.9162450815064643,0.01624508150646431,4.004354952358055,3.497328758239746,4.54292533362074,0.5875418617504875,1.0161309358549033,0.0,0.01624508150646431,0.11441014149594442,0.1297978666748783,
CSGS6,q2_2020,1,lgbm_condition_cqr,weather_outage,ramp,487,0.5174537987679672,0.38254620123203287,8.933105955500867,9.028846740722656,28.392458348425997,4.985956324261538,5.50249135203232,0.38254620123203287,0.0,0.2552315987285962,0.8112130956693142,0.08361950549450549
CSGS6,q2_2020,1,oracle_ramp_mondrian,clean,non_ramp,5337,0.9278620948098183,0.027862094809818272,3.5123723163866787,2.654237747192383,4.178195170401761,0.6559857970880294,1.193619753202633,0.0,0.027862094809818272,0.1003534947539051,0.11937700486862174,
CSGS6,q2_2020,1,oracle_ramp_mondrian,clean,ramp,487,0.9507186858316222,0.0507186858316222,16.91126940220339,16.896225929260254,18.903920834405238,4.4983852399050335,5.152692319445697,0.0,0.0507186858316222,0.48317912577723976,0.5401120238401497,0.08361950549450549
CSGS6,q2_2020,1,oracle_ramp_mondrian,combined_outage,non_ramp,5337,0.887952032977328,0.012047967022671968,4.950569655468609,4.566647291183472,7.670275719902513,1.293537193964806,2.321041964638852,0.012047967022671968,0.0,0.14144484729910312,0.21915073485435752,
CSGS6,q2_2020,1,oracle_ramp_mondrian,combined_outage,ramp,487,0.9260780287474333,0.026078028747433257,17.014507965513676,17.220361246727407,19.830304888122978,4.121584804885441,5.107082593331017,0.0,0.026078028747433257,0.4861287990146765,0.5665801396606565,0.08361950549450549
CSGS6,q2_2020,1,oracle_ramp_mondrian,irradiance_outage,non_ramp,5337,0.9338579726438074,0.03385797264380741,4.073485746704166,3.3226478099823,4.718305435679923,0.7334868329969038,1.3271060310007925,0.0,0.03385797264380741,0.11638530704869045,0.13480872673371208,
CSGS6,q2_2020,1,oracle_ramp_mondrian,irradiance_outage,ramp,487,0.946611909650924,0.04661190965092399,17.21685556639024,16.767499923706055,18.997312191606056,4.343226715738768,5.078387164766987,0.0,0.04661190965092399,0.49191015903972113,0.5427803483316016,0.08361950549450549
CSGS6,q2_2020,1,oracle_ramp_mondrian,recent_power_outage,non_ramp,5337,0.9321716320029979,0.032171632002997885,4.799537297117157,4.445202827453613,5.549425492885428,0.9068384863409011,1.6248934758337539,0.0,0.032171632002997885,0.1371296370604902,0.1585550140824408,
CSGS6,q2_2020,1,oracle_ramp_mondrian,recent_power_outage,ramp,487,0.9383983572895277,0.038398357289527674,16.908816443324028,16.925363540649414,19.378089565997925,4.278223296409393,5.125564589818624,0.0,0.038398357289527674,0.4831090412378294,0.553659701885655,0.08361950549450549
CSGS6,q2_2020,1,oracle_ramp_mondrian,weather_outage,non_ramp,5337,0.9258010118043845,0.025801011804384433,3.6641407806344746,2.8766326904296875,4.277611699089989,0.6823191996867759,1.2436576502595567,0.0,0.025801011804384433,0.10468973658955642,0.12221747711685682,
CSGS6,q2_2020,1,oracle_ramp_mondrian,weather_outage,ramp,487,0.9486652977412731,0.04866529774127304,16.634092698923602,16.526384353637695,18.76335594035662,4.42920678892236,5.1075313282285535,0.0,0.04866529774127304,0.4752597913978172,0.5360958840101891,0.08361950549450549
CSGS6,q2_2020,1,persistence_condition_cqr,clean,non_ramp,5337,0.9447255012179127,0.04472550121791263,4.228640699476507,5.007999420166016,4.7309704933097105,0.8662414598657896,1.2112904212421087,0.0,0.04472550121791263,0.12081830569932878,0.13517058552313457,
CSGS6,q2_2020,1,persistence_condition_cqr,clean,ramp,487,0.0,0.9,5.002858122118445,5.007999420166016,67.5482402957624,5.6312689896236945,6.001109743942244,0.9,0.0,0.14293880348909843,1.9299497227360685,0.08361950549450549
CSGS6,q2_2020,1,persistence_condition_cqr,combined_outage,non_ramp,5337,0.9810755105864718,0.08107551058647178,23.362471380315167,23.016000747680664,24.170218349742434,6.277677968564969,8.194933483755948,0.0,0.08107551058647178,0.667499182294719,0.6905776671354982,
CSGS6,q2_2020,1,persistence_condition_cqr,combined_outage,ramp,487,0.9240246406570842,0.024024640657084206,26.846029479477316,27.187333583831787,29.48953316204663,8.857151251867627,10.265159501630539,0.0,0.024024640657084206,0.7670294136993518,0.8425580903441894,0.08361950549450549
CSGS6,q2_2020,1,persistence_condition_cqr,irradiance_outage,non_ramp,5337,0.9447255012179127,0.04472550121791263,4.228640699476507,5.007999420166016,4.7309704933097105,0.8662414598657896,1.2112904212421087,0.0,0.04472550121791263,0.12081830569932878,0.13517058552313457,
CSGS6,q2_2020,1,persistence_condition_cqr,irradiance_outage,ramp,487,0.0,0.9,5.002858122118445,5.007999420166016,67.5482402957624,5.6312689896236945,6.001109743942244,0.9,0.0,0.14293880348909843,1.9299497227360685,0.08361950549450549
CSGS6,q2_2020,1,persistence_condition_cqr,recent_power_outage,non_ramp,5337,0.9810755105864718,0.08107551058647178,23.362471380315167,23.016000747680664,24.170218349742434,6.277677968564969,8.194933483755948,0.0,0.08107551058647178,0.667499182294719,0.6905776671354982,
CSGS6,q2_2020,1,persistence_condition_cqr,recent_power_outage,ramp,487,0.9240246406570842,0.024024640657084206,26.846029479477316,27.187333583831787,29.48953316204663,8.857151251867627,10.265159501630539,0.0,0.024024640657084206,0.7670294136993518,0.8425580903441894,0.08361950549450549
CSGS6,q2_2020,1,persistence_condition_cqr,weather_outage,non_ramp,5337,0.9447255012179127,0.04472550121791263,4.228640699476507,5.007999420166016,4.7309704933097105,0.8662414598657896,1.2112904212421087,0.0,0.04472550121791263,0.12081830569932878,0.13517058552313457,
CSGS6,q2_2020,1,persistence_condition_cqr,weather_outage,ramp,487,0.0,0.9,5.002858122118445,5.007999420166016,67.5482402957624,5.6312689896236945,6.001109743942244,0.9,0.0,0.14293880348909843,1.9299497227360685,0.08361950549450549
CSGS6,q2_2020,1,robust_condition_cqr,clean,non_ramp,5337,0.9278620948098183,0.027862094809818272,3.5123723163866787,2.654237747192383,4.178195170401761,0.6559857970880294,1.193619753202633,0.0,0.027862094809818272,0.1003534947539051,0.11937700486862174,
CSGS6,q2_2020,1,robust_condition_cqr,clean,ramp,487,0.5256673511293635,0.37433264887063655,8.834462446843329,8.7529296875,27.331997684384763,4.4983852399050335,5.152692319445697,0.37433264887063655,0.0,0.2524132127669523,0.7809142195538504,0.08361950549450549
CSGS6,q2_2020,1,robust_condition_cqr,combined_outage,non_ramp,5337,0.9119355443132846,0.011935544313284585,5.304936257366056,4.975296974182129,7.618409046809397,1.293537193964806,2.321041964638852,0.0,0.011935544313284585,0.1515696073533159,0.21766882990883993,
CSGS6,q2_2020,1,robust_condition_cqr,combined_outage,ramp,487,0.6817248459958932,0.2182751540041068,9.98532943810036,10.119401931762695,23.652383937544403,4.121584804885441,5.107082593331017,0.2182751540041068,0.0,0.2852951268028674,0.6757823982155544,0.08361950549450549
CSGS6,q2_2020,1,robust_condition_cqr,irradiance_outage,non_ramp,5337,0.9338579726438074,0.03385797264380741,4.073485746704166,3.3226478099823,4.718305435679923,0.7334868329969038,1.3271060310007925,0.0,0.03385797264380741,0.11638530704869045,0.13480872673371208,
CSGS6,q2_2020,1,robust_condition_cqr,irradiance_outage,ramp,487,0.5667351129363449,0.3332648870636551,9.200541713292226,8.66808271408081,26.421131893977126,4.343226715738768,5.078387164766987,0.3332648870636551,0.0,0.2628726203797779,0.7548894826850607,0.08361950549450549
CSGS6,q2_2020,1,robust_condition_cqr,recent_power_outage,non_ramp,5337,0.9321716320029979,0.032171632002997885,4.799537297117157,4.445202827453613,5.549425492885428,0.9068384863409011,1.6248934758337539,0.0,0.032171632002997885,0.1371296370604902,0.1585550140824408,
CSGS6,q2_2020,1,robust_condition_cqr,recent_power_outage,ramp,487,0.6303901437371663,0.26960985626283374,9.90148137335415,9.858861923217773,24.27512012076329,4.278223296409393,5.125564589818624,0.26960985626283374,0.0,0.28289946781011854,0.6935748605932369,0.08361950549450549
CSGS6,q2_2020,1,robust_condition_cqr,weather_outage,non_ramp,5337,0.9258010118043845,0.025801011804384433,3.6641407806344746,2.8766326904296875,4.277611699089989,0.6823191996867759,1.2436576502595567,0.0,0.025801011804384433,0.10468973658955642,0.12221747711685682,
CSGS6,q2_2020,1,robust_condition_cqr,weather_outage,ramp,487,0.5564681724845996,0.34353182751540046,8.945912839634463,8.811323165893555,26.73473412098336,4.42920678892236,5.1075313282285535,0.34353182751540046,0.0,0.2555975097038418,0.7638495463138103,0.08361950549450549
CSGS6,q2_2020,1,robust_local_cqr,clean,non_ramp,5337,0.94622447067641,0.04622447067641,4.0110149425682415,2.7333946228027344,4.478786142398146,0.6559857970880294,1.193619753202633,0.0,0.04622447067641,0.1146004269305212,0.12796531835423275,
CSGS6,q2_2020,1,robust_local_cqr,clean,ramp,487,0.6673511293634496,0.23264887063655038,10.917744693508872,10.946638107299805,23.652261967470515,4.4983852399050335,5.152692319445697,0.23264887063655038,0.0,0.31193556267168204,0.6757789133563005,0.08361950549450549
CSGS6,q2_2020,1,robust_local_cqr,combined_outage,non_ramp,5337,0.9057522952969833,0.00575229529698329,5.568683694707352,4.661762237548828,7.059448196997652,1.293537193964806,2.321041964638852,0.0,0.00575229529698329,0.15910524842021007,0.2016985199142186,
CSGS6,q2_2020,1,robust_local_cqr,combined_outage,ramp,487,0.7494866529774127,0.15051334702258734,11.547012490291126,11.43348503112793,22.11686993000199,4.121584804885441,5.107082593331017,0.15051334702258734,0.0,0.32991464257974645,0.6319105694286282,0.08361950549450549
CSGS6,q2_2020,1,robust_local_cqr,irradiance_outage,non_ramp,5337,0.9510961214165261,0.051096121416526086,4.535309233578542,3.517972946166992,4.943110345531842,0.7334868329969038,1.3271060310007925,0.0,0.051096121416526086,0.12958026381652976,0.14123172415805263,
CSGS6,q2_2020,1,robust_local_cqr,irradiance_outage,ramp,487,0.6776180698151951,0.2223819301848049,10.8266330322354,10.112191200256348,23.631889462119133,4.343226715738768,5.078387164766987,0.2223819301848049,0.0,0.30933237234958283,0.6751968417748324,0.08361950549450549
CSGS6,q2_2020,1,robust_local_cqr,recent_power_outage,non_ramp,5337,0.9559677721566423,0.05596777215664228,5.328256085115728,4.62261438369751,5.6918769106113265,0.9068384863409011,1.6248934758337539,0.0,0.05596777215664228,0.15223588814616368,0.16262505458889503,
CSGS6,q2_2020,1,robust_local_cqr,recent_power_outage,ramp,487,0.7412731006160165,0.15872689938398354,11.68459640011895,11.548174858093262,21.419492669786028,4.278223296409393,5.125564589818624,0.15872689938398354,0.0,0.33384561143197,0.6119855048510293,0.08361950549450549
CSGS6,q2_2020,1,robust_local_cqr,weather_outage,non_ramp,5337,0.94622447067641,0.04622447067641,4.187885099514981,3.003082275390625,4.585373748326901,0.6823191996867759,1.2436576502595567,0.0,0.04622447067641,0.11965385998614231,0.13101067852362572,
CSGS6,q2_2020,1,robust_local_cqr,weather_outage,ramp,487,0.6858316221765913,0.2141683778234087,11.084086628848768,10.82962417602539,23.03440763420393,4.42920678892236,5.1075313282285535,0.2141683778234087,0.0,0.31668818939567905,0.6581259324058266,0.08361950549450549
CSGS6,q2_2020,1,robust_risk_mondrian,clean,non_ramp,5337,0.9436012741240397,0.04360127412403969,4.0616899716929415,2.656675338745117,4.512972885395935,0.6559857970880294,1.193619753202633,0.0,0.04360127412403969,0.11604828490551261,0.12894208243988384,
CSGS6,q2_2020,1,robust_risk_mondrian,clean,ramp,487,0.6796714579055442,0.22032854209445585,10.796325298550192,11.10041618347168,23.2883073062133,4.4983852399050335,5.152692319445697,0.22032854209445585,0.0,0.30846643710143407,0.6653802087489514,0.08361950549450549
CSGS6,q2_2020,1,robust_risk_mondrian,combined_outage,non_ramp,5337,0.8958216226344389,0.004178377365561148,5.350627967512892,5.051973342895508,7.635780298746742,1.293537193964806,2.321041964638852,0.004178377365561148,0.0,0.15287508478608264,0.21816515139276405,
CSGS6,q2_2020,1,robust_risk_mondrian,combined_outage,ramp,487,0.7125256673511293,0.1874743326488707,10.45913716006328,10.587133884429932,22.710282524875545,4.121584804885441,5.107082593331017,0.1874743326488707,0.0,0.2988324902875223,0.6488652149964441,0.08361950549450549
CSGS6,q2_2020,1,robust_risk_mondrian,irradiance_outage,non_ramp,5337,0.941540191118606,0.04154019111860596,4.244941209790516,3.4146976470947266,4.7621846958247565,0.7334868329969038,1.3271060310007925,0.0,0.04154019111860596,0.12128403456544333,0.13606241988070733,
CSGS6,q2_2020,1,robust_risk_mondrian,irradiance_outage,ramp,487,0.6036960985626283,0.29630390143737173,9.704716943265598,9.276872634887695,25.175726742607978,4.343226715738768,5.078387164766987,0.29630390143737173,0.0,0.27727762695044567,0.719306478360228,0.08361950549450549
CSGS6,q2_2020,1,robust_risk_mondrian,recent_power_outage,non_ramp,5337,0.9477234401349073,0.04772344013490726,5.210789206314572,4.4919891357421875,5.690326418885043,0.9068384863409011,1.6248934758337539,0.0,0.04772344013490726,0.14887969160898776,0.16258075482528694,
CSGS6,q2_2020,1,robust_risk_mondrian,recent_power_outage,ramp,487,0.7330595482546202,0.16694045174537986,11.47236557809724,11.662415504455566,21.657675880181472,4.278223296409393,5.125564589818624,0.16694045174537986,0.0,0.3277818736599211,0.6187907394337563,0.08361950549450549
CSGS6,q2_2020,1,robust_risk_mondrian,weather_outage,non_ramp,5337,0.945100243582537,0.04510024358253695,4.2517900566081455,2.8800430297851562,4.634365264696954,0.6823191996867759,1.2436576502595567,0.0,0.04510024358253695,0.12147971590308987,0.13241043613419867,
CSGS6,q2_2020,1,robust_risk_mondrian,weather_outage,ramp,487,0.704312114989733,0.19568788501026702,11.022254922490346,11.123014450073242,22.393658658011493,4.42920678892236,5.1075313282285535,0.19568788501026702,0.0,0.3149215692140099,0.6398188188003283,0.08361950549450549
CSGS6,q2_2020,1,robust_rolling_cqr,clean,non_ramp,5337,0.9434139029417276,0.043413902941727534,3.6438893768092897,2.77714204788208,4.198930731089398,0.6559857970880294,1.193619753202633,0.0,0.043413902941727534,0.104111125051694,0.11996944945969708,
CSGS6,q2_2020,1,robust_rolling_cqr,clean,ramp,487,0.5338809034907598,0.36611909650924024,8.96673512679106,8.897332191467285,26.86134848286239,4.4983852399050335,5.152692319445697,0.36611909650924024,0.0,0.25619243219403026,0.767467099510354,0.08361950549450549
CSGS6,q2_2020,1,robust_rolling_cqr,combined_outage,non_ramp,5337,0.9139966273187183,0.013996627318718313,5.481071328913503,5.070584058761597,7.559312530213319,1.293537193964806,2.321041964638852,0.0,0.013996627318718313,0.15660203796895722,0.21598035800609483,
CSGS6,q2_2020,1,robust_rolling_cqr,combined_outage,ramp,487,0.6878850102669405,0.21211498973305953,10.060146126842596,10.109344959259033,23.608945079591486,4.121584804885441,5.107082593331017,0.21211498973305953,0.0,0.287432746481217,0.6745412879883281,0.08361950549450549
CSGS6,q2_2020,1,robust_rolling_cqr,irradiance_outage,non_ramp,5337,0.9452876147648491,0.045287614764849105,4.166593340030109,3.4176113605499268,4.731964955636378,0.7334868329969038,1.3271060310007925,0.0,0.045287614764849105,0.11904552400086026,0.13519899873246793,
CSGS6,q2_2020,1,robust_rolling_cqr,irradiance_outage,ramp,487,0.5811088295687885,0.3188911704312115,9.29241896911048,8.761873006820679,26.102769560997185,4.343226715738768,5.078387164766987,0.3188911704312115,0.0,0.26549768483172803,0.745793416028491,0.08361950549450549
CSGS6,q2_2020,1,robust_rolling_cqr,recent_power_outage,non_ramp,5337,0.9396664792954843,0.03966647929548428,4.8633189134735515,4.5401153564453125,5.557647519955526,0.9068384863409011,1.6248934758337539,0.0,0.03966647929548428,0.13895196895638717,0.15878992914158646,
CSGS6,q2_2020,1,robust_rolling_cqr,recent_power_outage,ramp,487,0.6365503080082136,0.26344969199178647,9.957305455354694,9.907623291015625,24.155304819161888,4.278223296409393,5.125564589818624,0.26344969199178647,0.0,0.2844944415815627,0.6901515662617682,0.08361950549450549
CSGS6,q2_2020,1,robust_rolling_cqr,weather_outage,non_ramp,5337,0.9406033352070452,0.04060333520704518,3.758478775366935,2.9504427909851074,4.2909571884714985,0.6823191996867759,1.2436576502595567,0.0,0.04060333520704518,0.10738510786762671,0.12259877681347138,
CSGS6,q2_2020,1,robust_rolling_cqr,weather_outage,ramp,487,0.5646817248459959,0.33531827515400414,9.042516528091392,8.851064682006836,26.42720294671871,4.42920678892236,5.1075313282285535,0.33531827515400414,0.0,0.2583576150883255,0.7550629413348203,0.08361950549450549
CSGS6,q2_2020,4,clean_condition_cqr,clean,non_ramp,5096,0.9138540031397174,0.013854003139717408,4.896869886023511,4.4413871839642525,6.712585157197495,1.1716836363820544,2.0291926679475023,0.0,0.013854003139717408,0.13991056817210032,0.19178814734849986,
CSGS6,q2_2020,4,clean_condition_cqr,clean,ramp,728,0.6195054945054945,0.2804945054945055,7.86657045564645,7.302339315414429,30.055631732997988,4.064187264950066,5.598899003094084,0.2804945054945055,0.0,0.22475915587561285,0.8587323352285139,0.125
CSGS6,q2_2020,4,clean_condition_cqr,combined_outage,non_ramp,5096,0.9815541601255887,0.08155416012558869,19.03571215309232,19.79832649230957,19.234045105834245,5.004143079044845,7.031391315395196,0.0,0.08155416012558869,0.543877490088352,0.5495441458809784,
CSGS6,q2_2020,4,clean_condition_cqr,combined_outage,ramp,728,0.9766483516483516,0.0766483516483516,20.103802713278967,22.24007660150528,20.685029166955296,4.519149562487235,5.919203109410871,0.0,0.0766483516483516,0.5743943632365419,0.5910008333415799,0.125
CSGS6,q2_2020,4,clean_condition_cqr,irradiance_outage,non_ramp,5096,0.9385792778649922,0.038579277864992156,10.846244909740097,10.597556114196777,11.832759299759426,2.293974872698713,3.3962799362395293,0.0,0.038579277864992156,0.3098927117068599,0.3380788371359836,
CSGS6,q2_2020,4,clean_condition_cqr,irradiance_outage,ramp,728,0.8571428571428571,0.04285714285714293,12.216542046599008,11.649100422859192,17.097499139156643,3.50121317083364,4.758954772607488,0.04285714285714293,0.0,0.34904405847425735,0.4884999754044755,0.125
CSGS6,q2_2020,4,clean_condition_cqr,recent_power_outage,non_ramp,5096,0.923469387755102,0.02346938775510199,12.022057172106093,11.445972383022308,13.50858414540602,3.9941532329483684,5.997467054947749,0.0,0.02346938775510199,0.34348734777445983,0.38595954701160057,
CSGS6,q2_2020,4,clean_condition_cqr,recent_power_outage,ramp,728,0.8502747252747253,0.04972527472527477,13.462892689976258,13.052504301071167,19.251254978189294,4.07035583945421,5.354855448128378,0.04972527472527477,0.0,0.3846540768564645,0.5500358565196941,0.125
CSGS6,q2_2020,4,clean_condition_cqr,weather_outage,non_ramp,5096,0.9065934065934066,0.00659340659340657,5.236414954943504,4.833152532577515,7.192436690005112,1.27478347799107,2.1454990008079737,0.0,0.00659340659340657,0.1496118558555287,0.20549819114300322,
CSGS6,q2_2020,4,clean_condition_cqr,weather_outage,ramp,728,0.6758241758241759,0.22417582417582416,8.152442484387903,7.580899238586426,26.421716867352497,3.9410915150419696,5.447036738418691,0.22417582417582416,0.0,0.23292692812536867,0.7549061962100714,0.125
CSGS6,q2_2020,4,lgbm_condition_cqr,clean,non_ramp,5096,0.9134615384615384,0.013461538461538414,6.701241096801931,6.549183130264282,7.608041832242741,1.108336511170195,1.8882077526663794,0.0,0.013461538461538414,0.19146403133719803,0.21737262377836405,
CSGS6,q2_2020,4,lgbm_condition_cqr,clean,ramp,728,0.7417582417582418,0.15824175824175823,10.268598896013778,9.457404613494873,21.06198960645278,4.450616998577511,6.00033754590905,0.15824175824175823,0.0,0.2933885398861079,0.6017711316129366,0.125
CSGS6,q2_2020,4,lgbm_condition_cqr,combined_outage,non_ramp,5096,0.9648744113029827,0.06487441130298266,16.130477841371388,15.425897479057312,16.590939583090442,5.825993104272937,7.83776819393189,0.0,0.06487441130298266,0.46087079546775395,0.4740268452311555,
CSGS6,q2_2020,4,lgbm_condition_cqr,combined_outage,ramp,728,0.9903846153846154,0.0903846153846154,19.488091286592912,20.584823489189148,19.649506795408133,5.0647498439628995,6.749187546372127,0.0,0.0903846153846154,0.5568026081883689,0.5614144798688038,0.125
CSGS6,q2_2020,4,lgbm_condition_cqr,irradiance_outage,non_ramp,5096,0.9672291993720565,0.06722919937205651,8.499782653969385,8.918983340263367,8.838505485166907,2.2612145689458276,2.832337416388776,0.0,0.06722919937205651,0.24285093297055385,0.2525287281476259,
CSGS6,q2_2020,4,lgbm_condition_cqr,irradiance_outage,ramp,728,0.853021978021978,0.04697802197802203,12.042385880525446,11.450757026672363,18.09398209083292,3.9052816051375734,5.2742090858057535,0.04697802197802203,0.0,0.3440681680150127,0.5169709168809405,0.125
CSGS6,q2_2020,4,lgbm_condition_cqr,recent_power_outage,non_ramp,5096,0.9703689167974883,0.07036891679748825,14.001546570673835,13.288995742797852,14.270786194386728,4.952726396599169,7.208818950628734,0.0,0.07036891679748825,0.4000441877335381,0.4077367484110494,
CSGS6,q2_2020,4,lgbm_condition_cqr,recent_power_outage,ramp,728,0.9793956043956044,0.07939560439560434,17.497809569248073,18.279279053211212,18.03620184580239,4.836011992460424,6.442888113383481,0.0,0.07939560439560434,0.49993741626423066,0.515320052737211,0.125
CSGS6,q2_2020,4,lgbm_condition_cqr,weather_outage,non_ramp,5096,0.9160125588697017,0.016012558869701654,6.766718160800704,6.576372027397156,7.755285086629568,1.1794938004468507,1.9826425642136642,0.0,0.016012558869701654,0.19333480459430583,0.22157957390370195,
CSGS6,q2_2020,4,lgbm_condition_cqr,weather_outage,ramp,728,0.7458791208791209,0.15412087912087913,10.267443350639072,9.433072805404663,20.850642094992427,4.338092980230902,5.905105413815978,0.15412087912087913,0.0,0.2933555243039735,0.5957326312854979,0.125
CSGS6,q2_2020,4,oracle_ramp_mondrian,clean,non_ramp,5096,0.8761773940345369,0.02382260596546315,5.045216058591728,4.052189946174622,7.254966732759606,1.2988311733794689,2.2954005019853247,0.02382260596546315,0.0,0.14414903024547793,0.2072847637931316,
CSGS6,q2_2020,4,oracle_ramp_mondrian,clean,ramp,728,0.8516483516483516,0.0483516483516484,11.68936164420006,11.06112802028656,20.80222015468414,3.759363111067604,5.366896938576227,0.0483516483516484,0.0,0.3339817612628589,0.5943491472766897,0.125
CSGS6,q2_2020,4,oracle_ramp_mondrian,combined_outage,non_ramp,5096,0.890894819466248,0.009105180533751978,5.858065379748605,5.483305931091309,8.43662659214094,1.5621940077631247,2.6228842741293996,0.009105180533751978,0.0,0.16737329656424585,0.2410464740611697,
CSGS6,q2_2020,4,oracle_ramp_mondrian,combined_outage,ramp,728,0.8612637362637363,0.03873626373626371,11.492748621014231,11.132328510284424,19.775154883985774,3.5721701029943977,5.156671496134451,0.03873626373626371,0.0,0.3283642463146923,0.5650044252567364,0.125
CSGS6,q2_2020,4,oracle_ramp_mondrian,irradiance_outage,non_ramp,5096,0.8765698587127159,0.023430141287284156,5.37231744977518,4.700260877609253,7.7329428225061765,1.3941710902103057,2.4275654764171835,0.023430141287284156,0.0,0.15349478427929086,0.22094122350017648,
CSGS6,q2_2020,4,oracle_ramp_mondrian,irradiance_outage,ramp,728,0.8392857142857143,0.06071428571428572,11.00026038737717,10.277186870574951,20.385901565309155,3.616148985901868,5.22693569107563,0.06071428571428572,0.0,0.31429315392506196,0.5824543304374045,0.125
CSGS6,q2_2020,4,oracle_ramp_mondrian,recent_power_outage,non_ramp,5096,0.8897174254317112,0.01028257456828885,5.708896292907024,5.525103449821472,7.797427180303419,1.4361590438932736,2.4411087994028993,0.01028257456828885,0.0,0.1631113226544864,0.22278363372295484,
CSGS6,q2_2020,4,oracle_ramp_mondrian,recent_power_outage,ramp,728,0.8489010989010989,0.05109890109890114,11.126372686157433,10.708407402038574,19.963244618653516,3.614421928158173,5.2186718417078,0.05109890109890114,0.0,0.31789636246164094,0.5703784176758148,0.125
CSGS6,q2_2020,4,oracle_ramp_mondrian,weather_outage,non_ramp,5096,0.8816718995290423,0.018328100470957676,5.1563941086150376,4.35006856918335,7.314909041688653,1.3432147161264942,2.329652944067048,0.018328100470957676,0.0,0.14732554596042965,0.20899740119110435,
CSGS6,q2_2020,4,oracle_ramp_mondrian,weather_outage,ramp,728,0.864010989010989,0.03598901098901097,12.209597794177231,11.705867052078247,20.27857654789593,3.6941218678276617,5.258434512285704,0.03598901098901097,0.0,0.3488456512622066,0.5793879013684552,0.125
CSGS6,q2_2020,4,persistence_condition_cqr,clean,non_ramp,5096,1.0,0.09999999999999998,13.252822412100615,13.813333511352539,13.252822412100615,2.464768185743732,3.2770207506595064,0.0,0.09999999999999998,0.3786520689171604,0.3786520689171604,
CSGS6,q2_2020,4,persistence_condition_cqr,clean,ramp,728,0.5151098901098901,0.38489010989010997,16.23919285439303,17.117332458496094,43.273188207487856,9.400126402358433,9.74430507981929,0.38489010989010997,0.0,0.4639769386969437,1.2363768059282245,0.125
CSGS6,q2_2020,4,persistence_condition_cqr,combined_outage,non_ramp,5096,0.9911695447409733,0.09116954474097327,27.080678470770856,27.08866596221924,27.290471946500794,7.660091171835021,9.792026376745238,0.0,0.09116954474097327,0.773733670593453,0.7797277699000227,
CSGS6,q2_2020,4,persistence_condition_cqr,combined_outage,ramp,728,0.9464285714285714,0.046428571428571375,28.317002647068314,29.664665460586548,29.797113496393788,13.352440499288674,14.381215246645093,0.0,0.046428571428571375,0.8090572184876661,0.8513460998969654,0.125
CSGS6,q2_2020,4,persistence_condition_cqr,irradiance_outage,non_ramp,5096,1.0,0.09999999999999998,13.252822412100615,13.813333511352539,13.252822412100615,2.464768185743732,3.2770207506595064,0.0,0.09999999999999998,0.3786520689171604,0.3786520689171604,
CSGS6,q2_2020,4,persistence_condition_cqr,irradiance_outage,ramp,728,0.5151098901098901,0.38489010989010997,16.23919285439303,17.117332458496094,43.273188207487856,9.400126402358433,9.74430507981929,0.38489010989010997,0.0,0.4639769386969437,1.2363768059282245,0.125
CSGS6,q2_2020,4,persistence_condition_cqr,recent_power_outage,non_ramp,5096,0.9911695447409733,0.09116954474097327,27.080678470770856,27.08866596221924,27.290471946500794,7.660091171835021,9.792026376745238,0.0,0.09116954474097327,0.773733670593453,0.7797277699000227,
CSGS6,q2_2020,4,persistence_condition_cqr,recent_power_outage,ramp,728,0.9464285714285714,0.046428571428571375,28.317002647068314,29.664665460586548,29.797113496393788,13.352440499288674,14.381215246645093,0.0,0.046428571428571375,0.8090572184876661,0.8513460998969654,0.125
CSGS6,q2_2020,4,persistence_condition_cqr,weather_outage,non_ramp,5096,1.0,0.09999999999999998,13.252822412100615,13.813333511352539,13.252822412100615,2.464768185743732,3.2770207506595064,0.0,0.09999999999999998,0.3786520689171604,0.3786520689171604,
CSGS6,q2_2020,4,persistence_condition_cqr,weather_outage,ramp,728,0.5151098901098901,0.38489010989010997,16.23919285439303,17.117332458496094,43.273188207487856,9.400126402358433,9.74430507981929,0.38489010989010997,0.0,0.4639769386969437,1.2363768059282245,0.125
CSGS6,q2_2020,4,robust_condition_cqr,clean,non_ramp,5096,0.896978021978022,0.0030219780219780112,5.244692331527486,4.284571290016174,7.19429798363962,1.2988311733794689,2.2954005019853247,0.0030219780219780112,0.0,0.14984835232935675,0.205551370961132,
CSGS6,q2_2020,4,robust_condition_cqr,clean,ramp,728,0.6881868131868132,0.21181318681318684,8.313711615596581,7.657874822616577,24.89868597838782,3.759363111067604,5.366896938576227,0.21181318681318684,0.0,0.23753461758847375,0.7113910279539377,0.125
CSGS6,q2_2020,4,robust_condition_cqr,combined_outage,non_ramp,5096,0.9111067503924647,0.01110675039246467,6.150362403002379,5.827360153198242,8.385090268302305,1.5621940077631247,2.6228842741293996,0.0,0.01110675039246467,0.17572464008578226,0.23957400766578013,
CSGS6,q2_2020,4,robust_condition_cqr,combined_outage,ramp,728,0.7733516483516484,0.12664835164835164,9.161085167009343,8.729685306549072,21.793296295279575,3.5721701029943977,5.156671496134451,0.12664835164835164,0.0,0.2617452904859812,0.6226656084365593,0.125
CSGS6,q2_2020,4,robust_condition_cqr,irradiance_outage,non_ramp,5096,0.8946232339089482,0.0053767660910518655,5.522222405766668,4.876202344894409,7.682182545879683,1.3941710902103057,2.4275654764171835,0.0053767660910518655,0.0,0.1577777830219048,0.21949092988227664,
CSGS6,q2_2020,4,robust_condition_cqr,irradiance_outage,ramp,728,0.728021978021978,0.17197802197802203,8.629369133735423,7.880087852478027,23.000830755579276,3.616148985901868,5.22693569107563,0.17197802197802203,0.0,0.2465534038210121,0.6571665930165508,0.125
CSGS6,q2_2020,4,robust_condition_cqr,recent_power_outage,non_ramp,5096,0.9048273155416012,0.004827315541601207,5.885839023869663,5.7317081689834595,7.7619423439453445,1.4361590438932736,2.4411087994028993,0.0,0.004827315541601207,0.16816682925341894,0.22176978125558128,
CSGS6,q2_2020,4,robust_condition_cqr,recent_power_outage,ramp,728,0.728021978021978,0.17197802197802203,8.937853748398414,8.504978656768799,22.21329772463171,3.614421928158173,5.2186718417078,0.17197802197802203,0.0,0.25536724995424037,0.6346656492751916,0.125
CSGS6,q2_2020,4,robust_condition_cqr,weather_outage,non_ramp,5096,0.9058084772370487,0.0058084772370486926,5.398788188407516,4.625050783157349,7.258673056298074,1.3432147161264942,2.329652944067048,0.0,0.0058084772370486926,0.1542510910973576,0.20739065875137352,
CSGS6,q2_2020,4,robust_condition_cqr,weather_outage,ramp,728,0.7101648351648352,0.18983516483516483,8.55143472407484,8.007305264472961,23.90198461566591,3.6941218678276617,5.258434512285704,0.18983516483516483,0.0,0.24432670640213827,0.6829138461618831,0.125
CSGS6,q2_2020,4,robust_local_cqr,clean,non_ramp,5096,0.9330847723704867,0.03308477237048668,6.358114148268242,5.00696861743927,7.240268390841868,1.2988311733794689,2.2954005019853247,0.0,0.03308477237048668,0.18166040423623547,0.2068648111669105,
CSGS6,q2_2020,4,robust_local_cqr,clean,ramp,728,0.7774725274725275,0.12252747252747254,10.331256229962621,9.310487449169159,22.497231583673877,3.759363111067604,5.366896938576227,0.12252747252747254,0.0,0.29517874942750344,0.642778045247825,0.125
CSGS6,q2_2020,4,robust_local_cqr,combined_outage,non_ramp,5096,0.9240580847723705,0.02405808477237048,6.82499849258434,6.138595104217529,8.0876609582086,1.5621940077631247,2.6228842741293996,0.0,0.02405808477237048,0.19499995693098116,0.23107602737738858,
CSGS6,q2_2020,4,robust_local_cqr,combined_outage,ramp,728,0.8296703296703297,0.0703296703296703,10.640139621874358,10.357093095779419,20.365359189109057,3.5721701029943977,5.156671496134451,0.0703296703296703,0.0,0.3040039891964102,0.5818674054031159,0.125
CSGS6,q2_2020,4,robust_local_cqr,irradiance_outage,non_ramp,5096,0.9375981161695447,0.03759811616954467,6.6683160995638575,5.535280227661133,7.693780460116437,1.3941710902103057,2.4275654764171835,0.0,0.03759811616954467,0.19052331713039594,0.2198222988604696,
CSGS6,q2_2020,4,robust_local_cqr,irradiance_outage,ramp,728,0.820054945054945,0.079945054945055,10.650554912819803,9.845279455184937,21.010841213309995,3.616148985901868,5.22693569107563,0.079945054945055,0.0,0.30430156893770866,0.6003097489517142,0.125
CSGS6,q2_2020,4,robust_local_cqr,recent_power_outage,non_ramp,5096,0.9428963893249608,0.04289638932496076,7.013902196260766,6.7709856033325195,7.795757034438513,1.4361590438932736,2.4411087994028993,0.0,0.04289638932496076,0.20039720560745045,0.22273591526967182,
CSGS6,q2_2020,4,robust_local_cqr,recent_power_outage,ramp,728,0.8228021978021978,0.07719780219780226,10.824047469452106,11.139857053756714,20.565643917185838,3.614421928158173,5.2186718417078,0.07719780219780226,0.0,0.30925849912720305,0.5875898262053096,0.125
CSGS6,q2_2020,4,robust_local_cqr,weather_outage,non_ramp,5096,0.935243328100471,0.03524332810047093,6.535535466858288,5.288943290710449,7.3846880100862675,1.3432147161264942,2.329652944067048,0.0,0.03524332810047093,0.18672958476737966,0.21099108600246477,
CSGS6,q2_2020,4,robust_local_cqr,weather_outage,ramp,728,0.8063186813186813,0.09368131868131868,10.641146723754131,10.193407535552979,21.51472637110523,3.6941218678276617,5.258434512285704,0.09368131868131868,0.0,0.3040327635358323,0.6147064677458637,0.125
CSGS6,q2_2020,4,robust_risk_mondrian,clean,non_ramp,5096,0.9134615384615384,0.013461538461538414,5.903019142404966,4.788704723119736,7.100939866604162,1.2988311733794689,2.2954005019853247,0.0,0.013461538461538414,0.16865768978299903,0.20288399618869035,
CSGS6,q2_2020,4,robust_risk_mondrian,clean,ramp,728,0.782967032967033,0.11703296703296706,10.15583014196798,9.558831930160522,23.069263449606517,3.759363111067604,5.366896938576227,0.11703296703296706,0.0,0.29016657548479946,0.6591218128459004,0.125
CSGS6,q2_2020,4,robust_risk_mondrian,combined_outage,non_ramp,5096,0.8736263736263736,0.02637362637362639,5.953770057734824,5.748560905456543,8.521545709877799,1.5621940077631247,2.6228842741293996,0.02637362637362639,0.0,0.17010771593528068,0.2434727345679371,
CSGS6,q2_2020,4,robust_risk_mondrian,combined_outage,ramp,728,0.7541208791208791,0.14587912087912092,9.17200298401128,8.55528473854065,21.552603671086725,3.5721701029943977,5.156671496134451,0.14587912087912092,0.0,0.262057228114608,0.6157886763167636,0.125
CSGS6,q2_2020,4,robust_risk_mondrian,irradiance_outage,non_ramp,5096,0.8944270015698587,0.005572998430141363,5.699833894664294,5.028004050254822,7.59420664100475,1.3941710902103057,2.4275654764171835,0.005572998430141363,0.0,0.1628523969904084,0.21697733260013571,
CSGS6,q2_2020,4,robust_risk_mondrian,irradiance_outage,ramp,728,0.7692307692307693,0.13076923076923075,9.373977562980624,8.568407535552979,22.599177019542676,3.616148985901868,5.22693569107563,0.13076923076923075,0.0,0.267827930370875,0.6456907719869336,0.125
CSGS6,q2_2020,4,robust_risk_mondrian,recent_power_outage,non_ramp,5096,0.8997252747252747,0.00027472527472527375,6.019090235146161,5.785424709320068,7.783575509055517,1.4361590438932736,2.4411087994028993,0.00027472527472527375,0.0,0.17197400671846172,0.22238787168730048,
CSGS6,q2_2020,4,robust_risk_mondrian,recent_power_outage,ramp,728,0.7733516483516484,0.12664835164835164,9.65999720761665,9.246835708618164,21.90621916573382,3.614421928158173,5.2186718417078,0.12664835164835164,0.0,0.27599992021761854,0.6258919761638234,0.125
CSGS6,q2_2020,4,robust_risk_mondrian,weather_outage,non_ramp,5096,0.9122841444270016,0.012284144427001542,5.882328124270103,4.963071942329407,7.21601871226528,1.3432147161264942,2.329652944067048,0.0,0.012284144427001542,0.16806651783628865,0.2061719632075794,
CSGS6,q2_2020,4,robust_risk_mondrian,weather_outage,ramp,728,0.7994505494505495,0.10054945054945053,10.213762818518411,9.416566729545593,22.491083454197415,3.6941218678276617,5.258434512285704,0.10054945054945053,0.0,0.29182179481481174,0.6426023844056404,0.125
CSGS6,q2_2020,4,robust_rolling_cqr,clean,non_ramp,5096,0.9203296703296703,0.020329670329670257,5.631748683980832,4.671159148216248,7.145682495533273,1.2988311733794689,2.2954005019853247,0.0,0.020329670329670257,0.1609071052565952,0.20416235701523636,
CSGS6,q2_2020,4,robust_rolling_cqr,clean,ramp,728,0.717032967032967,0.18296703296703298,8.633446803608951,8.039016723632812,24.18681821127369,3.759363111067604,5.366896938576227,0.18296703296703298,0.0,0.24666990867454147,0.6910519488935339,0.125
CSGS6,q2_2020,4,robust_rolling_cqr,combined_outage,non_ramp,5096,0.9120879120879121,0.012087912087912045,6.17672224815523,5.6326000690460205,8.308979737267013,1.5621940077631247,2.6228842741293996,0.0,0.012087912087912045,0.17647777851872087,0.2373994210647718,
CSGS6,q2_2020,4,robust_rolling_cqr,combined_outage,ramp,728,0.7664835164835165,0.1335164835164835,9.019993694898274,8.630592703819275,21.95392849170449,3.5721701029943977,5.156671496134451,0.1335164835164835,0.0,0.2577141055685221,0.6272550997629854,0.125
CSGS6,q2_2020,4,robust_rolling_cqr,irradiance_outage,non_ramp,5096,0.9154238618524333,0.015423861852433274,5.898766670773735,5.208837509155273,7.630517632588067,1.3941710902103057,2.4275654764171835,0.0,0.015423861852433274,0.1685361905935353,0.21801478950251618,
CSGS6,q2_2020,4,robust_rolling_cqr,irradiance_outage,ramp,728,0.7403846153846154,0.1596153846153846,8.938921929766925,8.364081382751465,22.420071197950005,3.616148985901868,5.22693569107563,0.1596153846153846,0.0,0.25539776942191217,0.6405734627985715,0.125
CSGS6,q2_2020,4,robust_rolling_cqr,recent_power_outage,non_ramp,5096,0.917386185243328,0.017386185243328023,6.143290409849784,5.948856592178345,7.701263811265687,1.4361590438932736,2.4411087994028993,0.0,0.017386185243328023,0.17552258313856525,0.22003610889330533,
CSGS6,q2_2020,4,robust_rolling_cqr,recent_power_outage,ramp,728,0.7445054945054945,0.1554945054945055,9.121065240317526,8.764816880226135,22.005428776477597,3.614421928158173,5.2186718417078,0.1554945054945055,0.0,0.26060186400907215,0.6287265364707885,0.125
CSGS6,q2_2020,4,robust_rolling_cqr,weather_outage,non_ramp,5096,0.918171114599686,0.01817111459968601,5.6663101860560525,4.851449012756348,7.210270853647725,1.3432147161264942,2.329652944067048,0.0,0.01817111459968601,0.16189457674445865,0.20600773867564928,
CSGS6,q2_2020,4,robust_rolling_cqr,weather_outage,ramp,728,0.7362637362637363,0.1637362637362637,8.737206279643802,8.069951057434082,23.529560857325322,3.6941218678276617,5.258434512285704,0.1637362637362637,0.0,0.24963446513268006,0.672273167352152,0.125
CSGS6,q3_2020,1,clean_condition_cqr,clean,non_ramp,5291,0.9406539406539407,0.04065394065394068,3.5605695515848463,3.0357046127319336,4.258306674801471,0.7294361345007785,1.2067566726084764,0.0,0.04065394065394068,0.10173055861670989,0.12166590499432774,
CSGS6,q3_2020,1,clean_condition_cqr,clean,ramp,597,0.36683417085427134,0.5331658291457286,7.9104229443436695,7.975475311279297,37.61019416290711,5.120444958034272,5.671825975988329,0.5331658291457286,0.0,0.22601208412410484,1.0745769760830604,0.10139266304347826
CSGS6,q3_2020,1,clean_condition_cqr,combined_outage,non_ramp,5291,0.955962955962956,0.055962955962955974,22.161189892007688,23.04765510559082,23.416527000272957,5.832047644615272,7.202478405683573,0.0,0.055962955962955974,0.6331768540573625,0.6690436285792274,
CSGS6,q3_2020,1,clean_condition_cqr,combined_outage,ramp,597,0.8961474036850922,0.0038525963149078635,23.404211434087962,23.45048713684082,27.447704145856438,8.365197752887878,10.015166859178773,0.0038525963149078635,0.0,0.6686917552596561,0.7842201184530411,0.10139266304347826
CSGS6,q3_2020,1,clean_condition_cqr,irradiance_outage,non_ramp,5291,0.9366849366849367,0.036684936684936664,6.8463712151943765,5.636970520019531,7.534489749309492,1.532598634827192,1.9575570961781505,0.0,0.036684936684936664,0.19561060614841075,0.21527113569455691,
CSGS6,q3_2020,1,clean_condition_cqr,irradiance_outage,ramp,597,0.5728643216080402,0.3271356783919598,10.194888134697575,10.163090705871582,31.992611491500433,4.694894462873788,5.413210676343103,0.3271356783919598,0.0,0.2912825181342164,0.9140746140428695,0.10139266304347826
CSGS6,q3_2020,1,clean_condition_cqr,recent_power_outage,non_ramp,5291,0.9608769608769608,0.06087696087696082,16.95431655513,16.085548400878906,18.486754636067396,4.703801508024007,6.216472441809451,0.0,0.06087696087696082,0.4844090444322857,0.5281929896019256,
CSGS6,q3_2020,1,clean_condition_cqr,recent_power_outage,ramp,597,0.8023450586264657,0.09765494137353437,20.095975721028232,19.500713348388672,30.960572766824434,7.54323924256729,9.145129584353446,0.09765494137353437,0.0,0.5741707348865209,0.884587793337841,0.10139266304347826
CSGS6,q3_2020,1,clean_condition_cqr,weather_outage,non_ramp,5291,0.9417879417879418,0.04178794178794176,3.655627373957215,3.256884813308716,4.310226004878317,0.7425456584666148,1.2208275875528614,0.0,0.04178794178794176,0.10444649639877757,0.12314931442509479,
CSGS6,q3_2020,1,clean_condition_cqr,weather_outage,ramp,597,0.3869346733668342,0.5130653266331658,7.989753199582124,8.049581527709961,37.032414148001614,5.128493664552219,5.695864834741057,0.5130653266331658,0.0,0.22827866284520354,1.058068975657189,0.10139266304347826
CSGS6,q3_2020,1,lgbm_condition_cqr,clean,non_ramp,5291,0.9393309393309394,0.03933093933093934,4.441102795990023,3.658905506134033,4.861113177930993,0.7127089369288795,1.1710691338610084,0.0,0.03933093933093934,0.12688865131400065,0.13888894794088552,
CSGS6,q3_2020,1,lgbm_condition_cqr,clean,ramp,597,0.5628140703517588,0.33718592964824123,9.797540330607289,9.79246711730957,26.627459524664246,5.2684625322295595,5.8381844033068475,0.33718592964824123,0.0,0.2799297237316368,0.76078455784755,0.10139266304347826
CSGS6,q3_2020,1,lgbm_condition_cqr,combined_outage,non_ramp,5291,0.9540729540729541,0.054072954072954094,20.8626665851836,20.483009338378906,22.2059563370198,6.326130126529107,7.625146708305224,0.0,0.054072954072954094,0.5960761881481028,0.6344558953434228,
CSGS6,q3_2020,1,lgbm_condition_cqr,combined_outage,ramp,597,0.9045226130653267,0.004522613065326642,23.20565832959148,23.658803939819336,26.580242725672633,8.673681562370192,10.332955402976603,0.0,0.004522613065326642,0.6630188094168994,0.7594355064477896,0.10139266304347826
CSGS6,q3_2020,1,lgbm_condition_cqr,irradiance_outage,non_ramp,5291,0.8998298998298998,0.00017010017010021805,5.917401603006015,4.744572639465332,6.408446696610694,1.5134958809512196,1.9083699942166688,0.00017010017010021805,0.0,0.16906861722874328,0.18309847704601984,
CSGS6,q3_2020,1,lgbm_condition_cqr,irradiance_outage,ramp,597,0.6850921273031826,0.21490787269681744,11.433427033711917,11.320880889892578,22.43259149719922,4.898049632608392,5.823584772553018,0.21490787269681744,0.0,0.32666934382034046,0.6409311856342634,0.10139266304347826
CSGS6,q3_2020,1,lgbm_condition_cqr,recent_power_outage,non_ramp,5291,0.9563409563409564,0.05634095634095637,19.843481303568126,19.340831756591797,20.71511841036606,5.808649311366961,7.108034475230697,0.0,0.05634095634095637,0.566956608673375,0.5918605260104588,
CSGS6,q3_2020,1,lgbm_condition_cqr,recent_power_outage,ramp,597,0.9028475711892797,0.002847571189279696,23.05473857988265,23.407943725585938,26.306363589799584,8.206655230454265,9.83526077636724,0.0,0.002847571189279696,0.6587068165680757,0.7516103882799882,0.10139266304347826
CSGS6,q3_2020,1,lgbm_condition_cqr,weather_outage,non_ramp,5291,0.9298809298809299,0.02988092988092983,4.418036139368458,3.684709668159485,4.897709062168957,0.7185044577135864,1.1728430527746516,0.0,0.02988092988092983,0.12622960398195593,0.13993454463339877,
CSGS6,q3_2020,1,lgbm_condition_cqr,weather_outage,ramp,597,0.5544388609715243,0.34556113902847574,9.666469824773383,9.729520320892334,27.11105907262869,5.257883981743849,5.826866585582186,0.34556113902847574,0.0,0.2761848521363824,0.7746016877893912,0.10139266304347826
CSGS6,q3_2020,1,oracle_ramp_mondrian,clean,non_ramp,5291,0.893970893970894,0.006029106029106002,4.062378731390617,3.1231188774108887,4.832702279903235,0.8176500313102686,1.3712590297971938,0.006029106029106002,0.0,0.11606796375401764,0.1380772079972353,
CSGS6,q3_2020,1,oracle_ramp_mondrian,clean,ramp,597,0.8927973199329984,0.007202680067001643,15.861904809834869,15.955636024475098,19.048270081967065,4.847129313490498,5.505867835971953,0.007202680067001643,0.0,0.45319728028099626,0.5442362880562018,0.10139266304347826
CSGS6,q3_2020,1,oracle_ramp_mondrian,combined_outage,non_ramp,5291,0.8586278586278586,0.0413721413721414,5.257066683141126,4.808184862136841,9.34473905812779,1.6069697047224736,2.7300614260949683,0.0413721413721414,0.0,0.1502019052326036,0.26699254451793686,
CSGS6,q3_2020,1,oracle_ramp_mondrian,combined_outage,ramp,597,0.8860971524288107,0.013902847571189314,15.610810650004014,15.70188045501709,19.589057334054456,4.414752239358285,5.3020879695642495,0.013902847571189314,0.0,0.4460231614286861,0.5596873524015559,0.10139266304347826
CSGS6,q3_2020,1,oracle_ramp_mondrian,irradiance_outage,non_ramp,5291,0.8928368928368928,0.007163107163107196,4.494926634917212,3.7672044038772583,5.278721093633906,0.9443839700546015,1.6012905371134298,0.007163107163107196,0.0,0.1284264752833489,0.15082060267525446,
CSGS6,q3_2020,1,oracle_ramp_mondrian,irradiance_outage,ramp,597,0.8961474036850922,0.0038525963149078635,15.822055776346119,15.690820693969727,19.06290520897987,4.625835140745844,5.349740110655706,0.0038525963149078635,0.0,0.452058736467032,0.544654434542282,0.10139266304347826
CSGS6,q3_2020,1,oracle_ramp_mondrian,recent_power_outage,non_ramp,5291,0.883008883008883,0.016991116991116995,4.839597577364338,4.108204364776611,6.373029788641455,1.0932854549056823,1.8511390852753655,0.016991116991116995,0.0,0.13827421649612395,0.18208656538975587,
CSGS6,q3_2020,1,oracle_ramp_mondrian,recent_power_outage,ramp,597,0.8860971524288107,0.013902847571189314,15.90667185241628,16.093786239624023,19.717670179585266,4.823237108924681,5.621609947242709,0.013902847571189314,0.0,0.4544763386404651,0.5633620051310076,0.10139266304347826
CSGS6,q3_2020,1,oracle_ramp_mondrian,weather_outage,non_ramp,5291,0.8943488943488943,0.0056511056511057145,4.1441845815273535,3.315389633178711,4.90863824032045,0.8391997668827077,1.4012971547055986,0.0056511056511057145,0.0,0.11840527375792438,0.14024680686629856,
CSGS6,q3_2020,1,oracle_ramp_mondrian,weather_outage,ramp,597,0.9045226130653267,0.004522613065326642,15.853143769018414,15.985555648803711,18.748265131758885,4.7536718822404165,5.4111491931861275,0.0,0.004522613065326642,0.4529469648290976,0.5356647180502538,0.10139266304347826
CSGS6,q3_2020,1,persistence_condition_cqr,clean,non_ramp,5291,0.9795879795879796,0.07958797958797958,4.957630792780864,6.1526665687561035,5.037053759116653,0.782776287291287,1.181646282820419,0.0,0.07958797958797958,0.14164659407945326,0.14391582168904724,
CSGS6,q3_2020,1,persistence_condition_cqr,clean,ramp,597,0.0,0.9,6.240087537609752,6.246666431427002,60.318002730458225,5.827229047041243,6.253527853940031,0.9,0.0,0.17828821536027864,1.7233715065845208,0.10139266304347826
CSGS6,q3_2020,1,persistence_condition_cqr,combined_outage,non_ramp,5291,0.9366849366849367,0.036684936684936664,19.34540074860631,17.461999893188477,22.454350956375574,4.93747893914417,6.995261748757067,0.0,0.036684936684936664,0.5527257356744659,0.6415528844678735,
CSGS6,q3_2020,1,persistence_condition_cqr,combined_outage,ramp,597,0.830820770519263,0.06917922948073707,23.59267442506212,24.597999572753906,32.6945412062745,8.315203182861033,9.92298423934555,0.06917922948073707,0.0,0.674076412144632,0.9341297487507,0.10139266304347826
CSGS6,q3_2020,1,persistence_condition_cqr,irradiance_outage,non_ramp,5291,0.9795879795879796,0.07958797958797958,4.957630792780864,6.1526665687561035,5.037053759116653,0.782776287291287,1.181646282820419,0.0,0.07958797958797958,0.14164659407945326,0.14391582168904724,
CSGS6,q3_2020,1,persistence_condition_cqr,irradiance_outage,ramp,597,0.0,0.9,6.240087537609752,6.246666431427002,60.318002730458225,5.827229047041243,6.253527853940031,0.9,0.0,0.17828821536027864,1.7233715065845208,0.10139266304347826
CSGS6,q3_2020,1,persistence_condition_cqr,recent_power_outage,non_ramp,5291,0.9366849366849367,0.036684936684936664,19.34540074860631,17.461999893188477,22.454350956375574,4.93747893914417,6.995261748757067,0.0,0.036684936684936664,0.5527257356744659,0.6415528844678735,
CSGS6,q3_2020,1,persistence_condition_cqr,recent_power_outage,ramp,597,0.830820770519263,0.06917922948073707,23.59267442506212,24.597999572753906,32.6945412062745,8.315203182861033,9.92298423934555,0.06917922948073707,0.0,0.674076412144632,0.9341297487507,0.10139266304347826
CSGS6,q3_2020,1,persistence_condition_cqr,weather_outage,non_ramp,5291,0.9795879795879796,0.07958797958797958,4.957630792780864,6.1526665687561035,5.037053759116653,0.782776287291287,1.181646282820419,0.0,0.07958797958797958,0.14164659407945326,0.14391582168904724,
CSGS6,q3_2020,1,persistence_condition_cqr,weather_outage,ramp,597,0.0,0.9,6.240087537609752,6.246666431427002,60.318002730458225,5.827229047041243,6.253527853940031,0.9,0.0,0.17828821536027864,1.7233715065845208,0.10139266304347826
CSGS6,q3_2020,1,robust_condition_cqr,clean,non_ramp,5291,0.9234549234549234,0.023454923454923393,4.116677452639271,3.186891794204712,4.832151271079213,0.8176500313102686,1.3712590297971938,0.0,0.023454923454923393,0.11761935578969346,0.13806146488797752,
CSGS6,q3_2020,1,robust_condition_cqr,clean,ramp,597,0.525963149078727,0.37403685092127303,9.553582517870108,9.645120620727539,29.117227262912483,4.847129313490498,5.505867835971953,0.37403685092127303,0.0,0.2729595005105745,0.8319207789403567,0.10139266304347826
CSGS6,q3_2020,1,robust_condition_cqr,combined_outage,non_ramp,5291,0.8831978831978832,0.01680211680211685,5.722044544839743,5.334261894226074,9.084632012960666,1.6069697047224736,2.7300614260949683,0.01680211680211685,0.0,0.16348698699542122,0.25956091465601905,
CSGS6,q3_2020,1,robust_condition_cqr,combined_outage,ramp,597,0.6465661641541038,0.2534338358458962,10.530324331904376,10.549692153930664,25.454059206485947,4.414752239358285,5.3020879695642495,0.2534338358458962,0.0,0.30086640948298216,0.727258834471027,0.10139266304347826
CSGS6,q3_2020,1,robust_condition_cqr,irradiance_outage,non_ramp,5291,0.9185409185409186,0.01854091854091855,4.529349492010883,3.8075547218322754,5.276560558551478,0.9443839700546015,1.6012905371134298,0.0,0.01854091854091855,0.12940998548602525,0.1507588731014708,
CSGS6,q3_2020,1,robust_condition_cqr,irradiance_outage,ramp,597,0.542713567839196,0.357286432160804,9.859636151011864,9.692143440246582,27.92430848891611,4.625835140745844,5.349740110655706,0.357286432160804,0.0,0.2817038900289104,0.7978373853976032,0.10139266304347826
CSGS6,q3_2020,1,robust_condition_cqr,recent_power_outage,non_ramp,5291,0.883008883008883,0.016991116991116995,4.839597577364338,4.108204364776611,6.373029788641455,1.0932854549056823,1.8511390852753655,0.016991116991116995,0.0,0.13827421649612395,0.18208656538975587,
CSGS6,q3_2020,1,robust_condition_cqr,recent_power_outage,ramp,597,0.5644891122278057,0.3355108877721943,10.235892843636037,10.41879940032959,28.334703015996585,4.823237108924681,5.621609947242709,0.3355108877721943,0.0,0.29245408124674394,0.8095629433141881,0.10139266304347826
CSGS6,q3_2020,1,robust_condition_cqr,weather_outage,non_ramp,5291,0.9132489132489132,0.013248913248913197,4.1695671488724875,3.3406753540039062,4.907201223495075,0.8391997668827077,1.4012971547055986,0.0,0.013248913248913197,0.11913048996778536,0.14020574924271642,
CSGS6,q3_2020,1,robust_condition_cqr,weather_outage,ramp,597,0.5025125628140703,0.3974874371859297,9.497540020238814,9.611063003540039,28.72982940998808,4.7536718822404165,5.4111491931861275,0.3974874371859297,0.0,0.27135828629253755,0.8208522688568023,0.10139266304347826
CSGS6,q3_2020,1,robust_local_cqr,clean,non_ramp,5291,0.9415989415989416,0.04159894159894162,4.766878212263001,3.2496566772460938,5.195222917351615,0.8176500313102686,1.3712590297971938,0.0,0.04159894159894162,0.13619652035037147,0.14843494049576045,
CSGS6,q3_2020,1,robust_local_cqr,clean,ramp,597,0.6884422110552764,0.21155778894472366,11.661057447468615,11.998257637023926,24.10144589574293,4.847129313490498,5.505867835971953,0.21155778894472366,0.0,0.3331730699276747,0.6886127398783695,0.10139266304347826
CSGS6,q3_2020,1,robust_local_cqr,combined_outage,non_ramp,5291,0.8877338877338877,0.012266112266112295,6.245539526249708,4.856736898422241,8.130930010050664,1.6069697047224736,2.7300614260949683,0.012266112266112295,0.0,0.17844398646427737,0.23231228600144754,
CSGS6,q3_2020,1,robust_local_cqr,combined_outage,ramp,597,0.7554438860971524,0.14455611390284762,13.010603695259222,13.264583587646484,22.156334249418187,4.414752239358285,5.3020879695642495,0.14455611390284762,0.0,0.3717315341502635,0.6330381214119482,0.10139266304347826
CSGS6,q3_2020,1,robust_local_cqr,irradiance_outage,non_ramp,5291,0.9468909468909469,0.04689094689094686,5.169027120833395,3.94378662109375,5.576566809504305,0.9443839700546015,1.6012905371134298,0.0,0.04689094689094686,0.1476864891666684,0.15933048027155158,
CSGS6,q3_2020,1,robust_local_cqr,irradiance_outage,ramp,597,0.6984924623115578,0.2015075376884422,11.916483869404848,12.090614318847656,22.87779708713343,4.625835140745844,5.349740110655706,0.2015075376884422,0.0,0.34047096769728136,0.6536513453466695,0.10139266304347826
CSGS6,q3_2020,1,robust_local_cqr,recent_power_outage,non_ramp,5291,0.9151389151389151,0.015138915138915077,5.424725012894536,4.449069261550903,6.3438887070470145,1.0932854549056823,1.8511390852753655,0.0,0.015138915138915077,0.15499214322555815,0.18125396305848612,
CSGS6,q3_2020,1,robust_local_cqr,recent_power_outage,ramp,597,0.6716917922948074,0.22830820770519267,11.804788488738701,12.106280326843262,24.55660549110703,4.823237108924681,5.621609947242709,0.22830820770519267,0.0,0.33727967110682006,0.7016172997459152,0.10139266304347826
CSGS6,q3_2020,1,robust_local_cqr,weather_outage,non_ramp,5291,0.9484029484029484,0.04840294840294834,4.861267207212675,3.468721866607666,5.269232385180446,0.8391997668827077,1.4012971547055986,0.0,0.04840294840294834,0.138893348777505,0.15054949671944132,
CSGS6,q3_2020,1,robust_local_cqr,weather_outage,ramp,597,0.6834170854271356,0.21658291457286438,11.646624051645972,11.998385429382324,23.37967110129457,4.7536718822404165,5.4111491931861275,0.21658291457286438,0.0,0.33276068718988494,0.6679906028941306,0.10139266304347826
CSGS6,q3_2020,1,robust_risk_mondrian,clean,non_ramp,5291,0.927045927045927,0.02704592704592701,4.574652713314205,3.234787702560425,5.061400251470216,0.8176500313102686,1.3712590297971938,0.0,0.02704592704592701,0.13070436323754872,0.1446114357562919,
CSGS6,q3_2020,1,robust_risk_mondrian,clean,ramp,597,0.6365159128978225,0.2634840871021775,10.896646917764865,11.10831069946289,25.25252511073996,4.847129313490498,5.505867835971953,0.2634840871021775,0.0,0.31133276907899615,0.7215007174497131,0.10139266304347826
CSGS6,q3_2020,1,robust_risk_mondrian,combined_outage,non_ramp,5291,0.9037989037989038,0.0037989037989037966,6.003921644031081,5.831258058547974,8.67666363935,1.6069697047224736,2.7300614260949683,0.0,0.0037989037989037966,0.17154061840088802,0.24790467541,
CSGS6,q3_2020,1,robust_risk_mondrian,combined_outage,ramp,597,0.7185929648241206,0.18140703517587942,11.615433526298709,11.763856887817383,23.199724371409296,4.414752239358285,5.3020879695642495,0.18140703517587942,0.0,0.33186952932282027,0.6628492677545513,0.10139266304347826
CSGS6,q3_2020,1,robust_risk_mondrian,irradiance_outage,non_ramp,5291,0.9128709128709128,0.012870912870912798,4.854963668922463,3.7857415676116943,5.414877412272209,0.9443839700546015,1.6012905371134298,0.0,0.012870912870912798,0.13871324768349894,0.1547107832077774,
CSGS6,q3_2020,1,robust_risk_mondrian,irradiance_outage,ramp,597,0.6298157453936348,0.2701842546063652,11.071142581839059,11.098686218261719,24.563938453768564,4.625835140745844,5.349740110655706,0.2701842546063652,0.0,0.316318359481116,0.7018268129648161,0.10139266304347826
CSGS6,q3_2020,1,robust_risk_mondrian,recent_power_outage,non_ramp,5291,0.9007749007749007,0.000774900774900722,5.245018874062898,4.465462684631348,6.322515967216084,1.0932854549056823,1.8511390852753655,0.0,0.000774900774900722,0.14985768211608277,0.18064331334903097,
CSGS6,q3_2020,1,robust_risk_mondrian,recent_power_outage,ramp,597,0.6499162479061976,0.2500837520938024,11.208756499953406,11.460734367370605,25.726552857026782,4.823237108924681,5.621609947242709,0.2500837520938024,0.0,0.32025018571295444,0.7350443673436223,0.10139266304347826
CSGS6,q3_2020,1,robust_risk_mondrian,weather_outage,non_ramp,5291,0.9330939330939331,0.03309393309393305,4.607693321589133,3.4497814178466797,5.084315250043819,0.8391997668827077,1.4012971547055986,0.0,0.03309393309393305,0.13164838061683237,0.14526615000125195,
CSGS6,q3_2020,1,robust_risk_mondrian,weather_outage,ramp,597,0.6231155778894473,0.27688442211055275,10.730358666810558,10.925689697265625,24.89370264310134,4.7536718822404165,5.4111491931861275,0.27688442211055275,0.0,0.30658167619458737,0.7112486469457525,0.10139266304347826
CSGS6,q3_2020,1,robust_rolling_cqr,clean,non_ramp,5291,0.9366849366849367,0.036684936684936664,4.265301738297615,3.303633451461792,4.880020438828078,0.8176500313102686,1.3712590297971938,0.0,0.036684936684936664,0.12186576395136044,0.13942915539508793,
CSGS6,q3_2020,1,robust_rolling_cqr,clean,ramp,597,0.5460636515912898,0.35393634840871024,9.766952035602314,9.93482494354248,28.373065802108,4.847129313490498,5.505867835971953,0.35393634840871024,0.0,0.2790557724457804,0.8106590229173715,0.10139266304347826
CSGS6,q3_2020,1,robust_rolling_cqr,combined_outage,non_ramp,5291,0.9223209223209223,0.02232092232092231,6.505447027209581,6.327850341796875,8.951640868202158,1.6069697047224736,2.7300614260949683,0.0,0.02232092232092231,0.18586991506313089,0.2557611676629188,
CSGS6,q3_2020,1,robust_rolling_cqr,combined_outage,ramp,597,0.7085427135678392,0.19145728643216087,11.412367742290249,11.473356246948242,23.681524739817558,4.414752239358285,5.3020879695642495,0.19145728643216087,0.0,0.3260676497797214,0.6766149925662159,0.10139266304347826
CSGS6,q3_2020,1,robust_rolling_cqr,irradiance_outage,non_ramp,5291,0.9393309393309394,0.03933093933093934,4.655077465637869,3.907163381576538,5.318713963836579,0.9443839700546015,1.6012905371134298,0.0,0.03933093933093934,0.1330022133039391,0.15196325610961656,
CSGS6,q3_2020,1,robust_rolling_cqr,irradiance_outage,ramp,597,0.5577889447236181,0.34221105527638196,10.035443951736143,9.897233963012695,27.334951540533222,4.625835140745844,5.349740110655706,0.34221105527638196,0.0,0.28672697004960407,0.7809986154438063,0.10139266304347826
CSGS6,q3_2020,1,robust_rolling_cqr,recent_power_outage,non_ramp,5291,0.9276129276129276,0.02761292761292755,5.336521231772962,4.580582857131958,6.334730974691496,1.0932854549056823,1.8511390852753655,0.0,0.02761292761292755,0.1524720351935132,0.18099231356261417,
CSGS6,q3_2020,1,robust_rolling_cqr,recent_power_outage,ramp,597,0.6147403685092128,0.28525963149078726,10.845432846390421,10.939375877380371,26.682532264758994,4.823237108924681,5.621609947242709,0.28525963149078726,0.0,0.3098695098968692,0.7623580647073999,0.10139266304347826
CSGS6,q3_2020,1,robust_rolling_cqr,weather_outage,non_ramp,5291,0.938952938952939,0.03895293895293894,4.351026589164169,3.477628767490387,4.958445572067807,0.8391997668827077,1.4012971547055986,0.0,0.03895293895293894,0.12431504540469054,0.14166987348765162,
CSGS6,q3_2020,1,robust_rolling_cqr,weather_outage,ramp,597,0.5276381909547738,0.3723618090452262,9.753659706818599,9.831258773803711,27.738714784034332,4.7536718822404165,5.4111491931861275,0.3723618090452262,0.0,0.2786759916233885,0.7925347081152666,0.10139266304347826
CSGS6,q3_2020,4,clean_condition_cqr,clean,non_ramp,5172,0.8851508120649652,0.014849187935034869,5.941636608233945,5.802380412817001,8.068457576041808,1.5287670975424386,2.446065965755854,0.014849187935034869,0.0,0.16976104594954128,0.23052735931548024,
CSGS6,q3_2020,4,clean_condition_cqr,clean,ramp,716,0.5251396648044693,0.37486033519553075,10.230320744658691,10.279862880706787,33.24896888270995,5.402795531573658,6.545214308866807,0.37486033519553075,0.0,0.29229487841881974,0.9499705395059986,0.12160326086956522
CSGS6,q3_2020,4,clean_condition_cqr,combined_outage,non_ramp,5172,0.9340680587780356,0.03406805877803554,16.647253874831325,17.67902183532715,18.450895788758935,4.039202066673465,5.84088904836569,0.0,0.03406805877803554,0.4756358249951807,0.5271684511073982,
CSGS6,q3_2020,4,clean_condition_cqr,combined_outage,ramp,716,0.861731843575419,0.038268156424581035,19.031071758986446,20.810456663370132,25.27982740047617,5.363696630659133,7.016411470437883,0.038268156424581035,0.0,0.5437449073996128,0.7222807828707477,0.12160326086956522
CSGS6,q3_2020,4,clean_condition_cqr,irradiance_outage,non_ramp,5172,0.8863109048723898,0.013689095127610185,8.728608115004699,8.568922281265259,10.584873163222376,1.9740893554035275,2.924504080821959,0.013689095127610185,0.0,0.24938880328584853,0.3024249475206393,
CSGS6,q3_2020,4,clean_condition_cqr,irradiance_outage,ramp,716,0.6941340782122905,0.20586592178770957,12.286581550836667,12.712873697280884,25.423906768898494,5.04145697101576,6.121181454390888,0.20586592178770957,0.0,0.3510451871667619,0.7263973362542426,0.12160326086956522
CSGS6,q3_2020,4,clean_condition_cqr,recent_power_outage,non_ramp,5172,0.8930781129156999,0.006921887084300082,11.683580681555561,12.05756664276123,14.83109278658119,3.0023827945251447,4.569082911668268,0.006921887084300082,0.0,0.3338165909015875,0.42374550818803397,
CSGS6,q3_2020,4,clean_condition_cqr,recent_power_outage,ramp,716,0.7430167597765364,0.15698324022346366,13.912544070633762,13.603040218353271,27.552679603950605,5.0263419176384225,6.409761649163962,0.15698324022346366,0.0,0.3975012591609646,0.7872194172557315,0.12160326086956522
CSGS6,q3_2020,4,clean_condition_cqr,weather_outage,non_ramp,5172,0.8791569992266048,0.02084300077339518,6.570984571685705,6.400003910064697,8.881909420010519,1.7617286690413319,2.7392370834321307,0.02084300077339518,0.0,0.18774241633387728,0.2537688405717291,
CSGS6,q3_2020,4,clean_condition_cqr,weather_outage,ramp,716,0.6103351955307262,0.2896648044692738,10.649598866003934,10.971225142478943,29.66635434214005,5.199168652972446,6.416692051418891,0.2896648044692738,0.0,0.3042742533143981,0.8476101240611443,0.12160326086956522
CSGS6,q3_2020,4,lgbm_condition_cqr,clean,non_ramp,5172,0.9215003866976025,0.021500386697602458,8.042105914612032,7.292681157588959,9.096941316081429,1.4950781611840929,2.3929685097569804,0.0,0.021500386697602458,0.2297744547032009,0.25991260903089797,
CSGS6,q3_2020,4,lgbm_condition_cqr,clean,ramp,716,0.7276536312849162,0.1723463687150838,12.564497395049177,13.290508508682251,21.1742333863763,5.7742592362822265,6.917156903054722,0.1723463687150838,0.0,0.3589856398585479,0.6049780967536086,0.12160326086956522
CSGS6,q3_2020,4,lgbm_condition_cqr,combined_outage,non_ramp,5172,0.8128383604021655,0.08716163959783452,13.57466322432385,12.512798309326172,20.192431838348078,4.68810348634002,6.371227425179553,0.08716163959783452,0.0,0.38784752069496714,0.5769266239528023,
CSGS6,q3_2020,4,lgbm_condition_cqr,combined_outage,ramp,716,0.9567039106145251,0.056703910614525066,18.488975820464585,20.311597108840942,19.335593608374495,5.597438186500741,7.431932166598368,0.0,0.056703910614525066,0.5282564520132739,0.5524455316678427,0.12160326086956522
CSGS6,q3_2020,4,lgbm_condition_cqr,irradiance_outage,non_ramp,5172,0.861368909512761,0.038631090487239006,9.13483281060585,8.573457479476929,10.930541859981831,2.4652239402851968,3.3149560755817546,0.038631090487239006,0.0,0.26099522316016716,0.3123011959994809,
CSGS6,q3_2020,4,lgbm_condition_cqr,irradiance_outage,ramp,716,0.8072625698324022,0.09273743016759783,13.35426715841548,14.134964346885681,19.20251020244921,5.086378550323444,6.271737483164294,0.09273743016759783,0.0,0.3815504902404423,0.5486431486414061,0.12160326086956522
CSGS6,q3_2020,4,lgbm_condition_cqr,recent_power_outage,non_ramp,5172,0.8321732405259087,0.06782675947409134,11.802814573799717,10.678260803222656,15.639614128260977,3.3950486412645144,5.077726161981917,0.06782675947409134,0.0,0.33722327353713477,0.44684611795031365,
CSGS6,q3_2020,4,lgbm_condition_cqr,recent_power_outage,ramp,716,0.9078212290502793,0.007821229050279266,17.09310178464739,18.6892409324646,19.26599480400926,5.535996734149046,7.210414084824771,0.0,0.007821229050279266,0.4883743367042112,0.5504569944002645,0.12160326086956522
CSGS6,q3_2020,4,lgbm_condition_cqr,weather_outage,non_ramp,5172,0.9093194122196442,0.009319412219644163,8.070879799226802,7.297554612159729,9.352996441134119,1.732724133063572,2.675159745505784,0.0,0.009319412219644163,0.23059656569219433,0.2672284697466891,
CSGS6,q3_2020,4,lgbm_condition_cqr,weather_outage,ramp,716,0.7416201117318436,0.1583798882681564,12.526811063544585,13.34427809715271,20.753774735811245,5.418358673107441,6.632733574920825,0.1583798882681564,0.0,0.3579088875298453,0.5929649924517498,0.12160326086956522
CSGS6,q3_2020,4,oracle_ramp_mondrian,clean,non_ramp,5172,0.8397138437741686,0.060286156225831444,6.048584596038773,5.497909665107727,9.01820865735232,1.6649735167235573,2.7095202882893004,0.060286156225831444,0.0,0.17281670274396493,0.25766310449578056,
CSGS6,q3_2020,4,oracle_ramp_mondrian,clean,ramp,716,0.9064245810055865,0.006424581005586516,16.93903008169838,17.232688307762146,20.12368819084117,4.89050854810165,6.1113179969141385,0.0,0.006424581005586516,0.48397228804852516,0.5749625197383192,0.12160326086956522
CSGS6,q3_2020,4,oracle_ramp_mondrian,combined_outage,non_ramp,5172,0.8368136117556071,0.06318638824439293,6.486469614129529,6.6258150935173035,10.484420108292518,1.933231222645417,3.041490372956891,0.06318638824439293,0.0,0.1853277032608437,0.29955486023692907,
CSGS6,q3_2020,4,oracle_ramp_mondrian,combined_outage,ramp,716,0.8798882681564246,0.020111731843575398,15.635956481283833,15.60429573059082,20.11938262795093,4.750027503225141,5.969968906226277,0.020111731843575398,0.0,0.44674161375096666,0.5748395036557409,0.12160326086956522
CSGS6,q3_2020,4,oracle_ramp_mondrian,irradiance_outage,non_ramp,5172,0.8344934261407579,0.06550657385924208,6.299716972274856,6.174451231956482,9.523527909378858,1.781134166545597,2.8491897460310827,0.06550657385924208,0.0,0.17999191349356733,0.2721007974108245,
CSGS6,q3_2020,4,oracle_ramp_mondrian,irradiance_outage,ramp,716,0.9175977653631285,0.017597765363128515,16.52980830740995,16.772664427757263,19.43226168267221,4.6696673026568565,5.844578886714446,0.0,0.017597765363128515,0.47228023735457003,0.5552074766477774,0.12160326086956522
CSGS6,q3_2020,4,oracle_ramp_mondrian,recent_power_outage,non_ramp,5172,0.8402938901778809,0.0597061098221191,6.480439337180861,6.431799292564392,10.071812705181223,1.8065423751628478,2.8644507290416668,0.0597061098221191,0.0,0.1851554096337389,0.2877660772908921,
CSGS6,q3_2020,4,oracle_ramp_mondrian,recent_power_outage,ramp,716,0.9106145251396648,0.010614525139664766,16.5250390912398,17.00499153137207,20.199021907941297,4.826806134362211,6.03175071232184,0.0,0.010614525139664766,0.4721439740354229,0.5771149116554657,0.12160326086956522
CSGS6,q3_2020,4,oracle_ramp_mondrian,weather_outage,non_ramp,5172,0.8424207269914926,0.0575792730085074,6.420694242203727,6.078149378299713,9.520527830909868,1.8004748829619144,2.8883244992257593,0.0575792730085074,0.0,0.1834484069201065,0.2720150808831391,
CSGS6,q3_2020,4,oracle_ramp_mondrian,weather_outage,ramp,716,0.9008379888268156,0.0008379888268156277,16.030321644026138,16.37658429145813,19.85564730688946,4.770793647583386,6.023690237016741,0.0,0.0008379888268156277,0.4580091898293182,0.5673042087682703,0.12160326086956522
CSGS6,q3_2020,4,persistence_condition_cqr,clean,non_ramp,5172,1.0,0.09999999999999998,10.877802962122734,10.222000122070312,10.877802962122734,2.005970135562364,2.8540591970240365,0.0,0.09999999999999998,0.3107943703463638,0.3107943703463638,
CSGS6,q3_2020,4,persistence_condition_cqr,clean,ramp,716,0.10754189944134078,0.7924581005586593,14.166000469400439,14.727999687194824,66.65677977924095,9.966831316630351,10.311705658319935,0.7924581005586593,0.0,0.40474287055429825,1.904479422264027,0.12160326086956522
CSGS6,q3_2020,4,persistence_condition_cqr,combined_outage,non_ramp,5172,0.9514694508894045,0.05146945088940447,22.87159281906316,20.956165313720703,24.979820205002977,5.867976659889083,8.091038986870096,0.0,0.05146945088940447,0.6534740805446617,0.7137091487143707,
CSGS6,q3_2020,4,persistence_condition_cqr,combined_outage,ramp,716,0.7737430167597765,0.1262569832402235,25.93063620991443,26.770333290100098,36.59120864568372,12.071276623068908,13.554583918294695,0.1262569832402235,0.0,0.7408753202832694,1.045463104162392,0.12160326086956522
CSGS6,q3_2020,4,persistence_condition_cqr,irradiance_outage,non_ramp,5172,1.0,0.09999999999999998,10.877802962122734,10.222000122070312,10.877802962122734,2.005970135562364,2.8540591970240365,0.0,0.09999999999999998,0.3107943703463638,0.3107943703463638,
CSGS6,q3_2020,4,persistence_condition_cqr,irradiance_outage,ramp,716,0.10754189944134078,0.7924581005586593,14.166000469400439,14.727999687194824,66.65677977924095,9.966831316630351,10.311705658319935,0.7924581005586593,0.0,0.40474287055429825,1.904479422264027,0.12160326086956522
CSGS6,q3_2020,4,persistence_condition_cqr,recent_power_outage,non_ramp,5172,0.9514694508894045,0.05146945088940447,22.87159281906316,20.956165313720703,24.979820205002977,5.867976659889083,8.091038986870096,0.0,0.05146945088940447,0.6534740805446617,0.7137091487143707,
CSGS6,q3_2020,4,persistence_condition_cqr,recent_power_outage,ramp,716,0.7737430167597765,0.1262569832402235,25.93063620991443,26.770333290100098,36.59120864568372,12.071276623068908,13.554583918294695,0.1262569832402235,0.0,0.7408753202832694,1.045463104162392,0.12160326086956522
CSGS6,q3_2020,4,persistence_condition_cqr,weather_outage,non_ramp,5172,1.0,0.09999999999999998,10.877802962122734,10.222000122070312,10.877802962122734,2.005970135562364,2.8540591970240365,0.0,0.09999999999999998,0.3107943703463638,0.3107943703463638,
CSGS6,q3_2020,4,persistence_condition_cqr,weather_outage,ramp,716,0.10754189944134078,0.7924581005586593,14.166000469400439,14.727999687194824,66.65677977924095,9.966831316630351,10.311705658319935,0.7924581005586593,0.0,0.40474287055429825,1.904479422264027,0.12160326086956522
CSGS6,q3_2020,4,robust_condition_cqr,clean,non_ramp,5172,0.87122969837587,0.028770301624129968,6.414710460380212,5.933490514755249,8.758690222818377,1.6649735167235573,2.7095202882893004,0.028770301624129968,0.0,0.1832774417251489,0.25024829208052507,
CSGS6,q3_2020,4,robust_condition_cqr,clean,ramp,716,0.6340782122905028,0.26592178770949726,11.013001506345596,11.072123765945435,25.951124572469567,4.89050854810165,6.1113179969141385,0.26592178770949726,0.0,0.31465718589558844,0.741460702070559,0.12160326086956522
CSGS6,q3_2020,4,robust_condition_cqr,combined_outage,non_ramp,5172,0.8725831399845321,0.027416860015467948,6.9250184351224116,7.1539307832717896,10.154690895440778,1.933231222645417,3.041490372956891,0.027416860015467948,0.0,0.19785766957492604,0.29013402558402224,
CSGS6,q3_2020,4,robust_condition_cqr,combined_outage,ramp,716,0.6829608938547486,0.21703910614525146,11.099024195168115,10.838511228561401,25.456050414536097,4.750027503225141,5.969968906226277,0.21703910614525146,0.0,0.3171149770048033,0.7273157261296028,0.12160326086956522
CSGS6,q3_2020,4,robust_condition_cqr,irradiance_outage,non_ramp,5172,0.8611755607115236,0.03882443928847645,6.604276233318598,6.536421060562134,9.277265365457623,1.781134166545597,2.8491897460310827,0.03882443928847645,0.0,0.18869360666624566,0.26506472472736065,
CSGS6,q3_2020,4,robust_condition_cqr,irradiance_outage,ramp,716,0.6717877094972067,0.22821229050279335,11.103456393097574,11.103716135025024,24.152989839130814,4.6696673026568565,5.844578886714446,0.22821229050279335,0.0,0.31724161123135924,0.6900854239751661,0.12160326086956522
CSGS6,q3_2020,4,robust_condition_cqr,recent_power_outage,non_ramp,5172,0.8691028615622584,0.030897138437741667,6.839863637738756,6.861855149269104,9.803187185486333,1.8065423751628478,2.8644507290416668,0.030897138437741667,0.0,0.19542467536396446,0.2800910624424667,
CSGS6,q3_2020,4,robust_condition_cqr,recent_power_outage,ramp,716,0.6731843575418994,0.2268156424581006,11.23878979817678,11.507468223571777,25.2653488223519,4.826806134362211,6.03175071232184,0.2268156424581006,0.0,0.321108279947908,0.7218671092100543,0.12160326086956522
CSGS6,q3_2020,4,robust_condition_cqr,weather_outage,non_ramp,5172,0.8683294663573086,0.031670533642691456,6.733437693227454,6.446319580078125,9.299501999643795,1.8004748829619144,2.8883244992257593,0.031670533642691456,0.0,0.19238393409221297,0.26570005713267986,
CSGS6,q3_2020,4,robust_condition_cqr,weather_outage,ramp,716,0.6759776536312849,0.2240223463687151,11.19962649684212,11.404847621917725,24.455173408768697,4.770793647583386,6.023690237016741,0.2240223463687151,0.0,0.31998932848120343,0.6987192402505342,0.12160326086956522
CSGS6,q3_2020,4,robust_local_cqr,clean,non_ramp,5172,0.906999226604795,0.006999226604795017,7.29281252239616,6.447938948869705,8.589558012728864,1.6649735167235573,2.7095202882893004,0.0,0.006999226604795017,0.2083660720684617,0.24541594322082466,
CSGS6,q3_2020,4,robust_local_cqr,clean,ramp,716,0.7737430167597765,0.1262569832402235,13.228463200134271,13.612883806228638,21.73609819625343,4.89050854810165,6.1113179969141385,0.1262569832402235,0.0,0.37795609143240777,0.6210313770358122,0.12160326086956522
CSGS6,q3_2020,4,robust_local_cqr,combined_outage,non_ramp,5172,0.867169373549884,0.03283062645011603,7.362428753736428,7.0793057680130005,9.847680043773531,1.933231222645417,3.041490372956891,0.03283062645011603,0.0,0.21035510724961223,0.281362286964958,
CSGS6,q3_2020,4,robust_local_cqr,combined_outage,ramp,716,0.7625698324022346,0.13743016759776538,12.61691368705796,12.953149676322937,22.257597075010437,4.750027503225141,5.969968906226277,0.13743016759776538,0.0,0.360483248201656,0.6359313450002982,0.12160326086956522
CSGS6,q3_2020,4,robust_local_cqr,irradiance_outage,non_ramp,5172,0.9000386697602475,3.8669760247467266e-05,7.617052289329594,7.170342326164246,9.009805267439049,1.781134166545597,2.8491897460310827,0.0,3.8669760247467266e-05,0.21763006540941698,0.2574230076411157,
CSGS6,q3_2020,4,robust_local_cqr,irradiance_outage,ramp,716,0.8044692737430168,0.09553072625698322,13.477092871174161,13.867081642150879,20.037906216230834,4.6696673026568565,5.844578886714446,0.09553072625698322,0.0,0.38505979631926174,0.5725116061780238,0.12160326086956522
CSGS6,q3_2020,4,robust_local_cqr,recent_power_outage,non_ramp,5172,0.8919180201082754,0.008081979891724655,7.7003799704011815,7.368694305419922,9.403226091056098,1.8065423751628478,2.8644507290416668,0.008081979891724655,0.0,0.22001085629717662,0.26866360260160277,
CSGS6,q3_2020,4,robust_local_cqr,recent_power_outage,ramp,716,0.7891061452513967,0.11089385474860336,13.25825081447038,13.55824327468872,21.35484350528685,4.826806134362211,6.03175071232184,0.11089385474860336,0.0,0.37880716612772514,0.6101383858653386,0.12160326086956522
CSGS6,q3_2020,4,robust_local_cqr,weather_outage,non_ramp,5172,0.898491879350348,0.0015081206496520005,7.631755483643358,6.854506015777588,9.154931050661354,1.8004748829619144,2.8883244992257593,0.0015081206496520005,0.0,0.21805015667552452,0.2615694585903244,
CSGS6,q3_2020,4,robust_local_cqr,weather_outage,ramp,716,0.7905027932960894,0.10949720670391061,13.419385333274954,13.634556412696838,20.95249734758061,4.770793647583386,6.023690237016741,0.10949720670391061,0.0,0.3834110095221416,0.598642781359446,0.12160326086956522
CSGS6,q3_2020,4,robust_risk_mondrian,clean,non_ramp,5172,0.8694895591647331,0.030510440835266883,6.741603597972016,6.172723352909088,8.665698777372736,1.6649735167235573,2.7095202882893004,0.030510440835266883,0.0,0.19261724565634333,0.24759139363922103,
CSGS6,q3_2020,4,robust_risk_mondrian,clean,ramp,716,0.7276536312849162,0.1723463687150838,12.22855674898949,12.427490234375,23.610581958708067,4.89050854810165,6.1113179969141385,0.1723463687150838,0.0,0.349387335685414,0.6745880559630877,0.12160326086956522
CSGS6,q3_2020,4,robust_risk_mondrian,combined_outage,non_ramp,5172,0.8826372776488786,0.017362722351121462,7.110747708542141,7.353660270571709,9.932415921273458,1.933231222645417,3.041490372956891,0.017362722351121462,0.0,0.2031642202440612,0.2837833120363845,
CSGS6,q3_2020,4,robust_risk_mondrian,combined_outage,ramp,716,0.6955307262569832,0.20446927374301682,11.39580652595097,11.31828248500824,24.276898442936655,4.750027503225141,5.969968906226277,0.20446927374301682,0.0,0.32559447217002774,0.6936256697981902,0.12160326086956522
CSGS6,q3_2020,4,robust_risk_mondrian,irradiance_outage,non_ramp,5172,0.8633023975251354,0.03669760247486464,6.883548297823198,6.568708419799805,9.228741252948664,1.781134166545597,2.8491897460310827,0.03669760247486464,0.0,0.19667280850923424,0.26367832151281895,
CSGS6,q3_2020,4,robust_risk_mondrian,irradiance_outage,ramp,716,0.7472067039106145,0.15279329608938552,12.254937025614495,12.192834377288818,22.158145423401205,4.6696673026568565,5.844578886714446,0.15279329608938552,0.0,0.35014105787469985,0.6330898692400344,0.12160326086956522
CSGS6,q3_2020,4,robust_risk_mondrian,recent_power_outage,non_ramp,5172,0.8812838360402165,0.018716163959783483,7.178634895719418,7.27937376499176,9.416575350565616,1.8065423751628478,2.8644507290416668,0.018716163959783483,0.0,0.20510385416341195,0.26904501001616044,
CSGS6,q3_2020,4,robust_risk_mondrian,recent_power_outage,ramp,716,0.7108938547486033,0.18910614525139668,12.135172444177199,12.418481349945068,23.502871980333918,4.826806134362211,6.03175071232184,0.18910614525139668,0.0,0.3467192126907771,0.6715106280095405,0.12160326086956522
CSGS6,q3_2020,4,robust_risk_mondrian,weather_outage,non_ramp,5172,0.8677494199535963,0.03225058004640369,7.082409881227457,6.786152482032776,9.17318511024878,1.8004748829619144,2.8883244992257593,0.03225058004640369,0.0,0.2023545680350702,0.26209100314996514,
CSGS6,q3_2020,4,robust_risk_mondrian,weather_outage,ramp,716,0.7472067039106145,0.15279329608938552,12.312493156157851,12.537722826004028,22.452529320040686,4.770793647583386,6.023690237016741,0.15279329608938552,0.0,0.3517855187473672,0.6415008377154482,0.12160326086956522
CSGS6,q3_2020,4,robust_rolling_cqr,clean,non_ramp,5172,0.9234338747099768,0.02343387470997682,7.081992164821536,6.666943550109863,8.635842302844145,1.6649735167235573,2.7095202882893004,0.0,0.02343387470997682,0.2023426332806153,0.2467383515098327,
CSGS6,q3_2020,4,robust_rolling_cqr,clean,ramp,716,0.702513966480447,0.19748603351955307,11.824269413852456,12.016197919845581,24.219709668150458,4.89050854810165,6.1113179969141385,0.19748603351955307,0.0,0.337836268967213,0.6919917048042988,0.12160326086956522
CSGS6,q3_2020,4,robust_rolling_cqr,combined_outage,non_ramp,5172,0.9137664346481051,0.01376643464810512,7.942966164037159,8.21678264439106,9.952414353234062,1.933231222645417,3.041490372956891,0.0,0.01376643464810512,0.2269418904010617,0.2843546958066875,
CSGS6,q3_2020,4,robust_rolling_cqr,combined_outage,ramp,716,0.7416201117318436,0.1583798882681564,12.337160732399402,12.184958457946777,23.298970320277622,4.750027503225141,5.969968906226277,0.1583798882681564,0.0,0.35249030663998293,0.6656848662936463,0.12160326086956522
CSGS6,q3_2020,4,robust_rolling_cqr,irradiance_outage,non_ramp,5172,0.9184068058778035,0.018406805877803523,7.37707694321842,7.3437724113464355,9.024804312986454,1.781134166545597,2.8491897460310827,0.0,0.018406805877803523,0.2107736269490977,0.257851551799613,
CSGS6,q3_2020,4,robust_rolling_cqr,irradiance_outage,ramp,716,0.7360335195530726,0.1639664804469274,11.99645689223482,11.988622426986694,22.64683789940936,4.6696673026568565,5.844578886714446,0.1639664804469274,0.0,0.3427559112067091,0.647052511411696,0.12160326086956522
CSGS6,q3_2020,4,robust_rolling_cqr,recent_power_outage,non_ramp,5172,0.9155065738592421,0.015506573859242034,7.859002491832637,7.93615597486496,9.59628353963799,1.8065423751628478,2.8644507290416668,0.0,0.015506573859242034,0.22454292833807535,0.2741795297039426,
CSGS6,q3_2020,4,robust_rolling_cqr,recent_power_outage,ramp,716,0.7360335195530726,0.1639664804469274,12.48355980036135,12.728096961975098,23.27367318086274,4.826806134362211,6.03175071232184,0.1639664804469274,0.0,0.35667313715318144,0.6649620908817926,0.12160326086956522
CSGS6,q3_2020,4,robust_rolling_cqr,weather_outage,non_ramp,5172,0.9168600154679041,0.016860015467904055,7.444934208409591,7.193663865327835,9.143818332975052,1.8004748829619144,2.8883244992257593,0.0,0.016860015467904055,0.21271240595455973,0.26125195237071575,
CSGS6,q3_2020,4,robust_rolling_cqr,weather_outage,ramp,716,0.7402234636871509,0.15977653631284916,12.106817008701137,12.375473141670227,22.826396426146943,4.770793647583386,6.023690237016741,0.15977653631284916,0.0,0.34590905739146105,0.6521827550327698,0.12160326086956522
CSGS6,q4_2020,1,clean_condition_cqr,clean,non_ramp,5584,0.9853151862464183,0.08531518624641832,3.044295769856509,2.822469174861908,3.223019121540852,0.38412788640901707,0.7765380910459507,0.0,0.08531518624641832,0.0869798791387574,0.09208626061545291,
CSGS6,q4_2020,1,clean_condition_cqr,clean,ramp,304,0.3618421052631579,0.5381578947368422,8.16273621097207,8.328930854797363,39.1381670050323,5.301698869290321,5.9541639403560636,0.5381578947368422,0.0,0.23322103459920202,1.1182333430009228,0.051630434782608696
CSGS6,q4_2020,1,clean_condition_cqr,combined_outage,non_ramp,5584,0.8137535816618912,0.08624641833810887,18.71663115410545,18.99810028076172,28.311906892283258,7.192790242260586,8.546203565992057,0.08624641833810887,0.0,0.5347608901172985,0.8089116254938074,
CSGS6,q4_2020,1,clean_condition_cqr,combined_outage,ramp,304,0.8486842105263158,0.051315789473684204,20.855867213324498,20.773295402526855,27.882298020940077,6.976002653864653,8.537541438654715,0.051315789473684204,0.0,0.5958819203807,0.7966370863125736,0.051630434782608696
CSGS6,q4_2020,1,clean_condition_cqr,irradiance_outage,non_ramp,5584,0.9452005730659025,0.04520057306590253,7.765000678635469,6.472144661471248,8.005427107979445,1.2269547006884525,1.4481196544507644,0.0,0.04520057306590253,0.2218571622467277,0.2287264887994127,
CSGS6,q4_2020,1,clean_condition_cqr,irradiance_outage,ramp,304,0.5394736842105263,0.3605263157894737,10.316865386147247,10.646610975265503,29.707848142244313,4.876024770795515,5.54395186838321,0.3605263157894737,0.0,0.29476758246134993,0.8487956612069804,0.051630434782608696
CSGS6,q4_2020,1,clean_condition_cqr,recent_power_outage,non_ramp,5584,0.818230659025788,0.08176934097421207,17.01078390483801,16.023107707500458,28.142411601129435,6.425522872352543,8.353725661812625,0.08176934097421207,0.0,0.48602239728108604,0.8040689028894125,
CSGS6,q4_2020,1,clean_condition_cqr,recent_power_outage,ramp,304,0.8125,0.08750000000000002,19.585121825754054,19.607130482792854,29.80896368115454,7.257216511490314,8.857690488300937,0.08750000000000002,0.0,0.5595749093072587,0.8516846766044155,0.051630434782608696
CSGS6,q4_2020,1,clean_condition_cqr,weather_outage,non_ramp,5584,0.9822707736389685,0.08227077363896851,3.050121350760854,2.8140246868133545,3.2627751330329193,0.39306572561641057,0.7982360339867853,0.0,0.08227077363896851,0.08714632430745298,0.09322214665808341,
CSGS6,q4_2020,1,clean_condition_cqr,weather_outage,ramp,304,0.375,0.525,8.170473303449782,8.329023599624634,38.61202282380117,5.243323979311083,5.929735096094412,0.525,0.0,0.23344209438427949,1.1032006521086049,0.051630434782608696
CSGS6,q4_2020,1,lgbm_condition_cqr,clean,non_ramp,5584,0.9604226361031518,0.060422636103151794,3.5963877534510607,3.132629930973053,3.8380170985895172,0.3775411776708209,0.740756504640571,0.0,0.060422636103151794,0.10275393581288744,0.10965763138827192,
CSGS6,q4_2020,1,lgbm_condition_cqr,clean,ramp,304,0.5098684210526315,0.3901315789473685,9.493540387012457,9.329671144485474,31.217484459280968,5.48585919712327,6.123217094343855,0.3901315789473685,0.0,0.2712440110574988,0.8919281274080276,0.051630434782608696
CSGS6,q4_2020,1,lgbm_condition_cqr,combined_outage,non_ramp,5584,0.8055157593123209,0.09448424068767913,18.05783445603697,17.440166473388672,26.750684019701186,7.985624808371454,9.492370497764274,0.09448424068767913,0.0,0.515938127315342,0.7643052577057482,
CSGS6,q4_2020,1,lgbm_condition_cqr,combined_outage,ramp,304,0.8421052631578947,0.05789473684210533,20.765381421489444,20.97518301010132,27.437995293214428,8.208239207044244,9.83756708756555,0.05789473684210533,0.0,0.5932966120425556,0.7839427226632694,0.051630434782608696
CSGS6,q4_2020,1,lgbm_condition_cqr,irradiance_outage,non_ramp,5584,0.9369627507163324,0.03696275071633237,5.931262414961845,5.17120885848999,6.151325668897558,1.499085638769849,1.6786462291075284,0.0,0.03696275071633237,0.16946464042748127,0.17575216196850166,
CSGS6,q4_2020,1,lgbm_condition_cqr,irradiance_outage,ramp,304,0.6381578947368421,0.2618421052631579,10.977356617780108,11.06940746307373,24.589304172678997,5.108174280018399,5.82465715778199,0.2618421052631579,0.0,0.3136387605080031,0.7025515477908285,0.051630434782608696
CSGS6,q4_2020,1,lgbm_condition_cqr,recent_power_outage,non_ramp,5584,0.7958452722063037,0.10415472779369628,17.14883205153883,16.20606517791748,25.595415061602985,7.323267289030734,9.080654701395252,0.10415472779369628,0.0,0.4899666300439665,0.7312975731886567,
CSGS6,q4_2020,1,lgbm_condition_cqr,recent_power_outage,ramp,304,0.8453947368421053,0.05460526315789471,20.74409277206532,21.038432121276855,27.374667425088486,8.009595020723186,9.61708694742924,0.05460526315789471,0.0,0.592688364916152,0.7821333550025281,0.051630434782608696
CSGS6,q4_2020,1,lgbm_condition_cqr,weather_outage,non_ramp,5584,0.96310888252149,0.06310888252148994,3.6525067939811797,3.2053287029266357,3.8813960302638972,0.39055417231599515,0.7533958654920109,0.0,0.06310888252148994,0.10435733697089085,0.11089702943611135,
CSGS6,q4_2020,1,lgbm_condition_cqr,weather_outage,ramp,304,0.5032894736842105,0.3967105263157895,9.518850573975788,9.331239223480225,31.14527598101842,5.452911238823282,6.090592711739247,0.3967105263157895,0.0,0.2719671592564511,0.8898650280290976,0.051630434782608696
CSGS6,q4_2020,1,oracle_ramp_mondrian,clean,non_ramp,5584,0.9650787965616046,0.06507879656160453,3.0380563807300907,2.306013584136963,3.3424527335233263,0.4573732705672048,0.9600524501616748,0.0,0.06507879656160453,0.08680161087800259,0.0954986495292379,
CSGS6,q4_2020,1,oracle_ramp_mondrian,clean,ramp,304,0.8717105263157895,0.02828947368421053,15.633667776900294,15.941683292388916,20.24168255185022,5.002923291666727,5.765172666974575,0.02828947368421053,0.0,0.44667622219715125,0.5783337871957206,0.051630434782608696
CSGS6,q4_2020,1,oracle_ramp_mondrian,combined_outage,non_ramp,5584,0.9629297994269341,0.06292979942693411,5.267218175493316,5.212568283081055,6.432698730710618,0.9640735081190794,1.8799870877399825,0.0,0.06292979942693411,0.1504919478712376,0.18379139230601765,
CSGS6,q4_2020,1,oracle_ramp_mondrian,combined_outage,ramp,304,0.8980263157894737,0.0019736842105263497,16.308140868161757,16.509352326393127,20.708088062838407,4.506958801397367,5.4449527275138525,0.0019736842105263497,0.0,0.4659468819474788,0.5916596589382402,0.051630434782608696
CSGS6,q4_2020,1,oracle_ramp_mondrian,irradiance_outage,non_ramp,5584,0.964541547277937,0.06454154727793693,3.7639723151273925,3.360320568084717,4.016016409921967,0.5744200257394587,1.167439570862646,0.0,0.06454154727793693,0.10754206614649693,0.11474332599777048,
CSGS6,q4_2020,1,oracle_ramp_mondrian,irradiance_outage,ramp,304,0.8881578947368421,0.011842105263157876,15.813237209436728,16.031312465667725,20.177968034986407,4.655272109630077,5.50879460380209,0.011842105263157876,0.0,0.45180677741247793,0.576513372428183,0.051630434782608696
CSGS6,q4_2020,1,oracle_ramp_mondrian,recent_power_outage,non_ramp,5584,0.9681232091690545,0.06812320916905446,3.978291512450518,3.8784496784210205,4.369821542219309,0.6650117597604338,1.300791223000047,0.0,0.06812320916905446,0.11366547178430052,0.12485204406340884,
CSGS6,q4_2020,1,oracle_ramp_mondrian,recent_power_outage,ramp,304,0.8980263157894737,0.0019736842105263497,16.244784265263373,16.0823917388916,21.43469063966768,4.944579615698833,5.860325946709363,0.0019736842105263497,0.0,0.46413669329323926,0.6124197325619337,0.051630434782608696
CSGS6,q4_2020,1,oracle_ramp_mondrian,weather_outage,non_ramp,5584,0.9659742120343839,0.06597421203438392,3.041769936997681,2.391942024230957,3.3643930139090776,0.47126607779293334,1.005553917836002,0.0,0.06597421203438392,0.08690771248564803,0.0961255146831165,
CSGS6,q4_2020,1,oracle_ramp_mondrian,weather_outage,ramp,304,0.8486842105263158,0.051315789473684204,15.303677951917052,15.395857572555542,20.689182661963923,4.947589178128462,5.736521511533558,0.051315789473684204,0.0,0.43724794148334434,0.5911195046275406,0.051630434782608696
CSGS6,q4_2020,1,persistence_condition_cqr,clean,non_ramp,5584,1.0,0.09999999999999998,5.555949781781539,6.960333347320557,5.555949781781539,0.7427272547015061,1.1195175812232585,0.0,0.09999999999999998,0.1587414223366154,0.1587414223366154,
CSGS6,q4_2020,1,persistence_condition_cqr,clean,ramp,304,0.02631578947368421,0.8736842105263158,7.092763310886528,7.116666793823242,56.644844759745816,6.035345429554582,6.54441076446451,0.8736842105263158,0.0,0.20265038031104365,1.6184241359927376,0.051630434782608696
CSGS6,q4_2020,1,persistence_condition_cqr,combined_outage,non_ramp,5584,0.8212750716332379,0.07872492836676215,18.564764090688776,16.949332237243652,28.67373720946222,6.058579088820486,8.473248836942467,0.07872492836676215,0.0,0.5304218311625365,0.8192496345560635,
CSGS6,q4_2020,1,persistence_condition_cqr,combined_outage,ramp,304,0.6282894736842105,0.2717105263157895,20.814970063511282,21.864333152770996,45.92633185062655,10.398142564098203,11.841990487440965,0.2717105263157895,0.0,0.5947134303860366,1.3121809100179016,0.051630434782608696
CSGS6,q4_2020,1,persistence_condition_cqr,irradiance_outage,non_ramp,5584,1.0,0.09999999999999998,5.555949781781539,6.960333347320557,5.555949781781539,0.7427272547015061,1.1195175812232585,0.0,0.09999999999999998,0.1587414223366154,0.1587414223366154,
CSGS6,q4_2020,1,persistence_condition_cqr,irradiance_outage,ramp,304,0.02631578947368421,0.8736842105263158,7.092763310886528,7.116666793823242,56.644844759745816,6.035345429554582,6.54441076446451,0.8736842105263158,0.0,0.20265038031104365,1.6184241359927376,0.051630434782608696
CSGS6,q4_2020,1,persistence_condition_cqr,recent_power_outage,non_ramp,5584,0.8212750716332379,0.07872492836676215,18.564764090688776,16.949332237243652,28.67373720946222,6.058579088820486,8.473248836942467,0.07872492836676215,0.0,0.5304218311625365,0.8192496345560635,
CSGS6,q4_2020,1,persistence_condition_cqr,recent_power_outage,ramp,304,0.6282894736842105,0.2717105263157895,20.814970063511282,21.864333152770996,45.92633185062655,10.398142564098203,11.841990487440965,0.2717105263157895,0.0,0.5947134303860366,1.3121809100179016,0.051630434782608696
CSGS6,q4_2020,1,persistence_condition_cqr,weather_outage,non_ramp,5584,1.0,0.09999999999999998,5.555949781781539,6.960333347320557,5.555949781781539,0.7427272547015061,1.1195175812232585,0.0,0.09999999999999998,0.1587414223366154,0.1587414223366154,
CSGS6,q4_2020,1,persistence_condition_cqr,weather_outage,ramp,304,0.02631578947368421,0.8736842105263158,7.092763310886528,7.116666793823242,56.644844759745816,6.035345429554582,6.54441076446451,0.8736842105263158,0.0,0.20265038031104365,1.6184241359927376,0.051630434782608696
CSGS6,q4_2020,1,robust_condition_cqr,clean,non_ramp,5584,0.9751074498567335,0.07510744985673345,3.21875252815358,2.5240442752838135,3.460227559453785,0.4573732705672048,0.9600524501616748,0.0,0.07510744985673345,0.09196435794724514,0.09886364455582242,
CSGS6,q4_2020,1,robust_condition_cqr,clean,ramp,304,0.5263157894736842,0.37368421052631584,9.697501021780466,9.967841148376465,30.431536478823737,5.002923291666727,5.765172666974575,0.37368421052631584,0.0,0.2770714577651562,0.8694724708235354,0.051630434782608696
CSGS6,q4_2020,1,robust_condition_cqr,combined_outage,non_ramp,5584,0.9654369627507163,0.06543696275071631,5.412336194722709,5.3798370361328125,6.512255854414708,0.9640735081190794,1.8799870877399825,0.0,0.06543696275071631,0.1546381769920774,0.18606445298327737,
CSGS6,q4_2020,1,robust_condition_cqr,combined_outage,ramp,304,0.6611842105263158,0.2388157894736842,10.844663961839519,11.012378215789795,26.977316805700724,4.506958801397367,5.4449527275138525,0.2388157894736842,0.0,0.30984754176684337,0.7707804801628778,0.051630434782608696
CSGS6,q4_2020,1,robust_condition_cqr,irradiance_outage,non_ramp,5584,0.9763610315186246,0.07636103151862461,3.8511267193152863,3.466989517211914,4.073598731275561,0.5744200257394587,1.167439570862646,0.0,0.07636103151862461,0.11003219198043675,0.11638853517930173,
CSGS6,q4_2020,1,robust_condition_cqr,irradiance_outage,ramp,304,0.5789473684210527,0.32105263157894737,10.223657397847427,10.438116312026978,28.037487175511686,4.655272109630077,5.50879460380209,0.32105263157894737,0.0,0.29210449708135505,0.8010710621574767,0.051630434782608696
CSGS6,q4_2020,1,robust_condition_cqr,recent_power_outage,non_ramp,5584,0.9795845272206304,0.07958452722063036,4.328171287176021,4.308044195175171,4.610849714324023,0.6650117597604338,1.300791223000047,0.0,0.07958452722063036,0.12366203677645775,0.13173856326640065,
CSGS6,q4_2020,1,robust_condition_cqr,recent_power_outage,ramp,304,0.5657894736842105,0.3342105263157895,10.656283189591608,10.441659927368164,29.730498347235354,4.944579615698833,5.860325946709363,0.3342105263157895,0.0,0.30446523398833164,0.8494428099210101,0.051630434782608696
CSGS6,q4_2020,1,robust_condition_cqr,weather_outage,non_ramp,5584,0.9765401146131805,0.07654011461318044,3.2289197994188443,2.6229238510131836,3.4882413791978757,0.47126607779293334,1.005553917836002,0.0,0.07654011461318044,0.09225485141196699,0.09966403940565359,
CSGS6,q4_2020,1,robust_condition_cqr,weather_outage,ramp,304,0.5657894736842105,0.3342105263157895,9.61767143873792,9.663947582244873,30.379891657907713,4.947589178128462,5.736521511533558,0.3342105263157895,0.0,0.2747906125353691,0.8679969045116489,0.051630434782608696
CSGS6,q4_2020,1,robust_local_cqr,clean,non_ramp,5584,0.978689111747851,0.07868911174785098,3.382877948978215,2.817965090274811,3.572542975839567,0.4573732705672048,0.9600524501616748,0.0,0.07868911174785098,0.09665365568509185,0.10207265645255906,
CSGS6,q4_2020,1,robust_local_cqr,clean,ramp,304,0.6217105263157895,0.27828947368421053,11.22903238158477,11.099973201751709,27.33912762019195,5.002923291666727,5.765172666974575,0.27828947368421053,0.0,0.3208294966167077,0.7811179320054843,0.051630434782608696
CSGS6,q4_2020,1,robust_local_cqr,combined_outage,non_ramp,5584,0.9652578796561605,0.06525787965616048,5.624085581316479,5.85033917427063,6.399130439218414,0.9640735081190794,1.8799870877399825,0.0,0.06525787965616048,0.16068815946618512,0.18283229826338326,
CSGS6,q4_2020,1,robust_local_cqr,combined_outage,ramp,304,0.7105263157894737,0.18947368421052635,12.348944116383791,12.942079067230225,24.649968626663874,4.506958801397367,5.4449527275138525,0.18947368421052635,0.0,0.3528269747538226,0.7042848179046821,0.051630434782608696
CSGS6,q4_2020,1,robust_local_cqr,irradiance_outage,non_ramp,5584,0.9835243553008596,0.08352435530085955,4.141744069794928,3.7088680267333984,4.27885950130082,0.5744200257394587,1.167439570862646,0.0,0.08352435530085955,0.11833554485128366,0.12225312860859486,
CSGS6,q4_2020,1,robust_local_cqr,irradiance_outage,ramp,304,0.6546052631578947,0.24539473684210533,11.584848814889005,11.658973217010498,25.23736253812125,4.655272109630077,5.50879460380209,0.24539473684210533,0.0,0.3309956804254002,0.7210675010891786,0.051630434782608696
CSGS6,q4_2020,1,robust_local_cqr,recent_power_outage,non_ramp,5584,0.9788681948424068,0.07886819484240681,4.339273365696786,4.177617311477661,4.570988342275003,0.6650117597604338,1.300791223000047,0.0,0.07886819484240681,0.12397923901990818,0.13059966692214295,
CSGS6,q4_2020,1,robust_local_cqr,recent_power_outage,ramp,304,0.6019736842105263,0.2980263157894737,11.169222287441555,10.779541492462158,28.868230100917188,4.944579615698833,5.860325946709363,0.2980263157894737,0.0,0.3191206367840444,0.8248065743119196,0.051630434782608696
CSGS6,q4_2020,1,robust_local_cqr,weather_outage,non_ramp,5584,0.9783309455587392,0.0783309455587392,3.382280859476983,2.8420562744140625,3.5786886769642465,0.47126607779293334,1.005553917836002,0.0,0.0783309455587392,0.09663659598505665,0.10224824791326419,
CSGS6,q4_2020,1,robust_local_cqr,weather_outage,ramp,304,0.6348684210526315,0.2651315789473685,11.141238165333084,10.903337001800537,27.464995899678843,4.947589178128462,5.736521511533558,0.2651315789473685,0.0,0.3183210904380881,0.7847141685622526,0.051630434782608696
CSGS6,q4_2020,1,robust_risk_mondrian,clean,non_ramp,5584,0.9700931232091691,0.07009312320916905,3.3377497889056933,2.3306217193603516,3.5570101987506604,0.4573732705672048,0.9600524501616748,0.0,0.07009312320916905,0.0953642796830198,0.10162886282144744,
CSGS6,q4_2020,1,robust_risk_mondrian,clean,ramp,304,0.631578947368421,0.268421052631579,11.179778762357799,11.624274492263794,26.94422966183016,5.002923291666727,5.765172666974575,0.268421052631579,0.0,0.31942225035308,0.7698351331951474,0.051630434782608696
CSGS6,q4_2020,1,robust_risk_mondrian,combined_outage,non_ramp,5584,0.9713467048710601,0.0713467048710601,5.8909533824067815,6.468749612569809,6.636953098314846,0.9640735081190794,1.8799870877399825,0.0,0.0713467048710601,0.1683129537830509,0.18962723138042417,
CSGS6,q4_2020,1,robust_risk_mondrian,combined_outage,ramp,304,0.7368421052631579,0.16315789473684217,12.780490873283462,13.423773765563965,23.753830791303987,4.506958801397367,5.4449527275138525,0.16315789473684217,0.0,0.3651568820938132,0.6786808797515425,0.051630434782608696
CSGS6,q4_2020,1,robust_risk_mondrian,irradiance_outage,non_ramp,5584,0.9756446991404012,0.07564469914040117,4.069552021023135,3.553002715110779,4.23713003818437,0.5744200257394587,1.167439570862646,0.0,0.07564469914040117,0.11627291488637528,0.12106085823383914,
CSGS6,q4_2020,1,robust_risk_mondrian,irradiance_outage,ramp,304,0.6677631578947368,0.23223684210526319,11.64649759781988,12.175789773464203,25.260427391450655,4.655272109630077,5.50879460380209,0.23223684210526319,0.0,0.33275707422342515,0.7217264968985901,0.051630434782608696
CSGS6,q4_2020,1,robust_risk_mondrian,recent_power_outage,non_ramp,5584,0.9788681948424068,0.07886819484240681,4.473210163062376,4.235928535461426,4.67761997276367,0.6650117597604338,1.300791223000047,0.0,0.07886819484240681,0.12780600465892503,0.13364628493610484,
CSGS6,q4_2020,1,robust_risk_mondrian,recent_power_outage,ramp,304,0.6414473684210527,0.25855263157894737,11.611345305254584,11.489397525787354,27.186218902860816,4.944579615698833,5.860325946709363,0.25855263157894737,0.0,0.3317527230072738,0.776749111510309,0.051630434782608696
CSGS6,q4_2020,1,robust_risk_mondrian,weather_outage,non_ramp,5584,0.9699140401146131,0.06991404011461311,3.319276431642677,2.425659656524658,3.542684784091481,0.47126607779293334,1.005553917836002,0.0,0.06991404011461311,0.09483646947550506,0.1012195652597566,
CSGS6,q4_2020,1,robust_risk_mondrian,weather_outage,ramp,304,0.6447368421052632,0.25526315789473686,10.89323632830852,11.253231525421143,27.302401597366522,4.947589178128462,5.736521511533558,0.25526315789473686,0.0,0.3112353236659577,0.7800686170676149,0.051630434782608696
CSGS6,q4_2020,1,robust_rolling_cqr,clean,non_ramp,5584,0.9650787965616046,0.06507879656160453,3.0723159165102145,2.3092178106307983,3.3591072974678733,0.4573732705672048,0.9600524501616748,0.0,0.06507879656160453,0.0877804547574347,0.0959744942133678,
CSGS6,q4_2020,1,robust_rolling_cqr,clean,ramp,304,0.5263157894736842,0.37368421052631584,9.634839887289624,9.846656322479248,30.697635397315025,5.002923291666727,5.765172666974575,0.37368421052631584,0.0,0.2752811396368464,0.8770752970661436,0.051630434782608696
CSGS6,q4_2020,1,robust_rolling_cqr,combined_outage,non_ramp,5584,0.934634670487106,0.034634670487106,4.478386632332251,4.023715957999229,5.986530752524888,0.9640735081190794,1.8799870877399825,0.0,0.034634670487106,0.12795390378092145,0.17104373578642537,
CSGS6,q4_2020,1,robust_rolling_cqr,combined_outage,ramp,304,0.6085526315789473,0.2914473684210527,10.072980268025084,10.105584383010864,29.487392982566043,4.506958801397367,5.4449527275138525,0.2914473684210527,0.0,0.2877994362292881,0.8424969423590298,0.051630434782608696
CSGS6,q4_2020,1,robust_rolling_cqr,irradiance_outage,non_ramp,5584,0.9656160458452722,0.06561604584527214,3.7808241151646143,3.378119647502899,4.024736182796593,0.5744200257394587,1.167439570862646,0.0,0.06561604584527214,0.1080235461475604,0.11499246236561694,
CSGS6,q4_2020,1,robust_rolling_cqr,irradiance_outage,ramp,304,0.5789473684210527,0.32105263157894737,10.180633073182483,10.36967134475708,28.196668282935494,4.655272109630077,5.50879460380209,0.32105263157894737,0.0,0.29087523066235665,0.805619093798157,0.051630434782608696
CSGS6,q4_2020,1,robust_rolling_cqr,recent_power_outage,non_ramp,5584,0.9659742120343839,0.06597421203438392,4.009469833719835,3.936442196369171,4.381832591947241,0.6650117597604338,1.300791223000047,0.0,0.06597421203438392,0.11455628096342385,0.1251952169127783,
CSGS6,q4_2020,1,robust_rolling_cqr,recent_power_outage,ramp,304,0.5460526315789473,0.3539473684210527,10.390049146782411,10.27337110042572,30.71570610156969,4.944579615698833,5.860325946709363,0.3539473684210527,0.0,0.296858547050926,0.8775916029019911,0.051630434782608696
CSGS6,q4_2020,1,robust_rolling_cqr,weather_outage,non_ramp,5584,0.9600644699140402,0.06006446991404013,3.057687898668776,2.407541275024414,3.3703014348052585,0.47126607779293334,1.005553917836002,0.0,0.06006446991404013,0.08736251139053645,0.09629432670872166,
CSGS6,q4_2020,1,robust_rolling_cqr,weather_outage,ramp,304,0.5394736842105263,0.3605263157894737,9.490269764081427,9.536263942718506,30.871477333338635,4.947589178128462,5.736521511533558,0.3605263157894737,0.0,0.2711505646880408,0.8820422095239611,0.051630434782608696
CSGS6,q4_2020,4,clean_condition_cqr,clean,non_ramp,4948,0.9735246564268392,0.07352465642683914,5.402488653047732,4.761105537414551,6.081077619182797,0.9279908327913046,1.7842095318977962,0.0,0.07352465642683914,0.15435681865850664,0.1737450748337942,
CSGS6,q4_2020,4,clean_condition_cqr,clean,ramp,940,0.823404255319149,0.07659574468085106,8.861324855027364,7.972030818462372,19.751836045030903,2.7548011025176087,4.53414617666087,0.07659574468085106,0.0,0.25318071014363897,0.5643381727151686,0.15964673913043478
CSGS6,q4_2020,4,clean_condition_cqr,combined_outage,non_ramp,4948,0.8943007275666937,0.005699272433306368,16.251001623477418,16.50285017490387,18.552992047060833,5.267436867592241,7.604452758435536,0.005699272433306368,0.0,0.4643143320993548,0.5300854870588809,
CSGS6,q4_2020,4,clean_condition_cqr,combined_outage,ramp,940,0.9308510638297872,0.030851063829787195,16.959275118557816,18.09122097492218,19.580876385621686,3.6870885302728795,5.419671130258678,0.0,0.030851063829787195,0.48455071767308044,0.5594536110177625,0.15964673913043478
CSGS6,q4_2020,4,clean_condition_cqr,irradiance_outage,non_ramp,4948,0.9781729991915926,0.0781729991915926,11.538233764938626,11.776080131530762,11.890453295472724,2.0193337990460676,2.882418669687141,0.0,0.0781729991915926,0.32966382185538934,0.33972723701350643,
CSGS6,q4_2020,4,clean_condition_cqr,irradiance_outage,ramp,940,0.8968085106382979,0.0031914893617021045,11.612499103039761,11.182097911834717,15.61941806600538,2.7062242728281527,4.11723324006963,0.0031914893617021045,0.0,0.3317856886582789,0.4462690876001537,0.15964673913043478
CSGS6,q4_2020,4,clean_condition_cqr,recent_power_outage,non_ramp,4948,0.9765561843168957,0.0765561843168957,13.260977442524258,12.968295812606812,13.647198539371425,3.819524802745912,5.893237521000158,0.0,0.0765561843168957,0.37888506978640735,0.389919958267755,
CSGS6,q4_2020,4,clean_condition_cqr,recent_power_outage,ramp,940,0.9042553191489362,0.004255319148936176,13.45352599489245,13.548537611961365,17.657410109502838,3.0271875964755073,4.73856574664343,0.0,0.004255319148936176,0.38438645699692714,0.5044974317000811,0.15964673913043478
CSGS6,q4_2020,4,clean_condition_cqr,weather_outage,non_ramp,4948,0.9713015359741309,0.07130153597413091,5.973632180285785,5.184643745422363,6.727047849799863,1.1017116322399603,2.012956441581701,0.0,0.07130153597413091,0.1706752051510224,0.19220136713713895,
CSGS6,q4_2020,4,clean_condition_cqr,weather_outage,ramp,940,0.8382978723404255,0.0617021276595745,9.255462483887342,8.664328515529633,18.657057650910414,2.7135637267314374,4.49653619462639,0.0617021276595745,0.0,0.2644417852539241,0.5330587900260119,0.15964673913043478
CSGS6,q4_2020,4,lgbm_condition_cqr,clean,non_ramp,4948,0.9727162489894907,0.0727162489894907,6.4683294244568055,6.100133895874023,6.708634461061707,0.9217777243931157,1.7179417771888488,0.0,0.0727162489894907,0.18480941212733729,0.19167527031604878,
CSGS6,q4_2020,4,lgbm_condition_cqr,clean,ramp,940,0.8021276595744681,0.09787234042553195,9.952303585404174,8.920714199543,17.042813767823688,3.0159734993499328,4.825225436169251,0.09787234042553195,0.0,0.2843515310115478,0.4869375362235339,0.15964673913043478
CSGS6,q4_2020,4,lgbm_condition_cqr,combined_outage,non_ramp,4948,0.8720695230396119,0.027930476960388084,15.855473439223903,14.91167688369751,18.07629268410642,6.110044504879848,7.897376758213211,0.027930476960388084,0.0,0.45301352683496865,0.5164655052601834,
CSGS6,q4_2020,4,lgbm_condition_cqr,combined_outage,ramp,940,0.997872340425532,0.09787234042553195,18.172608829095484,17.28276252746582,18.18402516288247,3.820189092482658,5.473816735082088,0.0,0.09787234042553195,0.5192173951170138,0.5195435760823562,0.15964673913043478
CSGS6,q4_2020,4,lgbm_condition_cqr,irradiance_outage,non_ramp,4948,0.912287793047696,0.012287793047696005,8.956324625517698,9.63146162033081,9.323850469320893,2.618851725593388,3.21078531786929,0.0,0.012287793047696005,0.2558949893005057,0.2663957276948827,
CSGS6,q4_2020,4,lgbm_condition_cqr,irradiance_outage,ramp,940,0.9234042553191489,0.023404255319148914,12.019095711932893,10.98420786857605,14.786154928406857,2.806062403860244,4.324913200026162,0.0,0.023404255319148914,0.3434027346266541,0.42246156938305307,0.15964673913043478
CSGS6,q4_2020,4,lgbm_condition_cqr,recent_power_outage,non_ramp,4948,0.9533144704931286,0.05331447049312854,11.96810181688844,12.07192176580429,12.510732898540967,4.385236378106274,6.521499394016615,0.0,0.05331447049312854,0.3419457661968126,0.35744951138688474,
CSGS6,q4_2020,4,lgbm_condition_cqr,recent_power_outage,ramp,940,0.975531914893617,0.07553191489361699,14.659652954035815,13.985325127840042,15.247903657035822,3.461688266131789,5.255379921905968,0.0,0.07553191489361699,0.41884722725816614,0.4356543902010235,0.15964673913043478
CSGS6,q4_2020,4,lgbm_condition_cqr,weather_outage,non_ramp,4948,0.9692805173807599,0.06928051738075991,6.998136132155984,6.804594993591309,7.360738945583584,1.1129194594797152,2.0150196744798405,0.0,0.06928051738075991,0.1999467466330281,0.21030682701667383,
CSGS6,q4_2020,4,lgbm_condition_cqr,weather_outage,ramp,940,0.8638297872340426,0.036170212765957444,10.441112244871762,9.227362632751465,16.223573664256293,2.8811200860927397,4.701187312419425,0.036170212765957444,0.0,0.2983174927106218,0.46353067612160836,0.15964673913043478
CSGS6,q4_2020,4,oracle_ramp_mondrian,clean,non_ramp,4948,0.9601859337105901,0.06018593371059011,5.193205022618623,3.7344112396240234,6.143392588128995,1.046137057595606,2.0493139053934954,0.0,0.06018593371059011,0.1483772863605321,0.17552550251797128,
CSGS6,q4_2020,4,oracle_ramp_mondrian,clean,ramp,940,0.9382978723404255,0.038297872340425476,12.985787972304573,11.839822769165039,17.12041718129544,2.428956121646185,4.243013863279972,0.0,0.038297872340425476,0.3710225134944164,0.48915477660844114,0.15964673913043478
CSGS6,q4_2020,4,oracle_ramp_mondrian,combined_outage,non_ramp,4948,0.9486661277283751,0.048666127728375086,6.591352485703784,5.937572002410889,8.248456509444312,1.3971449103340656,2.558837430400795,0.0,0.048666127728375086,0.18832435673439385,0.23567018598412318,
CSGS6,q4_2020,4,oracle_ramp_mondrian,combined_outage,ramp,940,0.9606382978723405,0.06063829787234043,13.838906390200112,13.065246939659119,16.5666330931946,2.5668588235657266,4.0392595599804695,0.0,0.06063829787234043,0.3953973254342889,0.47333237409127427,0.15964673913043478
CSGS6,q4_2020,4,oracle_ramp_mondrian,irradiance_outage,non_ramp,4948,0.9628132578819725,0.06281325788197245,5.717260284690945,4.891596734523773,6.684358839507847,1.1134749162520576,2.132040170161083,0.0,0.06281325788197245,0.1633502938483127,0.19098168112879563,
CSGS6,q4_2020,4,oracle_ramp_mondrian,irradiance_outage,ramp,940,0.9468085106382979,0.04680851063829783,12.926757753347145,11.974722385406494,16.49633105936995,2.4417850866438227,4.1472570612971,0.0,0.04680851063829783,0.3693359358099184,0.4713237445534271,0.15964673913043478
CSGS6,q4_2020,4,oracle_ramp_mondrian,recent_power_outage,non_ramp,4948,0.963823767178658,0.06382376717865801,6.026474801222221,5.193196177482605,6.760539879969234,1.1887877920907641,2.229178480218725,0.0,0.06382376717865801,0.1721849943206349,0.19315828228483525,
CSGS6,q4_2020,4,oracle_ramp_mondrian,recent_power_outage,ramp,940,0.9404255319148936,0.04042553191489362,13.386807969198662,12.966497302055359,16.92683955702257,2.5964582530662734,4.291487570742481,0.0,0.04042553191489362,0.38248022769139034,0.48362398734350204,0.15964673913043478
CSGS6,q4_2020,4,oracle_ramp_mondrian,weather_outage,non_ramp,4948,0.9452303961196443,0.0452303961196443,5.334410260696168,4.035799354314804,6.671341694155563,1.1473085364325888,2.1903956906956714,0.0,0.0452303961196443,0.15241172173417622,0.19060976269015895,
CSGS6,q4_2020,4,oracle_ramp_mondrian,weather_outage,ramp,940,0.9468085106382979,0.04680851063829783,12.590235866162372,11.337055772542953,16.69870761991181,2.4245197977484305,4.218120642278111,0.0,0.04680851063829783,0.35972102474749634,0.4771059319974803,0.15964673913043478
CSGS6,q4_2020,4,persistence_condition_cqr,clean,non_ramp,4948,1.0,0.09999999999999998,11.09554357178379,9.849667072296143,11.09554357178379,1.9084946129737586,2.8574743393945528,0.0,0.09999999999999998,0.31701553062239396,0.31701553062239396,
CSGS6,q4_2020,4,persistence_condition_cqr,clean,ramp,940,0.225531914893617,0.674468085106383,14.122977587842243,15.217333793640137,46.024893933780334,9.132870915932383,9.442636587130862,0.674468085106383,0.0,0.40351364536692125,1.3149969695365809,0.15964673913043478
CSGS6,q4_2020,4,persistence_condition_cqr,combined_outage,non_ramp,4948,0.8601455133387227,0.03985448666127733,21.749826728619684,19.90933322906494,30.85027822252829,6.75444313265585,9.50968049107368,0.03985448666127733,0.0,0.6214236208177053,0.8814365206436654,
CSGS6,q4_2020,4,persistence_condition_cqr,combined_outage,ramp,940,0.4797872340425532,0.42021276595744683,22.495230827078302,24.31166696548462,55.2666862098084,15.303996791472619,16.120705979625804,0.42021276595744683,0.0,0.6427208807736657,1.579048177423097,0.15964673913043478
CSGS6,q4_2020,4,persistence_condition_cqr,irradiance_outage,non_ramp,4948,1.0,0.09999999999999998,11.09554357178379,9.849667072296143,11.09554357178379,1.9084946129737586,2.8574743393945528,0.0,0.09999999999999998,0.31701553062239396,0.31701553062239396,
CSGS6,q4_2020,4,persistence_condition_cqr,irradiance_outage,ramp,940,0.225531914893617,0.674468085106383,14.122977587842243,15.217333793640137,46.024893933780334,9.132870915932383,9.442636587130862,0.674468085106383,0.0,0.40351364536692125,1.3149969695365809,0.15964673913043478
CSGS6,q4_2020,4,persistence_condition_cqr,recent_power_outage,non_ramp,4948,0.8601455133387227,0.03985448666127733,21.749826728619684,19.90933322906494,30.85027822252829,6.75444313265585,9.50968049107368,0.03985448666127733,0.0,0.6214236208177053,0.8814365206436654,
CSGS6,q4_2020,4,persistence_condition_cqr,recent_power_outage,ramp,940,0.4797872340425532,0.42021276595744683,22.495230827078302,24.31166696548462,55.2666862098084,15.303996791472619,16.120705979625804,0.42021276595744683,0.0,0.6427208807736657,1.579048177423097,0.15964673913043478
CSGS6,q4_2020,4,persistence_condition_cqr,weather_outage,non_ramp,4948,1.0,0.09999999999999998,11.09554357178379,9.849667072296143,11.09554357178379,1.9084946129737586,2.8574743393945528,0.0,0.09999999999999998,0.31701553062239396,0.31701553062239396,
CSGS6,q4_2020,4,persistence_condition_cqr,weather_outage,ramp,940,0.225531914893617,0.674468085106383,14.122977587842243,15.217333793640137,46.024893933780334,9.132870915932383,9.442636587130862,0.674468085106383,0.0,0.40351364536692125,1.3149969695365809,0.15964673913043478
CSGS6,q4_2020,4,robust_condition_cqr,clean,non_ramp,4948,0.9674616006467259,0.0674616006467259,5.468942182106941,4.080453030765057,6.290162256091423,1.046137057595606,2.0493139053934954,0.0,0.0674616006467259,0.15625549091734117,0.1797189216026121,
CSGS6,q4_2020,4,robust_condition_cqr,clean,ramp,940,0.8563829787234043,0.043617021276595724,8.519050659820874,7.263979196548462,17.155369679513882,2.428956121646185,4.243013863279972,0.043617021276595724,0.0,0.24340144742345352,0.4901534194146823,0.15964673913043478
CSGS6,q4_2020,4,robust_condition_cqr,combined_outage,non_ramp,4948,0.9575586095392078,0.05755860953920777,7.017356951975301,6.42545223236084,8.415292090115761,1.3971449103340656,2.558837430400795,0.0,0.05755860953920777,0.20049591291358002,0.24043691686045032,
CSGS6,q4_2020,4,robust_condition_cqr,combined_outage,ramp,940,0.9127659574468086,0.012765957446808529,10.3869368864263,9.568825483322144,15.463824453418876,2.5668588235657266,4.0392595599804695,0.0,0.012765957446808529,0.2967696253264657,0.4418235558119679,0.15964673913043478
CSGS6,q4_2020,4,robust_condition_cqr,irradiance_outage,non_ramp,4948,0.969482619240097,0.06948261924009702,6.079491475526064,5.3433332443237305,6.888440326599874,1.1134749162520576,2.132040170161083,0.0,0.06948261924009702,0.17369975644360183,0.19681258075999641,
CSGS6,q4_2020,4,robust_condition_cqr,irradiance_outage,ramp,940,0.8861702127659574,0.013829787234042601,9.241215218379697,8.121656060218811,15.99399352022744,2.4417850866438227,4.1472570612971,0.013829787234042601,0.0,0.2640347205251342,0.4569712434350697,0.15964673913043478
CSGS6,q4_2020,4,robust_condition_cqr,recent_power_outage,non_ramp,4948,0.9723120452708165,0.07231204527081647,6.4074638309457885,5.65716552734375,6.981440734033523,1.1887877920907641,2.229178480218725,0.0,0.07231204527081647,0.18307039516987966,0.19946973525810066,
CSGS6,q4_2020,4,robust_condition_cqr,recent_power_outage,ramp,940,0.8829787234042553,0.017021276595744705,10.01411408188733,9.350993394851685,16.617131554093607,2.5964582530662734,4.291487570742481,0.017021276595744705,0.0,0.28611754519678084,0.4747751872598173,0.15964673913043478
CSGS6,q4_2020,4,robust_condition_cqr,weather_outage,non_ramp,4948,0.9535165723524657,0.05351657235246565,5.6221353187513365,4.404071807861328,6.770768099287924,1.1473085364325888,2.1903956906956714,0.0,0.05351657235246565,0.1606324376786096,0.19345051712251213,
CSGS6,q4_2020,4,robust_condition_cqr,weather_outage,ramp,940,0.8691489361702127,0.030851063829787306,8.591736478937117,7.079485774040222,16.57462780138755,2.4245197977484305,4.218120642278111,0.030851063829787306,0.0,0.24547818511248906,0.4735607943253586,0.15964673913043478
CSGS6,q4_2020,4,robust_local_cqr,clean,non_ramp,4948,0.9737267582861763,0.07372675828617625,5.426155064926769,3.833183467388153,5.950750017448509,1.046137057595606,2.0493139053934954,0.0,0.07372675828617625,0.15503300185505056,0.1700214290699574,
CSGS6,q4_2020,4,robust_local_cqr,clean,ramp,940,0.8946808510638298,0.005319148936170248,10.36086340995228,9.831738710403442,17.377133775280512,2.428956121646185,4.243013863279972,0.005319148936170248,0.0,0.29602466885577944,0.49648953643658605,0.15964673913043478
CSGS6,q4_2020,4,robust_local_cqr,combined_outage,non_ramp,4948,0.9731204527081649,0.07312045270816492,7.018276947580762,6.147881031036377,7.914385911724162,1.3971449103340656,2.558837430400795,0.0,0.07312045270816492,0.20052219850230749,0.2261253117635475,
CSGS6,q4_2020,4,robust_local_cqr,combined_outage,ramp,940,0.9297872340425531,0.029787234042553123,11.433325774659417,10.728599071502686,15.460467596170666,2.5668588235657266,4.0392595599804695,0.0,0.029787234042553123,0.3266664507045548,0.44172764560487615,0.15964673913043478
CSGS6,q4_2020,4,robust_local_cqr,irradiance_outage,non_ramp,4948,0.9797898140662894,0.07978981406628938,6.081908535186139,5.16898250579834,6.556078919694611,1.1134749162520576,2.132040170161083,0.0,0.07978981406628938,0.17376881529103255,0.1873165405627032,
CSGS6,q4_2020,4,robust_local_cqr,irradiance_outage,ramp,940,0.9106382978723404,0.010638297872340385,10.973415852102892,10.579689979553223,16.531205555735816,2.4417850866438227,4.1472570612971,0.0,0.010638297872340385,0.3135261672029398,0.472320158735309,0.15964673913043478
CSGS6,q4_2020,4,robust_local_cqr,recent_power_outage,non_ramp,4948,0.9852465642683913,0.08524656426839128,6.494713366997438,5.343644618988037,6.86675546264294,1.1887877920907641,2.229178480218725,0.0,0.08524656426839128,0.18556323905706965,0.1961930132183697,
CSGS6,q4_2020,4,robust_local_cqr,recent_power_outage,ramp,940,0.9117021276595745,0.011702127659574457,11.695825900101788,11.833329200744629,17.17733132959287,2.5964582530662734,4.291487570742481,0.0,0.011702127659574457,0.3341664542886225,0.49078089513122486,0.15964673913043478
CSGS6,q4_2020,4,robust_local_cqr,weather_outage,non_ramp,4948,0.9650363783346807,0.06503637833468068,5.625097622807122,3.883969306945801,6.367371967411409,1.1473085364325888,2.1903956906956714,0.0,0.06503637833468068,0.16071707493734633,0.1819249133546117,
CSGS6,q4_2020,4,robust_local_cqr,weather_outage,ramp,940,0.8978723404255319,0.0021276595744681437,10.384654169670366,9.795068979263306,16.894346723973037,2.4245197977484305,4.218120642278111,0.0021276595744681437,0.0,0.29670440484772476,0.4826956206849439,0.15964673913043478
CSGS6,q4_2020,4,robust_risk_mondrian,clean,non_ramp,4948,0.9583670169765561,0.05836701697655611,5.3021529416228335,3.119861125946045,6.038027249957014,1.046137057595606,2.0493139053934954,0.0,0.05836701697655611,0.15149008404636666,0.1725150642844861,
CSGS6,q4_2020,4,robust_risk_mondrian,clean,ramp,940,0.8978723404255319,0.0021276595744681437,10.04936402552709,8.844704627990723,17.15908407966911,2.428956121646185,4.243013863279972,0.0021276595744681437,0.0,0.28712468644363115,0.49025954513340314,0.15964673913043478
CSGS6,q4_2020,4,robust_risk_mondrian,combined_outage,non_ramp,4948,0.9684721099434115,0.06847210994341146,7.328261825901275,6.517046928405762,8.415730214958579,1.3971449103340656,2.558837430400795,0.0,0.06847210994341146,0.209378909311465,0.24044943471310226,
CSGS6,q4_2020,4,robust_risk_mondrian,combined_outage,ramp,940,0.925531914893617,0.025531914893616947,11.315549522513484,10.589026927947998,15.89563604289111,2.5668588235657266,4.0392595599804695,0.0,0.025531914893616947,0.3233014149289567,0.4541610297968889,0.15964673913043478
CSGS6,q4_2020,4,robust_risk_mondrian,irradiance_outage,non_ramp,4948,0.9781729991915926,0.0781729991915926,6.278900093083951,5.395111083984375,6.818276994470584,1.1134749162520576,2.132040170161083,0.0,0.0781729991915926,0.17939714551668431,0.19480791412773096,
CSGS6,q4_2020,4,robust_risk_mondrian,irradiance_outage,ramp,940,0.9148936170212766,0.014893617021276562,10.758042422816791,9.771177172660828,16.139086734543138,2.4417850866438227,4.1472570612971,0.0,0.014893617021276562,0.30737264065190834,0.46111676384408967,0.15964673913043478
CSGS6,q4_2020,4,robust_risk_mondrian,recent_power_outage,non_ramp,4948,0.9840339531123686,0.08403395311236861,6.776085456943388,5.551929235458374,7.168792062248767,1.1887877920907641,2.229178480218725,0.0,0.08403395311236861,0.19360244162695395,0.20482263034996476,
CSGS6,q4_2020,4,robust_risk_mondrian,recent_power_outage,ramp,940,0.9138297872340425,0.01382978723404249,11.626847425508597,11.176774978637695,16.94349629431288,2.5964582530662734,4.291487570742481,0.0,0.01382978723404249,0.3321956407288171,0.4840998941232251,0.15964673913043478
CSGS6,q4_2020,4,robust_risk_mondrian,weather_outage,non_ramp,4948,0.9486661277283751,0.048666127728375086,5.433049173831386,3.3209320306777954,6.50985067122423,1.1473085364325888,2.1903956906956714,0.0,0.048666127728375086,0.15522997639518246,0.18599573346354945,
CSGS6,q4_2020,4,robust_risk_mondrian,weather_outage,ramp,940,0.8904255319148936,0.009574468085106425,9.71184855146294,8.296515166759491,16.605845396363353,2.4245197977484305,4.218120642278111,0.009574468085106425,0.0,0.2774813871846554,0.47445272561038154,0.15964673913043478
CSGS6,q4_2020,4,robust_rolling_cqr,clean,non_ramp,4948,0.9391673403395311,0.039167340339531065,4.619554962231323,2.961085319519043,5.903524249371099,1.046137057595606,2.0493139053934954,0.0,0.039167340339531065,0.13198728463518067,0.16867212141060284,
CSGS6,q4_2020,4,robust_rolling_cqr,clean,ramp,940,0.8085106382978723,0.09148936170212774,7.439557761576942,6.103502511978149,17.795091467495343,2.428956121646185,4.243013863279972,0.09148936170212774,0.0,0.21255879318791263,0.5084311847855812,0.15964673913043478
CSGS6,q4_2020,4,robust_rolling_cqr,combined_outage,non_ramp,4948,0.9242118027485853,0.024211802748585254,5.524335309779402,4.279756546020508,7.874960653222875,1.3971449103340656,2.558837430400795,0.0,0.024211802748585254,0.1578381517079829,0.22499887580636785,
CSGS6,q4_2020,4,robust_rolling_cqr,combined_outage,ramp,940,0.8308510638297872,0.06914893617021278,8.356868689947147,7.424865484237671,15.75817956564195,2.5668588235657266,4.0392595599804695,0.06914893617021278,0.0,0.23876767685563277,0.4502337018754843,0.15964673913043478
CSGS6,q4_2020,4,robust_rolling_cqr,irradiance_outage,non_ramp,4948,0.9432093775262732,0.043209377526273185,5.124066498564426,4.012263357639313,6.401332453840641,1.1134749162520576,2.132040170161083,0.0,0.043209377526273185,0.14640189995898362,0.18289521296687544,
CSGS6,q4_2020,4,robust_rolling_cqr,irradiance_outage,ramp,940,0.8180851063829787,0.08191489361702131,8.024405520845283,6.823658585548401,16.41415541938833,2.4417850866438227,4.1472570612971,0.08191489361702131,0.0,0.22926872916700808,0.46897586912538086,0.15964673913043478
CSGS6,q4_2020,4,robust_rolling_cqr,recent_power_outage,non_ramp,4948,0.9381568310428456,0.03815683104284562,5.304964790382765,4.130353212356567,6.459934500438885,1.1887877920907641,2.229178480218725,0.0,0.03815683104284562,0.1515704225823647,0.1845695571553967,
CSGS6,q4_2020,4,robust_rolling_cqr,recent_power_outage,ramp,940,0.8308510638297872,0.06914893617021278,8.62626934362417,7.835501551628113,17.076643789482322,2.5964582530662734,4.291487570742481,0.06914893617021278,0.0,0.246464838389262,0.4879041082709235,0.15964673913043478
CSGS6,q4_2020,4,robust_rolling_cqr,weather_outage,non_ramp,4948,0.9304769603880356,0.0304769603880356,4.86815066569434,3.218475341796875,6.5109031084200595,1.1473085364325888,2.1903956906956714,0.0,0.0304769603880356,0.13909001901983828,0.186025803097716,
CSGS6,q4_2020,4,robust_rolling_cqr,weather_outage,ramp,940,0.8287234042553191,0.07127659574468093,7.578931229212043,6.097990989685059,16.96722866285557,2.4245197977484305,4.218120642278111,0.07127659574468093,0.0,0.21654089226320122,0.48477796179587346,0.15964673913043478
CSGS7,q1_2020,1,clean_condition_cqr,clean,non_ramp,5240,0.9620229007633587,0.0620229007633587,3.887710464903398,3.3425791263580322,4.2468041980139555,0.6109450461829753,1.0509575597941634,0.0,0.0620229007633587,0.12959034883011328,0.1415601399337985,
CSGS7,q1_2020,1,clean_condition_cqr,clean,ramp,584,0.4280821917808219,0.4719178082191781,8.477321888702884,8.780839920043945,40.474707768757966,5.232453718169094,6.1885047495861425,0.4719178082191781,0.0,0.2825773962900961,1.3491569256252656,0.10027472527472528
CSGS7,q1_2020,1,clean_condition_cqr,combined_outage,non_ramp,5240,0.8419847328244274,0.058015267175572593,21.217036252713385,21.396224975585938,26.50902989620471,7.9839337543794135,9.909839106745215,0.058015267175572593,0.0,0.7072345417571129,0.8836343298734903,
CSGS7,q1_2020,1,clean_condition_cqr,combined_outage,ramp,584,0.8715753424657534,0.02842465753424661,22.2485369688844,22.230865478515625,27.319207044496927,8.798450646437194,10.54023915044229,0.02842465753424661,0.0,0.7416178989628134,0.9106402348165642,0.10027472527472528
CSGS7,q1_2020,1,clean_condition_cqr,irradiance_outage,non_ramp,5240,0.9330152671755725,0.03301526717557246,8.495169588313518,5.0389018058776855,9.034466143545938,1.0332649000562668,1.598423325267322,0.0,0.03301526717557246,0.2831723196104506,0.30114887145153124,
CSGS7,q1_2020,1,clean_condition_cqr,irradiance_outage,ramp,584,0.6986301369863014,0.20136986301369864,13.362515011470611,15.292449951171875,29.601805001905518,5.0661734044807005,6.1226856848816205,0.20136986301369864,0.0,0.4454171670490204,0.9867268333968506,0.10027472527472528
CSGS7,q1_2020,1,clean_condition_cqr,recent_power_outage,non_ramp,5240,0.8683206106870229,0.03167938931297709,16.496167069345443,14.267848014831543,19.63203315806703,6.081403517848563,7.7759927163376465,0.03167938931297709,0.0,0.5498722356448481,0.654401105268901,
CSGS7,q1_2020,1,clean_condition_cqr,recent_power_outage,ramp,584,0.7773972602739726,0.12260273972602742,19.371114943125477,19.289111137390137,32.56879456075904,7.042236253925382,8.535035362006917,0.12260273972602742,0.0,0.6457038314375159,1.0856264853586346,0.10027472527472528
CSGS7,q1_2020,1,clean_condition_cqr,weather_outage,non_ramp,5240,0.958206106870229,0.05820610687022898,3.8878580274150125,3.475193738937378,4.304655645562083,0.672866383307791,1.1166443658536351,0.0,0.05820610687022898,0.1295952675805004,0.14348852151873612,
CSGS7,q1_2020,1,clean_condition_cqr,weather_outage,ramp,584,0.4315068493150685,0.4684931506849315,8.494858034210255,8.686148643493652,40.72703847916771,5.245633227874712,6.213175410477146,0.4684931506849315,0.0,0.28316193447367516,1.3575679493055903,0.10027472527472528
CSGS7,q1_2020,1,lgbm_condition_cqr,clean,non_ramp,5240,0.9440839694656489,0.04408396946564885,4.1259514798150745,3.9706937074661255,4.548437600735333,0.6464504861946814,1.0749288587267312,0.0,0.04408396946564885,0.13753171599383582,0.15161458669117778,
CSGS7,q1_2020,1,lgbm_condition_cqr,clean,ramp,584,0.6044520547945206,0.29554794520547945,10.891437824458292,10.71423888206482,29.549507792681865,5.360397318772787,6.387101280246923,0.29554794520547945,0.0,0.36304792748194303,0.9849835930893955,0.10027472527472528
CSGS7,q1_2020,1,lgbm_condition_cqr,combined_outage,non_ramp,5240,0.8337786259541985,0.06622137404580153,19.798743748846857,19.17515754699707,23.87376488838487,8.211801969379769,10.163574362253692,0.06622137404580153,0.0,0.6599581249615619,0.7957921629461623,
CSGS7,q1_2020,1,lgbm_condition_cqr,combined_outage,ramp,584,0.8732876712328768,0.02671232876712326,21.699343650308375,22.083105087280273,25.844784574965907,9.084507503023703,10.867132337801946,0.02671232876712326,0.0,0.7233114550102792,0.8614928191655302,0.10027472527472528
CSGS7,q1_2020,1,lgbm_condition_cqr,irradiance_outage,non_ramp,5240,0.9154580152671755,0.015458015267175496,4.945394109906525,4.9552000761032104,5.555866600611847,1.7010748964398459,2.473254035378582,0.0,0.015458015267175496,0.16484647033021751,0.18519555335372825,
CSGS7,q1_2020,1,lgbm_condition_cqr,irradiance_outage,ramp,584,0.6027397260273972,0.2972602739726028,10.845101470714562,10.664444923400879,27.804210703564834,5.038310317037155,6.282822344857196,0.2972602739726028,0.0,0.36150338235715207,0.9268070234521611,0.10027472527472528
CSGS7,q1_2020,1,lgbm_condition_cqr,recent_power_outage,non_ramp,5240,0.8484732824427481,0.05152671755725191,19.573465983922244,18.66682243347168,23.38528087448528,6.715973441394131,8.310841588847651,0.05152671755725191,0.0,0.6524488661307415,0.7795093624828426,
CSGS7,q1_2020,1,lgbm_condition_cqr,recent_power_outage,ramp,584,0.8681506849315068,0.0318493150684932,21.393864316483068,22.147982597351074,25.97195069920527,7.471892272466666,9.11939193076926,0.0318493150684932,0.0,0.7131288105494356,0.865731689973509,0.10027472527472528
CSGS7,q1_2020,1,lgbm_condition_cqr,weather_outage,non_ramp,5240,0.941030534351145,0.04103053435114501,4.0698113824952795,3.929504930973053,4.554853770868483,0.6932379854590639,1.1465628313167484,0.0,0.04103053435114501,0.13566037941650932,0.15182845902894945,
CSGS7,q1_2020,1,lgbm_condition_cqr,weather_outage,ramp,584,0.5804794520547946,0.31952054794520546,10.716821824468367,10.631433010101318,30.721099447739654,5.366257316253486,6.405095521161024,0.31952054794520546,0.0,0.35722739414894555,1.0240366482579886,0.10027472527472528
CSGS7,q1_2020,1,oracle_ramp_mondrian,clean,non_ramp,5240,0.958587786259542,0.058587786259541974,4.242495949287719,3.9740145206451416,4.595413959688256,0.5414994453722367,1.0733946780551518,0.0,0.058587786259541974,0.14141653164292395,0.15318046532294186,
CSGS7,q1_2020,1,oracle_ramp_mondrian,clean,ramp,584,0.863013698630137,0.03698630136986303,16.33238454242173,16.934523582458496,22.133981812668786,5.011882746182119,6.020938503834465,0.03698630136986303,0.0,0.5444128180807244,0.7377993937556262,0.10027472527472528
CSGS7,q1_2020,1,oracle_ramp_mondrian,combined_outage,non_ramp,5240,0.8824427480916031,0.017557251908396965,4.431452723283264,4.426591590046883,7.170271928321911,1.2246858544652666,2.315436021000736,0.017557251908396965,0.0,0.14771509077610878,0.23900906427739704,
CSGS7,q1_2020,1,oracle_ramp_mondrian,combined_outage,ramp,584,0.8715753424657534,0.02842465753424661,16.754768679693917,16.67643654346466,22.138055441604866,4.771420851351426,5.851225146532296,0.02842465753424661,0.0,0.5584922893231306,0.7379351813868289,0.10027472527472528
CSGS7,q1_2020,1,oracle_ramp_mondrian,irradiance_outage,non_ramp,5240,0.9559160305343511,0.055916030534351124,3.653535451051979,2.6498870849609375,4.075276150978449,0.5822487594428599,1.2520675396877097,0.0,0.055916030534351124,0.12178451503506597,0.1358425383659483,
CSGS7,q1_2020,1,oracle_ramp_mondrian,irradiance_outage,ramp,584,0.8647260273972602,0.03527397260273979,16.242092322911795,16.96893286705017,22.20663202308678,4.853042388717606,5.912940614898414,0.03527397260273979,0.0,0.5414030774303932,0.740221067436226,0.10027472527472528
CSGS7,q1_2020,1,oracle_ramp_mondrian,recent_power_outage,non_ramp,5240,0.9209923664122137,0.020992366412213692,5.514424406972064,5.839349746704102,6.429666658728181,1.0778538216275435,1.747301700647447,0.0,0.020992366412213692,0.1838141468990688,0.21432222195760606,
CSGS7,q1_2020,1,oracle_ramp_mondrian,recent_power_outage,ramp,584,0.8698630136986302,0.03013698630136985,16.723092115491355,17.01818037033081,21.735429427797797,4.977153291520926,6.019396789813503,0.03013698630136985,0.0,0.5574364038497118,0.7245143142599265,0.10027472527472528
CSGS7,q1_2020,1,oracle_ramp_mondrian,weather_outage,non_ramp,5240,0.9538167938931298,0.053816793893129766,4.277960866197151,4.07896214723587,4.709525470778302,0.6025815520256348,1.1675592880399421,0.0,0.053816793893129766,0.14259869553990503,0.15698418235927672,
CSGS7,q1_2020,1,oracle_ramp_mondrian,weather_outage,ramp,584,0.8578767123287672,0.042123287671232856,16.216782005089144,16.743053793907166,21.901583688123125,4.979092636234956,5.98334010544247,0.042123287671232856,0.0,0.5405594001696381,0.7300527896041041,0.10027472527472528
CSGS7,q1_2020,1,persistence_condition_cqr,clean,non_ramp,5240,1.0,0.09999999999999998,5.031933866508822,6.362665176391602,5.031933866508822,0.7788171007404573,1.1535624125072392,0.0,0.09999999999999998,0.16773112888362737,0.16773112888362737,
CSGS7,q1_2020,1,persistence_condition_cqr,clean,ramp,584,0.0702054794520548,0.8297945205479452,6.320667159887133,6.362666130065918,66.37547869817354,6.17751311612864,6.89889071071733,0.8297945205479452,0.0,0.2106889053295711,2.2125159566057846,0.10027472527472528
CSGS7,q1_2020,1,persistence_condition_cqr,combined_outage,non_ramp,5240,0.9032442748091603,0.0032442748091602303,20.61193371911272,19.840333938598633,23.969014428861755,6.501937343658282,8.853582652707932,0.0,0.0032442748091602303,0.6870644573037573,0.7989671476287251,
CSGS7,q1_2020,1,persistence_condition_cqr,combined_outage,ramp,584,0.8595890410958904,0.04041095890410962,22.981617348396206,22.566666841506958,30.552940268375693,9.105085027582739,10.728713512491973,0.04041095890410962,0.0,0.7660539116132069,1.0184313422791897,0.10027472527472528
CSGS7,q1_2020,1,persistence_condition_cqr,irradiance_outage,non_ramp,5240,1.0,0.09999999999999998,5.031933866508822,6.362665176391602,5.031933866508822,0.7788171007404573,1.1535624125072392,0.0,0.09999999999999998,0.16773112888362737,0.16773112888362737,
CSGS7,q1_2020,1,persistence_condition_cqr,irradiance_outage,ramp,584,0.0702054794520548,0.8297945205479452,6.320667159887133,6.362666130065918,66.37547869817354,6.17751311612864,6.89889071071733,0.8297945205479452,0.0,0.2106889053295711,2.2125159566057846,0.10027472527472528
CSGS7,q1_2020,1,persistence_condition_cqr,recent_power_outage,non_ramp,5240,0.9032442748091603,0.0032442748091602303,20.61193371911272,19.840333938598633,23.969014428861755,6.501937343658282,8.853582652707932,0.0,0.0032442748091602303,0.6870644573037573,0.7989671476287251,
CSGS7,q1_2020,1,persistence_condition_cqr,recent_power_outage,ramp,584,0.8595890410958904,0.04041095890410962,22.981617348396206,22.566666841506958,30.552940268375693,9.105085027582739,10.728713512491973,0.04041095890410962,0.0,0.7660539116132069,1.0184313422791897,0.10027472527472528
CSGS7,q1_2020,1,persistence_condition_cqr,weather_outage,non_ramp,5240,1.0,0.09999999999999998,5.031933866508822,6.362665176391602,5.031933866508822,0.7788171007404573,1.1535624125072392,0.0,0.09999999999999998,0.16773112888362737,0.16773112888362737,
CSGS7,q1_2020,1,persistence_condition_cqr,weather_outage,ramp,584,0.0702054794520548,0.8297945205479452,6.320667159887133,6.362666130065918,66.37547869817354,6.17751311612864,6.89889071071733,0.8297945205479452,0.0,0.2106889053295711,2.2125159566057846,0.10027472527472528
CSGS7,q1_2020,1,robust_condition_cqr,clean,non_ramp,5240,0.958587786259542,0.058587786259541974,4.242495949287719,3.9740145206451416,4.595413959688256,0.5414994453722367,1.0733946780551518,0.0,0.058587786259541974,0.14141653164292395,0.15318046532294186,
CSGS7,q1_2020,1,robust_condition_cqr,clean,ramp,584,0.5496575342465754,0.35034246575342465,10.01895458475776,10.52945852279663,32.78100367431363,5.011882746182119,6.020938503834465,0.35034246575342465,0.0,0.3339651528252586,1.0927001224771211,0.10027472527472528
CSGS7,q1_2020,1,robust_condition_cqr,combined_outage,non_ramp,5240,0.9206106870229007,0.020610687022900698,5.078460002796549,5.223573207855225,7.036928472058463,1.2246858544652666,2.315436021000736,0.0,0.020610687022900698,0.1692820000932183,0.23456428240194876,
CSGS7,q1_2020,1,robust_condition_cqr,combined_outage,ramp,584,0.6472602739726028,0.25273972602739725,11.071529862840903,10.910298585891724,29.651187918391333,4.771420851351426,5.851225146532296,0.25273972602739725,0.0,0.3690509954280301,0.9883729306130444,0.10027472527472528
CSGS7,q1_2020,1,robust_condition_cqr,irradiance_outage,non_ramp,5240,0.9559160305343511,0.055916030534351124,3.653535451051979,2.6498870849609375,4.075276150978449,0.5822487594428599,1.2520675396877097,0.0,0.055916030534351124,0.12178451503506597,0.1358425383659483,
CSGS7,q1_2020,1,robust_condition_cqr,irradiance_outage,ramp,584,0.577054794520548,0.32294520547945205,10.592101198353179,11.254081964492798,31.548572244301234,4.853042388717606,5.912940614898414,0.32294520547945205,0.0,0.35307003994510594,1.0516190748100411,0.10027472527472528
CSGS7,q1_2020,1,robust_condition_cqr,recent_power_outage,non_ramp,5240,0.9209923664122137,0.020992366412213692,5.514424406972064,5.839349746704102,6.429666658728181,1.0778538216275435,1.747301700647447,0.0,0.020992366412213692,0.1838141468990688,0.21432222195760606,
CSGS7,q1_2020,1,robust_condition_cqr,recent_power_outage,ramp,584,0.6078767123287672,0.29212328767123286,11.07340592316875,11.310070872306824,29.910980317971273,4.977153291520926,6.019396789813503,0.29212328767123286,0.0,0.36911353077229164,0.9970326772657091,0.10027472527472528
CSGS7,q1_2020,1,robust_condition_cqr,weather_outage,non_ramp,5240,0.9538167938931298,0.053816793893129766,4.277960866197151,4.07896214723587,4.709525470778302,0.6025815520256348,1.1675592880399421,0.0,0.053816793893129766,0.14259869553990503,0.15698418235927672,
CSGS7,q1_2020,1,robust_condition_cqr,weather_outage,ramp,584,0.5462328767123288,0.35376712328767124,9.865888609461589,10.316718578338623,33.50720752102055,4.979092636234956,5.98334010544247,0.35376712328767124,0.0,0.32886295364871965,1.1169069173673516,0.10027472527472528
CSGS7,q1_2020,1,robust_local_cqr,clean,non_ramp,5240,0.9862595419847329,0.08625954198473285,4.967866565243358,4.836006760597229,5.053300824958641,0.5414994453722367,1.0733946780551518,0.0,0.08625954198473285,0.1655955521747786,0.1684433608319547,
CSGS7,q1_2020,1,robust_local_cqr,clean,ramp,584,0.7123287671232876,0.1876712328767124,12.485518247246334,12.860548973083496,26.031286064229192,5.011882746182119,6.020938503834465,0.1876712328767124,0.0,0.4161839415748778,0.8677095354743064,0.10027472527472528
CSGS7,q1_2020,1,robust_local_cqr,combined_outage,non_ramp,5240,0.9458015267175572,0.04580152671755722,5.6841348910516745,5.236464500427246,6.570340768179326,1.2246858544652666,2.315436021000736,0.0,0.04580152671755722,0.18947116303505582,0.21901135893931087,
CSGS7,q1_2020,1,robust_local_cqr,combined_outage,ramp,584,0.7808219178082192,0.11917808219178083,13.797683988107776,14.225451350212097,25.0041166859175,4.771420851351426,5.851225146532296,0.11917808219178083,0.0,0.45992279960359256,0.83347055619725,0.10027472527472528
CSGS7,q1_2020,1,robust_local_cqr,irradiance_outage,non_ramp,5240,0.9811068702290077,0.08110687022900764,4.412360486067009,3.442111015319824,4.557719343903491,0.5822487594428599,1.2520675396877097,0.0,0.08110687022900764,0.1470786828689003,0.15192397813011638,
CSGS7,q1_2020,1,robust_local_cqr,irradiance_outage,ramp,584,0.7157534246575342,0.1842465753424658,12.71226337118304,13.345057368278503,26.013397477618227,4.853042388717606,5.912940614898414,0.1842465753424658,0.0,0.423742112372768,0.867113249253941,0.10027472527472528
CSGS7,q1_2020,1,robust_local_cqr,recent_power_outage,non_ramp,5240,0.9721374045801526,0.07213740458015261,6.361496867080445,6.827130198478699,6.604072531697981,1.0778538216275435,1.747301700647447,0.0,0.07213740458015261,0.21204989556934814,0.22013575105659938,
CSGS7,q1_2020,1,robust_local_cqr,recent_power_outage,ramp,584,0.7363013698630136,0.16369863013698638,13.384633884446261,13.49626338481903,24.423082468444353,4.977153291520926,6.019396789813503,0.16369863013698638,0.0,0.44615446281487536,0.814102748948145,0.10027472527472528
CSGS7,q1_2020,1,robust_local_cqr,weather_outage,non_ramp,5240,0.983969465648855,0.08396946564885499,5.001427126241747,4.945944428443909,5.104470660542385,0.6025815520256348,1.1675592880399421,0.0,0.08396946564885499,0.16671423754139159,0.17014902201807952,
CSGS7,q1_2020,1,robust_local_cqr,weather_outage,ramp,584,0.7054794520547946,0.19452054794520546,12.461074489589832,12.930360317230225,26.14737276748231,4.979092636234956,5.98334010544247,0.19452054794520546,0.0,0.4153691496529944,0.8715790922494103,0.10027472527472528
CSGS7,q1_2020,1,robust_risk_mondrian,clean,non_ramp,5240,0.9740458015267176,0.07404580152671758,4.691818882742553,4.030782222747803,4.850728904038623,0.5414994453722367,1.0733946780551518,0.0,0.07404580152671758,0.15639396275808512,0.16169096346795409,
CSGS7,q1_2020,1,robust_risk_mondrian,clean,ramp,584,0.6678082191780822,0.23219178082191783,12.043078721233018,12.831211805343628,27.595970687647796,5.011882746182119,6.020938503834465,0.23219178082191783,0.0,0.40143595737443394,0.9198656895882599,0.10027472527472528
CSGS7,q1_2020,1,robust_risk_mondrian,combined_outage,non_ramp,5240,0.9398854961832062,0.03988549618320614,6.24666614239664,5.799797922372818,7.631716604301446,1.2246858544652666,2.315436021000736,0.0,0.03988549618320614,0.20822220474655465,0.25439055347671485,
CSGS7,q1_2020,1,robust_risk_mondrian,combined_outage,ramp,584,0.7551369863013698,0.1448630136986302,13.695950251008856,14.144675731658936,24.994772278780296,4.771420851351426,5.851225146532296,0.1448630136986302,0.0,0.4565316750336285,0.8331590759593432,0.10027472527472528
CSGS7,q1_2020,1,robust_risk_mondrian,irradiance_outage,non_ramp,5240,0.9742366412213741,0.07423664122137408,4.117364107923765,3.054255485534668,4.328980390392607,0.5822487594428599,1.2520675396877097,0.0,0.07423664122137408,0.1372454702641255,0.14429934634642022,
CSGS7,q1_2020,1,robust_risk_mondrian,irradiance_outage,ramp,584,0.6678082191780822,0.23219178082191783,12.022380624374707,12.83387541770935,27.726838553656044,4.853042388717606,5.912940614898414,0.23219178082191783,0.0,0.4007460208124902,0.9242279517885348,0.10027472527472528
CSGS7,q1_2020,1,robust_risk_mondrian,recent_power_outage,non_ramp,5240,0.9534351145038168,0.05343511450381677,6.017501512224236,6.068964838981628,6.404069124901401,1.0778538216275435,1.747301700647447,0.0,0.05343511450381677,0.20058338374080786,0.2134689708300467,
CSGS7,q1_2020,1,robust_risk_mondrian,recent_power_outage,ramp,584,0.6986301369863014,0.20136986301369864,12.75507636383584,13.14784860610962,25.90749192130688,4.977153291520926,6.019396789813503,0.20136986301369864,0.0,0.42516921212786135,0.8635830640435628,0.10027472527472528
CSGS7,q1_2020,1,robust_risk_mondrian,weather_outage,non_ramp,5240,0.9723282442748091,0.0723282442748091,4.795931441145597,4.200217992067337,4.954509463509422,0.6025815520256348,1.1675592880399421,0.0,0.0723282442748091,0.1598643813715199,0.16515031545031406,
CSGS7,q1_2020,1,robust_risk_mondrian,weather_outage,ramp,584,0.6746575342465754,0.22534246575342465,12.161266275311577,12.901609420776367,27.215502133771572,4.979092636234956,5.98334010544247,0.22534246575342465,0.0,0.40537554251038593,0.9071834044590524,0.10027472527472528
CSGS7,q1_2020,1,robust_rolling_cqr,clean,non_ramp,5240,0.9612595419847328,0.061259541984732824,4.290923574050796,4.043238162994385,4.621586821973415,0.5414994453722367,1.0733946780551518,0.0,0.061259541984732824,0.14303078580169318,0.15405289406578052,
CSGS7,q1_2020,1,robust_rolling_cqr,clean,ramp,584,0.553082191780822,0.34691780821917806,10.087762793908789,10.535140991210938,32.54172907448182,5.011882746182119,6.020938503834465,0.34691780821917806,0.0,0.3362587597969596,1.0847243024827273,0.10027472527472528
CSGS7,q1_2020,1,robust_rolling_cqr,combined_outage,non_ramp,5240,0.9236641221374046,0.023664122137404542,5.352652584858604,5.263924211263657,7.06097235473225,1.2246858544652666,2.315436021000736,0.0,0.023664122137404542,0.17842175282862013,0.23536574515774167,
CSGS7,q1_2020,1,robust_rolling_cqr,combined_outage,ramp,584,0.6712328767123288,0.22876712328767124,11.431737098638735,11.389313697814941,28.770310831243453,4.771420851351426,5.851225146532296,0.22876712328767124,0.0,0.3810579032879578,0.9590103610414484,0.10027472527472528
CSGS7,q1_2020,1,robust_rolling_cqr,irradiance_outage,non_ramp,5240,0.958969465648855,0.05896946564885497,3.693829633748381,2.678074434399605,4.09219409392679,0.5822487594428599,1.2520675396877097,0.0,0.05896946564885497,0.12312765445827936,0.13640646979755966,
CSGS7,q1_2020,1,robust_rolling_cqr,irradiance_outage,ramp,584,0.577054794520548,0.32294520547945205,10.651022131414447,11.306232213973999,31.3570808761128,4.853042388717606,5.912940614898414,0.32294520547945205,0.0,0.35503407104714824,1.04523602920376,0.10027472527472528
CSGS7,q1_2020,1,robust_rolling_cqr,recent_power_outage,non_ramp,5240,0.9431297709923664,0.04312977099236637,5.830060563163246,6.2313162088394165,6.448609044171248,1.0778538216275435,1.747301700647447,0.0,0.04312977099236637,0.19433535210544153,0.21495363480570828,
CSGS7,q1_2020,1,robust_rolling_cqr,recent_power_outage,ramp,584,0.625,0.275,11.467699364465597,11.759324550628662,28.71921097867395,4.977153291520926,6.019396789813503,0.275,0.0,0.3822566454821866,0.957307032622465,0.10027472527472528
CSGS7,q1_2020,1,robust_rolling_cqr,weather_outage,non_ramp,5240,0.9572519083969465,0.057251908396946494,4.348261959325191,4.184083104133606,4.745483594550933,0.6025815520256348,1.1675592880399421,0.0,0.057251908396946494,0.1449420653108397,0.1581827864850311,
CSGS7,q1_2020,1,robust_rolling_cqr,weather_outage,ramp,584,0.5513698630136986,0.3486301369863014,9.969301448701179,10.354442119598389,33.12485113168416,4.979092636234956,5.98334010544247,0.3486301369863014,0.0,0.3323100482900393,1.104161704389472,0.10027472527472528
CSGS7,q1_2020,4,clean_condition_cqr,clean,non_ramp,4369,0.9478141451132982,0.04781414511329818,6.206375564942068,5.35748291015625,7.3361190016245335,1.1744990999442873,2.2002337704106,0.0,0.04781414511329818,0.2068791854980689,0.2445373000541511,
CSGS7,q1_2020,4,clean_condition_cqr,clean,ramp,1455,0.8178694158075601,0.0821305841924399,9.090079816697083,8.42262601852417,18.85774190108647,3.0127457511857716,4.859933762029252,0.0821305841924399,0.0,0.30300266055656944,0.6285913967028823,0.2498282967032967
CSGS7,q1_2020,4,clean_condition_cqr,combined_outage,non_ramp,4369,0.8093385214007782,0.0906614785992218,18.05456451061089,18.20827865600586,24.357623081617646,6.862180992742328,9.37789622146705,0.0906614785992218,0.0,0.601818817020363,0.8119207693872549,
CSGS7,q1_2020,4,clean_condition_cqr,combined_outage,ramp,1455,0.947766323024055,0.047766323024054924,18.574072992514907,20.46879768371582,20.69218414739235,4.872091966169755,6.5243224238753665,0.0,0.047766323024054924,0.6191357664171636,0.689739471579745,0.2498282967032967
CSGS7,q1_2020,4,clean_condition_cqr,irradiance_outage,non_ramp,4369,0.9233234149691005,0.02332341496910051,9.586600067978182,9.13521957397461,11.04993751464963,1.5637616705556345,2.554984745588922,0.0,0.02332341496910051,0.31955333559927274,0.368331250488321,
CSGS7,q1_2020,4,clean_condition_cqr,irradiance_outage,ramp,1455,0.8412371134020619,0.05876288659793816,9.910540976197398,9.893487453460693,16.651832664677315,3.094942257668154,4.694945935824502,0.05876288659793816,0.0,0.3303513658732466,0.5550610888225772,0.2498282967032967
CSGS7,q1_2020,4,clean_condition_cqr,recent_power_outage,non_ramp,4369,0.8919661249713894,0.008033875028610638,14.768489572434849,13.13343334197998,16.986758668918924,4.912539703776601,6.818875990225306,0.008033875028610638,0.0,0.4922829857478283,0.5662252889639642,
CSGS7,q1_2020,4,clean_condition_cqr,recent_power_outage,ramp,1455,0.89553264604811,0.0044673539518900185,13.537422454158241,13.51903212070465,18.61976712545351,3.5294878225184694,4.940162061156477,0.0044673539518900185,0.0,0.45124741513860805,0.6206589041817837,0.2498282967032967
CSGS7,q1_2020,4,clean_condition_cqr,weather_outage,non_ramp,4369,0.9546807049668117,0.054680704966811655,6.750281733752975,6.588436603546143,7.7226220539172665,1.409195755066685,2.362021494076556,0.0,0.054680704966811655,0.22500939112509916,0.25742073513057556,
CSGS7,q1_2020,4,clean_condition_cqr,weather_outage,ramp,1455,0.8130584192439863,0.08694158075601377,9.829069901103813,9.721283435821533,19.688546228180623,3.473124834158397,5.026474404285484,0.08694158075601377,0.0,0.32763566337012706,0.6562848742726874,0.2498282967032967
CSGS7,q1_2020,4,lgbm_condition_cqr,clean,non_ramp,4369,0.9416342412451362,0.04163424124513615,8.297797448947627,6.7514788210392,9.268653672469906,1.1483886744961826,2.081543038858372,0.0,0.04163424124513615,0.2765932482982542,0.30895512241566353,
CSGS7,q1_2020,4,lgbm_condition_cqr,clean,ramp,1455,0.8714776632302406,0.02852233676975946,10.873354057076025,10.678466796875,14.250835246763662,3.28236721069696,5.140230009464465,0.02852233676975946,0.0,0.36244513523586747,0.47502784155878874,0.2498282967032967
CSGS7,q1_2020,4,lgbm_condition_cqr,combined_outage,non_ramp,4369,0.8386358434424354,0.061364156557564664,14.321961013740067,13.315478324890137,16.402421489575804,6.572032842459828,8.909030159563116,0.061364156557564664,0.0,0.4773987004580022,0.5467473829858601,
CSGS7,q1_2020,4,lgbm_condition_cqr,combined_outage,ramp,1455,0.9649484536082474,0.06494845360824741,16.187763409642983,15.761735200881958,16.82296155052471,4.724245194675196,6.284219070765255,0.0,0.06494845360824741,0.5395921136547661,0.5607653850174903,0.2498282967032967
CSGS7,q1_2020,4,lgbm_condition_cqr,irradiance_outage,non_ramp,4369,0.9240100709544519,0.024010070954451845,8.965962311011221,7.5697760581970215,10.078253973148376,2.505147726552143,3.510359800636358,0.0,0.024010070954451845,0.29886541036704073,0.33594179910494587,
CSGS7,q1_2020,4,lgbm_condition_cqr,irradiance_outage,ramp,1455,0.9010309278350516,0.0010309278350515427,11.40227742876019,11.244783401489258,13.858279480955074,3.2871593613446373,4.7679095675191325,0.0,0.0010309278350515427,0.3800759142920063,0.46194264936516916,0.2498282967032967
CSGS7,q1_2020,4,lgbm_condition_cqr,recent_power_outage,non_ramp,4369,0.8347447928587778,0.06525520714122224,12.48985880547215,10.498058080673218,14.206106120274843,4.980681358981384,6.391879771703536,0.06525520714122224,0.0,0.4163286268490716,0.4735368706758281,
CSGS7,q1_2020,4,lgbm_condition_cqr,recent_power_outage,ramp,1455,0.9601374570446736,0.06013745704467355,14.34788259715482,14.115798532962799,15.319548035253005,3.692518930825888,5.0608559886527775,0.0,0.06013745704467355,0.478262753238494,0.5106516011751002,0.2498282967032967
CSGS7,q1_2020,4,lgbm_condition_cqr,weather_outage,non_ramp,4369,0.9279011215381094,0.02790112153810942,8.210374081961156,6.718034982681274,9.30968671227669,1.2266437153302432,2.0923474604022574,0.0,0.02790112153810942,0.27367913606537186,0.310322890409223,
CSGS7,q1_2020,4,lgbm_condition_cqr,weather_outage,ramp,1455,0.8185567010309278,0.08144329896907221,10.893013863330482,10.791083812713623,15.374328637049818,3.6558549319781184,5.278493190766507,0.08144329896907221,0.0,0.3631004621110161,0.512477621234994,0.2498282967032967
CSGS7,q1_2020,4,oracle_ramp_mondrian,clean,non_ramp,4369,0.904097047379263,0.004097047379262975,5.928399136707453,4.194353818893433,7.90803377683217,1.25311419464068,2.491734176760559,0.0,0.004097047379262975,0.19761330455691511,0.26360112589440565,
CSGS7,q1_2020,4,oracle_ramp_mondrian,clean,ramp,1455,0.940893470790378,0.04089347079037797,12.54590808993415,11.413193702697754,14.875066997427925,2.6659110589070516,4.509889215218769,0.0,0.04089347079037797,0.4181969363311383,0.49583556658093086,0.2498282967032967
CSGS7,q1_2020,4,oracle_ramp_mondrian,combined_outage,non_ramp,4369,0.8741130693522545,0.0258869306477455,4.79835620153817,3.1901757195591927,8.531216838465186,1.4471791428767227,2.7833229784655855,0.0258869306477455,0.0,0.15994520671793902,0.2843738946155062,
CSGS7,q1_2020,4,oracle_ramp_mondrian,combined_outage,ramp,1455,0.931958762886598,0.031958762886597936,12.422864918410777,11.13662338256836,16.525666265927025,2.744443007480174,4.472900899929806,0.0,0.031958762886597936,0.41409549728035927,0.5508555421975675,0.2498282967032967
CSGS7,q1_2020,4,oracle_ramp_mondrian,irradiance_outage,non_ramp,4369,0.9073014419775692,0.007301441977569212,5.548949417800745,4.282920837402344,7.720328327130324,1.288386069940488,2.5336362171212365,0.0,0.007301441977569212,0.18496498059335814,0.2573442775710108,
CSGS7,q1_2020,4,oracle_ramp_mondrian,irradiance_outage,ramp,1455,0.9381443298969072,0.03814432989690719,12.704767338719053,11.548254013061523,15.080792582851812,2.6349696397019673,4.4487938218467935,0.0,0.03814432989690719,0.42349224462396845,0.5026930860950604,0.2498282967032967
CSGS7,q1_2020,4,oracle_ramp_mondrian,recent_power_outage,non_ramp,4369,0.9050125886930648,0.005012588693064757,6.636276489784916,5.294059991836548,8.51816975858962,1.4279172229499844,2.6503784874677203,0.0,0.005012588693064757,0.2212092163261639,0.28393899195298733,
CSGS7,q1_2020,4,oracle_ramp_mondrian,recent_power_outage,ramp,1455,0.9457044673539519,0.04570446735395184,12.735849438141072,11.489423751831055,14.625470692645822,2.8019633922497884,4.497814133490624,0.0,0.04570446735395184,0.4245283146047024,0.4875156897548607,0.2498282967032967
CSGS7,q1_2020,4,oracle_ramp_mondrian,weather_outage,non_ramp,4369,0.8892195010299839,0.010780498970016095,5.880841717643418,4.225468158721924,8.361244102742518,1.3028304544509441,2.5581325869724916,0.010780498970016095,0.0,0.1960280572547806,0.2787081367580839,
CSGS7,q1_2020,4,oracle_ramp_mondrian,weather_outage,ramp,1455,0.9298969072164949,0.02989690721649485,12.266890713315188,10.637897491455078,14.810092399086278,2.7528339051561512,4.595501477968836,0.0,0.02989690721649485,0.40889635711050626,0.4936697466362093,0.2498282967032967
CSGS7,q1_2020,4,persistence_condition_cqr,clean,non_ramp,4369,1.0,0.09999999999999998,12.666516848889474,11.894000053405762,12.666516848889474,1.7405404734109122,2.568310383172135,0.0,0.09999999999999998,0.4222172282963158,0.4222172282963158,
CSGS7,q1_2020,4,persistence_condition_cqr,clean,ramp,1455,0.6673539518900343,0.2326460481099657,16.071113918808166,18.073999404907227,35.02430249433076,8.977829063176802,9.405848323269389,0.2326460481099657,0.0,0.5357037972936055,1.1674767498110254,0.2498282967032967
CSGS7,q1_2020,4,persistence_condition_cqr,combined_outage,non_ramp,4369,0.9148546578164339,0.014854657816433914,23.58597972226762,23.187332153320312,26.40217462195649,7.074001150210421,9.782200411064347,0.0,0.014854657816433914,0.7861993240755873,0.8800724873985497,
CSGS7,q1_2020,4,persistence_condition_cqr,combined_outage,ramp,1455,0.8109965635738832,0.08900343642611686,23.244403962487567,23.28333282470703,30.18465730979962,13.190610970307103,14.375048947249045,0.08900343642611686,0.0,0.7748134654162523,1.0061552436599872,0.2498282967032967
CSGS7,q1_2020,4,persistence_condition_cqr,irradiance_outage,non_ramp,4369,1.0,0.09999999999999998,12.666516848889474,11.894000053405762,12.666516848889474,1.7405404734109122,2.568310383172135,0.0,0.09999999999999998,0.4222172282963158,0.4222172282963158,
CSGS7,q1_2020,4,persistence_condition_cqr,irradiance_outage,ramp,1455,0.6673539518900343,0.2326460481099657,16.071113918808166,18.073999404907227,35.02430249433076,8.977829063176802,9.405848323269389,0.2326460481099657,0.0,0.5357037972936055,1.1674767498110254,0.2498282967032967
CSGS7,q1_2020,4,persistence_condition_cqr,recent_power_outage,non_ramp,4369,0.9148546578164339,0.014854657816433914,23.58597972226762,23.187332153320312,26.40217462195649,7.074001150210421,9.782200411064347,0.0,0.014854657816433914,0.7861993240755873,0.8800724873985497,
CSGS7,q1_2020,4,persistence_condition_cqr,recent_power_outage,ramp,1455,0.8109965635738832,0.08900343642611686,23.244403962487567,23.28333282470703,30.18465730979962,13.190610970307103,14.375048947249045,0.08900343642611686,0.0,0.7748134654162523,1.0061552436599872,0.2498282967032967
CSGS7,q1_2020,4,persistence_condition_cqr,weather_outage,non_ramp,4369,1.0,0.09999999999999998,12.666516848889474,11.894000053405762,12.666516848889474,1.7405404734109122,2.568310383172135,0.0,0.09999999999999998,0.4222172282963158,0.4222172282963158,
CSGS7,q1_2020,4,persistence_condition_cqr,weather_outage,ramp,1455,0.6673539518900343,0.2326460481099657,16.071113918808166,18.073999404907227,35.02430249433076,8.977829063176802,9.405848323269389,0.2326460481099657,0.0,0.5357037972936055,1.1674767498110254,0.2498282967032967
CSGS7,q1_2020,4,robust_condition_cqr,clean,non_ramp,4369,0.9347676813916228,0.034767681391622784,6.468446459214523,4.873785018920898,7.9112928127992,1.25311419464068,2.491734176760559,0.0,0.034767681391622784,0.21561488197381745,0.26370976042664,
CSGS7,q1_2020,4,robust_condition_cqr,clean,ramp,1455,0.8391752577319588,0.06082474226804124,8.54444962591381,7.1700828075408936,15.120243796418801,2.6659110589070516,4.509889215218769,0.06082474226804124,0.0,0.2848149875304603,0.5040081265472934,0.2498282967032967
CSGS7,q1_2020,4,robust_condition_cqr,combined_outage,non_ramp,4369,0.9347676813916228,0.034767681391622784,6.202129933357232,4.913722991943359,8.263183585398153,1.4471791428767227,2.7833229784655855,0.0,0.034767681391622784,0.20673766444524105,0.2754394528466051,
CSGS7,q1_2020,4,robust_condition_cqr,combined_outage,ramp,1455,0.8536082474226804,0.046391752577319645,8.727433871127076,7.160768508911133,16.928361190727486,2.744443007480174,4.472900899929806,0.046391752577319645,0.0,0.2909144623709025,0.5642787063575828,0.2498282967032967
CSGS7,q1_2020,4,robust_condition_cqr,irradiance_outage,non_ramp,4369,0.9345387960631724,0.03453879606317234,6.077983453526622,4.908695220947266,7.723145911100852,1.288386069940488,2.5336362171212365,0.0,0.03453879606317234,0.2025994484508874,0.25743819703669507,
CSGS7,q1_2020,4,robust_condition_cqr,irradiance_outage,ramp,1455,0.8467353951890034,0.053264604810996596,8.530893975112882,7.270468711853027,15.30481635951261,2.6349696397019673,4.4487938218467935,0.053264604810996596,0.0,0.2843631325037627,0.510160545317087,0.2498282967032967
CSGS7,q1_2020,4,robust_condition_cqr,recent_power_outage,non_ramp,4369,0.9386587319752804,0.03865873197528036,7.2443027303547565,6.063715696334839,8.525318863498455,1.4279172229499844,2.6503784874677203,0.0,0.03865873197528036,0.2414767576784919,0.2841772954499485,
CSGS7,q1_2020,4,robust_condition_cqr,recent_power_outage,ramp,1455,0.8515463917525773,0.04845360824742273,9.34448224401799,7.9447513818740845,14.546981526746757,2.8019633922497884,4.497814133490624,0.04845360824742273,0.0,0.31148274146726634,0.4848993842248919,0.2498282967032967
CSGS7,q1_2020,4,robust_condition_cqr,weather_outage,non_ramp,4369,0.929732204165713,0.029732204165712983,6.547786616269599,5.067514896392822,8.295052882608552,1.3028304544509441,2.5581325869724916,0.0,0.029732204165712983,0.2182595538756533,0.2765017627536184,
CSGS7,q1_2020,4,robust_condition_cqr,weather_outage,ramp,1455,0.8446735395189003,0.05532646048109968,8.42422147739,6.589698791503906,15.144258657923524,2.7528339051561512,4.595501477968836,0.05532646048109968,0.0,0.2808073825796667,0.5048086219307841,0.2498282967032967
CSGS7,q1_2020,4,robust_local_cqr,clean,non_ramp,4369,0.9613183794918746,0.061318379491874575,6.952857779019407,6.458229064941406,7.6356034278662195,1.25311419464068,2.491734176760559,0.0,0.061318379491874575,0.23176192596731357,0.25452011426220733,
CSGS7,q1_2020,4,robust_local_cqr,clean,ramp,1455,0.8701030927835052,0.02989690721649485,10.052557531068592,8.48093843460083,14.670137053125584,2.6659110589070516,4.509889215218769,0.02989690721649485,0.0,0.33508525103561976,0.4890045684375195,0.2498282967032967
CSGS7,q1_2020,4,robust_local_cqr,combined_outage,non_ramp,4369,0.9567406729228657,0.056740672922865665,6.71215364052039,5.541814804077148,7.772729237405419,1.4471791428767227,2.7833229784655855,0.0,0.056740672922865665,0.22373845468401302,0.25909097458018066,
CSGS7,q1_2020,4,robust_local_cqr,combined_outage,ramp,1455,0.8831615120274914,0.016838487972508642,10.024192141879452,8.647144764661789,15.776545267556939,2.744443007480174,4.472900899929806,0.016838487972508642,0.0,0.3341397380626484,0.5258848422518979,0.2498282967032967
CSGS7,q1_2020,4,robust_local_cqr,irradiance_outage,non_ramp,4369,0.9585717555504693,0.05857175555046923,6.896851415366904,6.185518264770508,7.69956654773479,1.288386069940488,2.5336362171212365,0.0,0.05857175555046923,0.2298950471788968,0.2566522182578263,
CSGS7,q1_2020,4,robust_local_cqr,irradiance_outage,ramp,1455,0.8804123711340206,0.019587628865979423,10.13143577996955,8.735541701316833,14.774338623060432,2.6349696397019673,4.4487938218467935,0.019587628865979423,0.0,0.337714525998985,0.4924779541020144,0.2498282967032967
CSGS7,q1_2020,4,robust_local_cqr,recent_power_outage,non_ramp,4369,0.9707026779583429,0.07070267795834284,8.21216946184817,7.551986217498779,8.774637127585205,1.4279172229499844,2.6503784874677203,0.0,0.07070267795834284,0.2737389820616057,0.29248790425284016,
CSGS7,q1_2020,4,robust_local_cqr,recent_power_outage,ramp,1455,0.8907216494845361,0.009278350515463885,10.887999226718891,9.698734283447266,14.046053332939609,2.8019633922497884,4.497814133490624,0.009278350515463885,0.0,0.36293330755729636,0.4682017777646536,0.2498282967032967
CSGS7,q1_2020,4,robust_local_cqr,weather_outage,non_ramp,4369,0.9512474250400549,0.05124742504005486,6.986244073390189,6.410899639129639,7.890699437475744,1.3028304544509441,2.5581325869724916,0.0,0.05124742504005486,0.23287480244633965,0.2630233145825248,
CSGS7,q1_2020,4,robust_local_cqr,weather_outage,ramp,1455,0.8838487972508591,0.016151202749140947,9.90814181441062,8.277138710021973,14.269797760732327,2.7528339051561512,4.595501477968836,0.016151202749140947,0.0,0.3302713938136873,0.47565992535774426,0.2498282967032967
CSGS7,q1_2020,4,robust_risk_mondrian,clean,non_ramp,4369,0.9457541771572442,0.04575417715724417,6.599727246623519,5.433832168579102,7.5448079962539385,1.25311419464068,2.491734176760559,0.0,0.04575417715724417,0.21999090822078396,0.25149359987513126,
CSGS7,q1_2020,4,robust_risk_mondrian,clean,ramp,1455,0.8865979381443299,0.013402061855670167,9.930266409907555,8.6283278465271,14.881402390826608,2.6659110589070516,4.509889215218769,0.013402061855670167,0.0,0.33100888033025183,0.4960467463608869,0.2498282967032967
CSGS7,q1_2020,4,robust_risk_mondrian,combined_outage,non_ramp,4369,0.9391165026321813,0.03911650263218125,6.3373948276167855,5.257218360900879,8.165155843270545,1.4471791428767227,2.7833229784655855,0.0,0.03911650263218125,0.21124649425389286,0.2721718614423515,
CSGS7,q1_2020,4,robust_risk_mondrian,combined_outage,ramp,1455,0.8625429553264605,0.0374570446735395,9.128525865953378,7.837357521057129,16.90974971979219,2.744443007480174,4.472900899929806,0.0374570446735395,0.0,0.30428419553177927,0.563658323993073,0.2498282967032967
CSGS7,q1_2020,4,robust_risk_mondrian,irradiance_outage,non_ramp,4369,0.955367360952163,0.05536736095216299,6.514799051311739,5.605709075927734,7.387971031743757,1.288386069940488,2.5336362171212365,0.0,0.05536736095216299,0.21715996837705795,0.24626570105812523,
CSGS7,q1_2020,4,robust_risk_mondrian,irradiance_outage,ramp,1455,0.8969072164948454,0.003092783505154628,10.361702089361156,9.180125892162323,15.241778997934817,2.6349696397019673,4.4487938218467935,0.003092783505154628,0.0,0.3453900696453719,0.5080592999311606,0.2498282967032967
CSGS7,q1_2020,4,robust_risk_mondrian,recent_power_outage,non_ramp,4369,0.9565117875944152,0.05651178759441522,7.732556503670446,6.823079586029053,8.573336454326826,1.4279172229499844,2.6503784874677203,0.0,0.05651178759441522,0.2577518834556815,0.2857778818108942,
CSGS7,q1_2020,4,robust_risk_mondrian,recent_power_outage,ramp,1455,0.89553264604811,0.0044673539518900185,10.392314541745048,9.012191951274872,14.298050092622203,2.8019633922497884,4.497814133490624,0.0044673539518900185,0.0,0.34641048472483493,0.4766016697540734,0.2498282967032967
CSGS7,q1_2020,4,robust_risk_mondrian,weather_outage,non_ramp,4369,0.9395742732890822,0.03957427328908214,6.665475158302866,4.95024299621582,7.899018957465763,1.3028304544509441,2.5581325869724916,0.0,0.03957427328908214,0.2221825052767622,0.26330063191552544,
CSGS7,q1_2020,4,robust_risk_mondrian,weather_outage,ramp,1455,0.8893470790378006,0.010652920962199386,9.973898810207126,8.30727243423462,14.845386598525486,2.7528339051561512,4.595501477968836,0.010652920962199386,0.0,0.33246329367357086,0.49484621995084954,0.2498282967032967
CSGS7,q1_2020,4,robust_rolling_cqr,clean,non_ramp,4369,0.9299610894941635,0.02996108949416343,6.405676561608507,4.78650164604187,7.921049962555841,1.25311419464068,2.491734176760559,0.0,0.02996108949416343,0.2135225520536169,0.26403499875186137,
CSGS7,q1_2020,4,robust_rolling_cqr,clean,ramp,1455,0.829553264604811,0.07044673539518898,8.463923864049818,7.021805286407471,15.24510130803647,2.6659110589070516,4.509889215218769,0.07044673539518898,0.0,0.28213079546832726,0.5081700436012156,0.2498282967032967
CSGS7,q1_2020,4,robust_rolling_cqr,combined_outage,non_ramp,4369,0.9208056763561455,0.020805676356145497,5.905209933726021,4.359397888183594,8.313807802176287,1.4471791428767227,2.7833229784655855,0.0,0.020805676356145497,0.1968403311242007,0.2771269267392096,
CSGS7,q1_2020,4,robust_rolling_cqr,combined_outage,ramp,1455,0.8350515463917526,0.06494845360824741,8.36378240941086,7.1900158524513245,17.239009669862202,2.744443007480174,4.472900899929806,0.06494845360824741,0.0,0.278792746980362,0.5746336556620734,0.2498282967032967
CSGS7,q1_2020,4,robust_rolling_cqr,irradiance_outage,non_ramp,4369,0.9272144655527581,0.027214465552758083,6.012783275957994,4.791172027587891,7.727895221489736,1.288386069940488,2.5336362171212365,0.0,0.027214465552758083,0.2004261091985998,0.2575965073829912,
CSGS7,q1_2020,4,robust_rolling_cqr,irradiance_outage,ramp,1455,0.8467353951890034,0.053264604810996596,8.450683716797235,7.281968116760254,15.431644523398521,2.6349696397019673,4.4487938218467935,0.053264604810996596,0.0,0.2816894572265745,0.5143881507799507,0.2498282967032967
CSGS7,q1_2020,4,robust_rolling_cqr,recent_power_outage,non_ramp,4369,0.9283588921950103,0.02835889219501031,7.088652996294342,5.804922342300415,8.529368225547758,1.4279172229499844,2.6503784874677203,0.0,0.02835889219501031,0.23628843320981138,0.2843122741849253,
CSGS7,q1_2020,4,robust_rolling_cqr,recent_power_outage,ramp,1455,0.8481099656357388,0.051890034364261206,9.152918726953764,7.815217018127441,14.598712742078051,2.8019633922497884,4.497814133490624,0.051890034364261206,0.0,0.30509729089845883,0.4866237580692684,0.2498282967032967
CSGS7,q1_2020,4,robust_rolling_cqr,weather_outage,non_ramp,4369,0.925612268253605,0.025612268253604964,6.492056372642396,4.861101150512695,8.302545020405162,1.3028304544509441,2.5581325869724916,0.0,0.025612268253604964,0.21640187908807987,0.27675150068017207,
CSGS7,q1_2020,4,robust_rolling_cqr,weather_outage,ramp,1455,0.8336769759450172,0.0663230240549828,8.372837992959266,6.7531280517578125,15.226383162441318,2.7528339051561512,4.595501477968836,0.0663230240549828,0.0,0.27909459976530887,0.5075461054147106,0.2498282967032967
CSGS7,q2_2020,1,clean_condition_cqr,clean,non_ramp,5020,0.947011952191235,0.047011952191234996,3.290249135387102,2.813776731491089,3.770027853486516,0.5890958355111935,1.054502670901399,0.0,0.047011952191234996,0.10967497117957008,0.1256675951162172,
CSGS7,q2_2020,1,clean_condition_cqr,clean,ramp,804,0.44154228855721395,0.4584577114427861,8.058335184986095,8.195312261581421,32.85739624486374,4.79713013137034,5.469739541230994,0.4584577114427861,0.0,0.26861117283286984,1.0952465414954582,0.13804945054945056
CSGS7,q2_2020,1,clean_condition_cqr,combined_outage,non_ramp,5020,0.9852589641434263,0.08525896414342626,22.09070520401001,21.979320526123047,22.28559663590207,6.028590407331596,7.56803684568693,0.0,0.08525896414342626,0.736356840133667,0.7428532211967357,
CSGS7,q2_2020,1,clean_condition_cqr,combined_outage,ramp,804,0.972636815920398,0.07263681592039795,23.23941750312919,23.306293487548828,24.01489744138955,7.407520344082396,8.994071039675376,0.0,0.07263681592039795,0.7746472501043064,0.8004965813796516,0.13804945054945056
CSGS7,q2_2020,1,clean_condition_cqr,irradiance_outage,non_ramp,5020,0.9577689243027888,0.05776892430278879,6.15923206991202,4.070873141288757,6.564526156252747,0.7360478881670757,1.2525244556988095,0.0,0.05776892430278879,0.205307735663734,0.21881753854175823,
CSGS7,q2_2020,1,clean_condition_cqr,irradiance_outage,ramp,804,0.677860696517413,0.22213930348258704,11.183012624187812,11.746623039245605,23.037777857007043,4.556555273224466,5.265164777191942,0.22213930348258704,0.0,0.3727670874729271,0.7679259285669015,0.13804945054945056
CSGS7,q2_2020,1,clean_condition_cqr,recent_power_outage,non_ramp,5020,0.9768924302788845,0.07689243027888448,17.758797219455005,16.492549896240234,18.226753481260808,5.247580079460494,6.823712291884213,0.0,0.07689243027888448,0.5919599073151668,0.6075584493753603,
CSGS7,q2_2020,1,clean_condition_cqr,recent_power_outage,ramp,804,0.8793532338308457,0.020646766169154285,20.254793292847438,19.684178352355957,25.59306370796849,6.729607596400365,8.27492158813967,0.020646766169154285,0.0,0.675159776428248,0.8531021235989497,0.13804945054945056
CSGS7,q2_2020,1,clean_condition_cqr,weather_outage,non_ramp,5020,0.950796812749004,0.05079681274900394,3.2859297037447908,2.8406918048858643,3.76302962267212,0.5755675073095913,1.0205366992772051,0.0,0.05079681274900394,0.10953099012482635,0.12543432075573732,
CSGS7,q2_2020,1,clean_condition_cqr,weather_outage,ramp,804,0.44154228855721395,0.4584577114427861,8.092419877639086,8.320963621139526,33.16407957294057,4.8508847235407755,5.51924142008827,0.4584577114427861,0.0,0.26974732925463624,1.1054693190980192,0.13804945054945056
CSGS7,q2_2020,1,lgbm_condition_cqr,clean,non_ramp,5020,0.9404382470119522,0.0404382470119522,4.2535876752186725,3.461823582649231,4.59711388898109,0.5714109177293744,0.9850914899029292,0.0,0.0404382470119522,0.1417862558406224,0.153237129632703,
CSGS7,q2_2020,1,lgbm_condition_cqr,clean,ramp,804,0.6728855721393034,0.22711442786069658,10.688345419641454,10.72422170639038,21.647454661775882,5.003002421025752,5.638888034496076,0.22711442786069658,0.0,0.3562781806547151,0.7215818220591961,0.13804945054945056
CSGS7,q2_2020,1,lgbm_condition_cqr,combined_outage,non_ramp,5020,0.9858565737051793,0.0858565737051793,19.923711592457686,19.442851066589355,20.110524832964895,6.196459164532028,7.890003756428052,0.0,0.0858565737051793,0.6641237197485895,0.6703508277654965,
CSGS7,q2_2020,1,lgbm_condition_cqr,combined_outage,ramp,804,0.9651741293532339,0.06517412935323386,22.4479909014346,23.15924072265625,23.300019572623334,8.009731661991694,9.631472739587899,0.0,0.06517412935323386,0.7482663633811534,0.7766673190874445,0.13804945054945056
CSGS7,q2_2020,1,lgbm_condition_cqr,irradiance_outage,non_ramp,5020,0.8768924302788844,0.023107569721115606,5.100924650439958,4.047687828540802,5.7742062063840525,0.8315842595027108,1.2556793659346395,0.023107569721115606,0.0,0.17003082168133193,0.19247354021280175,
CSGS7,q2_2020,1,lgbm_condition_cqr,irradiance_outage,ramp,804,0.7325870646766169,0.16741293532338308,11.425182326145434,11.548651218414307,20.13686674203149,4.7366788851708845,5.455771330552454,0.16741293532338308,0.0,0.38083941087151446,0.6712288914010497,0.13804945054945056
CSGS7,q2_2020,1,lgbm_condition_cqr,recent_power_outage,non_ramp,5020,0.9902390438247012,0.09023904382470116,19.773709429972676,18.975788116455078,19.891817769016402,5.712465124840726,7.139318766732593,0.0,0.09023904382470116,0.6591236476657559,0.6630605923005467,
CSGS7,q2_2020,1,lgbm_condition_cqr,recent_power_outage,ramp,804,0.9601990049751243,0.060199004975124315,22.2978662163464,22.83031463623047,23.24225520850414,7.292329238199476,8.875836403890611,0.0,0.060199004975124315,0.7432622072115467,0.7747418402834714,0.13804945054945056
CSGS7,q2_2020,1,lgbm_condition_cqr,weather_outage,non_ramp,5020,0.950398406374502,0.05039840637450199,4.303520271926376,3.4813448786735535,4.620180213577912,0.570043735228355,0.9848587219215357,0.0,0.05039840637450199,0.14345067573087922,0.15400600711926374,
CSGS7,q2_2020,1,lgbm_condition_cqr,weather_outage,ramp,804,0.6791044776119403,0.22089552238805976,10.755297641330097,10.748358488082886,21.682871630906465,5.004274368725151,5.642986949834619,0.22089552238805976,0.0,0.3585099213776699,0.7227623876968822,0.13804945054945056
CSGS7,q2_2020,1,oracle_ramp_mondrian,clean,non_ramp,5020,0.951195219123506,0.051195219123506,4.025834633957059,3.262941360473633,4.391072678998316,0.6620504741323532,1.2139932201365555,0.0,0.051195219123506,0.13419448779856863,0.14636908929994386,
CSGS7,q2_2020,1,oracle_ramp_mondrian,clean,ramp,804,0.9502487562189055,0.050248756218905455,17.376702151096783,17.590879559516907,18.889400109924395,4.548084988346814,5.29430426966188,0.0,0.050248756218905455,0.5792234050365594,0.6296466703308131,0.13804945054945056
CSGS7,q2_2020,1,oracle_ramp_mondrian,combined_outage,non_ramp,5020,0.8912350597609562,0.008764940239043839,5.140942611853778,4.635113000869751,7.937282124281683,1.4103143806554146,2.5441705638837284,0.008764940239043839,0.0,0.17136475372845927,0.26457607080938944,
CSGS7,q2_2020,1,oracle_ramp_mondrian,combined_outage,ramp,804,0.9427860696517413,0.042786069651741254,17.32110186348164,17.69698405265808,18.822167912125124,4.094306391659216,4.9992882883060075,0.0,0.042786069651741254,0.5773700621160547,0.6274055970708374,0.13804945054945056
CSGS7,q2_2020,1,oracle_ramp_mondrian,irradiance_outage,non_ramp,5020,0.9482071713147411,0.04820717131474106,4.296312656256765,3.480149745941162,4.798242590347417,0.7475714036152589,1.3748330952431922,0.0,0.04820717131474106,0.1432104218752255,0.15994141967824724,
CSGS7,q2_2020,1,oracle_ramp_mondrian,irradiance_outage,ramp,804,0.9626865671641791,0.06268656716417909,16.985266521540634,17.396476984024048,18.289524048460247,4.352863744410932,5.1303489526225095,0.0,0.06268656716417909,0.5661755507180212,0.6096508016153416,0.13804945054945056
CSGS7,q2_2020,1,oracle_ramp_mondrian,recent_power_outage,non_ramp,5020,0.950597609561753,0.050597609561752965,5.698957935730603,5.257719948887825,6.188187692259328,0.9012952416164449,1.5752013494897983,0.0,0.050597609561752965,0.18996526452435344,0.20627292307531095,
CSGS7,q2_2020,1,oracle_ramp_mondrian,recent_power_outage,ramp,804,0.9527363184079602,0.052736318407960225,17.636877608542857,17.92428743839264,18.984421576439885,4.474720963070735,5.288183201471548,0.0,0.052736318407960225,0.5878959202847619,0.6328140525479962,0.13804945054945056
CSGS7,q2_2020,1,oracle_ramp_mondrian,weather_outage,non_ramp,5020,0.948804780876494,0.04880478087649398,4.0739106762331385,3.4830562472343445,4.479564397904616,0.6675354727021384,1.2124122175530831,0.0,0.04880478087649398,0.13579702254110462,0.1493188132634872,
CSGS7,q2_2020,1,oracle_ramp_mondrian,weather_outage,ramp,804,0.9564676616915423,0.05646766169154227,17.627428794121577,17.770415127277374,18.99826419920561,4.532153475570923,5.273526423656404,0.0,0.05646766169154227,0.5875809598040526,0.6332754733068537,0.13804945054945056
CSGS7,q2_2020,1,persistence_condition_cqr,clean,non_ramp,5020,1.0,0.09999999999999998,4.776679519298338,6.015998840332031,4.776679519298338,0.715305439949748,1.048657545651805,0.0,0.09999999999999998,0.15922265064327795,0.15922265064327795,
CSGS7,q2_2020,1,persistence_condition_cqr,clean,ramp,804,0.007462686567164179,0.8925373134328358,6.0016376383831975,6.015999794006348,59.18583299051762,5.667179064890045,6.191004427245982,0.8925373134328358,0.0,0.2000545879461066,1.9728610996839206,0.13804945054945056
CSGS7,q2_2020,1,persistence_condition_cqr,combined_outage,non_ramp,5020,0.9747011952191235,0.07470119521912344,20.558502151622843,19.115999221801758,21.703559578336456,5.1451491367157205,7.167426607161019,0.0,0.07470119521912344,0.6852834050540948,0.7234519859445485,
CSGS7,q2_2020,1,persistence_condition_cqr,combined_outage,ramp,804,0.9390547263681592,0.03905472636815921,24.66969341711739,24.866666078567505,26.989884788024504,7.5562172520961335,9.029478322798921,0.0,0.03905472636815921,0.822323113903913,0.8996628262674835,0.13804945054945056
CSGS7,q2_2020,1,persistence_condition_cqr,irradiance_outage,non_ramp,5020,1.0,0.09999999999999998,4.776679519298338,6.015998840332031,4.776679519298338,0.715305439949748,1.048657545651805,0.0,0.09999999999999998,0.15922265064327795,0.15922265064327795,
CSGS7,q2_2020,1,persistence_condition_cqr,irradiance_outage,ramp,804,0.007462686567164179,0.8925373134328358,6.0016376383831975,6.015999794006348,59.18583299051762,5.667179064890045,6.191004427245982,0.8925373134328358,0.0,0.2000545879461066,1.9728610996839206,0.13804945054945056
CSGS7,q2_2020,1,persistence_condition_cqr,recent_power_outage,non_ramp,5020,0.9747011952191235,0.07470119521912344,20.558502151622843,19.115999221801758,21.703559578336456,5.1451491367157205,7.167426607161019,0.0,0.07470119521912344,0.6852834050540948,0.7234519859445485,
CSGS7,q2_2020,1,persistence_condition_cqr,recent_power_outage,ramp,804,0.9390547263681592,0.03905472636815921,24.66969341711739,24.866666078567505,26.989884788024504,7.5562172520961335,9.029478322798921,0.0,0.03905472636815921,0.822323113903913,0.8996628262674835,0.13804945054945056
CSGS7,q2_2020,1,persistence_condition_cqr,weather_outage,non_ramp,5020,1.0,0.09999999999999998,4.776679519298338,6.015998840332031,4.776679519298338,0.715305439949748,1.048657545651805,0.0,0.09999999999999998,0.15922265064327795,0.15922265064327795,
CSGS7,q2_2020,1,persistence_condition_cqr,weather_outage,ramp,804,0.007462686567164179,0.8925373134328358,6.0016376383831975,6.015999794006348,59.18583299051762,5.667179064890045,6.191004427245982,0.8925373134328358,0.0,0.2000545879461066,1.9728610996839206,0.13804945054945056
CSGS7,q2_2020,1,robust_condition_cqr,clean,non_ramp,5020,0.951195219123506,0.051195219123506,4.025834633957059,3.262941360473633,4.391072678998316,0.6620504741323532,1.2139932201365555,0.0,0.051195219123506,0.13419448779856863,0.14636908929994386,
CSGS7,q2_2020,1,robust_condition_cqr,clean,ramp,804,0.6181592039800995,0.28184079601990053,9.752801763106934,9.899783611297607,24.651555367444285,4.548084988346814,5.29430426966188,0.28184079601990053,0.0,0.32509339210356447,0.8217185122481429,0.13804945054945056
CSGS7,q2_2020,1,robust_condition_cqr,combined_outage,non_ramp,5020,0.9185258964143427,0.018525896414342657,5.686289623708082,5.301793098449707,7.845777744703752,1.4103143806554146,2.5441705638837284,0.0,0.018525896414342657,0.18954298745693607,0.2615259248234584,
CSGS7,q2_2020,1,robust_condition_cqr,combined_outage,ramp,804,0.7263681592039801,0.1736318407960199,11.124455885326869,11.397427558898926,21.45791462060546,4.094306391659216,4.9992882883060075,0.1736318407960199,0.0,0.3708151961775623,0.7152638206868487,0.13804945054945056
CSGS7,q2_2020,1,robust_condition_cqr,irradiance_outage,non_ramp,5020,0.9482071713147411,0.04820717131474106,4.296312656256765,3.480149745941162,4.798242590347417,0.7475714036152589,1.3748330952431922,0.0,0.04820717131474106,0.1432104218752255,0.15994141967824724,
CSGS7,q2_2020,1,robust_condition_cqr,irradiance_outage,ramp,804,0.6417910447761194,0.25820895522388065,10.185735193440872,10.497036337852478,22.508036516878445,4.352863744410932,5.1303489526225095,0.25820895522388065,0.0,0.33952450644802906,0.7502678838959481,0.13804945054945056
CSGS7,q2_2020,1,robust_condition_cqr,recent_power_outage,non_ramp,5020,0.9559760956175298,0.05597609561752981,5.7367314248548125,5.3032128512859344,6.204601138004993,0.9012952416164449,1.5752013494897983,0.0,0.05597609561752981,0.19122438082849375,0.20682003793349976,
CSGS7,q2_2020,1,robust_condition_cqr,recent_power_outage,ramp,804,0.6902985074626866,0.2097014925373134,11.061759634156576,11.274821281433105,22.28405970992956,4.474720963070735,5.288183201471548,0.2097014925373134,0.0,0.36872532113855255,0.7428019903309854,0.13804945054945056
CSGS7,q2_2020,1,robust_condition_cqr,weather_outage,non_ramp,5020,0.948804780876494,0.04880478087649398,4.0739106762331385,3.4830562472343445,4.479564397904616,0.6675354727021384,1.2124122175530831,0.0,0.04880478087649398,0.13579702254110462,0.1493188132634872,
CSGS7,q2_2020,1,robust_condition_cqr,weather_outage,ramp,804,0.6156716417910447,0.2843283582089553,9.810556645602432,9.877221941947937,24.272161289271136,4.532153475570923,5.273526423656404,0.2843283582089553,0.0,0.3270185548534144,0.8090720429757046,0.13804945054945056
CSGS7,q2_2020,1,robust_local_cqr,clean,non_ramp,5020,0.9679282868525897,0.06792828685258967,4.690569150877952,3.29244327545166,4.8657983398983955,0.6620504741323532,1.2139932201365555,0.0,0.06792828685258967,0.15635230502926506,0.16219327799661318,
CSGS7,q2_2020,1,robust_local_cqr,clean,ramp,804,0.7835820895522388,0.11641791044776117,12.433598014604838,12.911360740661621,20.334885728800327,4.548084988346814,5.29430426966188,0.11641791044776117,0.0,0.4144532671534946,0.6778295242933442,0.13804945054945056
CSGS7,q2_2020,1,robust_local_cqr,combined_outage,non_ramp,5020,0.9356573705179283,0.03565737051792828,5.912842705873441,4.202104806900024,7.098710900894053,1.4103143806554146,2.5441705638837284,0.0,0.03565737051792828,0.19709475686244804,0.23662369669646843,
CSGS7,q2_2020,1,robust_local_cqr,combined_outage,ramp,804,0.8233830845771144,0.07661691542288562,13.343471485880476,14.462527513504028,19.516051975055714,4.094306391659216,4.9992882883060075,0.07661691542288562,0.0,0.44478238286268257,0.6505350658351905,0.13804945054945056
CSGS7,q2_2020,1,robust_local_cqr,irradiance_outage,non_ramp,5020,0.9651394422310757,0.0651394422310757,4.848615088526858,3.5164310336112976,5.103522080606545,0.7475714036152589,1.3748330952431922,0.0,0.0651394422310757,0.16162050295089528,0.17011740268688486,
CSGS7,q2_2020,1,robust_local_cqr,irradiance_outage,ramp,804,0.777363184079602,0.12263681592039799,12.294618927445077,12.780935525894165,19.284040042437816,4.352863744410932,5.1303489526225095,0.12263681592039799,0.0,0.4098206309148359,0.6428013347479272,0.13804945054945056
CSGS7,q2_2020,1,robust_local_cqr,recent_power_outage,non_ramp,5020,0.9778884462151395,0.07788844621513946,6.4111642465134775,5.499751925468445,6.575994014763437,0.9012952416164449,1.5752013494897983,0.0,0.07788844621513946,0.21370547488378258,0.21919980049211457,
CSGS7,q2_2020,1,robust_local_cqr,recent_power_outage,ramp,804,0.8171641791044776,0.08283582089552244,13.312070147259467,13.851012706756592,19.348169240433332,4.474720963070735,5.288183201471548,0.08283582089552244,0.0,0.44373567157531557,0.644938974681111,0.13804945054945056
CSGS7,q2_2020,1,robust_local_cqr,weather_outage,non_ramp,5020,0.9653386454183267,0.06533864541832668,4.74063031762963,3.551949381828308,4.929319692187456,0.6675354727021384,1.2124122175530831,0.0,0.06533864541832668,0.15802101058765433,0.16431065640624853,
CSGS7,q2_2020,1,robust_local_cqr,weather_outage,ramp,804,0.7761194029850746,0.12388059701492538,12.484431786101256,12.840198278427124,20.12113314770644,4.532153475570923,5.273526423656404,0.12388059701492538,0.0,0.4161477262033752,0.6707044382568814,0.13804945054945056
CSGS7,q2_2020,1,robust_risk_mondrian,clean,non_ramp,5020,0.9669322709163347,0.06693227091633469,4.684578770699663,3.2807981967926025,4.859152687975021,0.6620504741323532,1.2139932201365555,0.0,0.06693227091633469,0.15615262568998878,0.16197175626583402,
CSGS7,q2_2020,1,robust_risk_mondrian,clean,ramp,804,0.7674129353233831,0.13258706467661696,11.92463354026871,12.201479315757751,20.52868602296977,4.548084988346814,5.29430426966188,0.13258706467661696,0.0,0.3974877846756237,0.6842895340989923,0.13804945054945056
CSGS7,q2_2020,1,robust_risk_mondrian,combined_outage,non_ramp,5020,0.9247011952191235,0.024701195219123506,5.837101354594648,5.320902347564697,7.799394046012785,1.4103143806554146,2.5441705638837284,0.0,0.024701195219123506,0.19457004515315496,0.2599798015337595,
CSGS7,q2_2020,1,robust_risk_mondrian,combined_outage,ramp,804,0.7512437810945274,0.14875621890547264,11.611005222678546,11.617674827575684,20.672512812756548,4.094306391659216,4.9992882883060075,0.14875621890547264,0.0,0.3870335074226182,0.6890837604252182,0.13804945054945056
CSGS7,q2_2020,1,robust_risk_mondrian,irradiance_outage,non_ramp,5020,0.9619521912350597,0.061952191235059684,4.828113120636451,3.5821646451950073,5.085171554367041,0.7475714036152589,1.3748330952431922,0.0,0.061952191235059684,0.16093710402121503,0.16950571847890136,
CSGS7,q2_2020,1,robust_risk_mondrian,irradiance_outage,ramp,804,0.7599502487562189,0.14004975124378116,11.80010065141039,12.291534423828125,19.558294479983665,4.352863744410932,5.1303489526225095,0.14004975124378116,0.0,0.3933366883803463,0.6519431493327889,0.13804945054945056
CSGS7,q2_2020,1,robust_risk_mondrian,recent_power_outage,non_ramp,5020,0.9695219123505976,0.06952191235059757,6.460203306517282,5.57201761007309,6.670242349724044,0.9012952416164449,1.5752013494897983,0.0,0.06952191235059757,0.21534011021724273,0.22234141165746815,
CSGS7,q2_2020,1,robust_risk_mondrian,recent_power_outage,ramp,804,0.8072139303482587,0.0927860696517413,13.188823127405561,13.54683542251587,19.36366551943976,4.474720963070735,5.288183201471548,0.0927860696517413,0.0,0.43962743758018535,0.6454555173146587,0.13804945054945056
CSGS7,q2_2020,1,robust_risk_mondrian,weather_outage,non_ramp,5020,0.9653386454183267,0.06533864541832668,4.839023369701433,3.5451799631118774,5.0142925268782035,0.6675354727021384,1.2124122175530831,0.0,0.06533864541832668,0.16130077899004777,0.16714308422927346,
CSGS7,q2_2020,1,robust_risk_mondrian,weather_outage,ramp,804,0.7835820895522388,0.11641791044776117,12.313352150870347,12.549487590789795,19.9200770348051,4.532153475570923,5.273526423656404,0.11641791044776117,0.0,0.41044507169567823,0.6640025678268366,0.13804945054945056
CSGS7,q2_2020,1,robust_rolling_cqr,clean,non_ramp,5020,0.9565737051792829,0.05657370517928284,4.088057172592238,3.3468618392944336,4.423605996875989,0.6620504741323532,1.2139932201365555,0.0,0.05657370517928284,0.13626857241974127,0.14745353322919963,
CSGS7,q2_2020,1,robust_rolling_cqr,clean,ramp,804,0.6231343283582089,0.2768656716417911,9.822139018433012,9.931125283241272,24.494565008958773,4.548084988346814,5.29430426966188,0.2768656716417911,0.0,0.32740463394776703,0.8164855002986258,0.13804945054945056
CSGS7,q2_2020,1,robust_rolling_cqr,combined_outage,non_ramp,5020,0.9241035856573705,0.024103585657370474,5.824403176228961,5.425586938858032,7.842069838899262,1.4103143806554146,2.5441705638837284,0.0,0.024103585657370474,0.19414677254096538,0.2614023279633087,
CSGS7,q2_2020,1,robust_rolling_cqr,combined_outage,ramp,804,0.7276119402985075,0.1723880597014925,11.250999097142424,11.452275276184082,21.343086780238878,4.094306391659216,4.9992882883060075,0.1723880597014925,0.0,0.3750333032380808,0.7114362260079626,0.13804945054945056
CSGS7,q2_2020,1,robust_rolling_cqr,irradiance_outage,non_ramp,5020,0.9529880478087649,0.05298804780876487,4.3776746634318675,3.59030818939209,4.832829847410208,0.7475714036152589,1.3748330952431922,0.0,0.05298804780876487,0.14592248878106226,0.16109432824700692,
CSGS7,q2_2020,1,robust_rolling_cqr,irradiance_outage,ramp,804,0.6455223880597015,0.2544776119402985,10.274594041655554,10.603180885314941,22.325139934857333,4.352863744410932,5.1303489526225095,0.2544776119402985,0.0,0.3424864680551851,0.7441713311619111,0.13804945054945056
CSGS7,q2_2020,1,robust_rolling_cqr,recent_power_outage,non_ramp,5020,0.9539840637450199,0.05398406374501985,5.72195904629289,5.3088338971138,6.196744574661944,0.9012952416164449,1.5752013494897983,0.0,0.05398406374501985,0.19073196820976301,0.20655815248873147,
CSGS7,q2_2020,1,robust_rolling_cqr,recent_power_outage,ramp,804,0.6865671641791045,0.21343283582089556,11.025608228630762,11.230278015136719,22.360052345524455,4.474720963070735,5.288183201471548,0.21343283582089556,0.0,0.3675202742876921,0.7453350781841485,0.13804945054945056
CSGS7,q2_2020,1,robust_rolling_cqr,weather_outage,non_ramp,5020,0.9557768924302789,0.055776892430278835,4.139930835439581,3.5894508957862854,4.510754684850984,0.6675354727021384,1.2124122175530831,0.0,0.055776892430278835,0.1379976945146527,0.1503584894950328,
CSGS7,q2_2020,1,robust_rolling_cqr,weather_outage,ramp,804,0.6243781094527363,0.2756218905472637,9.87354843185019,9.980843782424927,24.114742522290097,4.532153475570923,5.273526423656404,0.2756218905472637,0.0,0.329118281061673,0.8038247507430032,0.13804945054945056
CSGS7,q2_2020,4,clean_condition_cqr,clean,non_ramp,4763,0.9445727482678984,0.044572748267898366,5.889867425330649,5.512457430362701,6.936444208666987,1.2224624061037337,2.1226985778197607,0.0,0.044572748267898366,0.1963289141776883,0.23121480695556623,
CSGS7,q2_2020,4,clean_condition_cqr,clean,ramp,1061,0.6597549481621112,0.2402450518378888,9.958312957024669,10.113125324249268,27.48831993281691,4.515629985198575,5.9558399847159125,0.2402450518378888,0.0,0.33194376523415564,0.916277331093897,0.1821771978021978
CSGS7,q2_2020,4,clean_condition_cqr,combined_outage,non_ramp,4763,0.9760655049338652,0.07606550493386521,17.852357002008418,18.03441047668457,18.283845618971,4.307593427645404,6.305616756096269,0.0,0.07606550493386521,0.5950785667336139,0.6094615206323667,
CSGS7,q2_2020,4,clean_condition_cqr,combined_outage,ramp,1061,0.9698397737983034,0.06983977379830342,20.421608476342175,22.358057022094727,21.063448800779984,4.769411745280182,6.260391486382022,0.0,0.06983977379830342,0.6807202825447392,0.7021149600259995,0.1821771978021978
CSGS7,q2_2020,4,clean_condition_cqr,irradiance_outage,non_ramp,4763,0.9452026034012178,0.045202603401217734,7.829294249720086,6.121128082275391,8.821267970364318,1.4172876768174845,2.3042511111796644,0.0,0.045202603401217734,0.26097647499066956,0.2940422656788106,
CSGS7,q2_2020,4,clean_condition_cqr,irradiance_outage,ramp,1061,0.7379830348727615,0.1620169651272385,11.23393209917957,11.848912477493286,20.776626944812286,4.517544617788633,5.717350839799564,0.1620169651272385,0.0,0.3744644033059857,0.6925542314937428,0.1821771978021978
CSGS7,q2_2020,4,clean_condition_cqr,recent_power_outage,non_ramp,4763,0.9582196094898173,0.0582196094898173,14.332720073266946,13.347816467285156,15.105482926600859,3.3220380650904717,4.96468264573139,0.0,0.0582196094898173,0.4777573357755649,0.5035160975533619,
CSGS7,q2_2020,4,clean_condition_cqr,recent_power_outage,ramp,1061,0.9123468426013195,0.012346842601319463,16.913498856576684,17.96606469154358,19.980613478532273,3.996302224613171,5.1969648631989225,0.0,0.012346842601319463,0.5637832952192228,0.6660204492844091,0.1821771978021978
CSGS7,q2_2020,4,clean_condition_cqr,weather_outage,non_ramp,4763,0.9515011547344111,0.05150115473441108,6.043930161068008,5.538692533969879,6.937351350846567,1.2122295028711663,2.0944846365931533,0.0,0.05150115473441108,0.20146433870226693,0.2312450450282189,
CSGS7,q2_2020,4,clean_condition_cqr,weather_outage,ramp,1061,0.6757775683317625,0.22422243166823752,10.301842195604218,10.551095485687256,26.865103349656668,4.5842474198283085,6.0255818215862496,0.22422243166823752,0.0,0.3433947398534739,0.8955034449885556,0.1821771978021978
CSGS7,q2_2020,4,lgbm_condition_cqr,clean,non_ramp,4763,0.9596892714675624,0.05968927146756242,7.9659905394928545,6.9700519144535065,8.416695015690419,1.1972248315499991,2.0236069092491857,0.0,0.05968927146756242,0.26553301798309514,0.28055650052301395,
CSGS7,q2_2020,4,lgbm_condition_cqr,clean,ramp,1061,0.8331762488218661,0.06682375117813388,12.691766618291911,13.683338165283203,17.911958553922222,4.925362604595615,6.253125939263419,0.06682375117813388,0.0,0.42305888727639707,0.5970652851307408,0.1821771978021978
CSGS7,q2_2020,4,lgbm_condition_cqr,combined_outage,non_ramp,4763,0.9515011547344111,0.05150115473441108,13.590212332480117,12.177117824554443,14.249247543745847,4.458175960754177,6.210480181555621,0.0,0.05150115473441108,0.45300707774933724,0.4749749181248616,
CSGS7,q2_2020,4,lgbm_condition_cqr,combined_outage,ramp,1061,0.9877474081055608,0.08774740810556081,18.410919865068404,19.470662474632263,18.663993137629667,4.59458004482596,6.073573858917359,0.0,0.08774740810556081,0.6136973288356135,0.6221331045876556,0.1821771978021978
CSGS7,q2_2020,4,lgbm_condition_cqr,irradiance_outage,non_ramp,4763,0.9779550703338232,0.0779550703338232,9.03798526429833,7.7756383419036865,9.29910652967109,1.7699773623930681,2.7131926088517258,0.0,0.0779550703338232,0.301266175476611,0.309970217655703,
CSGS7,q2_2020,4,lgbm_condition_cqr,irradiance_outage,ramp,1061,0.9029217719132894,0.0029217719132893505,13.941446926859959,14.988478422164917,16.899006776761837,4.375107521703862,5.504579423907897,0.0,0.0029217719132893505,0.46471489756199863,0.5633002258920612,0.1821771978021978
CSGS7,q2_2020,4,lgbm_condition_cqr,recent_power_outage,non_ramp,4763,0.9277766113793827,0.0277766113793827,11.641069844898729,10.237818717956543,13.731448422453566,3.415211010456426,4.680272562700596,0.0,0.0277766113793827,0.3880356614966243,0.45771494741511887,
CSGS7,q2_2020,4,lgbm_condition_cqr,recent_power_outage,ramp,1061,0.9557021677662583,0.05570216776625825,16.395133179994293,17.47774612903595,17.10829580645099,4.207255671804983,5.417738161760744,0.0,0.05570216776625825,0.5465044393331431,0.5702765268816996,0.1821771978021978
CSGS7,q2_2020,4,lgbm_condition_cqr,weather_outage,non_ramp,4763,0.9649380642452235,0.06493806424522353,8.066486667147727,7.014192759990692,8.49045010960035,1.1951351103513388,2.0355224470617355,0.0,0.06493806424522353,0.26888288890492423,0.283015003653345,
CSGS7,q2_2020,4,lgbm_condition_cqr,weather_outage,ramp,1061,0.8397737983034873,0.060226201696512716,12.81185927139516,13.830596804618835,17.74117073300141,4.835557847549747,6.196542660197322,0.060226201696512716,0.0,0.427061975713172,0.5913723577667137,0.1821771978021978
CSGS7,q2_2020,4,oracle_ramp_mondrian,clean,non_ramp,4763,0.9097207642242284,0.009720764224228406,5.835775429990538,4.842860281467438,7.480706293493609,1.3616664185126666,2.3903942665036193,0.0,0.009720764224228406,0.19452584766635128,0.24935687644978696,
CSGS7,q2_2020,4,oracle_ramp_mondrian,clean,ramp,1061,0.8586239396795476,0.04137606032045238,12.896001066654415,13.491497993469238,18.326433565095417,3.9757892741478496,5.40841510836994,0.04137606032045238,0.0,0.42986670222181383,0.6108811188365139,0.1821771978021978
CSGS7,q2_2020,4,oracle_ramp_mondrian,combined_outage,non_ramp,4763,0.9197984463573378,0.01979844635733774,6.373183380937229,5.620115280151367,8.499103685168405,1.6664680268367598,2.7721971786958925,0.0,0.01979844635733774,0.21243944603124099,0.2833034561722802,
CSGS7,q2_2020,4,oracle_ramp_mondrian,combined_outage,ramp,1061,0.8642789820923656,0.03572101790763438,12.857282152780376,13.304206371307373,17.815270187366583,3.8066393078921905,5.139241455859312,0.03572101790763438,0.0,0.42857607175934587,0.5938423395788861,0.1821771978021978
CSGS7,q2_2020,4,oracle_ramp_mondrian,irradiance_outage,non_ramp,4763,0.9017425992021835,0.001742599202183448,6.020317478879296,4.953709840774536,7.755434872522868,1.4572405554544592,2.476652134991742,0.0,0.001742599202183448,0.20067724929597652,0.2585144957507623,
CSGS7,q2_2020,4,oracle_ramp_mondrian,irradiance_outage,ramp,1061,0.8529688972667295,0.04703110273327049,12.495629411465274,13.13627576828003,18.538703398451403,3.9907359031242344,5.373656724161926,0.04703110273327049,0.0,0.4165209803821758,0.6179567799483802,0.1821771978021978
CSGS7,q2_2020,4,oracle_ramp_mondrian,recent_power_outage,non_ramp,4763,0.9239974805794667,0.023997480579466712,6.649572718082511,6.375288724899292,8.02694988586538,1.470465961161118,2.497831926332141,0.0,0.023997480579466712,0.2216524239360837,0.26756499619551266,
CSGS7,q2_2020,4,oracle_ramp_mondrian,recent_power_outage,ramp,1061,0.8510838831291234,0.0489161168708766,13.089240193086116,13.698731422424316,18.083971076127945,3.885287299100924,5.2562281503915145,0.0489161168708766,0.0,0.4363080064362039,0.6027990358709315,0.1821771978021978
CSGS7,q2_2020,4,oracle_ramp_mondrian,weather_outage,non_ramp,4763,0.9244173840016796,0.024417384001679587,6.051579900849188,5.029339790344238,7.497495165648385,1.3884755227206977,2.41803476551634,0.0,0.024417384001679587,0.20171933002830628,0.24991650552161282,
CSGS7,q2_2020,4,oracle_ramp_mondrian,weather_outage,ramp,1061,0.8623939679547596,0.03760603204524038,12.93192568424875,13.35344123840332,18.324988315982655,3.968256647841659,5.407468002767226,0.03760603204524038,0.0,0.43106418947495834,0.6108329438660884,0.1821771978021978
CSGS7,q2_2020,4,persistence_condition_cqr,clean,non_ramp,4763,1.0,0.09999999999999998,12.528674939808534,11.413333892822266,12.528674939808534,1.8425568632891787,2.5803207130313797,0.0,0.09999999999999998,0.4176224979936178,0.4176224979936178,
CSGS7,q2_2020,4,persistence_condition_cqr,clean,ramp,1061,0.6041470311027333,0.29585296889726675,16.027635998198804,17.446667194366455,41.22595900546103,8.963815575925516,9.463097176518282,0.29585296889726675,0.0,0.5342545332732934,1.3741986335153675,0.1821771978021978
CSGS7,q2_2020,4,persistence_condition_cqr,combined_outage,non_ramp,4763,0.9892924627335713,0.08929246273357128,23.713388557293506,22.953998565673828,23.985122195881722,5.9725118737441765,8.158305817176473,0.0,0.08929246273357128,0.7904462852431169,0.7995040731960574,
CSGS7,q2_2020,4,persistence_condition_cqr,combined_outage,ramp,1061,0.943449575871819,0.04344957587181897,25.147808624623725,26.221333026885986,26.72208524173131,10.818061583104011,12.174155325897306,0.0,0.04344957587181897,0.8382602874874575,0.890736174724377,0.1821771978021978
CSGS7,q2_2020,4,persistence_condition_cqr,irradiance_outage,non_ramp,4763,1.0,0.09999999999999998,12.528674939808534,11.413333892822266,12.528674939808534,1.8425568632891787,2.5803207130313797,0.0,0.09999999999999998,0.4176224979936178,0.4176224979936178,
CSGS7,q2_2020,4,persistence_condition_cqr,irradiance_outage,ramp,1061,0.6041470311027333,0.29585296889726675,16.027635998198804,17.446667194366455,41.22595900546103,8.963815575925516,9.463097176518282,0.29585296889726675,0.0,0.5342545332732934,1.3741986335153675,0.1821771978021978
CSGS7,q2_2020,4,persistence_condition_cqr,recent_power_outage,non_ramp,4763,0.9892924627335713,0.08929246273357128,23.713388557293506,22.953998565673828,23.985122195881722,5.9725118737441765,8.158305817176473,0.0,0.08929246273357128,0.7904462852431169,0.7995040731960574,
CSGS7,q2_2020,4,persistence_condition_cqr,recent_power_outage,ramp,1061,0.943449575871819,0.04344957587181897,25.147808624623725,26.221333026885986,26.72208524173131,10.818061583104011,12.174155325897306,0.0,0.04344957587181897,0.8382602874874575,0.890736174724377,0.1821771978021978
CSGS7,q2_2020,4,persistence_condition_cqr,weather_outage,non_ramp,4763,1.0,0.09999999999999998,12.528674939808534,11.413333892822266,12.528674939808534,1.8425568632891787,2.5803207130313797,0.0,0.09999999999999998,0.4176224979936178,0.4176224979936178,
CSGS7,q2_2020,4,persistence_condition_cqr,weather_outage,ramp,1061,0.6041470311027333,0.29585296889726675,16.027635998198804,17.446667194366455,41.22595900546103,8.963815575925516,9.463097176518282,0.29585296889726675,0.0,0.5342545332732934,1.3741986335153675,0.1821771978021978
CSGS7,q2_2020,4,robust_condition_cqr,clean,non_ramp,4763,0.930715935334873,0.030715935334872935,6.208146130290348,5.257379531860352,7.484168274204169,1.3616664185126666,2.3903942665036193,0.0,0.030715935334872935,0.20693820434301158,0.24947227580680564,
CSGS7,q2_2020,4,robust_condition_cqr,clean,ramp,1061,0.7596606974552309,0.14033930254476912,10.478954451455442,11.021786212921143,20.56386264085317,3.9757892741478496,5.40841510836994,0.14033930254476912,0.0,0.3492984817151814,0.685462088028439,0.1821771978021978
CSGS7,q2_2020,4,robust_condition_cqr,combined_outage,non_ramp,4763,0.9340751627125761,0.034075162712576046,6.797497053223746,6.071971416473389,8.525820585659137,1.6664680268367598,2.7721971786958925,0.0,0.034075162712576046,0.2265832351074582,0.2841940195219712,
CSGS7,q2_2020,4,robust_condition_cqr,combined_outage,ramp,1061,0.7662582469368521,0.13374175306314795,10.690710499242797,11.058494091033936,19.650888075118992,3.8066393078921905,5.139241455859312,0.13374175306314795,0.0,0.3563570166414266,0.6550296025039664,0.1821771978021978
CSGS7,q2_2020,4,robust_condition_cqr,irradiance_outage,non_ramp,4763,0.9317656938904052,0.03176569389040518,6.3567635191093865,5.3277268409729,7.741346340668371,1.4572405554544592,2.476652134991742,0.0,0.03176569389040518,0.2118921173036462,0.25804487802227905,
CSGS7,q2_2020,4,robust_condition_cqr,irradiance_outage,ramp,1061,0.7690857681432611,0.1309142318567389,10.413282721453065,11.00455093383789,20.420348080699785,3.9907359031242344,5.373656724161926,0.1309142318567389,0.0,0.3471094240484355,0.6806782693566595,0.1821771978021978
CSGS7,q2_2020,4,robust_condition_cqr,recent_power_outage,non_ramp,4763,0.9447826999790049,0.04478269997900486,7.019164394605854,6.820913314819336,8.09110454489062,1.470465961161118,2.497831926332141,0.0,0.04478269997900486,0.2339721464868618,0.2697034848296873,
CSGS7,q2_2020,4,robust_condition_cqr,recent_power_outage,ramp,1061,0.764373232799246,0.13562676720075406,11.085575067443452,11.646696090698242,20.009644593319326,3.885287299100924,5.2562281503915145,0.13562676720075406,0.0,0.36951916891478176,0.6669881531106442,0.1821771978021978
CSGS7,q2_2020,4,robust_condition_cqr,weather_outage,non_ramp,4763,0.9447826999790049,0.04478269997900486,6.408118801837196,5.405818939208984,7.5617285302305195,1.3884755227206977,2.41803476551634,0.0,0.04478269997900486,0.21360396006123986,0.25205761767435064,
CSGS7,q2_2020,4,robust_condition_cqr,weather_outage,ramp,1061,0.7596606974552309,0.14033930254476912,10.635384250240458,10.990539789199829,20.36656399673153,3.968256647841659,5.407468002767226,0.14033930254476912,0.0,0.3545128083413486,0.6788854665577176,0.1821771978021978
CSGS7,q2_2020,4,robust_local_cqr,clean,non_ramp,4763,0.9355448246903212,0.035544824690321164,7.1228733445837955,5.547458648681641,7.9556082082528095,1.3616664185126666,2.3903942665036193,0.0,0.035544824690321164,0.23742911148612653,0.26518694027509365,
CSGS7,q2_2020,4,robust_local_cqr,clean,ramp,1061,0.8661639962299718,0.03383600377002827,12.852512830035351,13.860379219055176,18.1261500862456,3.9757892741478496,5.40841510836994,0.03383600377002827,0.0,0.4284170943345117,0.6042050028748533,0.1821771978021978
CSGS7,q2_2020,4,robust_local_cqr,combined_outage,non_ramp,4763,0.917069074112954,0.017069074112953997,7.174743018591405,6.024939883500338,8.40593171791634,1.6664680268367598,2.7721971786958925,0.0,0.017069074112953997,0.23915810061971352,0.2801977239305447,
CSGS7,q2_2020,4,robust_local_cqr,combined_outage,ramp,1061,0.8463713477851084,0.05362865221489166,12.28953107311737,13.135882496833801,17.489718873416752,3.8066393078921905,5.139241455859312,0.05362865221489166,0.0,0.409651035770579,0.5829906291138918,0.1821771978021978
CSGS7,q2_2020,4,robust_local_cqr,irradiance_outage,non_ramp,4763,0.9334453075792568,0.03344530757925679,7.329288311610537,5.887133598327637,8.15485364034878,1.4572405554544592,2.476652134991742,0.0,0.03344530757925679,0.2443096103870179,0.27182845467829264,
CSGS7,q2_2020,4,robust_local_cqr,irradiance_outage,ramp,1061,0.8718190386427899,0.028180961357210155,12.794786043186004,13.665927648544312,18.459146546361428,3.9907359031242344,5.373656724161926,0.028180961357210155,0.0,0.42649286810620013,0.6153048848787143,0.1821771978021978
CSGS7,q2_2020,4,robust_local_cqr,recent_power_outage,non_ramp,4763,0.9399538106235565,0.03995381062355652,7.748961420131267,7.360291630029678,8.396496064665055,1.470465961161118,2.497831926332141,0.0,0.03995381062355652,0.2582987140043756,0.27988320215550183,
CSGS7,q2_2020,4,robust_local_cqr,recent_power_outage,ramp,1061,0.8661639962299718,0.03383600377002827,13.086908019771913,14.165597200393677,17.80686990218193,3.885287299100924,5.2562281503915145,0.03383600377002827,0.0,0.43623026732573045,0.593562330072731,0.1821771978021978
CSGS7,q2_2020,4,robust_local_cqr,weather_outage,non_ramp,4763,0.9292462733571278,0.029246273357127817,7.109664537195098,5.200100552290678,7.999140761043015,1.3884755227206977,2.41803476551634,0.0,0.029246273357127817,0.23698881790650325,0.2666380253681005,
CSGS7,q2_2020,4,robust_local_cqr,weather_outage,ramp,1061,0.8661639962299718,0.03383600377002827,12.724478274647016,13.66669511795044,18.147879846372994,3.968256647841659,5.407468002767226,0.03383600377002827,0.0,0.4241492758215672,0.6049293282124332,0.1821771978021978
CSGS7,q2_2020,4,robust_risk_mondrian,clean,non_ramp,4763,0.9292462733571278,0.029246273357127817,6.600213249756223,5.390741944313049,7.493992966476789,1.3616664185126666,2.3903942665036193,0.0,0.029246273357127817,0.22000710832520742,0.24979976554922628,
CSGS7,q2_2020,4,robust_risk_mondrian,clean,ramp,1061,0.8322337417530632,0.06776625824693683,12.330744351046187,12.739253044128418,19.197756410349935,3.9757892741478496,5.40841510836994,0.06776625824693683,0.0,0.41102481170153954,0.6399252136783312,0.1821771978021978
CSGS7,q2_2020,4,robust_risk_mondrian,combined_outage,non_ramp,4763,0.9302960319126601,0.03029603191266006,6.707046277832503,6.396174967288971,8.461394671219026,1.6664680268367598,2.7721971786958925,0.0,0.03029603191266006,0.22356820926108342,0.2820464890406342,
CSGS7,q2_2020,4,robust_risk_mondrian,combined_outage,ramp,1061,0.7577756833176249,0.14222431668237512,10.764861623290487,10.958624839782715,19.916725976152115,3.8066393078921905,5.139241455859312,0.14222431668237512,0.0,0.3588287207763496,0.6638908658717372,0.1821771978021978
CSGS7,q2_2020,4,robust_risk_mondrian,irradiance_outage,non_ramp,4763,0.9212681083350829,0.021268108335082858,6.747973534199723,5.208281517028809,7.734997469883691,1.4572405554544592,2.476652134991742,0.0,0.021268108335082858,0.22493245113999075,0.25783324899612303,
CSGS7,q2_2020,4,robust_risk_mondrian,irradiance_outage,ramp,1061,0.8378887841658812,0.06211121583411883,12.06618776895162,12.462762832641602,19.182041684783552,3.9907359031242344,5.373656724161926,0.06211121583411883,0.0,0.402206258965054,0.6394013894927851,0.1821771978021978
CSGS7,q2_2020,4,robust_risk_mondrian,recent_power_outage,non_ramp,4763,0.9141297501574638,0.01412975015746376,7.001163252297032,7.0729217529296875,8.15702167292568,1.470465961161118,2.497831926332141,0.0,0.01412975015746376,0.23337210840990108,0.271900722430856,
CSGS7,q2_2020,4,robust_risk_mondrian,recent_power_outage,ramp,1061,0.7888784165881244,0.11112158341187561,11.843950726232306,12.350450992584229,19.572234307864328,3.885287299100924,5.2562281503915145,0.11112158341187561,0.0,0.39479835754107684,0.6524078102621442,0.1821771978021978
CSGS7,q2_2020,4,robust_risk_mondrian,weather_outage,non_ramp,4763,0.9256770942683182,0.025677094268318212,6.769685496857331,5.323663711547852,7.682882241565706,1.3884755227206977,2.41803476551634,0.0,0.025677094268318212,0.2256561832285777,0.25609607471885687,
CSGS7,q2_2020,4,robust_risk_mondrian,weather_outage,ramp,1061,0.8388312912346843,0.06116870876531577,12.308346112584717,12.743012428283691,18.862410015182004,3.968256647841659,5.407468002767226,0.06116870876531577,0.0,0.4102782037528239,0.6287470005060668,0.1821771978021978
CSGS7,q2_2020,4,robust_rolling_cqr,clean,non_ramp,4763,0.9256770942683182,0.025677094268318212,6.179395445179512,5.1827521324157715,7.516637671366068,1.3616664185126666,2.3903942665036193,0.0,0.025677094268318212,0.20597984817265041,0.25055458904553557,
CSGS7,q2_2020,4,robust_rolling_cqr,clean,ramp,1061,0.7511781338360037,0.14882186616399629,10.360558260416983,10.91303014755249,20.810820436562015,3.9757892741478496,5.40841510836994,0.14882186616399629,0.0,0.34535194201389946,0.6936940145520671,0.1821771978021978
CSGS7,q2_2020,4,robust_rolling_cqr,combined_outage,non_ramp,4763,0.9252571908461054,0.025257190846105337,6.713449269894876,5.964697778224945,8.554324585199417,1.6664680268367598,2.7721971786958925,0.0,0.025257190846105337,0.2237816423298292,0.28514415283998057,
CSGS7,q2_2020,4,robust_rolling_cqr,combined_outage,ramp,1061,0.7540056550424128,0.14599434495758723,10.46722832038335,10.747509002685547,20.109018526064595,3.8066393078921905,5.139241455859312,0.14599434495758723,0.0,0.34890761067944503,0.6703006175354865,0.1821771978021978
CSGS7,q2_2020,4,robust_rolling_cqr,irradiance_outage,non_ramp,4763,0.9242074322905731,0.024207432290573094,6.351357271800352,5.323536068201065,7.790690271315228,1.4572405554544592,2.476652134991742,0.0,0.024207432290573094,0.21171190906001175,0.2596896757105076,
CSGS7,q2_2020,4,robust_rolling_cqr,irradiance_outage,ramp,1061,0.7568331762488218,0.14316682375117817,10.333732353468513,10.882625579833984,20.670359227124735,3.9907359031242344,5.373656724161926,0.14316682375117817,0.0,0.3444577451156171,0.6890119742374912,0.1821771978021978
CSGS7,q2_2020,4,robust_rolling_cqr,recent_power_outage,non_ramp,4763,0.932605500734831,0.03260550073483093,6.809492353022199,6.554840087890625,8.077382473916206,1.470465961161118,2.497831926332141,0.0,0.03260550073483093,0.22698307843407328,0.26924608246387355,
CSGS7,q2_2020,4,robust_rolling_cqr,recent_power_outage,ramp,1061,0.7445805843543827,0.15541941564561734,10.729713959533381,11.294938087463379,20.62346898912892,3.885287299100924,5.2562281503915145,0.15541941564561734,0.0,0.35765713198444604,0.6874489663042973,0.1821771978021978
CSGS7,q2_2020,4,robust_rolling_cqr,weather_outage,non_ramp,4763,0.9302960319126601,0.03029603191266006,6.204011095522427,5.069448113441467,7.5475522483859,1.3884755227206977,2.41803476551634,0.0,0.03029603191266006,0.20680036985074757,0.25158507494619664,
CSGS7,q2_2020,4,robust_rolling_cqr,weather_outage,ramp,1061,0.7464655984919887,0.15353440150801134,10.311503273980257,10.620141983032227,20.941276330720505,3.968256647841659,5.407468002767226,0.15353440150801134,0.0,0.3437167757993419,0.6980425443573501,0.1821771978021978
CSGS7,q3_2020,1,clean_condition_cqr,clean,non_ramp,4960,0.9485887096774194,0.04858870967741935,3.8181735675257156,3.231862783432007,4.345492833160378,0.7060293184651059,1.189829820470914,0.0,0.04858870967741935,0.12727245225085718,0.14484976110534595,
CSGS7,q3_2020,1,clean_condition_cqr,clean,ramp,928,0.46875,0.43125,8.544403608503012,8.605468034744263,31.160325599770093,4.796856499598201,5.456587623336792,0.43125,0.0,0.2848134536167671,1.0386775199923364,0.15760869565217392
CSGS7,q3_2020,1,clean_condition_cqr,combined_outage,non_ramp,4960,0.9530241935483871,0.053024193548387055,19.282264233981408,19.248372077941895,21.147970093257964,5.00150755939164,6.281015337006007,0.0,0.053024193548387055,0.6427421411327136,0.7049323364419321,
CSGS7,q3_2020,1,clean_condition_cqr,combined_outage,ramp,928,0.8706896551724138,0.02931034482758621,20.417826068812403,20.839885711669922,26.581610498757197,7.5701562187088465,9.20215220298946,0.02931034482758621,0.0,0.6805942022937468,0.8860536832919066,0.15760869565217392
CSGS7,q3_2020,1,clean_condition_cqr,irradiance_outage,non_ramp,4960,0.9445564516129032,0.044556451612903225,5.442728713725228,4.381475567817688,6.065861403097721,0.8803826042195602,1.451418083817641,0.0,0.044556451612903225,0.1814242904575076,0.20219538010325738,
CSGS7,q3_2020,1,clean_condition_cqr,irradiance_outage,ramp,928,0.5959051724137931,0.3040948275862069,10.154020865927532,10.387367010116577,28.149676601047194,4.513821885407228,5.328281559783267,0.3040948275862069,0.0,0.3384673621975844,0.9383225533682398,0.15760869565217392
CSGS7,q3_2020,1,clean_condition_cqr,recent_power_outage,non_ramp,4960,0.9584677419354839,0.058467741935483875,15.965137759524007,14.57664442062378,17.098247798219806,4.193238896200613,5.457680756043043,0.0,0.058467741935483875,0.5321712586508002,0.5699415932739935,
CSGS7,q3_2020,1,clean_condition_cqr,recent_power_outage,ramp,928,0.8760775862068966,0.023922413793103448,19.7995708934192,20.407867431640625,25.610288134936628,6.822174854865619,8.364066866022341,0.023922413793103448,0.0,0.6599856964473066,0.8536762711645542,0.15760869565217392
CSGS7,q3_2020,1,clean_condition_cqr,weather_outage,non_ramp,4960,0.9463709677419355,0.0463709677419355,3.824311727697627,3.2424055337905884,4.362716923687784,0.6931504193756066,1.1597977722312343,0.0,0.0463709677419355,0.1274770575899209,0.14542389745625947,
CSGS7,q3_2020,1,clean_condition_cqr,weather_outage,ramp,928,0.47521551724137934,0.4247844827586207,8.582830005293262,8.683407068252563,31.294882740183123,4.822816793260904,5.492028320998024,0.4247844827586207,0.0,0.2860943335097754,1.043162758006104,0.15760869565217392
CSGS7,q3_2020,1,lgbm_condition_cqr,clean,non_ramp,4960,0.9506048387096774,0.05060483870967736,4.767574976982043,3.456093728542328,5.071840786077707,0.6640465028376441,1.107949171473324,0.0,0.05060483870967736,0.15891916589940142,0.16906135953592355,
CSGS7,q3_2020,1,lgbm_condition_cqr,clean,ramp,928,0.6842672413793104,0.21573275862068964,11.241021511305508,11.486812591552734,22.145548415145484,5.044765853547845,5.720165327792036,0.21573275862068964,0.0,0.37470071704351693,0.7381849471715162,0.15760869565217392
CSGS7,q3_2020,1,lgbm_condition_cqr,combined_outage,non_ramp,4960,0.9457661290322581,0.045766129032258074,17.300105245074917,17.155637741088867,19.34361395932013,5.324678379558628,6.593399011973317,0.0,0.045766129032258074,0.5766701748358306,0.6447871319773377,
CSGS7,q3_2020,1,lgbm_condition_cqr,combined_outage,ramp,928,0.8577586206896551,0.042241379310344884,19.63739401102066,19.925018310546875,26.532994691667884,7.889943108508556,9.512981797051347,0.042241379310344884,0.0,0.6545798003673553,0.8844331563889295,0.15760869565217392
CSGS7,q3_2020,1,lgbm_condition_cqr,irradiance_outage,non_ramp,4960,0.9298387096774193,0.029838709677419306,5.031636919848567,3.8447442054748535,5.51004735430803,0.9808369202989965,1.4963342016465453,0.0,0.029838709677419306,0.1677212306616189,0.183668245143601,
CSGS7,q3_2020,1,lgbm_condition_cqr,irradiance_outage,ramp,928,0.6616379310344828,0.23836206896551726,10.74637214470141,10.919290781021118,23.049508917466575,4.736737105963302,5.6643913933101935,0.23836206896551726,0.0,0.3582124048233803,0.7683169639155525,0.15760869565217392
CSGS7,q3_2020,1,lgbm_condition_cqr,recent_power_outage,non_ramp,4960,0.9516129032258065,0.05161290322580647,16.81661352534779,16.112821578979492,18.400762232276165,4.411123573272339,5.499497313867298,0.0,0.05161290322580647,0.5605537841782596,0.6133587410758722,
CSGS7,q3_2020,1,lgbm_condition_cqr,recent_power_outage,ramp,928,0.8739224137931034,0.026077586206896597,19.811711321616993,20.18373203277588,25.751121958781933,6.761526131456526,8.300020038229212,0.026077586206896597,0.0,0.6603903773872332,0.8583707319593977,0.15760869565217392
CSGS7,q3_2020,1,lgbm_condition_cqr,weather_outage,non_ramp,4960,0.9487903225806451,0.048790322580645085,4.715760711391721,3.417452961206436,5.056981350196581,0.6741520230408828,1.1211269633731764,0.0,0.048790322580645085,0.15719202371305738,0.16856604500655267,
CSGS7,q3_2020,1,lgbm_condition_cqr,weather_outage,ramp,928,0.6691810344827587,0.23081896551724135,11.039132827363009,11.242560625076294,22.693192039247087,5.029978976039024,5.7236228123402375,0.23081896551724135,0.0,0.3679710942454336,0.7564397346415695,0.15760869565217392
CSGS7,q3_2020,1,oracle_ramp_mondrian,clean,non_ramp,4960,0.9399193548387097,0.039919354838709675,4.363988770465787,3.4151386618614197,4.924065121674783,0.7862419937358174,1.3469340999147288,0.0,0.039919354838709675,0.14546629234885958,0.16413550405582608,
CSGS7,q3_2020,1,oracle_ramp_mondrian,clean,ramp,928,0.8933189655172413,0.0066810344827586965,14.940470385188558,14.99404263496399,18.913715412438815,4.594292079660527,5.32887363523672,0.0066810344827586965,0.0,0.4980156795062853,0.6304571804146272,0.15760869565217392
CSGS7,q3_2020,1,oracle_ramp_mondrian,combined_outage,non_ramp,4960,0.8879032258064516,0.012096774193548376,5.339968553363466,4.820985436439514,8.74669978410351,1.561781123054548,2.6620708201851135,0.012096774193548376,0.0,0.1779989517787822,0.291556659470117,
CSGS7,q3_2020,1,oracle_ramp_mondrian,combined_outage,ramp,928,0.8728448275862069,0.02715517241379317,14.85667446332759,15.237406253814697,18.974128134548664,4.136924054272923,5.0619099573492345,0.02715517241379317,0.0,0.4952224821109196,0.6324709378182888,0.15760869565217392
CSGS7,q3_2020,1,oracle_ramp_mondrian,irradiance_outage,non_ramp,4960,0.9455645161290323,0.04556451612903223,4.7347563463985525,3.8345465660095215,5.255090155701597,0.883812561370389,1.4910353611624494,0.0,0.04556451612903223,0.1578252115466184,0.17516967185671992,
CSGS7,q3_2020,1,oracle_ramp_mondrian,irradiance_outage,ramp,928,0.884698275862069,0.015301724137931072,15.126549547955651,15.407821655273438,18.653594286630636,4.493940327734012,5.268251092326017,0.015301724137931072,0.0,0.5042183182651884,0.6217864762210212,0.15760869565217392
CSGS7,q3_2020,1,oracle_ramp_mondrian,recent_power_outage,non_ramp,4960,0.9233870967741935,0.023387096774193483,5.058461233149542,4.598392009735107,6.01014826069488,1.0696706531056113,1.8531955496822377,0.0,0.023387096774193483,0.16861537443831806,0.200338275356496,
CSGS7,q3_2020,1,oracle_ramp_mondrian,recent_power_outage,ramp,928,0.8599137931034483,0.040086206896551735,14.85777016545662,14.845669627189636,19.502139378688298,4.339741637641243,5.193547472015876,0.040086206896551735,0.0,0.4952590055152207,0.6500713126229433,0.15760869565217392
CSGS7,q3_2020,1,oracle_ramp_mondrian,weather_outage,non_ramp,4960,0.933266129032258,0.03326612903225801,4.4647836406064485,3.4266374111175537,5.0219059808125515,0.8114981019826788,1.3954230564032999,0.0,0.03326612903225801,0.14882612135354828,0.16739686602708506,
CSGS7,q3_2020,1,oracle_ramp_mondrian,weather_outage,ramp,928,0.8825431034482759,0.01745689655172411,14.975750702184401,15.178058624267578,18.846395587588756,4.488414697156384,5.250398220297277,0.01745689655172411,0.0,0.4991916900728134,0.6282131862529585,0.15760869565217392
CSGS7,q3_2020,1,persistence_condition_cqr,clean,non_ramp,4960,1.0,0.09999999999999998,5.96962906885127,6.731333494186401,5.96962906885127,0.7173143590995742,1.0696108544814338,0.0,0.09999999999999998,0.19898763562837565,0.19898763562837565,
CSGS7,q3_2020,1,persistence_condition_cqr,clean,ramp,928,0.2607758620689655,0.6392241379310345,7.605984547022922,7.628000259399414,48.024677993416596,5.722520764628104,6.290482508846832,0.6392241379310345,0.0,0.2535328182340974,1.6008225997805532,0.15760869565217392
CSGS7,q3_2020,1,persistence_condition_cqr,combined_outage,non_ramp,4960,0.9358870967741936,0.03588709677419355,17.83582280563461,16.54133415222168,21.126017328494438,4.591457765236602,6.442280845116015,0.0,0.03588709677419355,0.594527426854487,0.7042005776164812,
CSGS7,q3_2020,1,persistence_condition_cqr,combined_outage,ramp,928,0.8469827586206896,0.05301724137931041,21.339094548518286,21.925333976745605,29.998746513935,7.587537061051739,9.115995132102123,0.05301724137931041,0.0,0.7113031516172762,0.9999582171311666,0.15760869565217392
CSGS7,q3_2020,1,persistence_condition_cqr,irradiance_outage,non_ramp,4960,1.0,0.09999999999999998,5.96962906885127,6.731333494186401,5.96962906885127,0.7173143590995742,1.0696108544814338,0.0,0.09999999999999998,0.19898763562837565,0.19898763562837565,
CSGS7,q3_2020,1,persistence_condition_cqr,irradiance_outage,ramp,928,0.2607758620689655,0.6392241379310345,7.605984547022922,7.628000259399414,48.024677993416596,5.722520764628104,6.290482508846832,0.6392241379310345,0.0,0.2535328182340974,1.6008225997805532,0.15760869565217392
CSGS7,q3_2020,1,persistence_condition_cqr,recent_power_outage,non_ramp,4960,0.9358870967741936,0.03588709677419355,17.83582280563461,16.54133415222168,21.126017328494438,4.591457765236602,6.442280845116015,0.0,0.03588709677419355,0.594527426854487,0.7042005776164812,
CSGS7,q3_2020,1,persistence_condition_cqr,recent_power_outage,ramp,928,0.8469827586206896,0.05301724137931041,21.339094548518286,21.925333976745605,29.998746513935,7.587537061051739,9.115995132102123,0.05301724137931041,0.0,0.7113031516172762,0.9999582171311666,0.15760869565217392
CSGS7,q3_2020,1,persistence_condition_cqr,weather_outage,non_ramp,4960,1.0,0.09999999999999998,5.96962906885127,6.731333494186401,5.96962906885127,0.7173143590995742,1.0696108544814338,0.0,0.09999999999999998,0.19898763562837565,0.19898763562837565,
CSGS7,q3_2020,1,persistence_condition_cqr,weather_outage,ramp,928,0.2607758620689655,0.6392241379310345,7.605984547022922,7.628000259399414,48.024677993416596,5.722520764628104,6.290482508846832,0.6392241379310345,0.0,0.2535328182340974,1.6008225997805532,0.15760869565217392
CSGS7,q3_2020,1,robust_condition_cqr,clean,non_ramp,4960,0.9399193548387097,0.039919354838709675,4.363988770465787,3.4151386618614197,4.924065121674783,0.7862419937358174,1.3469340999147288,0.0,0.039919354838709675,0.14546629234885958,0.16413550405582608,
CSGS7,q3_2020,1,robust_condition_cqr,clean,ramp,928,0.6056034482758621,0.2943965517241379,9.893707372553262,9.914836883544922,25.716669433252438,4.594292079660527,5.32887363523672,0.2943965517241379,0.0,0.3297902457517754,0.8572223144417479,0.15760869565217392
CSGS7,q3_2020,1,robust_condition_cqr,combined_outage,non_ramp,4960,0.9161290322580645,0.016129032258064502,5.969773150870394,5.576453983783722,8.61015500429705,1.561781123054548,2.6620708201851135,0.0,0.016129032258064502,0.19899243836234648,0.2870051668099017,
CSGS7,q3_2020,1,robust_condition_cqr,combined_outage,ramp,928,0.6842672413793104,0.21573275862068964,10.706276179271237,11.000081539154053,23.663518194891996,4.136924054272923,5.0619099573492345,0.21573275862068964,0.0,0.3568758726423746,0.7887839398297332,0.15760869565217392
CSGS7,q3_2020,1,robust_condition_cqr,irradiance_outage,non_ramp,4960,0.9455645161290323,0.04556451612903223,4.7347563463985525,3.8345465660095215,5.255090155701597,0.883812561370389,1.4910353611624494,0.0,0.04556451612903223,0.1578252115466184,0.17516967185671992,
CSGS7,q3_2020,1,robust_condition_cqr,irradiance_outage,ramp,928,0.6540948275862069,0.24590517241379317,10.431757857737654,10.672339916229248,24.137991666829574,4.493940327734012,5.268251092326017,0.24590517241379317,0.0,0.34772526192458847,0.8045997222276525,0.15760869565217392
CSGS7,q3_2020,1,robust_condition_cqr,recent_power_outage,non_ramp,4960,0.9233870967741935,0.023387096774193483,5.058461233149542,4.598392009735107,6.01014826069488,1.0696706531056113,1.8531955496822377,0.0,0.023387096774193483,0.16861537443831806,0.200338275356496,
CSGS7,q3_2020,1,robust_condition_cqr,recent_power_outage,ramp,928,0.6271551724137931,0.2728448275862069,10.244528897690731,10.219402551651001,26.458854459938674,4.339741637641243,5.193547472015876,0.2728448275862069,0.0,0.34148429658969104,0.8819618153312891,0.15760869565217392
CSGS7,q3_2020,1,robust_condition_cqr,weather_outage,non_ramp,4960,0.933266129032258,0.03326612903225801,4.4647836406064485,3.4266374111175537,5.0219059808125515,0.8114981019826788,1.3954230564032999,0.0,0.03326612903225801,0.14882612135354828,0.16739686602708506,
CSGS7,q3_2020,1,robust_condition_cqr,weather_outage,ramp,928,0.6303879310344828,0.26961206896551726,10.088817731557606,10.260238885879517,25.237407425466667,4.488414697156384,5.250398220297277,0.26961206896551726,0.0,0.3362939243852535,0.8412469141822222,0.15760869565217392
CSGS7,q3_2020,1,robust_local_cqr,clean,non_ramp,4960,0.958266129032258,0.05826612903225803,5.096626035093282,3.605967164039612,5.354308885547641,0.7862419937358174,1.3469340999147288,0.0,0.05826612903225803,0.1698875345031094,0.17847696285158804,
CSGS7,q3_2020,1,robust_local_cqr,clean,ramp,928,0.7381465517241379,0.16185344827586212,11.964040885799854,12.048465251922607,21.407993818368315,4.594292079660527,5.32887363523672,0.16185344827586212,0.0,0.3988013628599951,0.7135997939456105,0.15760869565217392
CSGS7,q3_2020,1,robust_local_cqr,combined_outage,non_ramp,4960,0.927016129032258,0.02701612903225803,6.291950282671901,4.634191729128361,7.796765885410822,1.561781123054548,2.6620708201851135,0.0,0.02701612903225803,0.20973167608906337,0.25989219618036075,
CSGS7,q3_2020,1,robust_local_cqr,combined_outage,ramp,928,0.7920258620689655,0.1079741379310345,13.174451989131772,13.646417140960693,20.84676811796942,4.136924054272923,5.0619099573492345,0.1079741379310345,0.0,0.43914839963772573,0.6948922705989807,0.15760869565217392
CSGS7,q3_2020,1,robust_local_cqr,irradiance_outage,non_ramp,4960,0.9669354838709677,0.0669354838709677,5.413267884529394,3.9695804715156555,5.6612005597350175,0.883812561370389,1.4910353611624494,0.0,0.0669354838709677,0.18044226281764647,0.18870668532450058,
CSGS7,q3_2020,1,robust_local_cqr,irradiance_outage,ramp,928,0.7629310344827587,0.13706896551724135,12.335759847820022,12.79573106765747,20.721641484882515,4.493940327734012,5.268251092326017,0.13706896551724135,0.0,0.41119199492733405,0.6907213828294172,0.15760869565217392
CSGS7,q3_2020,1,robust_local_cqr,recent_power_outage,non_ramp,4960,0.9598790322580645,0.05987903225806446,5.787461986118178,4.825721502304077,6.212679516063816,1.0696706531056113,1.8531955496822377,0.0,0.05987903225806446,0.1929153995372726,0.2070893172021272,
CSGS7,q3_2020,1,robust_local_cqr,recent_power_outage,ramp,928,0.7327586206896551,0.16724137931034488,12.231654852708994,12.343783378601074,22.051348097574223,4.339741637641243,5.193547472015876,0.16724137931034488,0.0,0.40772182842363314,0.7350449365858075,0.15760869565217392
CSGS7,q3_2020,1,robust_local_cqr,weather_outage,non_ramp,4960,0.9544354838709678,0.05443548387096775,5.214636739330424,3.6375012397766113,5.477415334028813,0.8114981019826788,1.3954230564032999,0.0,0.05443548387096775,0.17382122464434746,0.18258051113429377,
CSGS7,q3_2020,1,robust_local_cqr,weather_outage,ramp,928,0.7424568965517241,0.15754310344827593,12.213810937198136,12.470540523529053,20.9891628318964,4.488414697156384,5.250398220297277,0.15754310344827593,0.0,0.4071270312399379,0.6996387610632133,0.15760869565217392
CSGS7,q3_2020,1,robust_risk_mondrian,clean,non_ramp,4960,0.9528225806451613,0.05282258064516132,4.945243220245436,3.423041045665741,5.257788668973904,0.7862419937358174,1.3469340999147288,0.0,0.05282258064516132,0.16484144067484785,0.17525962229913014,
CSGS7,q3_2020,1,robust_risk_mondrian,clean,ramp,928,0.7155172413793104,0.18448275862068964,11.478617860084592,11.594300746917725,22.22819041603662,4.594292079660527,5.32887363523672,0.18448275862068964,0.0,0.38262059533615306,0.7409396805345541,0.15760869565217392
CSGS7,q3_2020,1,robust_risk_mondrian,combined_outage,non_ramp,4960,0.9215725806451613,0.02157258064516132,6.220429304518257,6.084005355834961,8.17502912805645,1.561781123054548,2.6620708201851135,0.0,0.02157258064516132,0.2073476434839419,0.27250097093521497,
CSGS7,q3_2020,1,robust_risk_mondrian,combined_outage,ramp,928,0.7575431034482759,0.1424568965517241,12.07230247046341,12.206957817077637,21.292439968965482,4.136924054272923,5.0619099573492345,0.1424568965517241,0.0,0.4024100823487803,0.7097479989655161,0.15760869565217392
CSGS7,q3_2020,1,robust_risk_mondrian,irradiance_outage,non_ramp,4960,0.9606854838709677,0.06068548387096773,5.231313498970626,3.901391625404358,5.548922467300978,0.883812561370389,1.4910353611624494,0.0,0.06068548387096773,0.1743771166323542,0.1849640822433659,
CSGS7,q3_2020,1,robust_risk_mondrian,irradiance_outage,ramp,928,0.7273706896551724,0.17262931034482765,11.873406430400918,12.3025221824646,21.617938121860664,4.493940327734012,5.268251092326017,0.17262931034482765,0.0,0.39578021434669725,0.7205979373953555,0.15760869565217392
CSGS7,q3_2020,1,robust_risk_mondrian,recent_power_outage,non_ramp,4960,0.9423387096774194,0.04233870967741937,5.581024692618367,4.724117755889893,6.15852058139051,1.0696706531056113,1.8531955496822377,0.0,0.04233870967741937,0.18603415642061225,0.20528401937968369,
CSGS7,q3_2020,1,robust_risk_mondrian,recent_power_outage,ramp,928,0.7112068965517241,0.18879310344827593,11.689176045813806,11.683100581169128,22.976140920271504,4.339741637641243,5.193547472015876,0.18879310344827593,0.0,0.3896392015271269,0.7658713640090501,0.15760869565217392
CSGS7,q3_2020,1,robust_risk_mondrian,weather_outage,non_ramp,4960,0.946975806451613,0.04697580645161292,5.027445891511994,3.4630414843559265,5.339780391620556,0.8114981019826788,1.3954230564032999,0.0,0.04697580645161292,0.16758152971706647,0.1779926797206852,
CSGS7,q3_2020,1,robust_risk_mondrian,weather_outage,ramp,928,0.7241379310344828,0.17586206896551726,11.619663892699213,11.85014295578003,22.06990580845239,4.488414697156384,5.250398220297277,0.17586206896551726,0.0,0.38732212975664043,0.735663526948413,0.15760869565217392
CSGS7,q3_2020,1,robust_rolling_cqr,clean,non_ramp,4960,0.9530241935483871,0.053024193548387055,4.550580745587652,3.653006672859192,5.008132792070545,0.7862419937358174,1.3469340999147288,0.0,0.053024193548387055,0.15168602485292174,0.16693775973568484,
CSGS7,q3_2020,1,robust_rolling_cqr,clean,ramp,928,0.6271551724137931,0.2728448275862069,10.148104438783022,10.212628841400146,25.088143471275167,4.594292079660527,5.32887363523672,0.2728448275862069,0.0,0.33827014795943405,0.8362714490425056,0.15760869565217392
CSGS7,q3_2020,1,robust_rolling_cqr,combined_outage,non_ramp,4960,0.9320564516129032,0.03205645161290316,6.533987723024268,6.280153818428516,8.63121664134648,1.561781123054548,2.6620708201851135,0.0,0.03205645161290316,0.2177995907674756,0.287707221378216,
CSGS7,q3_2020,1,robust_rolling_cqr,combined_outage,ramp,928,0.7198275862068966,0.18017241379310345,11.428322388126146,11.683446049690247,22.543431925822162,4.136924054272923,5.0619099573492345,0.18017241379310345,0.0,0.38094407960420484,0.7514477308607387,0.15760869565217392
CSGS7,q3_2020,1,robust_rolling_cqr,irradiance_outage,non_ramp,4960,0.9534274193548387,0.053427419354838634,4.873272536621516,3.9733505845069885,5.317585716429171,0.883812561370389,1.4910353611624494,0.0,0.053427419354838634,0.16244241788738387,0.1772528572143057,
CSGS7,q3_2020,1,robust_rolling_cqr,irradiance_outage,ramp,928,0.6648706896551724,0.23512931034482765,10.61156757076731,10.804636597633362,23.73114553148869,4.493940327734012,5.268251092326017,0.23512931034482765,0.0,0.353718919025577,0.7910381843829563,0.15760869565217392
CSGS7,q3_2020,1,robust_rolling_cqr,recent_power_outage,non_ramp,4960,0.9495967741935484,0.049596774193548354,5.379419832093258,4.970214605331421,6.118842962618087,1.0696706531056113,1.8531955496822377,0.0,0.049596774193548354,0.1793139944031086,0.20396143208726958,
CSGS7,q3_2020,1,robust_rolling_cqr,recent_power_outage,ramp,928,0.65625,0.24375000000000002,10.647498874503572,10.556415557861328,25.56697459229477,4.339741637641243,5.193547472015876,0.24375000000000002,0.0,0.35491662915011907,0.8522324864098256,0.15760869565217392
CSGS7,q3_2020,1,robust_rolling_cqr,weather_outage,non_ramp,4960,0.9508064516129032,0.0508064516129032,4.610572878850102,3.5702858567237854,5.081744730273444,0.8114981019826788,1.3954230564032999,0.0,0.0508064516129032,0.15368576262833675,0.1693914910091148,
CSGS7,q3_2020,1,robust_rolling_cqr,weather_outage,ramp,928,0.6454741379310345,0.25452586206896555,10.287176296612698,10.45159101486206,24.78677060761778,4.488414697156384,5.250398220297277,0.25452586206896555,0.0,0.3429058765537566,0.8262256869205926,0.15760869565217392
CSGS7,q3_2020,4,clean_condition_cqr,clean,non_ramp,4877,0.9429977445150708,0.04299774451507077,6.401033144693815,6.023547977209091,7.496493083067003,1.406750159197091,2.3137050122556353,0.0,0.04299774451507077,0.21336777148979383,0.2498831027689001,
CSGS7,q3_2020,4,clean_condition_cqr,clean,ramp,1011,0.6310583580613254,0.26894164193867465,10.869632440253458,11.549224376678467,29.36130298432018,4.995328818330897,6.095140144107705,0.26894164193867465,0.0,0.3623210813417819,0.9787100994773393,0.17170516304347827
CSGS7,q3_2020,4,clean_condition_cqr,combined_outage,non_ramp,4877,0.9436128767685052,0.04361287676850523,15.405251996169195,15.800506591796875,17.742226903755437,3.2274342452076423,4.873921292444281,0.0,0.04361287676850523,0.5135083998723065,0.5914075634585145,
CSGS7,q3_2020,4,clean_condition_cqr,combined_outage,ramp,1011,0.874381800197824,0.025618199802176056,18.156382511218926,20.18070411682129,23.75292062477619,4.990376185135719,6.535369091370588,0.025618199802176056,0.0,0.6052127503739642,0.791764020825873,0.17170516304347827
CSGS7,q3_2020,4,clean_condition_cqr,irradiance_outage,non_ramp,4877,0.9200328070535165,0.02003280705351651,7.478222468064666,7.087576389312744,9.124717990835094,1.6182314305525338,2.5260801930597174,0.0,0.02003280705351651,0.2492740822688222,0.3041572663611698,
CSGS7,q3_2020,4,clean_condition_cqr,irradiance_outage,ramp,1011,0.6280909990108803,0.27190900098911974,10.782223271880332,11.54007625579834,27.289770910534806,4.86290576060613,5.9190617163820205,0.27190900098911974,0.0,0.3594074423960111,0.9096590303511601,0.17170516304347827
CSGS7,q3_2020,4,clean_condition_cqr,recent_power_outage,non_ramp,4877,0.9315152757842936,0.031515275784293584,10.331688159539704,11.534369468688965,12.124290111905264,2.3006539411868796,3.6382229788148046,0.0,0.031515275784293584,0.3443896053179901,0.4041430037301755,
CSGS7,q3_2020,4,clean_condition_cqr,recent_power_outage,ramp,1011,0.7289812067260139,0.17101879327398617,13.164128797722043,13.079098224639893,29.133315800701137,4.735563385026745,6.006523290557355,0.17101879327398617,0.0,0.43880429325740145,0.971110526690038,0.17170516304347827
CSGS7,q3_2020,4,clean_condition_cqr,weather_outage,non_ramp,4877,0.9448431412753742,0.04484314127537414,6.571251069224356,6.317129135131836,7.6282392963522145,1.4811615269007274,2.3853316810572367,0.0,0.04484314127537414,0.21904170230747855,0.2542746432117405,
CSGS7,q3_2020,4,clean_condition_cqr,weather_outage,ramp,1011,0.6567754698318496,0.24322453016815038,11.124121757712432,11.926582336425781,28.864536111384012,4.955139523532341,6.0897710391277355,0.24322453016815038,0.0,0.3708040585904144,0.9621512037128004,0.17170516304347827
CSGS7,q3_2020,4,lgbm_condition_cqr,clean,non_ramp,4877,0.9497641993028502,0.04976419930285014,7.997345916614859,6.836955547332764,8.608451500164193,1.3177636745318064,2.1573169473832183,0.0,0.04976419930285014,0.2665781972204953,0.28694838333880646,
CSGS7,q3_2020,4,lgbm_condition_cqr,clean,ramp,1011,0.8140454995054401,0.08595450049455988,13.626137920483048,14.866500854492188,19.937180140929925,5.470624070109764,6.582409976976909,0.08595450049455988,0.0,0.4542045973494349,0.6645726713643308,0.17170516304347827
CSGS7,q3_2020,4,lgbm_condition_cqr,combined_outage,non_ramp,4877,0.8802542546647529,0.01974574533524709,12.589262701916343,11.718941926956177,14.277657685071626,3.6740243470286527,5.0589533499326365,0.01974574533524709,0.0,0.4196420900638781,0.4759219228357209,
CSGS7,q3_2020,4,lgbm_condition_cqr,combined_outage,ramp,1011,0.9436201780415431,0.043620178041543056,17.912411250850198,19.513331413269043,19.275970769998214,5.236522735005316,6.76065958230703,0.0,0.043620178041543056,0.5970803750283399,0.6425323589999404,0.17170516304347827
CSGS7,q3_2020,4,lgbm_condition_cqr,irradiance_outage,non_ramp,4877,0.9475087143735903,0.04750871437359028,8.607049806240639,7.386677324771881,9.187112626397942,1.6384219869286782,2.550365801527514,0.0,0.04750871437359028,0.28690166020802127,0.30623708754659806,
CSGS7,q3_2020,4,lgbm_condition_cqr,irradiance_outage,ramp,1011,0.8456973293768546,0.05430267062314542,14.250927167969483,15.488305568695068,18.86893114359528,4.8907909789274635,5.946751507570496,0.05430267062314542,0.0,0.47503090559898276,0.628964371453176,0.17170516304347827
CSGS7,q3_2020,4,lgbm_condition_cqr,recent_power_outage,non_ramp,4877,0.9159319253639533,0.01593192536395327,10.922828322060656,9.575494050979614,11.80374062558792,3.127999202113599,4.335646947772919,0.0,0.01593192536395327,0.3640942774020219,0.3934580208529307,
CSGS7,q3_2020,4,lgbm_condition_cqr,recent_power_outage,ramp,1011,0.9070227497527201,0.007022749752720103,16.26646977275991,17.550786018371582,18.821144915909347,5.261700057547123,6.871855507646019,0.0,0.007022749752720103,0.542215659091997,0.6273714971969783,0.17170516304347827
CSGS7,q3_2020,4,lgbm_condition_cqr,weather_outage,non_ramp,4877,0.9454582735288087,0.04545827352880871,7.904555695276183,6.686547517776489,8.661064832379852,1.4012633838595467,2.2570605315488903,0.0,0.04545827352880871,0.26348518984253944,0.2887021610793284,
CSGS7,q3_2020,4,lgbm_condition_cqr,weather_outage,ramp,1011,0.7992087042532147,0.10079129574678536,13.414344330562388,14.722837924957275,20.17624368145325,5.294391963384036,6.432037860451973,0.10079129574678536,0.0,0.44714481101874626,0.6725414560484417,0.17170516304347827
CSGS7,q3_2020,4,oracle_ramp_mondrian,clean,non_ramp,4877,0.8738978880459298,0.026102111954070195,6.1732331097578745,5.365577936172485,8.368071734112652,1.6012241303015011,2.6406045634546205,0.026102111954070195,0.0,0.20577443699192915,0.27893572447042175,
CSGS7,q3_2020,4,oracle_ramp_mondrian,clean,ramp,1011,0.8694362017804155,0.030563798219584548,15.36631088585901,16.321430921554565,20.263931210659806,4.498481774778206,5.680645023227332,0.030563798219584548,0.0,0.512210362861967,0.6754643736886602,0.17170516304347827
CSGS7,q3_2020,4,oracle_ramp_mondrian,combined_outage,non_ramp,4877,0.8816895632561,0.018310436743899983,6.484203343237839,6.508206367492676,9.673763661248724,1.9610464145065984,3.0817674154617936,0.018310436743899983,0.0,0.2161401114412613,0.3224587887082908,
CSGS7,q3_2020,4,oracle_ramp_mondrian,combined_outage,ramp,1011,0.9099901088031652,0.009990108803165199,16.09977609589862,16.823720455169678,19.35494510431587,4.163227725630344,5.310759327939606,0.0,0.009990108803165199,0.5366592031966206,0.645164836810529,0.17170516304347827
CSGS7,q3_2020,4,oracle_ramp_mondrian,irradiance_outage,non_ramp,4877,0.8913266352265737,0.008673364773426284,6.45711990112039,5.901208519935608,8.62314145639833,1.747022442949664,2.7883234070479914,0.008673364773426284,0.0,0.21523733003734635,0.287438048546611,
CSGS7,q3_2020,4,oracle_ramp_mondrian,irradiance_outage,ramp,1011,0.8664688427299704,0.03353115727002964,15.027454209295641,15.892847061157227,20.11835349650554,4.400596322055121,5.5863384437215595,0.03353115727002964,0.0,0.5009151403098547,0.6706117832168513,0.17170516304347827
CSGS7,q3_2020,4,oracle_ramp_mondrian,recent_power_outage,non_ramp,4877,0.8896862825507484,0.01031371744925158,6.4963035352199805,5.985576152801514,8.631108586138572,1.6834312864566465,2.7175708977425512,0.01031371744925158,0.0,0.21654345117399934,0.28770361953795237,
CSGS7,q3_2020,4,oracle_ramp_mondrian,recent_power_outage,ramp,1011,0.8783382789317508,0.021661721068249262,15.567620965030365,16.712740927934647,19.476362725119195,4.414782223874808,5.564295519677679,0.021661721068249262,0.0,0.5189206988343454,0.6492120908373065,0.17170516304347827
CSGS7,q3_2020,4,oracle_ramp_mondrian,weather_outage,non_ramp,4877,0.8851753126922288,0.0148246873077712,6.17984481618199,5.437647342681885,8.34447557608279,1.665698687383518,2.7244637223693133,0.0148246873077712,0.0,0.20599482720606632,0.27814918586942633,
CSGS7,q3_2020,4,oracle_ramp_mondrian,weather_outage,ramp,1011,0.8635014836795252,0.03649851632047485,15.155636168472169,16.277305603027344,20.644618237622563,4.500501262357516,5.712441793133273,0.03649851632047485,0.0,0.5051878722824056,0.6881539412540855,0.17170516304347827
CSGS7,q3_2020,4,persistence_condition_cqr,clean,non_ramp,4877,1.0,0.09999999999999998,11.082230487426912,10.467000007629395,11.082230487426912,1.8211146525768245,2.507532113928626,0.0,0.09999999999999998,0.36940768291423043,0.36940768291423043,
CSGS7,q3_2020,4,persistence_condition_cqr,clean,ramp,1011,0.39762611275964393,0.502373887240356,14.22480514702886,15.08799934387207,52.62469385858935,9.15544977339038,9.627645187264338,0.502373887240356,0.0,0.4741601715676287,1.7541564619529784,0.17170516304347827
CSGS7,q3_2020,4,persistence_condition_cqr,combined_outage,non_ramp,4877,0.9536600369079352,0.053660036907935194,20.80423062469872,19.663999557495117,22.77509857269387,5.443248654048304,7.334999257849725,0.0,0.053660036907935194,0.6934743541566241,0.759169952423129,
CSGS7,q3_2020,4,persistence_condition_cqr,combined_outage,ramp,1011,0.811078140454995,0.08892185954500498,23.395742775096707,24.163999557495117,32.55647196781727,10.179654654174394,11.671667291455007,0.08892185954500498,0.0,0.7798580925032236,1.0852157322605755,0.17170516304347827
CSGS7,q3_2020,4,persistence_condition_cqr,irradiance_outage,non_ramp,4877,1.0,0.09999999999999998,11.082230487426912,10.467000007629395,11.082230487426912,1.8211146525768245,2.507532113928626,0.0,0.09999999999999998,0.36940768291423043,0.36940768291423043,
CSGS7,q3_2020,4,persistence_condition_cqr,irradiance_outage,ramp,1011,0.39762611275964393,0.502373887240356,14.22480514702886,15.08799934387207,52.62469385858935,9.15544977339038,9.627645187264338,0.502373887240356,0.0,0.4741601715676287,1.7541564619529784,0.17170516304347827
CSGS7,q3_2020,4,persistence_condition_cqr,recent_power_outage,non_ramp,4877,0.9536600369079352,0.053660036907935194,20.80423062469872,19.663999557495117,22.77509857269387,5.443248654048304,7.334999257849725,0.0,0.053660036907935194,0.6934743541566241,0.759169952423129,
CSGS7,q3_2020,4,persistence_condition_cqr,recent_power_outage,ramp,1011,0.811078140454995,0.08892185954500498,23.395742775096707,24.163999557495117,32.55647196781727,10.179654654174394,11.671667291455007,0.08892185954500498,0.0,0.7798580925032236,1.0852157322605755,0.17170516304347827
CSGS7,q3_2020,4,persistence_condition_cqr,weather_outage,non_ramp,4877,1.0,0.09999999999999998,11.082230487426912,10.467000007629395,11.082230487426912,1.8211146525768245,2.507532113928626,0.0,0.09999999999999998,0.36940768291423043,0.36940768291423043,
CSGS7,q3_2020,4,persistence_condition_cqr,weather_outage,ramp,1011,0.39762611275964393,0.502373887240356,14.22480514702886,15.08799934387207,52.62469385858935,9.15544977339038,9.627645187264338,0.502373887240356,0.0,0.4741601715676287,1.7541564619529784,0.17170516304347827
CSGS7,q3_2020,4,robust_condition_cqr,clean,non_ramp,4877,0.9159319253639533,0.01593192536395327,6.632140443596418,5.8988118171691895,8.260509945204774,1.6012241303015011,2.6406045634546205,0.0,0.01593192536395327,0.2210713481198806,0.2753503315068258,
CSGS7,q3_2020,4,robust_condition_cqr,clean,ramp,1011,0.6904055390702275,0.20959446092977252,11.334994496578677,12.103185653686523,24.64757865244149,4.498481774778206,5.680645023227332,0.20959446092977252,0.0,0.3778331498859559,0.821585955081383,0.17170516304347827
CSGS7,q3_2020,4,robust_condition_cqr,combined_outage,non_ramp,4877,0.9147016608570843,0.014701660857084242,7.203407685831318,7.415656089782715,9.477174982104273,1.9610464145065984,3.0817674154617936,0.0,0.014701660857084242,0.2401135895277106,0.3159058327368091,
CSGS7,q3_2020,4,robust_condition_cqr,combined_outage,ramp,1011,0.7408506429277942,0.1591493570722058,11.48380368653939,11.878920793533325,22.798236569896353,4.163227725630344,5.310759327939606,0.1591493570722058,0.0,0.38279345621797967,0.7599412189965451,0.17170516304347827
CSGS7,q3_2020,4,robust_condition_cqr,irradiance_outage,non_ramp,4877,0.92187820381382,0.021878203813819996,6.9009622819873755,6.43773078918457,8.565767360088394,1.747022442949664,2.7883234070479914,0.0,0.021878203813819996,0.23003207606624584,0.28552557866961314,
CSGS7,q3_2020,4,robust_condition_cqr,irradiance_outage,ramp,1011,0.7289812067260139,0.17101879327398617,11.603311298861842,12.30869197845459,23.5552634067979,4.400596322055121,5.5863384437215595,0.17101879327398617,0.0,0.3867770432953947,0.7851754468932632,0.17170516304347827
CSGS7,q3_2020,4,robust_condition_cqr,recent_power_outage,non_ramp,4877,0.9226983801517327,0.022698380151732644,7.012164699997881,6.613631844520569,8.568185912450057,1.6834312864566465,2.7175708977425512,0.0,0.022698380151732644,0.2337388233332627,0.28560619708166857,
CSGS7,q3_2020,4,robust_condition_cqr,recent_power_outage,ramp,1011,0.731948565776459,0.16805143422354107,11.648860267686826,12.57240915298462,23.56584146778393,4.414782223874808,5.564295519677679,0.16805143422354107,0.0,0.3882953422562275,0.785528048926131,0.17170516304347827
CSGS7,q3_2020,4,robust_condition_cqr,weather_outage,non_ramp,4877,0.9190075866311257,0.019007586631125672,6.5995610509325955,5.951477766036987,8.270603962532483,1.665698687383518,2.7244637223693133,0.0,0.019007586631125672,0.21998536836441984,0.27568679875108276,
CSGS7,q3_2020,4,robust_condition_cqr,weather_outage,ramp,1011,0.7141444114737884,0.18585558852621165,11.398826433439638,12.325570106506348,25.003830176535864,4.500501262357516,5.712441793133273,0.18585558852621165,0.0,0.3799608811146546,0.8334610058845288,0.17170516304347827
CSGS7,q3_2020,4,robust_local_cqr,clean,non_ramp,4877,0.9432027885995489,0.04320278859954885,7.742267075537481,6.40071439743042,8.39117957347959,1.6012241303015011,2.6406045634546205,0.0,0.04320278859954885,0.2580755691845827,0.279705985782653,
CSGS7,q3_2020,4,robust_local_cqr,clean,ramp,1011,0.8100890207715133,0.08991097922848668,13.624988810096625,15.352330207824707,20.91543175186962,4.498481774778206,5.680645023227332,0.08991097922848668,0.0,0.4541662936698875,0.6971810583956539,0.17170516304347827
CSGS7,q3_2020,4,robust_local_cqr,combined_outage,non_ramp,4877,0.918187410293213,0.018187410293213024,7.749472675202845,7.223968744277954,9.171499898927246,1.9610464145065984,3.0817674154617936,0.0,0.018187410293213024,0.2583157558400948,0.30571666329757485,
CSGS7,q3_2020,4,robust_local_cqr,combined_outage,ramp,1011,0.8160237388724035,0.08397626112759649,13.254587054432257,13.957343220710754,19.822704592341065,4.163227725630344,5.310759327939606,0.08397626112759649,0.0,0.44181956848107523,0.6607568197447021,0.17170516304347827
CSGS7,q3_2020,4,robust_local_cqr,irradiance_outage,non_ramp,4877,0.9444330531064179,0.044433053106417875,7.88429286147154,6.705852270126343,8.646911103342061,1.747022442949664,2.7883234070479914,0.0,0.044433053106417875,0.2628097620490513,0.28823037011140207,
CSGS7,q3_2020,4,robust_local_cqr,irradiance_outage,ramp,1011,0.8160237388724035,0.08397626112759649,13.70789722140241,15.496597290039062,20.536008299030843,4.400596322055121,5.5863384437215595,0.08397626112759649,0.0,0.4569299073800803,0.6845336099676947,0.17170516304347827
CSGS7,q3_2020,4,robust_local_cqr,recent_power_outage,non_ramp,4877,0.9479188025425467,0.04791880254254666,8.07013555139476,7.000882625579834,8.670955701093186,1.6834312864566465,2.7175708977425512,0.0,0.04791880254254666,0.2690045183798253,0.2890318567031062,
CSGS7,q3_2020,4,robust_local_cqr,recent_power_outage,ramp,1011,0.8219584569732937,0.0780415430267063,13.962284585434306,16.049743175506592,19.665209217047693,4.414782223874808,5.564295519677679,0.0780415430267063,0.0,0.46540948618114353,0.6555069739015897,0.17170516304347827
CSGS7,q3_2020,4,robust_local_cqr,weather_outage,non_ramp,4877,0.9440229649374615,0.044022964937461495,7.644710265293865,6.465131163597107,8.424454502869114,1.665698687383518,2.7244637223693133,0.0,0.044022964937461495,0.2548236755097955,0.2808151500956371,
CSGS7,q3_2020,4,robust_local_cqr,weather_outage,ramp,1011,0.8130563798219584,0.08694362017804158,13.596786077467437,15.42965817451477,21.277541427413976,4.500501262357516,5.712441793133273,0.08694362017804158,0.0,0.4532262025822479,0.7092513809137991,0.17170516304347827
CSGS7,q3_2020,4,robust_risk_mondrian,clean,non_ramp,4877,0.9126512200123027,0.012651220012302677,7.179233747233056,6.158461570739746,8.243376868444644,1.6012241303015011,2.6406045634546205,0.0,0.012651220012302677,0.23930779157443519,0.2747792289481548,
CSGS7,q3_2020,4,robust_risk_mondrian,clean,ramp,1011,0.7843719090009891,0.11562809099901095,12.802007101726756,13.67414665222168,22.430301360594353,4.498481774778206,5.680645023227332,0.11562809099901095,0.0,0.4267335700575586,0.7476767120198118,0.17170516304347827
CSGS7,q3_2020,4,robust_risk_mondrian,combined_outage,non_ramp,4877,0.9132663522657372,0.013266352265737136,7.426442323250744,6.984328866004944,9.47400089245859,1.9610464145065984,3.0817674154617936,0.0,0.013266352265737136,0.24754807744169147,0.3158000297486197,
CSGS7,q3_2020,4,robust_risk_mondrian,combined_outage,ramp,1011,0.7655786350148368,0.13442136498516322,11.956120426574046,12.56127405166626,21.885730607853326,4.163227725630344,5.310759327939606,0.13442136498516322,0.0,0.39853734755246817,0.7295243535951108,0.17170516304347827
CSGS7,q3_2020,4,robust_risk_mondrian,irradiance_outage,non_ramp,4877,0.9126512200123027,0.012651220012302677,7.264225677713604,6.8161702156066895,8.451573404178816,1.747022442949664,2.7883234070479914,0.0,0.012651220012302677,0.2421408559237868,0.28171911347262724,
CSGS7,q3_2020,4,robust_risk_mondrian,irradiance_outage,ramp,1011,0.7972304648862513,0.10276953511374876,13.027079038768749,13.76124382019043,21.8859962445576,4.400596322055121,5.5863384437215595,0.10276953511374876,0.0,0.4342359679589583,0.72953320815192,0.17170516304347827
CSGS7,q3_2020,4,robust_risk_mondrian,recent_power_outage,non_ramp,4877,0.9276194381792086,0.027619438179208533,7.36545016746819,6.7505645751953125,8.529100183209623,1.6834312864566465,2.7175708977425512,0.0,0.027619438179208533,0.245515005582273,0.28430333944032077,
CSGS7,q3_2020,4,robust_risk_mondrian,recent_power_outage,ramp,1011,0.7725024727992087,0.12749752720079133,12.698830975255534,13.705215454101562,22.0192007513691,4.414782223874808,5.564295519677679,0.12749752720079133,0.0,0.42329436584185115,0.73397335837897,0.17170516304347827
CSGS7,q3_2020,4,robust_risk_mondrian,weather_outage,non_ramp,4877,0.9175722780397786,0.017572278039778566,7.0556798486277295,6.467633754014969,8.187704064325905,1.665698687383518,2.7244637223693133,0.0,0.017572278039778566,0.23518932828759098,0.2729234688108635,
CSGS7,q3_2020,4,robust_risk_mondrian,weather_outage,ramp,1011,0.7665677546983185,0.13343224530168152,12.716119742873985,13.720119953155518,22.97350902478077,4.500501262357516,5.712441793133273,0.13343224530168152,0.0,0.4238706580957995,0.765783634159359,0.17170516304347827
CSGS7,q3_2020,4,robust_rolling_cqr,clean,non_ramp,4877,0.9352060693049006,0.035206069304900556,7.079580288265975,6.375630728900433,8.291981314465602,1.6012241303015011,2.6406045634546205,0.0,0.035206069304900556,0.23598600960886582,0.2763993771488534,
CSGS7,q3_2020,4,robust_rolling_cqr,clean,ramp,1011,0.7279920870425322,0.17200791295746787,11.878388727677049,12.545196056365967,23.684965351526465,4.498481774778206,5.680645023227332,0.17200791295746787,0.0,0.3959462909225683,0.7894988450508822,0.17170516304347827
CSGS7,q3_2020,4,robust_rolling_cqr,combined_outage,non_ramp,4877,0.9233135124051671,0.023313512405167103,7.539746219908017,7.556727886199951,9.518398662035379,1.9610464145065984,3.0817674154617936,0.0,0.023313512405167103,0.25132487399693393,0.3172799554011793,
CSGS7,q3_2020,4,robust_rolling_cqr,combined_outage,ramp,1011,0.7606330365974283,0.1393669634025717,11.83847692429662,12.298492431640625,22.168376144451944,4.163227725630344,5.310759327939606,0.1393669634025717,0.0,0.394615897476554,0.7389458714817315,0.17170516304347827
CSGS7,q3_2020,4,robust_rolling_cqr,irradiance_outage,non_ramp,4877,0.9331556284601189,0.03315562846011888,7.205073965331341,6.805097579956055,8.59302358398451,1.747022442949664,2.7883234070479914,0.0,0.03315562846011888,0.24016913217771135,0.2864341194661503,
CSGS7,q3_2020,4,robust_rolling_cqr,irradiance_outage,ramp,1011,0.7537091988130564,0.1462908011869436,11.952265462933918,12.69740104675293,22.988532458754435,4.400596322055121,5.5863384437215595,0.1462908011869436,0.0,0.3984088487644639,0.7662844152918145,0.17170516304347827
CSGS7,q3_2020,4,robust_rolling_cqr,recent_power_outage,non_ramp,4877,0.9356161574738568,0.035616157473856824,7.247518058925306,6.891968727111816,8.572130742373265,1.6834312864566465,2.7175708977425512,0.0,0.035616157473856824,0.24158393529751018,0.28573769141244215,
CSGS7,q3_2020,4,robust_rolling_cqr,recent_power_outage,ramp,1011,0.7398615232443125,0.1601384767556875,11.916445864285283,12.762344360351562,23.18741350095907,4.414782223874808,5.564295519677679,0.1601384767556875,0.0,0.39721486214284274,0.7729137833653024,0.17170516304347827
CSGS7,q3_2020,4,robust_rolling_cqr,weather_outage,non_ramp,4877,0.9329505843756407,0.03295058437564069,7.002092028388705,6.354467868804932,8.298307525028246,1.665698687383518,2.7244637223693133,0.0,0.03295058437564069,0.23340306761295684,0.2766102508342749,
CSGS7,q3_2020,4,robust_rolling_cqr,weather_outage,ramp,1011,0.7368941641938674,0.16310583580613258,11.879764293933068,12.664310455322266,24.164783398715667,4.500501262357516,5.712441793133273,0.16310583580613258,0.0,0.39599214313110226,0.8054927799571889,0.17170516304347827
CSGS7,q4_2020,1,clean_condition_cqr,clean,non_ramp,5320,0.9883458646616541,0.08834586466165406,3.295748129214731,1.7040086388587952,3.4179035922156165,0.3921331799245295,0.8712656881063593,0.0,0.08834586466165406,0.10985827097382436,0.11393011974052054,
CSGS7,q4_2020,1,clean_condition_cqr,clean,ramp,568,0.48063380281690143,0.4193661971830986,9.260779645333303,9.541155099868774,34.09146552237774,5.128435973865046,5.928823007046245,0.4193661971830986,0.0,0.3086926548444434,1.136382184079258,0.09646739130434782
CSGS7,q4_2020,1,clean_condition_cqr,combined_outage,non_ramp,5320,0.8415413533834587,0.05845864661654132,17.17067438964557,17.153953552246094,26.39450508598098,6.498896361806577,7.8374967989015,0.05845864661654132,0.0,0.5723558129881856,0.879816836199366,
CSGS7,q4_2020,1,clean_condition_cqr,combined_outage,ramp,568,0.7940140845070423,0.10598591549295777,18.595402472455735,18.541860580444336,30.661228875039328,7.153286831584615,8.877768899301683,0.10598591549295777,0.0,0.6198467490818579,1.022040962501311,0.09646739130434782
CSGS7,q4_2020,1,clean_condition_cqr,irradiance_outage,non_ramp,5320,0.9648496240601504,0.06484962406015038,5.359211923445335,3.5981030464172363,5.670773086689281,0.47616507457350415,0.9628761289612572,0.0,0.06484962406015038,0.1786403974481778,0.18902576955630937,
CSGS7,q4_2020,1,clean_condition_cqr,irradiance_outage,ramp,568,0.6267605633802817,0.2732394366197183,11.115842863943586,11.863355875015259,25.562230228354604,4.978767693987195,5.742896936525128,0.2732394366197183,0.0,0.3705280954647862,0.8520743409451534,0.09646739130434782
CSGS7,q4_2020,1,clean_condition_cqr,recent_power_outage,non_ramp,5320,0.8520676691729323,0.047932330827067715,14.639586577115798,14.233626365661621,20.44893099162535,5.730211382586495,7.043328491403667,0.047932330827067715,0.0,0.48798621923719326,0.6816310330541783,
CSGS7,q4_2020,1,clean_condition_cqr,recent_power_outage,ramp,568,0.7676056338028169,0.13239436619718314,17.439971652727994,17.171512603759766,30.779150785753686,6.7257807201273,8.35638613780345,0.13239436619718314,0.0,0.5813323884242665,1.0259716928584561,0.09646739130434782
CSGS7,q4_2020,1,clean_condition_cqr,weather_outage,non_ramp,5320,0.9860902255639098,0.08609022556390977,3.1194484230482344,1.5831066966056824,3.2724219833985164,0.3859374801432412,0.8501680309087811,0.0,0.08609022556390977,0.10398161410160782,0.10908073277995055,
CSGS7,q4_2020,1,clean_condition_cqr,weather_outage,ramp,568,0.45598591549295775,0.4440140845070423,8.998811845306937,9.336097955703735,35.878027075291676,5.155457924894044,5.963416791145859,0.4440140845070423,0.0,0.29996039484356457,1.1959342358430558,0.09646739130434782
CSGS7,q4_2020,1,lgbm_condition_cqr,clean,non_ramp,5320,0.9640977443609022,0.06409774436090221,3.4523491075973394,2.590656876564026,3.7074667981959033,0.3824048470954994,0.7875789635489847,0.0,0.06409774436090221,0.11507830358657797,0.12358222660653011,
CSGS7,q4_2020,1,lgbm_condition_cqr,clean,ramp,568,0.5721830985915493,0.32781690140845077,10.742955737025804,11.087294220924377,27.42281583234878,5.414359757702955,6.131636191882188,0.32781690140845077,0.0,0.35809852456752683,0.9140938610782926,0.09646739130434782
CSGS7,q4_2020,1,lgbm_condition_cqr,combined_outage,non_ramp,5320,0.8426691729323308,0.05733082706766923,15.567352091817927,15.309686660766602,22.524922666155305,6.620743959579491,7.897832462017128,0.05733082706766923,0.0,0.518911736393931,0.7508307555385102,
CSGS7,q4_2020,1,lgbm_condition_cqr,combined_outage,ramp,568,0.8327464788732394,0.06725352112676064,18.575679102414092,18.57501792907715,27.408329622846253,7.183477017346402,8.873755724002487,0.06725352112676064,0.0,0.6191893034138031,0.9136109874282085,0.09646739130434782
CSGS7,q4_2020,1,lgbm_condition_cqr,irradiance_outage,non_ramp,5320,0.9490601503759398,0.049060150375939804,4.589958867988868,2.9123780727386475,4.9296859060635585,0.8997190716249703,1.4575383725626563,0.0,0.049060150375939804,0.15299862893296226,0.16432286353545195,
CSGS7,q4_2020,1,lgbm_condition_cqr,irradiance_outage,ramp,568,0.6109154929577465,0.2890845070422535,11.351274762669918,11.770453929901123,24.419172385943607,4.947708957631823,5.863189921391885,0.2890845070422535,0.0,0.3783758254223306,0.8139724128647869,0.09646739130434782
CSGS7,q4_2020,1,lgbm_condition_cqr,recent_power_outage,non_ramp,5320,0.7881578947368421,0.11184210526315796,14.913501712283656,14.869745671749115,23.99473686141318,5.68295858231009,6.852518828818317,0.11184210526315796,0.0,0.49711672374278854,0.7998245620471061,
CSGS7,q4_2020,1,lgbm_condition_cqr,recent_power_outage,ramp,568,0.8327464788732394,0.06725352112676064,18.43449073407367,18.44564723968506,26.966214293815913,6.320192099561994,7.916188152778952,0.06725352112676064,0.0,0.6144830244691223,0.8988738097938638,0.09646739130434782
CSGS7,q4_2020,1,lgbm_condition_cqr,weather_outage,non_ramp,5320,0.9659774436090226,0.06597744360902258,3.443419254784073,2.577350378036499,3.704490483885533,0.3861505829147966,0.7855914978774546,0.0,0.06597744360902258,0.11478064182613576,0.12348301612951776,
CSGS7,q4_2020,1,lgbm_condition_cqr,weather_outage,ramp,568,0.5669014084507042,0.3330985915492958,10.623442861684401,11.017192244529724,27.933078053000738,5.442417896654405,6.158092461754617,0.3330985915492958,0.0,0.3541147620561467,0.9311026017666912,0.09646739130434782
CSGS7,q4_2020,1,oracle_ramp_mondrian,clean,non_ramp,5320,0.9614661654135338,0.06146616541353378,3.2024586065522946,1.8855282068252563,3.5365430108088014,0.46177455035120735,1.030680234649562,0.0,0.06146616541353378,0.10674862021840982,0.11788476702696005,
CSGS7,q4_2020,1,oracle_ramp_mondrian,clean,ramp,568,0.8890845070422535,0.01091549295774652,15.670456211243323,16.06268136203289,20.251522518291047,4.846316148277739,5.719220552857904,0.01091549295774652,0.0,0.5223485403747774,0.6750507506097015,0.09646739130434782
CSGS7,q4_2020,1,oracle_ramp_mondrian,combined_outage,non_ramp,5320,0.9370300751879699,0.03703007518796986,4.849511581608254,3.700790226459503,6.908025345674427,1.0056444428510938,2.1652763188612307,0.0,0.03703007518796986,0.16165038605360846,0.2302675115224809,
CSGS7,q4_2020,1,oracle_ramp_mondrian,combined_outage,ramp,568,0.8961267605633803,0.0038732394366197687,16.204639493707077,16.739501476287842,20.45141200461174,4.378509890445521,5.368663364576056,0.0038732394366197687,0.0,0.5401546497902359,0.681713733487058,0.09646739130434782
CSGS7,q4_2020,1,oracle_ramp_mondrian,irradiance_outage,non_ramp,5320,0.9605263157894737,0.06052631578947365,3.6979595106523866,2.675688624382019,4.027807547100739,0.5127590771446617,1.1002333450259096,0.0,0.06052631578947365,0.12326531702174622,0.13426025157002464,
CSGS7,q4_2020,1,oracle_ramp_mondrian,irradiance_outage,ramp,568,0.8855633802816901,0.014436619718309895,15.672359757026998,15.979431807994843,20.008866754222765,4.739065899920296,5.6223030955689435,0.014436619718309895,0.0,0.5224119919008999,0.6669622251407589,0.09646739130434782
CSGS7,q4_2020,1,oracle_ramp_mondrian,recent_power_outage,non_ramp,5320,0.9430451127819549,0.043045112781954886,5.168932939812198,4.403021812438965,6.033795628766267,0.7580078279218866,1.550165850380181,0.0,0.043045112781954886,0.17229776466040658,0.20112652095887557,
CSGS7,q4_2020,1,oracle_ramp_mondrian,recent_power_outage,ramp,568,0.903169014084507,0.0031690140845069825,16.593578161911147,16.963817596435547,19.916428938301436,4.705397328965261,5.648332742629444,0.0,0.0031690140845069825,0.5531192720637049,0.6638809646100479,0.09646739130434782
CSGS7,q4_2020,1,oracle_ramp_mondrian,weather_outage,non_ramp,5320,0.9657894736842105,0.06578947368421051,2.945487938582693,1.380350112915039,3.245580404110525,0.45799976560997663,1.0090012979339167,0.0,0.06578947368421051,0.09818293128608976,0.10818601347035083,
CSGS7,q4_2020,1,oracle_ramp_mondrian,weather_outage,ramp,568,0.8679577464788732,0.03204225352112677,15.497132641140333,16.091414213180542,20.605707207007637,4.930424623401232,5.808325490284626,0.03204225352112677,0.0,0.5165710880380111,0.6868569069002546,0.09646739130434782
CSGS7,q4_2020,1,persistence_condition_cqr,clean,non_ramp,5320,1.0,0.09999999999999998,6.093982312322552,4.271667003631592,6.093982312322552,0.5792160928921593,0.9905407284776953,0.0,0.09999999999999998,0.20313274374408508,0.20313274374408508,
CSGS7,q4_2020,1,persistence_condition_cqr,clean,ramp,568,0.38380281690140844,0.5161971830985916,8.417183951491072,8.543334007263184,48.69236916881115,6.011590311802189,6.663461011866243,0.5161971830985916,0.0,0.2805727983830357,1.623078972293705,0.09646739130434782
CSGS7,q4_2020,1,persistence_condition_cqr,combined_outage,non_ramp,5320,0.8571428571428571,0.04285714285714293,15.950864416946258,12.412666320800781,24.844799925181036,4.564938222742255,7.1938304386156355,0.04285714285714293,0.0,0.5316954805648753,0.8281599975060345,
CSGS7,q4_2020,1,persistence_condition_cqr,combined_outage,ramp,568,0.7975352112676056,0.1024647887323944,19.453325237549226,20.16249990463257,32.669393277026934,7.609980596190082,9.166867286812481,0.1024647887323944,0.0,0.6484441745849742,1.088979775900898,0.09646739130434782
CSGS7,q4_2020,1,persistence_condition_cqr,irradiance_outage,non_ramp,5320,1.0,0.09999999999999998,6.093982312322552,4.271667003631592,6.093982312322552,0.5792160928921593,0.9905407284776953,0.0,0.09999999999999998,0.20313274374408508,0.20313274374408508,
CSGS7,q4_2020,1,persistence_condition_cqr,irradiance_outage,ramp,568,0.38380281690140844,0.5161971830985916,8.417183951491072,8.543334007263184,48.69236916881115,6.011590311802189,6.663461011866243,0.5161971830985916,0.0,0.2805727983830357,1.623078972293705,0.09646739130434782
CSGS7,q4_2020,1,persistence_condition_cqr,recent_power_outage,non_ramp,5320,0.8571428571428571,0.04285714285714293,15.950864416946258,12.412666320800781,24.844799925181036,4.564938222742255,7.1938304386156355,0.04285714285714293,0.0,0.5316954805648753,0.8281599975060345,
CSGS7,q4_2020,1,persistence_condition_cqr,recent_power_outage,ramp,568,0.7975352112676056,0.1024647887323944,19.453325237549226,20.16249990463257,32.669393277026934,7.609980596190082,9.166867286812481,0.1024647887323944,0.0,0.6484441745849742,1.088979775900898,0.09646739130434782
CSGS7,q4_2020,1,persistence_condition_cqr,weather_outage,non_ramp,5320,1.0,0.09999999999999998,6.093982312322552,4.271667003631592,6.093982312322552,0.5792160928921593,0.9905407284776953,0.0,0.09999999999999998,0.20313274374408508,0.20313274374408508,
CSGS7,q4_2020,1,persistence_condition_cqr,weather_outage,ramp,568,0.38380281690140844,0.5161971830985916,8.417183951491072,8.543334007263184,48.69236916881115,6.011590311802189,6.663461011866243,0.5161971830985916,0.0,0.2805727983830357,1.623078972293705,0.09646739130434782
CSGS7,q4_2020,1,robust_condition_cqr,clean,non_ramp,5320,0.9793233082706767,0.07932330827067668,3.5052246576055834,2.267122447490692,3.730500784615047,0.46177455035120735,1.030680234649562,0.0,0.07932330827067668,0.11684082192018612,0.12435002615383489,
CSGS7,q4_2020,1,robust_condition_cqr,clean,ramp,568,0.5633802816901409,0.33661971830985915,10.16570268909801,10.463082313537598,28.437562281633138,4.846316148277739,5.719220552857904,0.33661971830985915,0.0,0.338856756303267,0.9479187427211045,0.09646739130434782
CSGS7,q4_2020,1,robust_condition_cqr,combined_outage,non_ramp,5320,0.9548872180451128,0.05488721804511276,5.6914524908252835,4.3116865158081055,7.132072984781361,1.0056444428510938,2.1652763188612307,0.0,0.05488721804511276,0.18971508302750945,0.23773576615937872,
CSGS7,q4_2020,1,robust_condition_cqr,combined_outage,ramp,568,0.7429577464788732,0.15704225352112677,11.913952189345162,12.34410536289215,23.447826649434536,4.378509890445521,5.368663364576056,0.15704225352112677,0.0,0.3971317396448387,0.7815942216478179,0.09646739130434782
CSGS7,q4_2020,1,robust_condition_cqr,irradiance_outage,non_ramp,5320,0.9757518796992481,0.07575187969924813,3.8891686687228897,2.9189610481262207,4.144251721384069,0.5127590771446617,1.1002333450259096,0.0,0.07575187969924813,0.12963895562409633,0.13814172404613562,
CSGS7,q4_2020,1,robust_condition_cqr,irradiance_outage,ramp,568,0.602112676056338,0.297887323943662,10.438164243422134,10.675762176513672,26.860403766540784,4.739065899920296,5.6223030955689435,0.297887323943662,0.0,0.34793880811407113,0.8953467922180262,0.09646739130434782
CSGS7,q4_2020,1,robust_condition_cqr,recent_power_outage,non_ramp,5320,0.9624060150375939,0.06240601503759391,5.415664266179845,4.708465397357941,6.137347446377582,0.7580078279218866,1.550165850380181,0.0,0.06240601503759391,0.18052214220599483,0.20457824821258608,
CSGS7,q4_2020,1,robust_condition_cqr,recent_power_outage,ramp,568,0.6338028169014085,0.2661971830985915,10.815475533217926,11.098336458206177,26.351045859623436,4.705397328965261,5.648332742629444,0.2661971830985915,0.0,0.3605158511072642,0.8783681953207813,0.09646739130434782
CSGS7,q4_2020,1,robust_condition_cqr,weather_outage,non_ramp,5320,0.9806390977443609,0.08063909774436084,3.2032835114814247,1.7183077484369278,3.4160091972647715,0.45799976560997663,1.0090012979339167,0.0,0.08063909774436084,0.10677611704938082,0.11386697324215905,
CSGS7,q4_2020,1,robust_condition_cqr,weather_outage,ramp,568,0.5580985915492958,0.34190140845070427,10.104040016564475,10.606067657470703,29.17356959738257,4.930424623401232,5.808325490284626,0.34190140845070427,0.0,0.3368013338854825,0.9724523199127524,0.09646739130434782
CSGS7,q4_2020,1,robust_local_cqr,clean,non_ramp,5320,0.9787593984962406,0.07875939849624058,3.594506374369229,2.0252773761749268,3.7960556818662616,0.46177455035120735,1.030680234649562,0.0,0.07875939849624058,0.11981687914564096,0.12653518939554206,
CSGS7,q4_2020,1,robust_local_cqr,clean,ramp,568,0.6778169014084507,0.22218309859154928,11.51136313893006,12.389285564422607,25.624329155494628,4.846316148277739,5.719220552857904,0.22218309859154928,0.0,0.38371210463100197,0.8541443051831543,0.09646739130434782
CSGS7,q4_2020,1,robust_local_cqr,combined_outage,non_ramp,5320,0.9543233082706767,0.05432330827067666,5.043948456992611,2.9059947729110718,6.157722363832399,1.0056444428510938,2.1652763188612307,0.0,0.05432330827067666,0.16813161523308703,0.20525741212774662,
CSGS7,q4_2020,1,robust_local_cqr,combined_outage,ramp,568,0.7676056338028169,0.13239436619718314,12.92163778249253,13.708492040634155,23.03202586375098,4.378509890445521,5.368663364576056,0.13239436619718314,0.0,0.43072125941641765,0.7677341954583661,0.09646739130434782
CSGS7,q4_2020,1,robust_local_cqr,irradiance_outage,non_ramp,5320,0.9772556390977444,0.07725563909774436,4.164752444647056,2.851658344268799,4.331717483586125,0.5127590771446617,1.1002333450259096,0.0,0.07725563909774436,0.1388250814882352,0.14439058278620417,
CSGS7,q4_2020,1,robust_local_cqr,irradiance_outage,ramp,568,0.7024647887323944,0.19753521126760565,11.933891782914223,12.46833872795105,23.893026230236988,4.739065899920296,5.6223030955689435,0.19753521126760565,0.0,0.39779639276380746,0.7964342076745663,0.09646739130434782
CSGS7,q4_2020,1,robust_local_cqr,recent_power_outage,non_ramp,5320,0.9689849624060151,0.06898496240601504,5.645890034922649,4.539363086223602,6.060788580561906,0.7580078279218866,1.550165850380181,0.0,0.06898496240601504,0.18819633449742165,0.20202628601873018,
CSGS7,q4_2020,1,robust_local_cqr,recent_power_outage,ramp,568,0.7165492957746479,0.18345070422535215,12.302408749486883,13.197399139404297,23.134638675619705,4.705397328965261,5.648332742629444,0.18345070422535215,0.0,0.4100802916495628,0.7711546225206568,0.09646739130434782
CSGS7,q4_2020,1,robust_local_cqr,weather_outage,non_ramp,5320,0.9804511278195489,0.08045112781954888,3.34003205166856,1.4641389846801758,3.5162468494239025,0.45799976560997663,1.0090012979339167,0.0,0.08045112781954888,0.11133440172228533,0.11720822831413008,
CSGS7,q4_2020,1,robust_local_cqr,weather_outage,ramp,568,0.6654929577464789,0.23450704225352115,11.498740185576846,12.381907224655151,26.144781761448566,4.930424623401232,5.808325490284626,0.23450704225352115,0.0,0.3832913395192282,0.8714927253816189,0.09646739130434782
CSGS7,q4_2020,1,robust_risk_mondrian,clean,non_ramp,5320,0.9796992481203007,0.07969924812030071,3.6694997269907152,1.9827783703804016,3.8155404208794397,0.46177455035120735,1.030680234649562,0.0,0.07969924812030071,0.12231665756635718,0.12718468069598132,
CSGS7,q4_2020,1,robust_risk_mondrian,clean,ramp,568,0.6919014084507042,0.20809859154929577,11.857739863077729,12.471274852752686,24.748519262194005,4.846316148277739,5.719220552857904,0.20809859154929577,0.0,0.39525799543592427,0.8249506420731335,0.09646739130434782
CSGS7,q4_2020,1,robust_risk_mondrian,combined_outage,non_ramp,5320,0.9552631578947368,0.05526315789473679,5.777750144062452,4.384685844182968,6.808082512118749,1.0056444428510938,2.1652763188612307,0.0,0.05526315789473679,0.1925916714687484,0.22693608373729163,
CSGS7,q4_2020,1,robust_risk_mondrian,combined_outage,ramp,568,0.8028169014084507,0.09718309859154928,13.530464787149317,14.225953340530396,21.697446462404784,4.378509890445521,5.368663364576056,0.09718309859154928,0.0,0.4510154929049772,0.7232482154134928,0.09646739130434782
CSGS7,q4_2020,1,robust_risk_mondrian,irradiance_outage,non_ramp,5320,0.9828947368421053,0.08289473684210524,4.1902803721483854,2.8815664052963257,4.309326147153528,0.5127590771446617,1.1002333450259096,0.0,0.08289473684210524,0.13967601240494618,0.1436442049051176,
CSGS7,q4_2020,1,robust_risk_mondrian,irradiance_outage,ramp,568,0.7253521126760564,0.17464788732394365,12.10434734262526,12.496286869049072,23.520207896907355,4.739065899920296,5.6223030955689435,0.17464788732394365,0.0,0.4034782447541753,0.7840069298969118,0.09646739130434782
CSGS7,q4_2020,1,robust_risk_mondrian,recent_power_outage,non_ramp,5320,0.9693609022556391,0.06936090225563907,5.6355957827468215,4.650015085935593,6.040625208785935,0.7580078279218866,1.550165850380181,0.0,0.06936090225563907,0.18785319275822737,0.2013541736261978,
CSGS7,q4_2020,1,robust_risk_mondrian,recent_power_outage,ramp,568,0.7235915492957746,0.1764084507042254,12.450070702169143,12.76381802558899,23.08178204455426,4.705397328965261,5.648332742629444,0.1764084507042254,0.0,0.4150023567389714,0.7693927348184754,0.09646739130434782
CSGS7,q4_2020,1,robust_risk_mondrian,weather_outage,non_ramp,5320,0.9785714285714285,0.07857142857142851,3.3690424367199876,1.4162813872098923,3.5270615457494996,0.45799976560997663,1.0090012979339167,0.0,0.07857142857142851,0.11230141455733292,0.11756871819164999,
CSGS7,q4_2020,1,robust_risk_mondrian,weather_outage,ramp,568,0.6848591549295775,0.21514084507042253,11.815553653722917,12.662829637527466,25.232886386484328,4.930424623401232,5.808325490284626,0.21514084507042253,0.0,0.3938517884574306,0.8410962128828109,0.09646739130434782
CSGS7,q4_2020,1,robust_rolling_cqr,clean,non_ramp,5320,0.9736842105263158,0.0736842105263158,3.427899937713027,2.078737258911133,3.6536090468709284,0.46177455035120735,1.030680234649562,0.0,0.0736842105263158,0.11426333125710089,0.12178696822903094,
CSGS7,q4_2020,1,robust_rolling_cqr,clean,ramp,568,0.579225352112676,0.320774647887324,10.350454683402475,10.790268063545227,28.059029856985305,4.846316148277739,5.719220552857904,0.320774647887324,0.0,0.3450151561134158,0.9353009952328435,0.09646739130434782
CSGS7,q4_2020,1,robust_rolling_cqr,combined_outage,non_ramp,5320,0.9424812030075188,0.042481203007518786,4.922702356012555,3.1843578219413757,6.580843078964491,1.0056444428510938,2.1652763188612307,0.0,0.042481203007518786,0.16409007853375182,0.21936143596548302,
CSGS7,q4_2020,1,robust_rolling_cqr,combined_outage,ramp,568,0.7130281690140845,0.18697183098591552,11.61778218641182,11.903595447540283,24.592784631797308,4.378509890445521,5.368663364576056,0.18697183098591552,0.0,0.3872594062137273,0.8197594877265769,0.09646739130434782
CSGS7,q4_2020,1,robust_rolling_cqr,irradiance_outage,non_ramp,5320,0.9725563909774436,0.0725563909774436,3.8855021151999596,2.9143431186676025,4.118473335645705,0.5127590771446617,1.1002333450259096,0.0,0.0725563909774436,0.12951673717333198,0.1372824445215235,
CSGS7,q4_2020,1,robust_rolling_cqr,irradiance_outage,ramp,568,0.6179577464788732,0.2820422535211268,10.668437372998033,10.886170864105225,26.30337743602798,4.739065899920296,5.6223030955689435,0.2820422535211268,0.0,0.35561457909993444,0.8767792478675993,0.09646739130434782
CSGS7,q4_2020,1,robust_rolling_cqr,recent_power_outage,non_ramp,5320,0.9609022556390977,0.06090225563909768,5.485806301257904,4.6639368534088135,6.104352911363428,0.7580078279218866,1.550165850380181,0.0,0.06090225563909768,0.18286021004193015,0.20347843037878094,
CSGS7,q4_2020,1,robust_rolling_cqr,recent_power_outage,ramp,568,0.6461267605633803,0.25387323943661977,11.144428212333366,11.401775360107422,25.629804070442127,4.705397328965261,5.648332742629444,0.25387323943661977,0.0,0.37148094041111224,0.8543268023480709,0.09646739130434782
CSGS7,q4_2020,1,robust_rolling_cqr,weather_outage,non_ramp,5320,0.975187969924812,0.07518796992481203,3.1321224802845005,1.4872379302978516,3.352397030503294,0.45799976560997663,1.0090012979339167,0.0,0.07518796992481203,0.10440408267615002,0.11174656768344313,
CSGS7,q4_2020,1,robust_rolling_cqr,weather_outage,ramp,568,0.5757042253521126,0.3242957746478874,10.248591342993395,10.712344646453857,28.9633389418866,4.930424623401232,5.808325490284626,0.3242957746478874,0.0,0.34161971143311315,0.96544463139622,0.09646739130434782
CSGS7,q4_2020,4,clean_condition_cqr,clean,non_ramp,4861,0.9625591442090105,0.06255914420901043,5.8940541985115384,5.284493923187256,6.783044376906189,0.9758447151906241,2.007005903958552,0.0,0.06255914420901043,0.19646847328371794,0.22610147923020632,
CSGS7,q4_2020,4,clean_condition_cqr,clean,ramp,1027,0.744888023369036,0.155111976630964,9.736483999317832,8.976807832717896,21.96058466788513,3.742670121838265,5.3312091073685535,0.155111976630964,0.0,0.32454946664392775,0.7320194889295043,0.17442255434782608
CSGS7,q4_2020,4,clean_condition_cqr,combined_outage,non_ramp,4861,0.7677432627031475,0.1322567372968525,14.61957448239886,15.386847496032715,21.587987486994965,4.7887381981093435,6.896917435856645,0.1322567372968525,0.0,0.48731914941329535,0.7195995828998322,
CSGS7,q4_2020,4,clean_condition_cqr,combined_outage,ramp,1027,0.9152872444011685,0.015287244401168465,16.122807435560773,17.95579719543457,20.928905352086787,4.172141433924712,5.789214754983885,0.0,0.015287244401168465,0.5374269145186924,0.6976301784028929,0.17442255434782608
CSGS7,q4_2020,4,clean_condition_cqr,irradiance_outage,non_ramp,4861,0.9674963999177124,0.06749639991771239,7.716567862390835,8.27627944946289,8.301403381577712,1.1578089155920634,2.1329047753206956,0.0,0.06749639991771239,0.25721892874636115,0.2767134460525904,
CSGS7,q4_2020,4,clean_condition_cqr,irradiance_outage,ramp,1027,0.7887049659201558,0.1112950340798442,10.89615197877464,11.02535629272461,19.027515348016184,3.6851497331131777,5.136172956132113,0.1112950340798442,0.0,0.36320506595915464,0.6342505116005395,0.17442255434782608
CSGS7,q4_2020,4,clean_condition_cqr,recent_power_outage,non_ramp,4861,0.8638140300349723,0.036185969965027764,12.423829253189338,13.17973804473877,18.46792908918593,3.8743593513246806,5.92183014335564,0.036185969965027764,0.0,0.4141276417729779,0.6155976363061977,
CSGS7,q4_2020,4,clean_condition_cqr,recent_power_outage,ramp,1027,0.8763388510223953,0.02366114897760474,13.721195092587982,14.118213176727295,20.350565710709862,3.4549214431935305,4.936107160397276,0.02366114897760474,0.0,0.45737316975293274,0.6783521903569955,0.17442255434782608
CSGS7,q4_2020,4,clean_condition_cqr,weather_outage,non_ramp,4861,0.966262085990537,0.06626208599053696,5.57928314221388,4.748082160949707,6.218620230664488,0.931930345111091,1.9344101827836673,0.0,0.06626208599053696,0.18597610474046267,0.2072873410221496,
CSGS7,q4_2020,4,clean_condition_cqr,weather_outage,ramp,1027,0.7361246348588121,0.16387536514118795,9.987711995464641,9.472180366516113,22.868088915844346,3.830833386388091,5.397406598849521,0.16387536514118795,0.0,0.33292373318215474,0.7622696305281449,0.17442255434782608
CSGS7,q4_2020,4,lgbm_condition_cqr,clean,non_ramp,4861,0.8494137008845917,0.05058629911540835,7.780764569909966,6.9576932191848755,8.329080971724457,1.0711096498532409,1.9172243452263784,0.05058629911540835,0.0,0.25935881899699886,0.27763603239081525,
CSGS7,q4_2020,4,lgbm_condition_cqr,clean,ramp,1027,0.8081791626095424,0.09182083739045765,11.795896437796808,11.372508883476257,16.601135618987165,4.1278551227078495,5.730876108307561,0.09182083739045765,0.0,0.3931965479265603,0.5533711872995721,0.17442255434782608
CSGS7,q4_2020,4,lgbm_condition_cqr,combined_outage,non_ramp,4861,0.7473770829047521,0.1526229170952479,12.881800280966269,12.040077209472656,18.602607415824632,4.648081934970892,6.551228097339575,0.1526229170952479,0.0,0.42939334269887564,0.620086913860821,
CSGS7,q4_2020,4,lgbm_condition_cqr,combined_outage,ramp,1027,0.9844206426484907,0.0844206426484907,16.487172146923587,16.95620894432068,16.775646685813975,4.1796344632397116,5.628111563584867,0.0,0.0844206426484907,0.549572404897453,0.5591882228604658,0.17442255434782608
CSGS7,q4_2020,4,lgbm_condition_cqr,irradiance_outage,non_ramp,4861,0.7599259411643695,0.1400740588356305,8.41404805489977,7.0961703062057495,9.23692617241174,1.569278930734786,2.3344079982786896,0.1400740588356305,0.0,0.28046826849665896,0.30789753908039136,
CSGS7,q4_2020,4,lgbm_condition_cqr,irradiance_outage,ramp,1027,0.8403115871470301,0.059688412852969885,12.305779250618887,12.156868934631348,15.29321984626886,4.09271438671013,5.296315631668731,0.059688412852969885,0.0,0.41019264168729624,0.5097739948756287,0.17442255434782608
CSGS7,q4_2020,4,lgbm_condition_cqr,recent_power_outage,non_ramp,4861,0.7658917918123843,0.1341082081876157,10.779270519726873,10.187833964824677,20.321199640024776,4.19851811760137,6.104524038912139,0.1341082081876157,0.0,0.3593090173242291,0.6773733213341592,
CSGS7,q4_2020,4,lgbm_condition_cqr,recent_power_outage,ramp,1027,0.9513145082765336,0.05131450827653361,14.335468400602103,14.564789295196533,15.198233119652361,3.4572068731433836,5.027893649312991,0.0,0.05131450827653361,0.4778489466867368,0.5066077706550787,0.17442255434782608
CSGS7,q4_2020,4,lgbm_condition_cqr,weather_outage,non_ramp,4861,0.8796543921003909,0.020345607899609153,7.737647952701306,7.004332900047302,8.14447750144359,0.9729488038720913,1.8037633463401819,0.020345607899609153,0.0,0.25792159842337686,0.27148258338145304,
CSGS7,q4_2020,4,lgbm_condition_cqr,weather_outage,ramp,1027,0.7896786757546251,0.11032132424537489,11.660610014032944,11.374006271362305,16.7068480871708,4.121980936693602,5.701703985188387,0.11032132424537489,0.0,0.3886870004677648,0.5568949362390267,0.17442255434782608
CSGS7,q4_2020,4,oracle_ramp_mondrian,clean,non_ramp,4861,0.930466982102448,0.030466982102448026,5.992866897629066,4.369893789291382,8.042472240893828,1.222099453228385,2.5180479647644796,0.0,0.030466982102448026,0.19976222992096887,0.2680824080297943,
CSGS7,q4_2020,4,oracle_ramp_mondrian,clean,ramp,1027,0.9444985394352483,0.044498539435248285,14.261511108117086,13.457657814025879,16.549831451242383,3.3240238653755263,4.91629456098661,0.0,0.044498539435248285,0.47538370360390286,0.551661048374746,0.17442255434782608
CSGS7,q4_2020,4,oracle_ramp_mondrian,combined_outage,non_ramp,4861,0.9203867516971816,0.020386751697181626,6.425047629436785,6.389693737030029,9.25239533550441,1.3734687817920326,2.68319972381232,0.0,0.020386751697181626,0.2141682543145595,0.308413177850147,
CSGS7,q4_2020,4,oracle_ramp_mondrian,combined_outage,ramp,1027,0.9328140214216164,0.03281402142161638,14.42357955987637,14.305107116699219,17.360541373230117,3.377067131109122,4.890390911349508,0.0,0.03281402142161638,0.4807859853292123,0.5786847124410038,0.17442255434782608
CSGS7,q4_2020,4,oracle_ramp_mondrian,irradiance_outage,non_ramp,4861,0.9302612631145855,0.030261263114585435,6.392166273672336,5.661121368408203,8.195153742121747,1.28757660460703,2.5629032649961556,0.0,0.030261263114585435,0.2130722091224112,0.27317179140405823,
CSGS7,q4_2020,4,oracle_ramp_mondrian,irradiance_outage,ramp,1027,0.9464459591041869,0.04644595910418692,14.199120195726243,13.636380195617676,15.901709631916512,3.315797191804244,4.867568374927159,0.0,0.04644595910418692,0.4733040065242081,0.5300569877305504,0.17442255434782608
CSGS7,q4_2020,4,oracle_ramp_mondrian,recent_power_outage,non_ramp,4861,0.92264966056367,0.022649660563670015,6.2504568116283785,5.776889979839325,8.481875080651301,1.3006927816718905,2.550781399971386,0.0,0.022649660563670015,0.20834856038761262,0.2827291693550434,
CSGS7,q4_2020,4,oracle_ramp_mondrian,recent_power_outage,ramp,1027,0.9454722492697176,0.0454722492697176,14.828556500935697,14.75901985168457,17.26101938680997,3.3713578585818222,4.870860802593287,0.0,0.0454722492697176,0.4942852166978566,0.5753673128936657,0.17442255434782608
CSGS7,q4_2020,4,oracle_ramp_mondrian,weather_outage,non_ramp,4861,0.9193581567578688,0.019358156757868783,5.917575469720864,4.2338714599609375,8.510155632879835,1.2572174773265599,2.5586660048150205,0.0,0.019358156757868783,0.19725251565736215,0.28367185442932785,
CSGS7,q4_2020,4,oracle_ramp_mondrian,weather_outage,ramp,1027,0.9396299902629016,0.03962999026290159,13.873934510090509,13.197566032409668,16.505532407416748,3.238610793397959,4.874407049704118,0.0,0.03962999026290159,0.4624644836696836,0.5501844135805583,0.17442255434782608
CSGS7,q4_2020,4,persistence_condition_cqr,clean,non_ramp,4861,1.0,0.09999999999999998,10.272203838639307,7.627999782562256,10.272203838639307,1.307898117994556,2.1894961665257875,0.0,0.09999999999999998,0.34240679462131024,0.34240679462131024,
CSGS7,q4_2020,4,persistence_condition_cqr,clean,ramp,1027,0.32716650438169426,0.5728334956183058,13.709296774269674,15.255999565124512,49.988401392514675,9.152966174132898,9.556186780412197,0.5728334956183058,0.0,0.4569765591423225,1.6662800464171559,0.17442255434782608
CSGS7,q4_2020,4,persistence_condition_cqr,combined_outage,non_ramp,4861,0.882534457930467,0.01746554206953299,18.33710178106715,14.887999534606934,26.583632079141037,4.898540275936229,7.83591862702512,0.01746554206953299,0.0,0.6112367260355717,0.8861210693047012,
CSGS7,q4_2020,4,persistence_condition_cqr,combined_outage,ramp,1027,0.6163583252190847,0.2836416747809153,19.969364631786842,20.72599983215332,43.7250516366326,11.78421818055285,13.097727742715367,0.2836416747809153,0.0,0.6656454877262281,1.4575017212210866,0.17442255434782608
CSGS7,q4_2020,4,persistence_condition_cqr,irradiance_outage,non_ramp,4861,1.0,0.09999999999999998,10.272203838639307,7.627999782562256,10.272203838639307,1.307898117994556,2.1894961665257875,0.0,0.09999999999999998,0.34240679462131024,0.34240679462131024,
CSGS7,q4_2020,4,persistence_condition_cqr,irradiance_outage,ramp,1027,0.32716650438169426,0.5728334956183058,13.709296774269674,15.255999565124512,49.988401392514675,9.152966174132898,9.556186780412197,0.5728334956183058,0.0,0.4569765591423225,1.6662800464171559,0.17442255434782608
CSGS7,q4_2020,4,persistence_condition_cqr,recent_power_outage,non_ramp,4861,0.882534457930467,0.01746554206953299,18.33710178106715,14.887999534606934,26.583632079141037,4.898540275936229,7.83591862702512,0.01746554206953299,0.0,0.6112367260355717,0.8861210693047012,
CSGS7,q4_2020,4,persistence_condition_cqr,recent_power_outage,ramp,1027,0.6163583252190847,0.2836416747809153,19.969364631786842,20.72599983215332,43.7250516366326,11.78421818055285,13.097727742715367,0.2836416747809153,0.0,0.6656454877262281,1.4575017212210866,0.17442255434782608
CSGS7,q4_2020,4,persistence_condition_cqr,weather_outage,non_ramp,4861,1.0,0.09999999999999998,10.272203838639307,7.627999782562256,10.272203838639307,1.307898117994556,2.1894961665257875,0.0,0.09999999999999998,0.34240679462131024,0.34240679462131024,
CSGS7,q4_2020,4,persistence_condition_cqr,weather_outage,ramp,1027,0.32716650438169426,0.5728334956183058,13.709296774269674,15.255999565124512,49.988401392514675,9.152966174132898,9.556186780412197,0.5728334956183058,0.0,0.4569765591423225,1.6662800464171559,0.17442255434782608
CSGS7,q4_2020,4,robust_condition_cqr,clean,non_ramp,4861,0.9465130631557293,0.04651306315572923,6.5288045037238165,5.0242919921875,8.11939461138793,1.222099453228385,2.5180479647644796,0.0,0.04651306315572923,0.21762681679079388,0.2706464870462643,
CSGS7,q4_2020,4,robust_condition_cqr,clean,ramp,1027,0.8198636806231743,0.08013631937682575,9.68605330161489,8.716691017150879,17.405078908849323,3.3240238653755263,4.91629456098661,0.08013631937682575,0.0,0.32286844338716303,0.5801692969616441,0.17442255434782608
CSGS7,q4_2020,4,robust_condition_cqr,combined_outage,non_ramp,4861,0.936844270726188,0.03684427072618801,7.108649099480558,7.288821220397949,9.261291782487612,1.3734687817920326,2.68319972381232,0.0,0.03684427072618801,0.23695496998268525,0.3087097260829204,
CSGS7,q4_2020,4,robust_condition_cqr,combined_outage,ramp,1027,0.8257059396299903,0.07429406037000974,10.538175731150119,10.105475187301636,18.272049087548616,3.377067131109122,4.890390911349508,0.07429406037000974,0.0,0.3512725243716706,0.6090683029182872,0.17442255434782608
CSGS7,q4_2020,4,robust_condition_cqr,irradiance_outage,non_ramp,4861,0.9500102859493931,0.05001028594939305,7.089805980524513,6.500621795654297,8.31530044549462,1.28757660460703,2.5629032649961556,0.0,0.05001028594939305,0.2363268660174838,0.27717668151648733,
CSGS7,q4_2020,4,robust_condition_cqr,irradiance_outage,ramp,1027,0.8334956183057449,0.0665043816942551,10.367546443630667,9.64790153503418,16.35326382415342,3.315797191804244,4.867568374927159,0.0665043816942551,0.0,0.34558488145435556,0.5451087941384473,0.17442255434782608
CSGS7,q4_2020,4,robust_condition_cqr,recent_power_outage,non_ramp,4861,0.9413700884591648,0.04137008845916479,6.79834794352738,6.490869522094727,8.516748447290752,1.3006927816718905,2.550781399971386,0.0,0.04137008845916479,0.22661159811757933,0.2838916149096917,
CSGS7,q4_2020,4,robust_condition_cqr,recent_power_outage,ramp,1027,0.8237585199610516,0.07624148003894837,10.416154353663792,10.119384765625,18.037054992043537,3.3713578585818222,4.870860802593287,0.07624148003894837,0.0,0.3472051451221264,0.6012351664014512,0.17442255434782608
CSGS7,q4_2020,4,robust_condition_cqr,weather_outage,non_ramp,4861,0.9337584859082493,0.03375848590824926,6.413766332927112,4.8075785636901855,8.504337300609118,1.2572174773265599,2.5586660048150205,0.0,0.03375848590824926,0.2137922110975704,0.2834779100203039,
CSGS7,q4_2020,4,robust_condition_cqr,weather_outage,ramp,1027,0.8169425511197663,0.0830574488802337,9.453441800057213,8.483086109161377,17.35935036016006,3.238610793397959,4.874407049704118,0.0830574488802337,0.0,0.31511472666857376,0.5786450120053354,0.17442255434782608
CSGS7,q4_2020,4,robust_local_cqr,clean,non_ramp,4861,0.9489816910100802,0.04898169101008021,6.532646274242594,5.0843353271484375,8.021860113867298,1.222099453228385,2.5180479647644796,0.0,0.04898169101008021,0.21775487580808645,0.26739533712890995,
CSGS7,q4_2020,4,robust_local_cqr,clean,ramp,1027,0.8276533592989289,0.07234664070107111,10.734425139592366,9.84123706817627,17.78287409060225,3.3240238653755263,4.91629456098661,0.07234664070107111,0.0,0.3578141713197455,0.5927624696867416,0.17442255434782608
CSGS7,q4_2020,4,robust_local_cqr,combined_outage,non_ramp,4861,0.9386957416169512,0.03869574161695122,6.823725646723145,6.392350196838379,9.083985730036316,1.3734687817920326,2.68319972381232,0.0,0.03869574161695122,0.22745752155743817,0.3027995243345439,
CSGS7,q4_2020,4,robust_local_cqr,combined_outage,ramp,1027,0.8218111002921129,0.07818889970788712,11.578739179787974,11.67393684387207,19.453365197379828,3.377067131109122,4.890390911349508,0.07818889970788712,0.0,0.38595797265959914,0.6484455065793276,0.17442255434782608
CSGS7,q4_2020,4,robust_local_cqr,irradiance_outage,non_ramp,4861,0.9533017897551944,0.053301789755194395,6.939097491416121,6.301425933837891,8.141060920482335,1.28757660460703,2.5629032649961556,0.0,0.053301789755194395,0.2313032497138707,0.27136869734941116,
CSGS7,q4_2020,4,robust_local_cqr,irradiance_outage,ramp,1027,0.8305744888023369,0.06942551119766316,11.147729229011519,10.322697162628174,16.959079836953173,3.315797191804244,4.867568374927159,0.06942551119766316,0.0,0.37159097430038396,0.5653026612317724,0.17442255434782608
CSGS7,q4_2020,4,robust_local_cqr,recent_power_outage,non_ramp,4861,0.9461016251800041,0.04610162518000405,6.8482766463769025,6.061183929443359,8.489804120996238,1.3006927816718905,2.550781399971386,0.0,0.04610162518000405,0.22827588821256342,0.2829934706998746,
CSGS7,q4_2020,4,robust_local_cqr,recent_power_outage,ramp,1027,0.8334956183057449,0.0665043816942551,11.287875287960254,10.944439172744751,18.18476366254609,3.3713578585818222,4.870860802593287,0.0665043816942551,0.0,0.37626250959867513,0.6061587887515363,0.17442255434782608
CSGS7,q4_2020,4,robust_local_cqr,weather_outage,non_ramp,4861,0.9409586504834396,0.04095865048343961,6.568399035339078,4.808472633361816,8.407733368516242,1.2572174773265599,2.5586660048150205,0.0,0.04095865048343961,0.21894663451130258,0.2802577789505414,
CSGS7,q4_2020,4,robust_local_cqr,weather_outage,ramp,1027,0.8393378773125608,0.0606621226874392,10.68877416727076,9.782721519470215,17.55057757471696,3.238610793397959,4.874407049704118,0.0606621226874392,0.0,0.35629247224235866,0.5850192524905654,0.17442255434782608
CSGS7,q4_2020,4,robust_risk_mondrian,clean,non_ramp,4861,0.9526846327916066,0.05268463279160662,6.703602841663904,5.0055332481861115,7.799069881580211,1.222099453228385,2.5180479647644796,0.0,0.05268463279160662,0.22345342805546348,0.2599689960526737,
CSGS7,q4_2020,4,robust_risk_mondrian,clean,ramp,1027,0.872444011684518,0.027555988315482005,11.183565404737674,10.194084167480469,16.74940263060989,3.3240238653755263,4.91629456098661,0.027555988315482005,0.0,0.3727855134912558,0.5583134210203297,0.17442255434782608
CSGS7,q4_2020,4,robust_risk_mondrian,combined_outage,non_ramp,4861,0.9465130631557293,0.04651306315572923,7.226366873473767,6.909951210021973,9.195561259235514,1.3734687817920326,2.68319972381232,0.0,0.04651306315572923,0.24087889578245888,0.3065187086411838,
CSGS7,q4_2020,4,robust_risk_mondrian,combined_outage,ramp,1027,0.8383641674780915,0.06163583252190852,10.925843953368089,10.602272272109985,18.27602262945144,3.377067131109122,4.890390911349508,0.06163583252190852,0.0,0.364194798445603,0.6092007543150479,0.17442255434782608
CSGS7,q4_2020,4,robust_risk_mondrian,irradiance_outage,non_ramp,4861,0.9693478708084756,0.0693478708084756,7.121668706318467,6.585906982421875,7.814762971452046,1.28757660460703,2.5629032649961556,0.0,0.0693478708084756,0.23738895687728226,0.26049209904840154,
CSGS7,q4_2020,4,robust_risk_mondrian,irradiance_outage,ramp,1027,0.8860759493670886,0.013924050632911467,11.902622930685144,11.200027704238892,16.116013522463476,3.315797191804244,4.867568374927159,0.013924050632911467,0.0,0.3967540976895048,0.5372004507487825,0.17442255434782608
CSGS7,q4_2020,4,robust_risk_mondrian,recent_power_outage,non_ramp,4861,0.9514503188644312,0.05145031886443119,7.046745591033446,6.429109573364258,8.347770525550638,1.3006927816718905,2.550781399971386,0.0,0.05145031886443119,0.23489151970111485,0.27825901751835463,
CSGS7,q4_2020,4,robust_risk_mondrian,recent_power_outage,ramp,1027,0.8607594936708861,0.03924050632911391,11.325084443935923,11.001297950744629,17.54251427511016,3.3713578585818222,4.870860802593287,0.03924050632911391,0.0,0.37750281479786413,0.5847504758370053,0.17442255434782608
CSGS7,q4_2020,4,robust_risk_mondrian,weather_outage,non_ramp,4861,0.9430158403620654,0.043015840362065405,6.551865854295118,4.970529556274414,8.080494454975561,1.2572174773265599,2.5586660048150205,0.0,0.043015840362065405,0.21839552847650393,0.26934981516585205,
CSGS7,q4_2020,4,robust_risk_mondrian,weather_outage,ramp,1027,0.8743914313534566,0.025608568646543373,10.974075130746494,10.071356773376465,16.77388130215259,3.238610793397959,4.874407049704118,0.025608568646543373,0.0,0.36580250435821643,0.5591293767384197,0.17442255434782608
CSGS7,q4_2020,4,robust_rolling_cqr,clean,non_ramp,4861,0.936844270726188,0.03684427072618801,6.114694799933525,4.299921989440918,8.044672482728739,1.222099453228385,2.5180479647644796,0.0,0.03684427072618801,0.20382315999778416,0.2681557494242913,
CSGS7,q4_2020,4,robust_rolling_cqr,clean,ramp,1027,0.8023369036027264,0.09766309639727366,9.249365448531629,8.212499380111694,17.669792543934157,3.3240238653755263,4.91629456098661,0.09766309639727366,0.0,0.30831218161772095,0.5889930847978052,0.17442255434782608
CSGS7,q4_2020,4,robust_rolling_cqr,combined_outage,non_ramp,4861,0.9362271137626003,0.03622711376260024,6.550865353898691,5.878950119018555,9.146505045303831,1.3734687817920326,2.68319972381232,0.0,0.03622711376260024,0.2183621784632897,0.3048835015101277,
CSGS7,q4_2020,4,robust_rolling_cqr,combined_outage,ramp,1027,0.7945472249269717,0.1054527750730283,9.927619815103078,9.298388481140137,18.38464156666475,3.377067131109122,4.890390911349508,0.1054527750730283,0.0,0.33092066050343594,0.6128213855554917,0.17442255434782608
CSGS7,q4_2020,4,robust_rolling_cqr,irradiance_outage,non_ramp,4861,0.936844270726188,0.03684427072618801,6.573764689695509,5.648504257202148,8.1333009594735,1.28757660460703,2.5629032649961556,0.0,0.03684427072618801,0.219125489656517,0.27111003198245,
CSGS7,q4_2020,4,robust_rolling_cqr,irradiance_outage,ramp,1027,0.7984420642648491,0.10155793573515093,9.780186982634962,8.91254997253418,16.55733400828839,3.315797191804244,4.867568374927159,0.10155793573515093,0.0,0.32600623275449875,0.551911133609613,0.17442255434782608
CSGS7,q4_2020,4,robust_rolling_cqr,recent_power_outage,non_ramp,4861,0.9362271137626003,0.03622711376260024,6.499645659452914,5.658507466316223,8.445303816360104,1.3006927816718905,2.550781399971386,0.0,0.03622711376260024,0.21665485531509712,0.28151012721200347,
CSGS7,q4_2020,4,robust_rolling_cqr,recent_power_outage,ramp,1027,0.813047711781889,0.08695228821811107,10.096783148930086,9.53491997718811,17.989941246435773,3.3713578585818222,4.870860802593287,0.08695228821811107,0.0,0.33655943829766954,0.5996647082145258,0.17442255434782608
CSGS7,q4_2020,4,robust_rolling_cqr,weather_outage,non_ramp,4861,0.9323184529932113,0.03231845299321123,6.209200279127308,4.136466979980469,8.463061574715805,1.2572174773265599,2.5586660048150205,0.0,0.03231845299321123,0.20697334263757694,0.28210205249052683,
CSGS7,q4_2020,4,robust_rolling_cqr,weather_outage,ramp,1027,0.8120740019474196,0.08792599805258039,9.293822942466448,8.164019584655762,17.345042131529002,3.238610793397959,4.874407049704118,0.08792599805258039,0.0,0.309794098082215,0.5781680710509668,0.17442255434782608
CSGS8,q1_2020,1,clean_condition_cqr,clean,non_ramp,5688,0.929676511954993,0.02967651195499299,2.7248242949573593,1.8814577758312225,3.152734673343538,0.7223391216140209,1.2173704655646593,0.0,0.02967651195499299,0.09082747649857864,0.10509115577811794,
CSGS8,q1_2020,1,clean_condition_cqr,clean,ramp,136,0.3602941176470588,0.5397058823529413,5.609942544032545,4.60113525390625,19.88577805108884,2.721608559874927,2.9944220318170305,0.5397058823529413,0.0,0.18699808480108485,0.6628592683696279,0.023351648351648352
CSGS8,q1_2020,1,clean_condition_cqr,combined_outage,non_ramp,5688,0.9820675105485233,0.08206751054852324,19.734884081678217,19.84000015258789,20.293658415476482,4.065838305628695,5.249102213606617,0.0,0.08206751054852324,0.6578294693892739,0.6764552805158828,
CSGS8,q1_2020,1,clean_condition_cqr,combined_outage,ramp,136,0.8088235294117647,0.0911764705882353,19.8139748433057,19.84000015258789,27.290016581030454,10.657154148115831,11.58309730493272,0.0911764705882353,0.0,0.6604658281101901,0.9096672193676818,0.023351648351648352
CSGS8,q1_2020,1,clean_condition_cqr,irradiance_outage,non_ramp,5688,0.905239099859353,0.0052390998593530025,4.588957733325305,3.8508999198675156,5.162878441482508,1.5364108057083554,1.9881890736521284,0.0,0.0052390998593530025,0.15296525777751016,0.17209594804941694,
CSGS8,q1_2020,1,clean_condition_cqr,irradiance_outage,ramp,136,0.5882352941176471,0.31176470588235294,12.372875210116892,12.791409492492676,26.172755953143625,3.6537701119394863,4.592181435735625,0.31176470588235294,0.0,0.41242917367056303,0.8724251984381208,0.023351648351648352
CSGS8,q1_2020,1,clean_condition_cqr,recent_power_outage,non_ramp,5688,0.9644866385372715,0.06448663853727143,10.856347557457486,9.763805389404297,13.19605654026583,2.482601472684189,3.833240258797298,0.0,0.06448663853727143,0.3618782519152495,0.4398685513421944,
CSGS8,q1_2020,1,clean_condition_cqr,recent_power_outage,ramp,136,0.75,0.15000000000000002,17.177566315978765,17.094487711787224,33.89267608501456,8.432582446757484,9.344165233128154,0.15000000000000002,0.0,0.5725855438659588,1.1297558695004852,0.023351648351648352
CSGS8,q1_2020,1,clean_condition_cqr,weather_outage,non_ramp,5688,0.9282700421940928,0.028270042194092793,2.6991103803404526,1.8856436014175415,3.1482389713466836,0.7255802722856957,1.224466645149589,0.0,0.028270042194092793,0.08997034601134841,0.10494129904488946,
CSGS8,q1_2020,1,clean_condition_cqr,weather_outage,ramp,136,0.3602941176470588,0.5397058823529413,5.51463412800256,4.590599060058594,19.98870058883639,2.7032116073019363,2.981409182284285,0.5397058823529413,0.0,0.1838211376000853,0.6662900196278797,0.023351648351648352
CSGS8,q1_2020,1,lgbm_condition_cqr,clean,non_ramp,5688,0.8435302390998594,0.056469760900140664,2.7349044584912154,1.9328938722610474,4.021398981409959,0.4719235988759203,0.7766273430859418,0.056469760900140664,0.0,0.09116348194970718,0.1340466327136653,
CSGS8,q1_2020,1,lgbm_condition_cqr,clean,ramp,136,0.5073529411764706,0.39264705882352946,6.844088645542369,6.175728797912598,16.581780980615054,2.562990211388644,2.7868153744094486,0.39264705882352946,0.0,0.22813628818474563,0.5527260326871685,0.023351648351648352
CSGS8,q1_2020,1,lgbm_condition_cqr,combined_outage,non_ramp,5688,0.9832981715893109,0.08329817158931085,19.907903247744724,20.10828399658203,20.389538487636926,4.202696440419845,5.263202367223626,0.0,0.08329817158931085,0.6635967749248242,0.6796512829212309,
CSGS8,q1_2020,1,lgbm_condition_cqr,combined_outage,ramp,136,0.8235294117647058,0.07647058823529418,19.970057094798367,20.13333511352539,26.77781884810504,10.296570271253586,11.142885249158692,0.07647058823529418,0.0,0.6656685698266123,0.8925939616035012,0.023351648351648352
CSGS8,q1_2020,1,lgbm_condition_cqr,irradiance_outage,non_ramp,5688,0.8934599156118144,0.006540084388185652,3.3279229579283416,2.8601639438420534,3.886102329034274,0.6247644068787213,0.8697381573761895,0.006540084388185652,0.0,0.11093076526427806,0.12953674430114248,
CSGS8,q1_2020,1,lgbm_condition_cqr,irradiance_outage,ramp,136,0.5808823529411765,0.3191176470588235,7.287374864606297,6.381692409515381,21.778294223196365,2.5363171609009014,2.9848675580873287,0.3191176470588235,0.0,0.24291249548687655,0.7259431407732122,0.023351648351648352
CSGS8,q1_2020,1,lgbm_condition_cqr,recent_power_outage,non_ramp,5688,0.9818917018284107,0.08189170182841066,18.276753445717855,18.222562789916992,18.753605237657677,3.8534179085036464,4.77676538635732,0.0,0.08189170182841066,0.6092251148572618,0.6251201745885893,
CSGS8,q1_2020,1,lgbm_condition_cqr,recent_power_outage,ramp,136,0.8088235294117647,0.0911764705882353,19.570516474106732,19.9256534576416,26.884738473331225,9.243981412228417,10.047795119627795,0.0911764705882353,0.0,0.6523505491368911,0.8961579491110409,0.023351648351648352
CSGS8,q1_2020,1,lgbm_condition_cqr,weather_outage,non_ramp,5688,0.8512658227848101,0.04873417721518991,2.753282533349758,1.9658640623092651,3.958594974876664,0.4577854810372641,0.7590068059595848,0.04873417721518991,0.0,0.09177608444499194,0.13195316582922215,
CSGS8,q1_2020,1,lgbm_condition_cqr,weather_outage,ramp,136,0.49264705882352944,0.4073529411764706,6.761789472664104,6.235112190246582,16.949150888358844,2.5744611708556904,2.802104944746115,0.4073529411764706,0.0,0.2253929824221368,0.5649716962786281,0.023351648351648352
CSGS8,q1_2020,1,oracle_ramp_mondrian,clean,non_ramp,5688,0.8688466947960619,0.03115330520393811,2.91518437397558,1.716942310333252,3.8495539583154224,0.9011271334327423,1.7956462394494128,0.03115330520393811,0.0,0.09717281246585266,0.12831846527718074,
CSGS8,q1_2020,1,oracle_ramp_mondrian,clean,ramp,136,0.7794117647058824,0.12058823529411766,8.068639223628184,7.188272953033447,11.429257366148864,2.6386155433514538,2.886396413289761,0.12058823529411766,0.0,0.2689546407876061,0.3809752455382955,0.023351648351648352
CSGS8,q1_2020,1,oracle_ramp_mondrian,combined_outage,non_ramp,5688,0.8895921237693389,0.010407876230661084,2.6167928329249777,2.2394522428512573,3.9938691003823132,0.7057304292540334,1.3508603467538784,0.010407876230661084,0.0,0.08722642776416592,0.13312897001274376,
CSGS8,q1_2020,1,oracle_ramp_mondrian,combined_outage,ramp,136,0.75,0.15000000000000002,8.65695536432459,8.31681203842163,12.652089142952772,3.2585766403114094,3.625719232145237,0.15000000000000002,0.0,0.28856517881081967,0.4217363047650924,0.023351648351648352
CSGS8,q1_2020,1,oracle_ramp_mondrian,irradiance_outage,non_ramp,5688,0.9119198312236287,0.011919831223628718,1.9316933934381801,1.5214365720748901,2.5113533034200426,0.43708407795665793,0.7871027123123105,0.0,0.011919831223628718,0.06438977978127267,0.08371177678066809,
CSGS8,q1_2020,1,oracle_ramp_mondrian,irradiance_outage,ramp,136,0.7352941176470589,0.16470588235294115,7.6952845927547004,7.3044257164001465,11.587832396521287,2.888669674887377,3.138649184825363,0.16470588235294115,0.0,0.2565094864251567,0.3862610798840429,0.023351648351648352
CSGS8,q1_2020,1,oracle_ramp_mondrian,recent_power_outage,non_ramp,5688,0.8083684950773559,0.09163150492264416,3.709277566056494,2.4707203209400177,6.284597432299747,1.2857283927153458,2.345878939623703,0.09163150492264416,0.0,0.12364258553521647,0.20948658107665824,
CSGS8,q1_2020,1,oracle_ramp_mondrian,recent_power_outage,ramp,136,0.875,0.025000000000000022,10.073328508831123,8.86353611946106,12.355790769133497,2.7221209634752834,3.124850170386075,0.025000000000000022,0.0,0.3357776169610374,0.4118596923044499,0.023351648351648352
CSGS8,q1_2020,1,oracle_ramp_mondrian,weather_outage,non_ramp,5688,0.8718354430379747,0.028164556962025356,2.8093137536067116,1.7094918489456177,3.712859771851046,0.8955276202109679,1.7826628211146989,0.028164556962025356,0.0,0.09364379178689039,0.12376199239503487,
CSGS8,q1_2020,1,oracle_ramp_mondrian,weather_outage,ramp,136,0.7720588235294118,0.12794117647058822,8.056688660207916,7.046438694000244,11.119750668897348,2.656765361042584,2.899168900005141,0.12794117647058822,0.0,0.2685562886735972,0.3706583556299116,0.023351648351648352
CSGS8,q1_2020,1,persistence_condition_cqr,clean,non_ramp,5688,0.9855836849507735,0.08558368495077351,3.894999983624533,4.190000057220459,3.9559000930188906,0.45938994371333536,0.7731635483465509,0.0,0.08558368495077351,0.12983333278748443,0.13186333643396303,
CSGS8,q1_2020,1,persistence_condition_cqr,clean,ramp,136,0.0,0.9,5.080000092001522,5.079999923706055,28.9020570937325,3.7311029136180878,3.7792246195546837,0.9,0.0,0.16933333640005074,0.9634019031244166,0.023351648351648352
CSGS8,q1_2020,1,persistence_condition_cqr,combined_outage,non_ramp,5688,0.979957805907173,0.07995780590717294,15.968109959540312,14.229999542236328,16.524509379250205,3.0644303812644065,4.6614666447727195,0.0,0.07995780590717294,0.5322703319846771,0.5508169793083402,
CSGS8,q1_2020,1,persistence_condition_cqr,combined_outage,ramp,136,0.8382352941176471,0.061764705882352944,21.505808801376535,22.09000015258789,25.976397611680166,8.454558901707916,9.406615718416305,0.061764705882352944,0.0,0.7168602933792179,0.8658799203893389,0.023351648351648352
CSGS8,q1_2020,1,persistence_condition_cqr,irradiance_outage,non_ramp,5688,0.9855836849507735,0.08558368495077351,3.894999983624533,4.190000057220459,3.9559000930188906,0.45938994371333536,0.7731635483465509,0.0,0.08558368495077351,0.12983333278748443,0.13186333643396303,
CSGS8,q1_2020,1,persistence_condition_cqr,irradiance_outage,ramp,136,0.0,0.9,5.080000092001522,5.079999923706055,28.9020570937325,3.7311029136180878,3.7792246195546837,0.9,0.0,0.16933333640005074,0.9634019031244166,0.023351648351648352
CSGS8,q1_2020,1,persistence_condition_cqr,recent_power_outage,non_ramp,5688,0.979957805907173,0.07995780590717294,15.968109959540312,14.229999542236328,16.524509379250205,3.0644303812644065,4.6614666447727195,0.0,0.07995780590717294,0.5322703319846771,0.5508169793083402,
CSGS8,q1_2020,1,persistence_condition_cqr,recent_power_outage,ramp,136,0.8382352941176471,0.061764705882352944,21.505808801376535,22.09000015258789,25.976397611680166,8.454558901707916,9.406615718416305,0.061764705882352944,0.0,0.7168602933792179,0.8658799203893389,0.023351648351648352
CSGS8,q1_2020,1,persistence_condition_cqr,weather_outage,non_ramp,5688,0.9855836849507735,0.08558368495077351,3.894999983624533,4.190000057220459,3.9559000930188906,0.45938994371333536,0.7731635483465509,0.0,0.08558368495077351,0.12983333278748443,0.13186333643396303,
CSGS8,q1_2020,1,persistence_condition_cqr,weather_outage,ramp,136,0.0,0.9,5.080000092001522,5.079999923706055,28.9020570937325,3.7311029136180878,3.7792246195546837,0.9,0.0,0.16933333640005074,0.9634019031244166,0.023351648351648352
CSGS8,q1_2020,1,robust_condition_cqr,clean,non_ramp,5688,0.8964486638537271,0.0035513361462728987,3.034914557481373,1.85925754904747,3.7971471778303356,0.9011271334327423,1.7956462394494128,0.0035513361462728987,0.0,0.10116381858271244,0.1265715725943445,
CSGS8,q1_2020,1,robust_condition_cqr,clean,ramp,136,0.4852941176470588,0.4147058823529412,5.952272160088315,5.071905136108398,17.40110876717988,2.6386155433514538,2.886396413289761,0.4147058823529412,0.0,0.19840907200294383,0.580036958905996,0.023351648351648352
CSGS8,q1_2020,1,robust_condition_cqr,combined_outage,non_ramp,5688,0.9175457102672293,0.017545710267229286,2.8515242710730244,2.5260573029518127,3.9484619712648015,0.7057304292540334,1.3508603467538784,0.0,0.017545710267229286,0.09505080903576749,0.13161539904216005,
CSGS8,q1_2020,1,robust_condition_cqr,combined_outage,ramp,136,0.4485294117647059,0.4514705882352941,6.042722226942287,5.703754425048828,20.84346642389017,3.2585766403114094,3.625719232145237,0.4514705882352941,0.0,0.20142407423140957,0.6947822141296723,0.023351648351648352
CSGS8,q1_2020,1,robust_condition_cqr,irradiance_outage,non_ramp,5688,0.9367088607594937,0.036708860759493644,2.06446700176854,1.6798593997955322,2.521419215257698,0.43708407795665793,0.7871027123123105,0.0,0.036708860759493644,0.068815566725618,0.0840473071752566,
CSGS8,q1_2020,1,robust_condition_cqr,irradiance_outage,ramp,136,0.34558823529411764,0.5544117647058824,5.13096879159703,4.740109920501709,20.301163508611566,2.888669674887377,3.138649184825363,0.5544117647058824,0.0,0.17103229305323434,0.6767054502870522,0.023351648351648352
CSGS8,q1_2020,1,robust_condition_cqr,recent_power_outage,non_ramp,5688,0.8319268635724332,0.06807313642756685,3.844918786607309,2.6382713615894318,6.1209533060949575,1.2857283927153458,2.345878939623703,0.06807313642756685,0.0,0.12816395955357696,0.20403177686983193,
CSGS8,q1_2020,1,robust_condition_cqr,recent_power_outage,ramp,136,0.625,0.275,7.721324907506213,6.5115320682525635,15.649395789293681,2.7221209634752834,3.124850170386075,0.275,0.0,0.2573774969168738,0.5216465263097894,0.023351648351648352
CSGS8,q1_2020,1,robust_condition_cqr,weather_outage,non_ramp,5688,0.9017229254571026,0.0017229254571026198,2.948840483074866,1.8742917776107788,3.657538188762336,0.8955276202109679,1.7826628211146989,0.0,0.0017229254571026198,0.0982946827691622,0.12191793962541121,
CSGS8,q1_2020,1,robust_condition_cqr,weather_outage,ramp,136,0.49264705882352944,0.4073529411764706,5.871191893430317,4.860941410064697,17.367301540339696,2.656765361042584,2.899168900005141,0.4073529411764706,0.0,0.19570639644767723,0.5789100513446566,0.023351648351648352
CSGS8,q1_2020,1,robust_local_cqr,clean,non_ramp,5688,0.9085794655414908,0.008579465541490805,3.1331507603545834,1.9119365066289902,3.6932518054956143,0.9011271334327423,1.7956462394494128,0.0,0.008579465541490805,0.10443835867848611,0.12310839351652048,
CSGS8,q1_2020,1,robust_local_cqr,clean,ramp,136,0.5220588235294118,0.3779411764705882,6.441882197471226,5.501641750335693,14.823881858411957,2.6386155433514538,2.886396413289761,0.3779411764705882,0.0,0.2147294065823742,0.49412939528039856,0.023351648351648352
CSGS8,q1_2020,1,robust_local_cqr,combined_outage,non_ramp,5688,0.9017229254571026,0.0017229254571026198,2.762940189100843,2.169684410095215,3.7081752426333656,0.7057304292540334,1.3508603467538784,0.0,0.0017229254571026198,0.09209800630336143,0.12360584142111218,
CSGS8,q1_2020,1,robust_local_cqr,combined_outage,ramp,136,0.5,0.4,6.507490620017052,6.032170295715332,18.988435856559697,3.2585766403114094,3.625719232145237,0.4,0.0,0.21691635400056838,0.6329478618853233,0.023351648351648352
CSGS8,q1_2020,1,robust_local_cqr,irradiance_outage,non_ramp,5688,0.9523558368495078,0.05235583684950773,2.2069308723599104,1.6863099932670593,2.4850635943548234,0.43708407795665793,0.7871027123123105,0.0,0.05235583684950773,0.07356436241199701,0.08283545314516078,
CSGS8,q1_2020,1,robust_local_cqr,irradiance_outage,ramp,136,0.45588235294117646,0.44411764705882356,5.735913473017075,5.449267387390137,16.877922759336585,2.888669674887377,3.138649184825363,0.44411764705882356,0.0,0.19119711576723583,0.5625974253112195,0.023351648351648352
CSGS8,q1_2020,1,robust_local_cqr,recent_power_outage,non_ramp,5688,0.8442334739803095,0.055766526019690565,3.908549333463417,2.732226014137268,5.797523906510917,1.2857283927153458,2.345878939623703,0.055766526019690565,0.0,0.1302849777821139,0.19325079688369723,
CSGS8,q1_2020,1,robust_local_cqr,recent_power_outage,ramp,136,0.6617647058823529,0.2382352941176471,8.104071970371638,6.872452735900879,14.220261927036677,2.7221209634752834,3.124850170386075,0.2382352941176471,0.0,0.2701357323457213,0.4740087309012226,0.023351648351648352
CSGS8,q1_2020,1,robust_local_cqr,weather_outage,non_ramp,5688,0.9119198312236287,0.011919831223628718,3.033829482751878,1.9360330700874329,3.5564269617099686,0.8955276202109679,1.7826628211146989,0.0,0.011919831223628718,0.1011276494250626,0.11854756539033229,
CSGS8,q1_2020,1,robust_local_cqr,weather_outage,ramp,136,0.5147058823529411,0.3852941176470589,6.385528645971242,5.4092559814453125,14.557174855295349,2.656765361042584,2.899168900005141,0.3852941176470589,0.0,0.21285095486570807,0.4852391618431783,0.023351648351648352
CSGS8,q1_2020,1,robust_risk_mondrian,clean,non_ramp,5688,0.8982067510548524,0.0017932489451476519,3.1061911798781767,1.6701914072036743,3.6669452024070983,0.9011271334327423,1.7956462394494128,0.0017932489451476519,0.0,0.10353970599593923,0.12223150674690328,
CSGS8,q1_2020,1,robust_risk_mondrian,clean,ramp,136,0.5441176470588235,0.35588235294117654,6.6196275975774315,5.803011417388916,14.875736849272952,2.6386155433514538,2.886396413289761,0.35588235294117654,0.0,0.22065425325258106,0.4958578949757651,0.023351648351648352
CSGS8,q1_2020,1,robust_risk_mondrian,combined_outage,non_ramp,5688,0.9265119549929677,0.026511954992967657,3.097966700700212,2.8915904760360718,3.8517174292456473,0.7057304292540334,1.3508603467538784,0.0,0.026511954992967657,0.10326555669000707,0.12839058097485492,
CSGS8,q1_2020,1,robust_risk_mondrian,combined_outage,ramp,136,0.5,0.4,6.781305062420228,6.452450752258301,17.62658279257662,3.2585766403114094,3.625719232145237,0.4,0.0,0.22604350208067425,0.587552759752554,0.023351648351648352
CSGS8,q1_2020,1,robust_risk_mondrian,irradiance_outage,non_ramp,5688,0.9265119549929677,0.026511954992967657,2.063648341663716,1.5554856061935425,2.5033299756071328,0.43708407795665793,0.7871027123123105,0.0,0.026511954992967657,0.0687882780554572,0.08344433252023777,
CSGS8,q1_2020,1,robust_risk_mondrian,irradiance_outage,ramp,136,0.4338235294117647,0.4661764705882353,5.637352712014142,5.327950477600098,18.088949357762058,2.888669674887377,3.138649184825363,0.4661764705882353,0.0,0.18791175706713806,0.6029649785920685,0.023351648351648352
CSGS8,q1_2020,1,robust_risk_mondrian,recent_power_outage,non_ramp,5688,0.8662095639943741,0.03379043600562592,4.077471937158819,2.791830837726593,5.767339980435987,1.2857283927153458,2.345878939623703,0.03379043600562592,0.0,0.1359157312386273,0.1922446660145329,
CSGS8,q1_2020,1,robust_risk_mondrian,recent_power_outage,ramp,136,0.6985294117647058,0.20147058823529418,8.311897129696959,7.431859493255615,14.417076916379088,2.7221209634752834,3.124850170386075,0.20147058823529418,0.0,0.2770632376565653,0.4805692305459696,0.023351648351648352
CSGS8,q1_2020,1,robust_risk_mondrian,weather_outage,non_ramp,5688,0.8996132208157525,0.0003867791842475654,3.0123306052697334,1.6420131027698517,3.554173505173252,0.8955276202109679,1.7826628211146989,0.0003867791842475654,0.0,0.10041102017565778,0.11847245017244173,
CSGS8,q1_2020,1,robust_risk_mondrian,weather_outage,ramp,136,0.5367647058823529,0.3632352941176471,6.527460843324661,5.561132907867432,14.780002686907263,2.656765361042584,2.899168900005141,0.3632352941176471,0.0,0.21758202811082203,0.4926667562302421,0.023351648351648352
CSGS8,q1_2020,1,robust_rolling_cqr,clean,non_ramp,5688,0.9066455696202531,0.006645569620253089,3.1195271377185936,1.915298044681549,3.799420354331944,0.9011271334327423,1.7956462394494128,0.0,0.006645569620253089,0.10398423792395312,0.12664734514439813,
CSGS8,q1_2020,1,robust_rolling_cqr,clean,ramp,136,0.5147058823529411,0.3852941176470589,6.140609702643226,5.185456275939941,16.641376793384552,2.6386155433514538,2.886396413289761,0.3852941176470589,0.0,0.20468699008810753,0.5547125597794851,0.023351648351648352
CSGS8,q1_2020,1,robust_rolling_cqr,combined_outage,non_ramp,5688,0.9085794655414908,0.008579465541490805,2.8220067652714462,2.415902853012085,3.9307990199753227,0.7057304292540334,1.3508603467538784,0.0,0.008579465541490805,0.09406689217571487,0.1310266339991774,
CSGS8,q1_2020,1,robust_rolling_cqr,combined_outage,ramp,136,0.4338235294117647,0.4661764705882353,6.05940322840915,5.747457504272461,20.463861035950043,3.2585766403114094,3.625719232145237,0.4661764705882353,0.0,0.20198010761363833,0.6821287011983348,0.023351648351648352
CSGS8,q1_2020,1,robust_rolling_cqr,irradiance_outage,non_ramp,5688,0.9242264416315049,0.02422644163150489,1.9872010194098815,1.5757261514663696,2.509445911200887,0.43708407795665793,0.7871027123123105,0.0,0.02422644163150489,0.06624003398032938,0.08364819704002957,
CSGS8,q1_2020,1,robust_rolling_cqr,irradiance_outage,ramp,136,0.3382352941176471,0.5617647058823529,5.051806101027657,4.694442272186279,20.73458221554756,2.888669674887377,3.138649184825363,0.5617647058823529,0.0,0.16839353670092191,0.691152740518252,0.023351648351648352
CSGS8,q1_2020,1,robust_rolling_cqr,recent_power_outage,non_ramp,5688,0.8960970464135021,0.003902953586497948,4.41687182234601,3.2368777990341187,5.804607608820465,1.2857283927153458,2.345878939623703,0.003902953586497948,0.0,0.14722906074486702,0.1934869202940155,
CSGS8,q1_2020,1,robust_rolling_cqr,recent_power_outage,ramp,136,0.7205882352941176,0.17941176470588238,8.578840335502344,7.593998908996582,13.869206816834563,2.7221209634752834,3.124850170386075,0.17941176470588238,0.0,0.28596134451674476,0.4623068938944854,0.023351648351648352
CSGS8,q1_2020,1,robust_rolling_cqr,weather_outage,non_ramp,5688,0.9087552742616034,0.008755274261603385,3.0138133877241815,1.9322583824396133,3.664222871920684,0.8955276202109679,1.7826628211146989,0.0,0.008755274261603385,0.10046044625747272,0.12214076239735613,
CSGS8,q1_2020,1,robust_rolling_cqr,weather_outage,ramp,136,0.49264705882352944,0.4073529411764706,6.029313471387415,5.073732376098633,16.683945394614163,2.656765361042584,2.899168900005141,0.4073529411764706,0.0,0.20097711571291382,0.5561315131538055,0.023351648351648352
CSGS8,q1_2020,4,clean_condition_cqr,clean,non_ramp,5593,0.9182907205435366,0.01829072054353653,4.041078230602605,3.6112959384918213,4.933618860593716,1.068199689506861,1.7013226585003256,0.0,0.01829072054353653,0.13470260768675352,0.16445396201979054,
CSGS8,q1_2020,4,clean_condition_cqr,clean,ramp,231,0.5194805194805194,0.3805194805194806,7.8198991744613755,7.061498165130615,21.557913459643917,3.520044762592811,4.093262769865534,0.3805194805194806,0.0,0.26066330581537916,0.7185971153214639,0.039663461538461536
CSGS8,q1_2020,4,clean_condition_cqr,combined_outage,non_ramp,5593,0.982835687466476,0.08283568746647596,15.845519579268943,15.969162940979004,16.389855619621855,3.577714512035738,5.080898237174253,0.0,0.08283568746647596,0.5281839859756314,0.5463285206540618,
CSGS8,q1_2020,4,clean_condition_cqr,combined_outage,ramp,231,0.8787878787878788,0.021212121212121238,16.04923556686996,16.873117446899414,18.411510793677657,6.47165582887022,7.701070237919994,0.021212121212121238,0.0,0.5349745188956654,0.6137170264559219,0.039663461538461536
CSGS8,q1_2020,4,clean_condition_cqr,irradiance_outage,non_ramp,5593,0.8825317360986948,0.01746826390130518,5.055278581869876,3.7629683017730713,6.568756033855968,1.522500000834124,2.0990189131814807,0.01746826390130518,0.0,0.1685092860623292,0.2189585344618656,
CSGS8,q1_2020,4,clean_condition_cqr,irradiance_outage,ramp,231,0.6666666666666666,0.2333333333333334,9.48779262652524,8.410449981689453,31.00087512254078,3.229077830588147,4.128036123947745,0.2333333333333334,0.0,0.31625975421750796,1.0333625040846928,0.039663461538461536
CSGS8,q1_2020,4,clean_condition_cqr,recent_power_outage,non_ramp,5593,0.9295548006436617,0.02955480064366167,9.558577289616737,9.171718120574951,11.50918679590161,2.4825655653868446,3.50178233369454,0.0,0.02955480064366167,0.3186192429872246,0.383639559863387,
CSGS8,q1_2020,4,clean_condition_cqr,recent_power_outage,ramp,231,0.6883116883116883,0.2116883116883117,12.426950919986158,11.94621467590332,30.381579439151725,4.431661810709801,5.651234570851678,0.2116883116883117,0.0,0.41423169733287196,1.0127193146383908,0.039663461538461536
CSGS8,q1_2020,4,clean_condition_cqr,weather_outage,non_ramp,5593,0.9197210799213302,0.01972107992133021,4.125544052767433,3.654324769973755,4.981050593441681,1.059036658536966,1.6828447155110977,0.0,0.01972107992133021,0.13751813509224775,0.16603501978138938,
CSGS8,q1_2020,4,clean_condition_cqr,weather_outage,ramp,231,0.5238095238095238,0.3761904761904762,7.771911413864398,6.849166393280029,23.02820961632125,3.575612167517344,4.145666053096695,0.3761904761904762,0.0,0.25906371379547993,0.7676069872107083,0.039663461538461536
CSGS8,q1_2020,4,lgbm_condition_cqr,clean,non_ramp,5593,0.8514214196316825,0.048578580368317525,3.8391020300848657,3.40326589345932,6.876156507507234,0.8291538199972094,1.3033054778757454,0.048578580368317525,0.0,0.12797006766949554,0.22920521691690782,
CSGS8,q1_2020,4,lgbm_condition_cqr,clean,ramp,231,0.5238095238095238,0.3761904761904762,6.766140697552173,6.762863636016846,21.985098716214267,3.6951719303151744,4.181910762605204,0.3761904761904762,0.0,0.2255380232517391,0.7328366238738089,0.039663461538461536
CSGS8,q1_2020,4,lgbm_condition_cqr,combined_outage,non_ramp,5593,0.979438583944216,0.07943858394421599,18.219796953315537,19.406307220458984,18.852536880626847,3.4872668252033314,4.620340026859559,0.0,0.07943858394421599,0.6073265651105179,0.6284178960208949,
CSGS8,q1_2020,4,lgbm_condition_cqr,combined_outage,ramp,231,0.9523809523809523,0.052380952380952306,18.716790521299686,18.717655181884766,20.27617848796762,5.887720657891525,7.318942013721553,0.0,0.052380952380952306,0.6238930173766561,0.6758726162655874,0.039663461538461536
CSGS8,q1_2020,4,lgbm_condition_cqr,irradiance_outage,non_ramp,5593,0.8936170212765957,0.00638297872340432,4.203208188591606,3.9497198462486267,5.391467172128791,0.9714172602737648,1.4014063458989836,0.00638297872340432,0.0,0.1401069396197202,0.17971557240429303,
CSGS8,q1_2020,4,lgbm_condition_cqr,irradiance_outage,ramp,231,0.6493506493506493,0.2506493506493507,7.027611456585653,7.06746244430542,30.184069301852418,3.6085451714920276,4.243818805831002,0.2506493506493507,0.0,0.23425371521952176,1.0061356433950805,0.039663461538461536
CSGS8,q1_2020,4,lgbm_condition_cqr,recent_power_outage,non_ramp,5593,0.9771142499553013,0.07711424995530125,16.102051542927665,17.01445770263672,16.80362691509261,3.315096579046496,4.242567103471316,0.0,0.07711424995530125,0.5367350514309221,0.5601208971697537,
CSGS8,q1_2020,4,lgbm_condition_cqr,recent_power_outage,ramp,231,0.9393939393939394,0.039393939393939426,17.862126205906723,18.401504516601562,19.883923187916412,4.941178951686595,6.285980134979866,0.0,0.039393939393939426,0.5954042068635574,0.6627974395972137,0.039663461538461536
CSGS8,q1_2020,4,lgbm_condition_cqr,weather_outage,non_ramp,5593,0.8524941891650277,0.047505810834972295,3.823715850949819,3.3649632930755615,6.846240328621015,0.7860674614649112,1.2381687280788516,0.047505810834972295,0.0,0.12745719503166064,0.2282080109540338,
CSGS8,q1_2020,4,lgbm_condition_cqr,weather_outage,ramp,231,0.5151515151515151,0.3848484848484849,6.692384708624382,6.6872711181640625,23.01815800349434,3.7545631894301543,4.249408170632073,0.3848484848484849,0.0,0.2230794902874794,0.7672719334498113,0.039663461538461536
CSGS8,q1_2020,4,oracle_ramp_mondrian,clean,non_ramp,5593,0.8700160915430002,0.02998390845699983,3.457848929016262,2.855671525001526,4.897624016457808,1.0165300766277865,1.7287951129092969,0.02998390845699983,0.0,0.11526163096720873,0.16325413388192694,
CSGS8,q1_2020,4,oracle_ramp_mondrian,clean,ramp,231,0.7272727272727273,0.17272727272727273,9.982424391784354,9.375181198120117,16.216007941184785,3.7534258889429495,4.273375264810172,0.17272727272727273,0.0,0.33274747972614516,0.5405335980394929,0.039663461538461536
CSGS8,q1_2020,4,oracle_ramp_mondrian,combined_outage,non_ramp,5593,0.8952261755766137,0.004773824423386364,3.255625546629373,3.0962491035461426,4.590102903786767,0.8547362625304508,1.4272703251496766,0.004773824423386364,0.0,0.10852085155431243,0.15300343012622558,
CSGS8,q1_2020,4,oracle_ramp_mondrian,combined_outage,ramp,231,0.6666666666666666,0.2333333333333334,11.983995427171905,11.463517665863037,22.472686509420345,4.661205911662155,5.290359786089379,0.2333333333333334,0.0,0.3994665142390635,0.7490895503140115,0.039663461538461536
CSGS8,q1_2020,4,oracle_ramp_mondrian,irradiance_outage,non_ramp,5593,0.8825317360986948,0.01746826390130518,2.788563704531279,2.4368715286254883,4.11497995887059,0.7249792180922107,1.2282523916519028,0.01746826390130518,0.0,0.09295212348437597,0.13716599862901965,
CSGS8,q1_2020,4,oracle_ramp_mondrian,irradiance_outage,ramp,231,0.7012987012987013,0.1987012987012987,10.0588920595713,9.661576271057129,20.435516583906622,4.0636746745346946,4.617449966224822,0.1987012987012987,0.0,0.33529640198571,0.6811838861302207,0.039663461538461536
CSGS8,q1_2020,4,oracle_ramp_mondrian,recent_power_outage,non_ramp,5593,0.8469515465760772,0.05304845342392284,3.8866603670177784,3.127994656562805,5.7632907977515115,1.1298340294635345,1.9104653379666099,0.05304845342392284,0.0,0.12955534556725928,0.19210969325838373,
CSGS8,q1_2020,4,oracle_ramp_mondrian,recent_power_outage,ramp,231,0.8008658008658008,0.09913419913419919,11.66977431853322,10.863540649414062,17.110942447203257,4.197339470768387,4.773266176316838,0.09913419913419919,0.0,0.38899247728444064,0.5703647482401085,0.039663461538461536
CSGS8,q1_2020,4,oracle_ramp_mondrian,weather_outage,non_ramp,5593,0.8732344001430359,0.02676559985696414,3.4646207759941614,2.830773115158081,4.862876641440267,1.0138436031714149,1.7196427835864607,0.02676559985696414,0.0,0.11548735919980538,0.1620958880480089,
CSGS8,q1_2020,4,oracle_ramp_mondrian,weather_outage,ramp,231,0.70995670995671,0.19004329004329001,10.10521566900082,9.46724796295166,17.217106676527433,3.7751073703105313,4.304230718598221,0.19004329004329001,0.0,0.33684052230002737,0.5739035558842478,0.039663461538461536
CSGS8,q1_2020,4,persistence_condition_cqr,clean,non_ramp,5593,1.0,0.09999999999999998,8.671358780153115,7.75,8.671358780153115,1.2723672454885309,1.9694833794576534,0.0,0.09999999999999998,0.2890452926717705,0.2890452926717705,
CSGS8,q1_2020,4,persistence_condition_cqr,clean,ramp,231,0.12554112554112554,0.7744588744588745,12.417532440847456,12.43999981880188,32.167316327306935,7.193982711344054,7.260085383087241,0.7744588744588745,0.0,0.41391774802824854,1.0722438775768979,0.039663461538461536
CSGS8,q1_2020,4,persistence_condition_cqr,combined_outage,non_ramp,5593,0.9869479706776327,0.08694797067763271,19.059749728267864,17.25,19.380543583347308,3.789656718595071,5.602416717534294,0.0,0.08694797067763271,0.6353249909422621,0.6460181194449103,
CSGS8,q1_2020,4,persistence_condition_cqr,combined_outage,ramp,231,0.7532467532467533,0.14675324675324675,23.41735935436957,24.65999984741211,30.875367928570483,12.453896123222458,13.103744618564559,0.14675324675324675,0.0,0.7805786451456523,1.0291789309523494,0.039663461538461536
CSGS8,q1_2020,4,persistence_condition_cqr,irradiance_outage,non_ramp,5593,1.0,0.09999999999999998,8.671358780153115,7.75,8.671358780153115,1.2723672454885309,1.9694833794576534,0.0,0.09999999999999998,0.2890452926717705,0.2890452926717705,
CSGS8,q1_2020,4,persistence_condition_cqr,irradiance_outage,ramp,231,0.12554112554112554,0.7744588744588745,12.417532440847456,12.43999981880188,32.167316327306935,7.193982711344054,7.260085383087241,0.7744588744588745,0.0,0.41391774802824854,1.0722438775768979,0.039663461538461536
CSGS8,q1_2020,4,persistence_condition_cqr,recent_power_outage,non_ramp,5593,0.9869479706776327,0.08694797067763271,19.059749728267864,17.25,19.380543583347308,3.789656718595071,5.602416717534294,0.0,0.08694797067763271,0.6353249909422621,0.6460181194449103,
CSGS8,q1_2020,4,persistence_condition_cqr,recent_power_outage,ramp,231,0.7532467532467533,0.14675324675324675,23.41735935436957,24.65999984741211,30.875367928570483,12.453896123222458,13.103744618564559,0.14675324675324675,0.0,0.7805786451456523,1.0291789309523494,0.039663461538461536
CSGS8,q1_2020,4,persistence_condition_cqr,weather_outage,non_ramp,5593,1.0,0.09999999999999998,8.671358780153115,7.75,8.671358780153115,1.2723672454885309,1.9694833794576534,0.0,0.09999999999999998,0.2890452926717705,0.2890452926717705,
CSGS8,q1_2020,4,persistence_condition_cqr,weather_outage,ramp,231,0.12554112554112554,0.7744588744588745,12.417532440847456,12.43999981880188,32.167316327306935,7.193982711344054,7.260085383087241,0.7744588744588745,0.0,0.41391774802824854,1.0722438775768979,0.039663461538461536
CSGS8,q1_2020,4,robust_condition_cqr,clean,non_ramp,5593,0.9213302342213481,0.021330234221348054,3.8682995159920694,3.3333377838134766,4.7813255526757255,1.0165300766277865,1.7287951129092969,0.0,0.021330234221348054,0.12894331719973565,0.15937751842252418,
CSGS8,q1_2020,4,robust_condition_cqr,clean,ramp,231,0.5324675324675324,0.3675324675324676,7.595460275518688,6.916758060455322,22.57118251413365,3.7534258889429495,4.273375264810172,0.3675324675324676,0.0,0.2531820091839563,0.7523727504711216,0.039663461538461536
CSGS8,q1_2020,4,robust_condition_cqr,combined_outage,non_ramp,5593,0.9291972107992134,0.029197210799213336,3.616070630391182,3.5404999256134033,4.555852938221291,0.8547362625304508,1.4272703251496766,0.0,0.029197210799213336,0.12053568767970607,0.15186176460737635,
CSGS8,q1_2020,4,robust_condition_cqr,combined_outage,ramp,231,0.5064935064935064,0.3935064935064936,8.316576908548157,7.841849088668823,34.59646530933195,4.661205911662155,5.290359786089379,0.3935064935064936,0.0,0.27721923028493856,1.1532155103110648,0.039663461538461536
CSGS8,q1_2020,4,robust_condition_cqr,irradiance_outage,non_ramp,5593,0.9288396209547649,0.02883962095476489,3.2094880937466455,2.9442391395568848,4.0405819075803375,0.7249792180922107,1.2282523916519028,0.0,0.02883962095476489,0.10698293645822152,0.13468606358601126,
CSGS8,q1_2020,4,robust_condition_cqr,irradiance_outage,ramp,231,0.4935064935064935,0.4064935064935065,7.42634459747832,6.952914237976074,28.845958949667423,4.0636746745346946,4.617449966224822,0.4064935064935065,0.0,0.24754481991594401,0.9615319649889141,0.039663461538461536
CSGS8,q1_2020,4,robust_condition_cqr,recent_power_outage,non_ramp,5593,0.8911138923654568,0.008886107634543228,4.263680604781231,3.5933165550231934,5.52254599024824,1.1298340294635345,1.9104653379666099,0.008886107634543228,0.0,0.14212268682604104,0.184084866341608,
CSGS8,q1_2020,4,robust_condition_cqr,recent_power_outage,ramp,231,0.5930735930735931,0.30692640692640694,8.843355210280263,7.956182479858398,23.21521921123648,4.197339470768387,4.773266176316838,0.30692640692640694,0.0,0.2947785070093421,0.7738406403745494,0.039663461538461536
CSGS8,q1_2020,4,robust_condition_cqr,weather_outage,non_ramp,5593,0.9198998748435544,0.019899874843554377,3.8565397347196546,3.309661865234375,4.752737926114428,1.0138436031714149,1.7196427835864607,0.0,0.019899874843554377,0.12855132449065515,0.15842459753714758,
CSGS8,q1_2020,4,robust_condition_cqr,weather_outage,ramp,231,0.5151515151515151,0.3848484848484849,7.539308898892753,6.827256202697754,24.40297524340741,3.7751073703105313,4.304230718598221,0.3848484848484849,0.0,0.25131029662975846,0.8134325081135804,0.039663461538461536
CSGS8,q1_2020,4,robust_local_cqr,clean,non_ramp,5593,0.9182907205435366,0.01829072054353653,3.7511510452734425,3.4214519262313843,4.544240063341549,1.0165300766277865,1.7287951129092969,0.0,0.01829072054353653,0.12503836817578143,0.15147466877805163,
CSGS8,q1_2020,4,robust_local_cqr,clean,ramp,231,0.5627705627705628,0.3372294372294372,7.834504744126683,7.469036102294922,20.912048186510155,3.7534258889429495,4.273375264810172,0.3372294372294372,0.0,0.2611501581375561,0.6970682728836718,0.039663461538461536
CSGS8,q1_2020,4,robust_local_cqr,combined_outage,non_ramp,5593,0.9188271053102092,0.018827105310209147,3.435134209588073,3.1090803146362305,4.309850338129928,0.8547362625304508,1.4272703251496766,0.0,0.018827105310209147,0.11450447365293576,0.14366167793766424,
CSGS8,q1_2020,4,robust_local_cqr,combined_outage,ramp,231,0.5541125541125541,0.3458874458874459,9.214699523366214,8.304092168807983,31.32520339921423,4.661205911662155,5.290359786089379,0.3458874458874459,0.0,0.3071566507788738,1.0441734466404744,0.039663461538461536
CSGS8,q1_2020,4,robust_local_cqr,irradiance_outage,non_ramp,5593,0.929733595565886,0.02973359556588595,3.143788186382286,2.800077199935913,3.8265761086437315,0.7249792180922107,1.2282523916519028,0.0,0.02973359556588595,0.1047929395460762,0.12755253695479105,
CSGS8,q1_2020,4,robust_local_cqr,irradiance_outage,ramp,231,0.5238095238095238,0.3761904761904762,7.815702215869189,7.561283111572266,26.495417007055632,4.0636746745346946,4.617449966224822,0.3761904761904762,0.0,0.26052340719563966,0.8831805669018544,0.039663461538461536
CSGS8,q1_2020,4,robust_local_cqr,recent_power_outage,non_ramp,5593,0.9113177185767924,0.011317718576792424,4.287562248815263,4.01001763343811,5.244424236903585,1.1298340294635345,1.9104653379666099,0.0,0.011317718576792424,0.14291874162717544,0.1748141412301195,
CSGS8,q1_2020,4,robust_local_cqr,recent_power_outage,ramp,231,0.6406926406926406,0.2593073593073594,9.392089553370878,8.539252281188965,21.251179375851052,4.197339470768387,4.773266176316838,0.2593073593073594,0.0,0.3130696517790293,0.7083726458617018,0.039663461538461536
CSGS8,q1_2020,4,robust_local_cqr,weather_outage,non_ramp,5593,0.9188271053102092,0.018827105310209147,3.7080441383080784,3.4404468536376953,4.508170135034991,1.0138436031714149,1.7196427835864607,0.0,0.018827105310209147,0.12360147127693595,0.1502723378344997,
CSGS8,q1_2020,4,robust_local_cqr,weather_outage,ramp,231,0.5411255411255411,0.3588744588744589,7.795721376000286,7.405237197875977,22.56733326262339,3.7751073703105313,4.304230718598221,0.3588744588744589,0.0,0.25985737920000956,0.7522444420874463,0.039663461538461536
CSGS8,q1_2020,4,robust_risk_mondrian,clean,non_ramp,5593,0.8898623279098874,0.010137672090112626,3.7269832988337233,2.805643320083618,4.794690926620963,1.0165300766277865,1.7287951129092969,0.010137672090112626,0.0,0.12423277662779078,0.15982303088736544,
CSGS8,q1_2020,4,robust_risk_mondrian,clean,ramp,231,0.6017316017316018,0.29826839826839824,8.17367112662369,7.7176361083984375,21.579858118063445,3.7534258889429495,4.273375264810172,0.29826839826839824,0.0,0.2724557042207897,0.7193286039354482,0.039663461538461536
CSGS8,q1_2020,4,robust_risk_mondrian,combined_outage,non_ramp,5593,0.9415340604326837,0.041534060432683706,3.7774958347869503,4.0175111293792725,4.501712491066433,0.8547362625304508,1.4272703251496766,0.0,0.041534060432683706,0.12591652782623167,0.15005708303554777,
CSGS8,q1_2020,4,robust_risk_mondrian,combined_outage,ramp,231,0.5151515151515151,0.3848484848484849,8.756605744974696,8.070858240127563,32.10082240651051,4.661205911662155,5.290359786089379,0.3848484848484849,0.0,0.2918868581658232,1.0700274135503502,0.039663461538461536
CSGS8,q1_2020,4,robust_risk_mondrian,irradiance_outage,non_ramp,5593,0.9193634900768818,0.019363490076881762,3.082413307041174,2.798768401145935,4.0314788668404455,0.7249792180922107,1.2282523916519028,0.0,0.019363490076881762,0.1027471102347058,0.13438262889468153,
CSGS8,q1_2020,4,robust_risk_mondrian,irradiance_outage,ramp,231,0.5324675324675324,0.3675324675324676,7.817767375862443,7.344304084777832,28.802704705175383,4.0636746745346946,4.617449966224822,0.3675324675324676,0.0,0.26059224586208146,0.9600901568391794,0.039663461538461536
CSGS8,q1_2020,4,robust_risk_mondrian,recent_power_outage,non_ramp,5593,0.8932594314321474,0.006740568567852656,4.276838012723042,3.672632932662964,5.552654509291908,1.1298340294635345,1.9104653379666099,0.006740568567852656,0.0,0.14256126709076805,0.1850884836430636,
CSGS8,q1_2020,4,robust_risk_mondrian,recent_power_outage,ramp,231,0.6147186147186147,0.28528138528138536,8.917099884707174,8.130865097045898,23.47669768862394,4.197339470768387,4.773266176316838,0.28528138528138536,0.0,0.2972366628235725,0.782556589620798,0.039663461538461536
CSGS8,q1_2020,4,robust_risk_mondrian,weather_outage,non_ramp,5593,0.8667977829429644,0.03320221705703563,3.529497737694283,2.539849042892456,4.993342501894515,1.0138436031714149,1.7196427835864607,0.03320221705703563,0.0,0.11764992458980944,0.1664447500631505,
CSGS8,q1_2020,4,robust_risk_mondrian,weather_outage,ramp,231,0.5800865800865801,0.3199134199134199,7.927012152357019,7.228432655334473,24.391639901317042,3.7751073703105313,4.304230718598221,0.3199134199134199,0.0,0.2642337384119006,0.8130546633772348,0.039663461538461536
CSGS8,q1_2020,4,robust_rolling_cqr,clean,non_ramp,5593,0.914357232254604,0.014357232254603947,3.870988214382058,3.1863299012184143,4.771307393746543,1.0165300766277865,1.7287951129092969,0.0,0.014357232254603947,0.12903294047940192,0.15904357979155143,
CSGS8,q1_2020,4,robust_rolling_cqr,clean,ramp,231,0.5411255411255411,0.3588744588744589,7.821287989713155,7.1596879959106445,21.7925124504801,3.7534258889429495,4.273375264810172,0.3588744588744589,0.0,0.26070959965710516,0.7264170816826699,0.039663461538461536
CSGS8,q1_2020,4,robust_rolling_cqr,combined_outage,non_ramp,5593,0.9147148220990524,0.014714822099052394,3.5052865099599133,3.1909265518188477,4.52834110863686,0.8547362625304508,1.4272703251496766,0.0,0.014714822099052394,0.11684288366533044,0.15094470362122867,
CSGS8,q1_2020,4,robust_rolling_cqr,combined_outage,ramp,231,0.5108225108225108,0.3891774891774892,8.380430368279224,7.586747169494629,34.50514250416389,4.661205911662155,5.290359786089379,0.3891774891774892,0.0,0.27934767894264084,1.150171416805463,0.039663461538461536
CSGS8,q1_2020,4,robust_rolling_cqr,irradiance_outage,non_ramp,5593,0.918648310387985,0.01864831038798498,3.122633530726517,2.6767361164093018,4.008193447369328,0.7249792180922107,1.2282523916519028,0.0,0.01864831038798498,0.10408778435755056,0.13360644824564424,
CSGS8,q1_2020,4,robust_rolling_cqr,irradiance_outage,ramp,231,0.49783549783549785,0.40216450216450217,7.514067970958107,6.879570007324219,28.643717729813094,4.0636746745346946,4.617449966224822,0.40216450216450217,0.0,0.25046893236527024,0.9547905909937698,0.039663461538461536
CSGS8,q1_2020,4,robust_rolling_cqr,recent_power_outage,non_ramp,5593,0.906669050598963,0.0066690505989629445,4.478450482585643,3.71151340007782,5.504444131616022,1.1298340294635345,1.9104653379666099,0.0,0.0066690505989629445,0.14928168275285478,0.18348147105386742,
CSGS8,q1_2020,4,robust_rolling_cqr,recent_power_outage,ramp,231,0.6277056277056277,0.27229437229437237,9.276567978776379,8.464115619659424,21.91050938971631,4.197339470768387,4.773266176316838,0.27229437229437237,0.0,0.3092189326258793,0.7303503129905436,0.039663461538461536
CSGS8,q1_2020,4,robust_rolling_cqr,weather_outage,non_ramp,5593,0.9136420525657072,0.013642052565707163,3.8539115002861153,3.1923797130584717,4.756258263574727,1.0138436031714149,1.7196427835864607,0.0,0.013642052565707163,0.12846371667620385,0.15854194211915756,
CSGS8,q1_2020,4,robust_rolling_cqr,weather_outage,ramp,231,0.5411255411255411,0.3588744588744589,7.780051102257007,6.971160888671875,23.640382563284078,3.7751073703105313,4.304230718598221,0.3588744588744589,0.0,0.2593350367419002,0.7880127521094693,0.039663461538461536
CSGS8,q2_2020,1,clean_condition_cqr,clean,non_ramp,5600,0.89875,0.0012499999999999734,2.0775467806451653,2.004495143890381,2.7520597791720816,0.4821432163097779,0.7844571688411577,0.0012499999999999734,0.0,0.06925155935483884,0.09173532597240272,
CSGS8,q2_2020,1,clean_condition_cqr,clean,ramp,160,0.48125,0.41875,4.7120727688074115,4.331725597381592,14.271624246239663,2.112051120400429,2.353626070539387,0.41875,0.0,0.15706909229358038,0.47572080820798873,0.027777777777777776
CSGS8,q2_2020,1,clean_condition_cqr,combined_outage,non_ramp,5600,0.8771428571428571,0.02285714285714291,13.514780606201716,13.798511505126953,22.94453986678805,4.57658565556564,6.13599079976195,0.02285714285714291,0.0,0.45049268687339056,0.7648179955596016,
CSGS8,q2_2020,1,clean_condition_cqr,combined_outage,ramp,160,0.2125,0.6875,14.019951105117798,14.193318367004395,93.43747329711914,13.157183031737805,13.825165977688952,0.6875,0.0,0.4673317035039266,3.1145824432373046,0.027777777777777776
CSGS8,q2_2020,1,clean_condition_cqr,irradiance_outage,non_ramp,5600,0.9207142857142857,0.020714285714285685,3.307441100367796,2.5549535751342773,3.8797038258845506,0.7248704950531413,0.9518153486809581,0.0,0.020714285714285685,0.11024803667892653,0.12932346086281835,
CSGS8,q2_2020,1,clean_condition_cqr,irradiance_outage,ramp,160,0.5,0.4,6.606594723463059,6.480155944824219,15.602738541364669,2.1582524314522744,2.4870471693628193,0.4,0.0,0.22021982411543528,0.5200912847121556,0.027777777777777776
CSGS8,q2_2020,1,clean_condition_cqr,recent_power_outage,non_ramp,5600,0.8428571428571429,0.05714285714285716,10.085890724420148,9.698267936706543,20.709480405296198,3.834103908498239,5.722178803010144,0.05714285714285716,0.0,0.3361963574806716,0.6903160135098733,
CSGS8,q2_2020,1,clean_condition_cqr,recent_power_outage,ramp,160,0.15,0.75,13.905118366517126,14.584381103515625,87.12785871867091,12.93718400746584,13.593872363394958,0.75,0.0,0.46350394555057084,2.9042619572890302,0.027777777777777776
CSGS8,q2_2020,1,clean_condition_cqr,weather_outage,non_ramp,5600,0.8966071428571428,0.0033928571428571974,2.0807136515984372,2.0162065029144287,2.776717173191459,0.48439671170531906,0.7858797880122513,0.0033928571428571974,0.0,0.06935712171994791,0.09255723910638197,
CSGS8,q2_2020,1,clean_condition_cqr,weather_outage,ramp,160,0.5,0.4,4.671365152299404,4.326401710510254,14.216476450860501,2.1018782660365103,2.3372441984721726,0.4,0.0,0.15571217174331348,0.4738825483620167,0.027777777777777776
CSGS8,q2_2020,1,lgbm_condition_cqr,clean,non_ramp,5600,0.9226785714285715,0.022678571428571437,2.6526792713376928,2.0071535110473633,3.037468835678467,0.4983579495262737,0.803605534483305,0.0,0.022678571428571437,0.08842264237792309,0.10124896118928223,
CSGS8,q2_2020,1,lgbm_condition_cqr,clean,ramp,160,0.4875,0.41250000000000003,6.41445275247097,6.566093444824219,14.295651188492775,2.25580033659935,2.4693871440049238,0.41250000000000003,0.0,0.21381509174903232,0.4765217062830925,0.027777777777777776
CSGS8,q2_2020,1,lgbm_condition_cqr,combined_outage,non_ramp,5600,0.8735714285714286,0.026428571428571468,13.78720652461052,13.888540267944336,23.67196983013834,4.514343277398896,5.928184136327335,0.026428571428571468,0.0,0.4595735508203507,0.7890656610046114,
CSGS8,q2_2020,1,lgbm_condition_cqr,combined_outage,ramp,160,0.20625,0.6937500000000001,13.867368638515472,13.925228118896484,96.48889523744583,12.605714774131775,13.227209265300802,0.6937500000000001,0.0,0.4622456212838491,3.216296507914861,0.027777777777777776
CSGS8,q2_2020,1,lgbm_condition_cqr,irradiance_outage,non_ramp,5600,0.8998214285714285,0.00017857142857147235,2.82951972491137,2.0744481086730957,3.4634937954989646,0.6613205564574205,0.9171092292287271,0.00017857142857147235,0.0,0.09431732416371233,0.11544979318329882,
CSGS8,q2_2020,1,lgbm_condition_cqr,irradiance_outage,ramp,160,0.425,0.47500000000000003,6.339120069146157,6.474557399749756,18.498039671778677,2.307155613601208,2.6415856425840025,0.47500000000000003,0.0,0.2113040023048719,0.6166013223926226,0.027777777777777776
CSGS8,q2_2020,1,lgbm_condition_cqr,recent_power_outage,non_ramp,5600,0.8776785714285714,0.022321428571428603,13.271589656046459,13.384382247924805,22.722949101754597,4.265579319906953,5.6815734231021295,0.022321428571428603,0.0,0.4423863218682153,0.7574316367251532,
CSGS8,q2_2020,1,lgbm_condition_cqr,recent_power_outage,ramp,160,0.1875,0.7125,13.967338979244232,14.220447540283203,94.48233872652054,12.234815494716168,12.81805525344342,0.7125,0.0,0.4655779659748077,3.149411290884018,0.027777777777777776
CSGS8,q2_2020,1,lgbm_condition_cqr,weather_outage,non_ramp,5600,0.9258928571428572,0.025892857142857162,2.6532431067007876,2.016282379627228,3.053610017620335,0.49735897676649204,0.8013765012449057,0.0,0.025892857142857162,0.08844143689002625,0.1017870005873445,
CSGS8,q2_2020,1,lgbm_condition_cqr,weather_outage,ramp,160,0.475,0.42500000000000004,6.313931557536125,6.489452362060547,14.870585325360299,2.251329742372036,2.4615546905319943,0.42500000000000004,0.0,0.21046438525120417,0.49568617751200994,0.027777777777777776
CSGS8,q2_2020,1,oracle_ramp_mondrian,clean,non_ramp,5600,0.9053571428571429,0.005357142857142838,2.472695198481171,2.22162926197052,3.0643379174911285,0.5140265343872098,0.8313458149559468,0.0,0.005357142857142838,0.0824231732827057,0.10214459724970429,
CSGS8,q2_2020,1,oracle_ramp_mondrian,clean,ramp,160,0.9875,0.08750000000000002,8.645521010830999,8.550022602081299,8.797125424817205,1.8688779190182685,2.1504865172405054,0.0,0.08750000000000002,0.2881840336943666,0.2932375141605735,0.027777777777777776
CSGS8,q2_2020,1,oracle_ramp_mondrian,combined_outage,non_ramp,5600,0.9058928571428572,0.005892857142857144,2.8412000922880645,2.542580246925354,3.6108854046751993,0.6739265331086894,1.0810933644699952,0.0,0.005892857142857144,0.09470666974293548,0.12036284682250664,
CSGS8,q2_2020,1,oracle_ramp_mondrian,combined_outage,ramp,160,0.9875,0.08750000000000002,10.060496103949845,9.815335750579834,10.167567980475724,1.8998158425092697,2.1937318203461156,0.0,0.08750000000000002,0.3353498701316615,0.3389189326825241,0.027777777777777776
CSGS8,q2_2020,1,oracle_ramp_mondrian,irradiance_outage,non_ramp,5600,0.9141071428571429,0.014107142857142874,2.073356994398387,1.7148978617042303,2.617698698401634,0.4723265210988133,0.7694858378794474,0.0,0.014107142857142874,0.06911189981327957,0.08725662328005447,
CSGS8,q2_2020,1,oracle_ramp_mondrian,irradiance_outage,ramp,160,0.98125,0.08124999999999993,8.69186283275485,8.645344734191895,8.794043075293303,1.8811703726649285,2.110097539875346,0.0,0.08124999999999993,0.2897287610918283,0.29313476917644343,0.027777777777777776
CSGS8,q2_2020,1,oracle_ramp_mondrian,recent_power_outage,non_ramp,5600,0.895,0.0050000000000000044,4.124280316058061,3.588144898414612,5.041197618051878,0.8280881771217433,1.3252284613781862,0.0050000000000000044,0.0,0.1374760105352687,0.16803992060172926,
CSGS8,q2_2020,1,oracle_ramp_mondrian,recent_power_outage,ramp,160,0.98125,0.08124999999999993,10.337547846324743,10.042022705078125,10.537474222667516,2.0216641813516616,2.3844261488396414,0.0,0.08124999999999993,0.34458492821082476,0.3512491407555839,0.027777777777777776
CSGS8,q2_2020,1,oracle_ramp_mondrian,weather_outage,non_ramp,5600,0.9042857142857142,0.004285714285714226,2.4965548621440288,2.2295310497283936,3.1118088261240544,0.5161573687858929,0.8339206902072033,0.0,0.004285714285714226,0.08321849540480096,0.10372696087080181,
CSGS8,q2_2020,1,oracle_ramp_mondrian,weather_outage,ramp,160,0.99375,0.09375,8.769161931425334,8.703025341033936,8.888264409452677,1.8467368111014366,2.1259991817108186,0.0,0.09375,0.2923053977141778,0.29627548031508927,0.027777777777777776
CSGS8,q2_2020,1,persistence_condition_cqr,clean,non_ramp,5600,0.8928571428571429,0.0071428571428571175,2.6692892866132647,3.119999885559082,3.869074922340057,0.6123660672562463,0.9069666724617198,0.0071428571428571175,0.0,0.08897630955377549,0.1289691640780019,
CSGS8,q2_2020,1,persistence_condition_cqr,clean,ramp,160,0.0,0.9,3.120000037550926,3.119999885559082,46.4012500077486,3.7240625277161596,3.7669443122276793,0.9,0.0,0.10400000125169753,1.54670833359162,0.027777777777777776
CSGS8,q2_2020,1,persistence_condition_cqr,combined_outage,non_ramp,5600,0.9078571428571428,0.007857142857142785,13.380446403122042,12.819999694824219,16.704267845643084,3.6118428590175298,4.907967811573751,0.0,0.007857142857142785,0.44601488010406803,0.5568089281881028,
CSGS8,q2_2020,1,persistence_condition_cqr,combined_outage,ramp,160,0.6375,0.26250000000000007,16.841875019110738,18.239999771118164,36.30437371376902,6.946624992322176,8.167285154501439,0.26250000000000007,0.0,0.561395833970358,1.2101457904589672,0.027777777777777776
CSGS8,q2_2020,1,persistence_condition_cqr,irradiance_outage,non_ramp,5600,0.8928571428571429,0.0071428571428571175,2.6692892866132647,3.119999885559082,3.869074922340057,0.6123660672562463,0.9069666724617198,0.0071428571428571175,0.0,0.08897630955377549,0.1289691640780019,
CSGS8,q2_2020,1,persistence_condition_cqr,irradiance_outage,ramp,160,0.0,0.9,3.120000037550926,3.119999885559082,46.4012500077486,3.7240625277161596,3.7669443122276793,0.9,0.0,0.10400000125169753,1.54670833359162,0.027777777777777776
CSGS8,q2_2020,1,persistence_condition_cqr,recent_power_outage,non_ramp,5600,0.9078571428571428,0.007857142857142785,13.380446403122042,12.819999694824219,16.704267845643084,3.6118428590175298,4.907967811573751,0.0,0.007857142857142785,0.44601488010406803,0.5568089281881028,
CSGS8,q2_2020,1,persistence_condition_cqr,recent_power_outage,ramp,160,0.6375,0.26250000000000007,16.841875019110738,18.239999771118164,36.30437371376902,6.946624992322176,8.167285154501439,0.26250000000000007,0.0,0.561395833970358,1.2101457904589672,0.027777777777777776
CSGS8,q2_2020,1,persistence_condition_cqr,weather_outage,non_ramp,5600,0.8928571428571429,0.0071428571428571175,2.6692892866132647,3.119999885559082,3.869074922340057,0.6123660672562463,0.9069666724617198,0.0071428571428571175,0.0,0.08897630955377549,0.1289691640780019,
CSGS8,q2_2020,1,persistence_condition_cqr,weather_outage,ramp,160,0.0,0.9,3.120000037550926,3.119999885559082,46.4012500077486,3.7240625277161596,3.7669443122276793,0.9,0.0,0.10400000125169753,1.54670833359162,0.027777777777777776
CSGS8,q2_2020,1,robust_condition_cqr,clean,non_ramp,5600,0.9053571428571429,0.005357142857142838,2.472695198481171,2.22162926197052,3.0643379174911285,0.5140265343872098,0.8313458149559468,0.0,0.005357142857142838,0.0824231732827057,0.10214459724970429,
CSGS8,q2_2020,1,robust_condition_cqr,clean,ramp,160,0.66875,0.23125000000000007,4.745935045182705,4.650436878204346,9.758422873914242,1.8688779190182685,2.1504865172405054,0.23125000000000007,0.0,0.15819783483942348,0.32528076246380805,0.027777777777777776
CSGS8,q2_2020,1,robust_condition_cqr,combined_outage,non_ramp,5600,0.91625,0.016249999999999987,2.9149148588270717,2.626564085483551,3.610097266368006,0.6739265331086894,1.0810933644699952,0.0,0.016249999999999987,0.09716382862756906,0.1203365755456002,
CSGS8,q2_2020,1,robust_condition_cqr,combined_outage,ramp,160,0.70625,0.19374999999999998,5.632750856876373,5.383174419403076,10.04813848733902,1.8998158425092697,2.1937318203461156,0.19374999999999998,0.0,0.1877583618958791,0.33493794957796735,0.027777777777777776
CSGS8,q2_2020,1,robust_condition_cqr,irradiance_outage,non_ramp,5600,0.9141071428571429,0.014107142857142874,2.073356994398387,1.7148978617042303,2.617698698401634,0.4723265210988133,0.7694858378794474,0.0,0.014107142857142874,0.06911189981327957,0.08725662328005447,
CSGS8,q2_2020,1,robust_condition_cqr,irradiance_outage,ramp,160,0.7,0.20000000000000007,4.806127384305,4.759610176086426,9.167662218213081,1.8811703726649285,2.110097539875346,0.20000000000000007,0.0,0.1602042461435,0.3055887406071027,0.027777777777777776
CSGS8,q2_2020,1,robust_condition_cqr,recent_power_outage,non_ramp,5600,0.9017857142857143,0.0017857142857142794,4.155216174441596,3.623360753059387,5.0366407031079685,0.8280881771217433,1.3252284613781862,0.0,0.0017857142857142794,0.13850720581471984,0.1678880234369323,
CSGS8,q2_2020,1,robust_condition_cqr,recent_power_outage,ramp,160,0.8,0.09999999999999998,7.2530617259442804,6.957535266876221,10.420841648429633,2.0216641813516616,2.3844261488396414,0.09999999999999998,0.0,0.2417687241981427,0.3473613882809878,0.027777777777777776
CSGS8,q2_2020,1,robust_condition_cqr,weather_outage,non_ramp,5600,0.9042857142857142,0.004285714285714226,2.4965548621440288,2.2295310497283936,3.1118088261240544,0.5161573687858929,0.8339206902072033,0.0,0.004285714285714226,0.08321849540480096,0.10372696087080181,
CSGS8,q2_2020,1,robust_condition_cqr,weather_outage,ramp,160,0.64375,0.25625,4.616081890463829,4.549945831298828,10.020470854640006,1.8467368111014366,2.1259991817108186,0.25625,0.0,0.15386939634879432,0.3340156951546669,0.027777777777777776
CSGS8,q2_2020,1,robust_local_cqr,clean,non_ramp,5600,0.94625,0.04625000000000001,2.8721286685039935,2.4849040508270264,3.0869448120161893,0.5140265343872098,0.8313458149559468,0.0,0.04625000000000001,0.09573762228346645,0.10289816040053965,
CSGS8,q2_2020,1,robust_local_cqr,clean,ramp,160,0.83125,0.06874999999999998,5.765038441121578,5.660929203033447,8.090089391171933,1.8688779190182685,2.1504865172405054,0.06874999999999998,0.0,0.19216794803738593,0.26966964637239776,0.027777777777777776
CSGS8,q2_2020,1,robust_local_cqr,combined_outage,non_ramp,5600,0.9442857142857143,0.04428571428571426,3.32730045106718,2.894085168838501,3.6151232140969323,0.6739265331086894,1.0810933644699952,0.0,0.04428571428571426,0.11091001503557267,0.12050410713656441,
CSGS8,q2_2020,1,robust_local_cqr,combined_outage,ramp,160,0.86875,0.03125,6.94293907135725,6.346100807189941,8.369551686942577,1.8998158425092697,2.1937318203461156,0.03125,0.0,0.23143130237857498,0.2789850562314192,0.027777777777777776
CSGS8,q2_2020,1,robust_local_cqr,irradiance_outage,non_ramp,5600,0.9642857142857143,0.06428571428571428,2.5074900182953206,1.9946357011795044,2.6657366506746674,0.4723265210988133,0.7694858378794474,0.0,0.06428571428571428,0.08358300060984401,0.08885788835582224,
CSGS8,q2_2020,1,robust_local_cqr,irradiance_outage,ramp,160,0.85,0.050000000000000044,5.722661067545414,5.668565273284912,7.489720870554447,1.8811703726649285,2.110097539875346,0.050000000000000044,0.0,0.19075536891818048,0.2496573623518149,0.027777777777777776
CSGS8,q2_2020,1,robust_local_cqr,recent_power_outage,non_ramp,5600,0.9282142857142858,0.028214285714285747,4.471165994054535,4.195347845554352,4.997401645818223,0.8280881771217433,1.3252284613781862,0.0,0.028214285714285747,0.1490388664684845,0.16658005486060742,
CSGS8,q2_2020,1,robust_local_cqr,recent_power_outage,ramp,160,0.84375,0.05625000000000002,7.949335902929306,7.800303936004639,9.603305906057358,2.0216641813516616,2.3844261488396414,0.05625000000000002,0.0,0.26497786343097685,0.3201101968685786,0.027777777777777776
CSGS8,q2_2020,1,robust_local_cqr,weather_outage,non_ramp,5600,0.9491071428571428,0.049107142857142794,2.9045968827618696,2.5135307908058167,3.1215689854126256,0.5161573687858929,0.8339206902072033,0.0,0.049107142857142794,0.09681989609206232,0.10405229951375419,
CSGS8,q2_2020,1,robust_local_cqr,weather_outage,ramp,160,0.81875,0.08125000000000004,5.692494225502014,5.6391191482543945,8.113105130195617,1.8467368111014366,2.1259991817108186,0.08125000000000004,0.0,0.18974980751673381,0.2704368376731872,0.027777777777777776
CSGS8,q2_2020,1,robust_risk_mondrian,clean,non_ramp,5600,0.9255357142857142,0.025535714285714217,2.6852386848187804,2.411397933959961,3.087059582643643,0.5140265343872098,0.8313458149559468,0.0,0.025535714285714217,0.08950795616062601,0.10290198608812144,
CSGS8,q2_2020,1,robust_risk_mondrian,clean,ramp,160,0.76875,0.13124999999999998,5.194809584319591,5.099311113357544,8.96796086281538,1.8688779190182685,2.1504865172405054,0.13124999999999998,0.0,0.17316031947731972,0.29893202876051267,0.027777777777777776
CSGS8,q2_2020,1,robust_risk_mondrian,combined_outage,non_ramp,5600,0.9267857142857143,0.0267857142857143,3.109570580823264,2.8525707721710205,3.575042817431552,0.6739265331086894,1.0810933644699952,0.0,0.0267857142857143,0.1036523526941088,0.11916809391438507,
CSGS8,q2_2020,1,robust_risk_mondrian,combined_outage,ramp,160,0.75625,0.14375000000000004,6.051250104606152,5.802465915679932,9.137753610312938,1.8998158425092697,2.1937318203461156,0.14375000000000004,0.0,0.20170833682020506,0.30459178701043127,0.027777777777777776
CSGS8,q2_2020,1,robust_risk_mondrian,irradiance_outage,non_ramp,5600,0.9380357142857143,0.038035714285714284,2.312062627182999,1.8162870407104492,2.649282188806142,0.4723265210988133,0.7694858378794474,0.0,0.038035714285714284,0.0770687542394333,0.08830940629353808,
CSGS8,q2_2020,1,robust_risk_mondrian,irradiance_outage,ramp,160,0.8,0.09999999999999998,5.396333046257496,5.349815368652344,8.317091770470142,1.8811703726649285,2.110097539875346,0.09999999999999998,0.0,0.1798777682085832,0.27723639234900477,0.027777777777777776
CSGS8,q2_2020,1,robust_risk_mondrian,recent_power_outage,non_ramp,5600,0.9164285714285715,0.01642857142857146,4.379018522853076,3.921378493309021,5.031372186795187,0.8280881771217433,1.3252284613781862,0.0,0.01642857142857146,0.14596728409510254,0.1677124062265062,
CSGS8,q2_2020,1,robust_risk_mondrian,recent_power_outage,ramp,160,0.8125,0.08750000000000002,7.671626836806536,7.315804481506348,9.96321168616414,2.0216641813516616,2.3844261488396414,0.08750000000000002,0.0,0.25572089456021785,0.3321070562054713,0.027777777777777776
CSGS8,q2_2020,1,robust_risk_mondrian,weather_outage,non_ramp,5600,0.9255357142857142,0.025535714285714217,2.7131846426533386,2.4551336765289307,3.123030993969005,0.5161573687858929,0.8339206902072033,0.0,0.025535714285714217,0.09043948808844463,0.10410103313230017,
CSGS8,q2_2020,1,robust_risk_mondrian,weather_outage,ramp,160,0.75625,0.14375000000000004,5.078260603547096,5.012124061584473,9.149366560578347,1.8467368111014366,2.1259991817108186,0.14375000000000004,0.0,0.16927535345156988,0.3049788853526116,0.027777777777777776
CSGS8,q2_2020,1,robust_rolling_cqr,clean,non_ramp,5600,0.9125,0.012499999999999956,2.505096933434834,2.255653738975525,3.063555860287826,0.5140265343872098,0.8313458149559468,0.0,0.012499999999999956,0.08350323111449447,0.10211852867626087,
CSGS8,q2_2020,1,robust_rolling_cqr,clean,ramp,160,0.68125,0.21875,4.771794794499874,4.663976192474365,9.716987012326717,1.8688779190182685,2.1504865172405054,0.21875,0.0,0.15905982648332911,0.32389956707755724,0.027777777777777776
CSGS8,q2_2020,1,robust_rolling_cqr,combined_outage,non_ramp,5600,0.91125,0.011249999999999982,2.8723164655273883,2.591556429862976,3.614314163922502,0.6739265331086894,1.0810933644699952,0.0,0.011249999999999982,0.09574388218424627,0.12047713879741674,
CSGS8,q2_2020,1,robust_rolling_cqr,combined_outage,ramp,160,0.69375,0.20625000000000004,5.518688204884529,5.265023231506348,10.281759384274483,1.8998158425092697,2.1937318203461156,0.20625000000000004,0.0,0.18395627349615096,0.3427253128091495,0.027777777777777776
CSGS8,q2_2020,1,robust_rolling_cqr,irradiance_outage,non_ramp,5600,0.9146428571428571,0.014642857142857069,2.081219921541479,1.7230726480484009,2.6203443496963796,0.4723265210988133,0.7694858378794474,0.0,0.014642857142857069,0.06937399738471597,0.08734481165654599,
CSGS8,q2_2020,1,robust_rolling_cqr,irradiance_outage,ramp,160,0.7,0.20000000000000007,4.8146556407213215,4.770867347717285,9.14624128639698,1.8811703726649285,2.110097539875346,0.20000000000000007,0.0,0.16048852135737737,0.30487470954656604,0.027777777777777776
CSGS8,q2_2020,1,robust_rolling_cqr,recent_power_outage,non_ramp,5600,0.9055357142857143,0.0055357142857143105,4.1722793731840335,3.667612671852112,5.040795202269074,0.8280881771217433,1.3252284613781862,0.0,0.0055357142857143105,0.13907597910613445,0.16802650674230246,
CSGS8,q2_2020,1,robust_rolling_cqr,recent_power_outage,ramp,160,0.79375,0.10625000000000007,7.242539395391941,6.925600528717041,10.44283055216074,2.0216641813516616,2.3844261488396414,0.10625000000000007,0.0,0.24141797984639804,0.3480943517386913,0.027777777777777776
CSGS8,q2_2020,1,robust_rolling_cqr,weather_outage,non_ramp,5600,0.915,0.015000000000000013,2.531048242580509,2.2745625972747803,3.110902097908412,0.5161573687858929,0.8339206902072033,0.0,0.015000000000000013,0.08436827475268364,0.10369673659694706,
CSGS8,q2_2020,1,robust_rolling_cqr,weather_outage,ramp,160,0.65,0.25,4.639153546094894,4.549945831298828,9.988718456029892,1.8467368111014366,2.1259991817108186,0.25,0.0,0.15463845153649647,0.33295728186766305,0.027777777777777776
CSGS8,q2_2020,4,clean_condition_cqr,clean,non_ramp,5582,0.9270870655678968,0.02708706556789675,3.4019592307258226,3.3372625708580017,4.196226332968251,0.7348570868066592,1.1432435743540128,0.0,0.02708706556789675,0.11339864102419409,0.13987421109894171,
CSGS8,q2_2020,4,clean_condition_cqr,clean,ramp,178,0.6966292134831461,0.20337078651685392,5.714430126581299,5.503607273101807,11.414223749316141,1.9784476988101274,2.4240263156738515,0.20337078651685392,0.0,0.19048100421937664,0.38047412497720473,0.03090277777777778
CSGS8,q2_2020,4,clean_condition_cqr,combined_outage,non_ramp,5582,0.8719097097814403,0.028090290218559688,10.995843088276356,10.921331405639648,16.130576931421995,3.9963159525205705,5.666974381059088,0.028090290218559688,0.0,0.3665281029425452,0.5376858977140665,
CSGS8,q2_2020,4,clean_condition_cqr,combined_outage,ramp,178,0.449438202247191,0.450561797752809,11.519371515077152,12.996662624180317,40.870175833280165,7.385311715388566,8.307543818530675,0.450561797752809,0.0,0.38397905050257175,1.3623391944426722,0.03090277777777778
CSGS8,q2_2020,4,clean_condition_cqr,irradiance_outage,non_ramp,5582,0.920816911501254,0.020816911501253976,5.090444225569081,4.190582752227783,5.96528680497988,1.0493800250572443,1.4797649596080065,0.0,0.020816911501253976,0.16968147418563603,0.19884289349932932,
CSGS8,q2_2020,4,clean_condition_cqr,irradiance_outage,ramp,178,0.7808988764044944,0.11910112359550562,7.508990966495168,6.936903953552246,12.113936845799175,2.013932322183352,2.451046692106641,0.11910112359550562,0.0,0.2502996988831723,0.40379789485997253,0.03090277777777778
CSGS8,q2_2020,4,clean_condition_cqr,recent_power_outage,non_ramp,5582,0.8977069150841992,0.002293084915800825,8.581531290904705,8.894616603851318,12.759201154351862,3.0394153503486865,4.632561987901543,0.002293084915800825,0.0,0.2860510430301568,0.4253067051450621,
CSGS8,q2_2020,4,clean_condition_cqr,recent_power_outage,ramp,178,0.47752808988764045,0.42247191011235957,10.176429239525511,10.06647777557373,36.61529139183943,6.5962883455030035,7.421957901950427,0.42247191011235957,0.0,0.3392143079841837,1.2205097130613143,0.03090277777777778
CSGS8,q2_2020,4,clean_condition_cqr,weather_outage,non_ramp,5582,0.9272662128269438,0.027266212826943748,3.4636098069427215,3.4562214612960815,4.259846502189963,0.7441123577863974,1.1520006542351453,0.0,0.027266212826943748,0.11545366023142405,0.1419948834063321,
CSGS8,q2_2020,4,clean_condition_cqr,weather_outage,ramp,178,0.7191011235955056,0.18089887640449442,5.76929426511352,5.546286106109619,11.260963416333949,1.9635245086771718,2.429854546180252,0.18089887640449442,0.0,0.19230980883711732,0.37536544721113163,0.03090277777777778
CSGS8,q2_2020,4,lgbm_condition_cqr,clean,non_ramp,5582,0.9451809387316374,0.04518093873163742,3.7289584379607166,3.7807037234306335,4.273015830834005,0.7074717779303853,1.086480137398524,0.0,0.04518093873163742,0.12429861459869056,0.14243386102780017,
CSGS8,q2_2020,4,lgbm_condition_cqr,clean,ramp,178,0.6741573033707865,0.22584269662921352,6.202897378233041,6.55252742767334,12.947443786296951,2.0580892850843706,2.5349671821754605,0.22584269662921352,0.0,0.20676324594110138,0.4315814595432317,0.03090277777777778
CSGS8,q2_2020,4,lgbm_condition_cqr,combined_outage,non_ramp,5582,0.8668935865281261,0.03310641347187393,12.830098029662528,13.054693698883057,23.60050079584207,4.0088698336149164,5.649156360600179,0.03310641347187393,0.0,0.4276699343220843,0.7866833598614024,
CSGS8,q2_2020,4,lgbm_condition_cqr,combined_outage,ramp,178,0.6404494382022472,0.2595505617977528,13.850532269209959,14.927209377288818,34.09801825512661,7.038774501741602,8.105203903142462,0.2595505617977528,0.0,0.4616844089736653,1.1366006085042204,0.03090277777777778
CSGS8,q2_2020,4,lgbm_condition_cqr,irradiance_outage,non_ramp,5582,0.9149050519527051,0.014905051952705084,3.5447392872304366,3.2456445693969727,4.858323654479535,0.7782198792174645,1.1459466620801941,0.0,0.014905051952705084,0.11815797624101455,0.1619441218159845,
CSGS8,q2_2020,4,lgbm_condition_cqr,irradiance_outage,ramp,178,0.6573033707865169,0.24269662921348312,5.9158120864395345,6.11042594909668,15.807765501185079,1.9778011186739033,2.5701757463572434,0.24269662921348312,0.0,0.19719373621465114,0.5269255167061693,0.03090277777777778
CSGS8,q2_2020,4,lgbm_condition_cqr,recent_power_outage,non_ramp,5582,0.8719097097814403,0.028090290218559688,12.055770730759743,13.291076183319092,21.996928622235867,3.645131262033959,5.161940576788381,0.028090290218559688,0.0,0.4018590243586581,0.7332309540745289,
CSGS8,q2_2020,4,lgbm_condition_cqr,recent_power_outage,ramp,178,0.6573033707865169,0.24269662921348312,13.560436187312007,13.7530837059021,34.958867450924906,6.375737182879716,7.468230629163956,0.24269662921348312,0.0,0.4520145395770669,1.1652955816974968,0.03090277777777778
CSGS8,q2_2020,4,lgbm_condition_cqr,weather_outage,non_ramp,5582,0.9507345037620925,0.05073450376209243,3.7946409236917575,3.862752914428711,4.290938589339532,0.7018256502171083,1.0815785679231043,0.0,0.05073450376209243,0.12648803078972526,0.14303128631131776,
CSGS8,q2_2020,4,lgbm_condition_cqr,weather_outage,ramp,178,0.651685393258427,0.24831460674157302,6.206859047158381,6.4149627685546875,13.13402728250857,2.013216310672546,2.507406870923677,0.24831460674157302,0.0,0.20689530157194602,0.4378009094169524,0.03090277777777778
CSGS8,q2_2020,4,oracle_ramp_mondrian,clean,non_ramp,5582,0.9149050519527051,0.014905051952705084,3.571950583839559,3.3695504665374756,4.442656426250766,0.8008659032630774,1.236244178778272,0.0,0.014905051952705084,0.11906501946131863,0.14808854754169218,
CSGS8,q2_2020,4,oracle_ramp_mondrian,clean,ramp,178,0.9831460674157303,0.08314606741573027,9.39868395679285,9.091159105300903,9.548320171831364,1.6511571152826374,2.2019208518414857,0.0,0.08314606741573027,0.3132894652264283,0.31827733906104544,0.03090277777777778
CSGS8,q2_2020,4,oracle_ramp_mondrian,combined_outage,non_ramp,5582,0.9218917950555356,0.021891795055535623,3.554586362479159,3.5276608914136887,4.408817990949364,0.843090360787247,1.2928829390990226,0.0,0.021891795055535623,0.11848621208263864,0.14696059969831216,
CSGS8,q2_2020,4,oracle_ramp_mondrian,combined_outage,ramp,178,1.0,0.09999999999999998,12.144718002104149,12.062867879867554,12.144718002104149,1.5959207214666216,2.1982520865032633,0.0,0.09999999999999998,0.4048239334034716,0.4048239334034716,0.03090277777777778
CSGS8,q2_2020,4,oracle_ramp_mondrian,irradiance_outage,non_ramp,5582,0.9192045861698316,0.01920458616983156,2.970238076522103,2.8145095109939575,3.8210681848124777,0.6982548014916191,1.1033856467908958,0.0,0.01920458616983156,0.0990079358840701,0.12736893949374925,
CSGS8,q2_2020,4,oracle_ramp_mondrian,irradiance_outage,ramp,178,0.9775280898876404,0.07752808988764037,9.694026323349288,9.72917366027832,9.897306182913566,1.4282636059803908,1.9994588731854237,0.0,0.07752808988764037,0.3231342107783096,0.32991020609711885,0.03090277777777778
CSGS8,q2_2020,4,oracle_ramp_mondrian,recent_power_outage,non_ramp,5582,0.9226083840917234,0.022608384091723388,4.639608077598335,4.50615119934082,5.436096430323567,1.0224123262902551,1.5482432288796093,0.0,0.022608384091723388,0.15465360258661115,0.1812032143441189,
CSGS8,q2_2020,4,oracle_ramp_mondrian,recent_power_outage,ramp,178,0.9887640449438202,0.08876404494382018,11.244141764766171,10.961894512176514,11.254858170913302,2.0540803808174775,2.577626073519993,0.0,0.08876404494382018,0.3748047254922057,0.37516193903044337,0.03090277777777778
CSGS8,q2_2020,4,oracle_ramp_mondrian,weather_outage,non_ramp,5582,0.9132927266212827,0.013292726621282669,3.611975376198081,3.405550539493561,4.501626279591995,0.814081057694426,1.255024930180834,0.0,0.013292726621282669,0.12039917920660269,0.15005420931973315,
CSGS8,q2_2020,4,oracle_ramp_mondrian,weather_outage,ramp,178,0.9943820224719101,0.09438202247191008,9.729111249108662,9.516029119491577,9.879435609816834,1.639913625931472,2.176004745709582,0.0,0.09438202247191008,0.3243037083036221,0.3293145203272278,0.03090277777777778
CSGS8,q2_2020,4,persistence_condition_cqr,clean,non_ramp,5582,0.9218917950555356,0.021891795055535623,6.886460085743814,7.929999828338623,8.06094951107958,1.609580798115313,2.2122087376543376,0.0,0.021891795055535623,0.2295486695247938,0.26869831703598596,
CSGS8,q2_2020,4,persistence_condition_cqr,clean,ramp,178,0.0,0.9,8.538089907853708,8.559999942779541,61.660562014594426,6.936123592799969,6.978026458152459,0.9,0.0,0.2846029969284569,2.0553520671531476,0.03090277777777778
CSGS8,q2_2020,4,persistence_condition_cqr,combined_outage,non_ramp,5582,0.915263346470799,0.015263346470798966,16.239786771026985,15.260000228881836,19.619686398262093,4.597918314319364,6.073374896305403,0.0,0.015263346470798966,0.5413262257008995,0.6539895466087364,
CSGS8,q2_2020,4,persistence_condition_cqr,combined_outage,ramp,178,0.33707865168539325,0.5629213483146067,17.045449433701762,15.8149995803833,57.155561969521344,12.458820205181837,12.943811361024897,0.5629213483146067,0.0,0.5681816477900588,1.9051853989840448,0.03090277777777778
CSGS8,q2_2020,4,persistence_condition_cqr,irradiance_outage,non_ramp,5582,0.9218917950555356,0.021891795055535623,6.886460085743814,7.929999828338623,8.06094951107958,1.609580798115313,2.2122087376543376,0.0,0.021891795055535623,0.2295486695247938,0.26869831703598596,
CSGS8,q2_2020,4,persistence_condition_cqr,irradiance_outage,ramp,178,0.0,0.9,8.538089907853708,8.559999942779541,61.660562014594426,6.936123592799969,6.978026458152459,0.9,0.0,0.2846029969284569,2.0553520671531476,0.03090277777777778
CSGS8,q2_2020,4,persistence_condition_cqr,recent_power_outage,non_ramp,5582,0.915263346470799,0.015263346470798966,16.239786771026985,15.260000228881836,19.619686398262093,4.597918314319364,6.073374896305403,0.0,0.015263346470798966,0.5413262257008995,0.6539895466087364,
CSGS8,q2_2020,4,persistence_condition_cqr,recent_power_outage,ramp,178,0.33707865168539325,0.5629213483146067,17.045449433701762,15.8149995803833,57.155561969521344,12.458820205181837,12.943811361024897,0.5629213483146067,0.0,0.5681816477900588,1.9051853989840448,0.03090277777777778
CSGS8,q2_2020,4,persistence_condition_cqr,weather_outage,non_ramp,5582,0.9218917950555356,0.021891795055535623,6.886460085743814,7.929999828338623,8.06094951107958,1.609580798115313,2.2122087376543376,0.0,0.021891795055535623,0.2295486695247938,0.26869831703598596,
CSGS8,q2_2020,4,persistence_condition_cqr,weather_outage,ramp,178,0.0,0.9,8.538089907853708,8.559999942779541,61.660562014594426,6.936123592799969,6.978026458152459,0.9,0.0,0.2846029969284569,2.0553520671531476,0.03090277777777778
CSGS8,q2_2020,4,robust_condition_cqr,clean,non_ramp,5582,0.9290576854174131,0.02905768541741305,3.6928237719455774,3.5083910822868347,4.455104903781793,0.8008659032630774,1.236244178778272,0.0,0.02905768541741305,0.12309412573151925,0.14850349679272642,
CSGS8,q2_2020,4,robust_condition_cqr,clean,ramp,178,0.7921348314606742,0.10786516853932582,5.741027953500828,5.565439224243164,9.665896355017518,1.6511571152826374,2.2019208518414857,0.10786516853932582,0.0,0.19136759845002763,0.3221965451672506,0.03090277777777778
CSGS8,q2_2020,4,robust_condition_cqr,combined_outage,non_ramp,5582,0.932282336080258,0.03228233608025799,3.6911763096365386,3.6868693232536316,4.429805938128598,0.843090360787247,1.2928829390990226,0.0,0.03228233608025799,0.12303921032121795,0.14766019793761992,
CSGS8,q2_2020,4,robust_condition_cqr,combined_outage,ramp,178,0.8258426966292135,0.07415730337078652,6.384696851034513,6.203248023986816,9.523189788872607,1.5959207214666216,2.1982520865032633,0.07415730337078652,0.0,0.2128232283678171,0.3174396596290869,0.03090277777777778
CSGS8,q2_2020,4,robust_condition_cqr,irradiance_outage,non_ramp,5582,0.9274453600859907,0.027445360085990633,3.0622639892556216,2.918760120868683,3.8329632964446487,0.6982548014916191,1.1033856467908958,0.0,0.027445360085990633,0.10207546630852073,0.1277654432148216,
CSGS8,q2_2020,4,robust_condition_cqr,irradiance_outage,ramp,178,0.8202247191011236,0.07977528089887642,5.529776897825552,5.519011497497559,8.975100831201907,1.4282636059803908,1.9994588731854237,0.07977528089887642,0.0,0.18432589659418505,0.29917002770673023,0.03090277777777778
CSGS8,q2_2020,4,robust_condition_cqr,recent_power_outage,non_ramp,5582,0.932103188821211,0.03210318882121099,4.725469965731143,4.605812072753906,5.450238848841689,1.0224123262902551,1.5482432288796093,0.0,0.03210318882121099,0.15751566552437143,0.18167462829472297,
CSGS8,q2_2020,4,robust_condition_cqr,recent_power_outage,ramp,178,0.8314606741573034,0.06853932584269662,7.48083440565996,7.149354726076126,10.433291362159038,2.0540803808174775,2.577626073519993,0.06853932584269662,0.0,0.24936114685533198,0.3477763787386346,0.03090277777777778
CSGS8,q2_2020,4,robust_condition_cqr,weather_outage,non_ramp,5582,0.9263704765317091,0.026370476531709097,3.7275920668284037,3.538255214691162,4.511166049365474,0.814081057694426,1.255024930180834,0.0,0.026370476531709097,0.12425306889428013,0.1503722016455158,
CSGS8,q2_2020,4,robust_condition_cqr,weather_outage,ramp,178,0.7752808988764045,0.12471910112359552,5.713950846302375,5.528097152709961,9.384393566779876,1.639913625931472,2.176004745709582,0.12471910112359552,0.0,0.19046502821007918,0.3128131188926625,0.03090277777777778
CSGS8,q2_2020,4,robust_local_cqr,clean,non_ramp,5582,0.9716947330705841,0.07169473307058405,4.424434690035389,4.229824036359787,4.661638341419863,0.8008659032630774,1.236244178778272,0.0,0.07169473307058405,0.14748115633451295,0.15538794471399545,
CSGS8,q2_2020,4,robust_local_cqr,clean,ramp,178,0.898876404494382,0.0011235955056180247,7.142853280466594,7.173976898193359,8.217642949203427,1.6511571152826374,2.2019208518414857,0.0011235955056180247,0.0,0.23809510934888645,0.27392143164011423,0.03090277777777778
CSGS8,q2_2020,4,robust_local_cqr,combined_outage,non_ramp,5582,0.9638122536725188,0.06381225367251875,4.3212406640159235,4.027212679386139,4.637784359134051,0.843090360787247,1.2928829390990226,0.0,0.06381225367251875,0.14404135546719746,0.15459281197113503,
CSGS8,q2_2020,4,robust_local_cqr,combined_outage,ramp,178,0.9831460674157303,0.08314606741573027,7.664635480789656,7.325918197631836,7.858037203215481,1.5959207214666216,2.1982520865032633,0.0,0.08314606741573027,0.2554878493596552,0.261934573440516,0.03090277777777778
CSGS8,q2_2020,4,robust_local_cqr,irradiance_outage,non_ramp,5582,0.9750985309924758,0.07509853099247576,3.8597867223970552,3.607342541217804,4.09505985693301,0.6982548014916191,1.1033856467908958,0.0,0.07509853099247576,0.12865955741323518,0.13650199523110032,
CSGS8,q2_2020,4,robust_local_cqr,irradiance_outage,ramp,178,0.9157303370786517,0.01573033707865168,6.990802033061392,7.176254749298096,8.252654811806893,1.4282636059803908,1.9994588731854237,0.0,0.01573033707865168,0.23302673443537975,0.2750884937268964,0.03090277777777778
CSGS8,q2_2020,4,robust_local_cqr,recent_power_outage,non_ramp,5582,0.9562880687925475,0.05628806879254744,5.287435565544781,5.127960443496704,5.701168922631222,1.0224123262902551,1.5482432288796093,0.0,0.05628806879254744,0.17624785218482603,0.1900389640877074,
CSGS8,q2_2020,4,robust_local_cqr,recent_power_outage,ramp,178,0.9213483146067416,0.02134831460674158,8.393658682076113,8.25458574295044,9.393648138081424,2.0540803808174775,2.577626073519993,0.0,0.02134831460674158,0.27978862273587046,0.31312160460271415,0.03090277777777778
CSGS8,q2_2020,4,robust_local_cqr,weather_outage,non_ramp,5582,0.9707989967753493,0.07079899677534929,4.415998633376964,4.193490713834763,4.650335707449099,0.814081057694426,1.255024930180834,0.0,0.07079899677534929,0.1471999544458988,0.15501119024830332,
CSGS8,q2_2020,4,robust_local_cqr,weather_outage,ramp,178,0.8932584269662921,0.006741573033707926,7.074656251022655,7.151596546173096,7.9324551166945625,1.639913625931472,2.176004745709582,0.006741573033707926,0.0,0.2358218750340885,0.2644151705564854,0.03090277777777778
CSGS8,q2_2020,4,robust_risk_mondrian,clean,non_ramp,5582,0.9304908634897886,0.030490863489788578,3.7841868126866753,3.661063551902771,4.4299060801199355,0.8008659032630774,1.236244178778272,0.0,0.030490863489788578,0.12613956042288918,0.14766353600399784,
CSGS8,q2_2020,4,robust_risk_mondrian,clean,ramp,178,0.8258426966292135,0.07415730337078652,6.354537370227528,6.091406583786011,9.196066680646847,1.6511571152826374,2.2019208518414857,0.07415730337078652,0.0,0.2118179123409176,0.3065355560215616,0.03090277777777778
CSGS8,q2_2020,4,robust_risk_mondrian,combined_outage,non_ramp,5582,0.9356861340021497,0.035686134002149705,3.7614821723464984,3.845663219690323,4.434105952156729,0.843090360787247,1.2928829390990226,0.0,0.035686134002149705,0.12538273907821662,0.14780353173855765,
CSGS8,q2_2020,4,robust_risk_mondrian,combined_outage,ramp,178,0.8426966292134831,0.05730337078651693,6.509183276235388,6.360543251037598,9.667960331011354,1.5959207214666216,2.1982520865032633,0.05730337078651693,0.0,0.2169727758745129,0.3222653443670451,0.03090277777777778
CSGS8,q2_2020,4,robust_risk_mondrian,irradiance_outage,non_ramp,5582,0.9385524901469008,0.038552490146900764,3.2120535923530116,3.016840696334839,3.795382777267492,0.6982548014916191,1.1033856467908958,0.0,0.038552490146900764,0.10706845307843373,0.12651275924224975,
CSGS8,q2_2020,4,robust_risk_mondrian,irradiance_outage,ramp,178,0.8651685393258427,0.03483146067415732,6.173091277982412,6.145830512046814,8.852038083786375,1.4282636059803908,1.9994588731854237,0.03483146067415732,0.0,0.20576970926608038,0.2950679361262125,0.03090277777777778
CSGS8,q2_2020,4,robust_risk_mondrian,recent_power_outage,non_ramp,5582,0.9283410963812254,0.028341096381225395,4.683568521410117,4.668080925941467,5.464236438047142,1.0224123262902551,1.5482432288796093,0.0,0.028341096381225395,0.15611895071367057,0.1821412146015714,
CSGS8,q2_2020,4,robust_risk_mondrian,recent_power_outage,ramp,178,0.8370786516853933,0.06292134831460672,7.582617292682944,7.203768312931061,10.707408609454719,2.0540803808174775,2.577626073519993,0.06292134831460672,0.0,0.2527539097560981,0.3569136203151573,0.03090277777777778
CSGS8,q2_2020,4,robust_risk_mondrian,weather_outage,non_ramp,5582,0.9306700107488356,0.030670010748835574,3.841642934133758,3.730417251586914,4.488731884096413,0.814081057694426,1.255024930180834,0.0,0.030670010748835574,0.12805476447112527,0.14962439613654713,
CSGS8,q2_2020,4,robust_risk_mondrian,weather_outage,ramp,178,0.8258426966292135,0.07415730337078652,6.353726558722137,6.114783048629761,8.825748915334096,1.639913625931472,2.176004745709582,0.07415730337078652,0.0,0.2117908852907379,0.2941916305111365,0.03090277777777778
CSGS8,q2_2020,4,robust_rolling_cqr,clean,non_ramp,5582,0.9089931924041562,0.008993192404156192,3.538924772567209,3.3239545822143555,4.450330668010443,0.8008659032630774,1.236244178778272,0.0,0.008993192404156192,0.11796415908557363,0.1483443556003481,
CSGS8,q2_2020,4,robust_rolling_cqr,clean,ramp,178,0.7752808988764045,0.12471910112359552,5.622054399817847,5.426225662231445,9.830727973429674,1.6511571152826374,2.2019208518414857,0.12471910112359552,0.0,0.18740181332726155,0.3276909324476558,0.03090277777777778
CSGS8,q2_2020,4,robust_rolling_cqr,combined_outage,non_ramp,5582,0.9070225725546399,0.007022572554639894,3.39700916789152,3.386319398880005,4.429791733334808,0.843090360787247,1.2928829390990226,0.0,0.007022572554639894,0.11323363892971733,0.1476597244444936,
CSGS8,q2_2020,4,robust_rolling_cqr,combined_outage,ramp,178,0.8146067415730337,0.08539325842696632,6.014658275866107,5.7745988965034485,9.924158912277624,1.5959207214666216,2.1982520865032633,0.08539325842696632,0.0,0.20048860919553688,0.3308052970759208,0.03090277777777778
CSGS8,q2_2020,4,robust_rolling_cqr,irradiance_outage,non_ramp,5582,0.9159799355069868,0.01597993550698673,2.9348775841510264,2.7785911560058594,3.8235736849100457,0.6982548014916191,1.1033856467908958,0.0,0.01597993550698673,0.09782925280503421,0.12745245616366818,
CSGS8,q2_2020,4,robust_rolling_cqr,irradiance_outage,ramp,178,0.8033707865168539,0.09662921348314613,5.3670752641190305,5.369141578674316,9.11637613512157,1.4282636059803908,1.9994588731854237,0.09662921348314613,0.0,0.17890250880396769,0.3038792045040523,0.03090277777777778
CSGS8,q2_2020,4,robust_rolling_cqr,recent_power_outage,non_ramp,5582,0.9052310999641705,0.0052310999641704825,4.496989222121424,4.313789188861847,5.460720647886035,1.0224123262902551,1.5482432288796093,0.0,0.0052310999641704825,0.1498996407373808,0.18202402159620115,
CSGS8,q2_2020,4,robust_rolling_cqr,recent_power_outage,ramp,178,0.8089887640449438,0.09101123595505622,7.2028667294744695,6.81001091003418,10.681199420452788,2.0540803808174775,2.577626073519993,0.09101123595505622,0.0,0.24009555764914897,0.3560399806817596,0.03090277777777778
CSGS8,q2_2020,4,robust_rolling_cqr,weather_outage,non_ramp,5582,0.9064851307774991,0.006485130777499126,3.572541375867888,3.35713654756546,4.519518996449216,0.814081057694426,1.255024930180834,0.0,0.006485130777499126,0.1190847125289296,0.15065063321497388,
CSGS8,q2_2020,4,robust_rolling_cqr,weather_outage,ramp,178,0.7640449438202247,0.13595505617977532,5.58639922085103,5.346053838729858,9.549036339929934,1.639913625931472,2.176004745709582,0.13595505617977532,0.0,0.186213307361701,0.3183012113309978,0.03090277777777778
CSGS8,q3_2020,1,clean_condition_cqr,clean,non_ramp,5642,0.9009216589861752,0.0009216589861751334,2.0433230205540633,1.9457099437713623,2.7570827146585604,0.5258459292804861,0.8349054801177357,0.0,0.0009216589861751334,0.06811076735180212,0.09190275715528534,
CSGS8,q3_2020,1,clean_condition_cqr,clean,ramp,246,0.4715447154471545,0.42845528455284554,3.941689127829017,3.8896350860595703,11.814191001217539,1.9875915632015322,2.1626395084693177,0.42845528455284554,0.0,0.13138963759430056,0.3938063667072513,0.041779891304347824
CSGS8,q3_2020,1,clean_condition_cqr,combined_outage,non_ramp,5642,0.8610421836228288,0.03895781637717122,15.882642485663554,16.200000762939453,25.62149306063701,5.6413690810871255,7.5839221252884474,0.03895781637717122,0.0,0.5294214161887851,0.8540497686879004,
CSGS8,q3_2020,1,clean_condition_cqr,combined_outage,ramp,246,0.4349593495934959,0.4650406504065041,16.154301065739578,16.200000762939453,58.499809315534144,12.829671972166231,13.673475868521491,0.4650406504065041,0.0,0.5384767021913193,1.949993643851138,0.041779891304347824
CSGS8,q3_2020,1,clean_condition_cqr,irradiance_outage,non_ramp,5642,0.9103154909606522,0.010315490960652207,2.541329092199921,1.8664448261260986,3.261874202687106,0.5778168396486477,0.907081240483501,0.0,0.010315490960652207,0.08471096973999738,0.1087291400895702,
CSGS8,q3_2020,1,clean_condition_cqr,irradiance_outage,ramp,246,0.5813008130081301,0.31869918699186994,4.8040411356018815,4.552265644073486,12.862776800868957,1.970176989470071,2.2369667159607745,0.31869918699186994,0.0,0.1601347045200627,0.4287592266956319,0.041779891304347824
CSGS8,q3_2020,1,clean_condition_cqr,recent_power_outage,non_ramp,5642,0.8635235732009926,0.03647642679900742,15.94835970850542,15.969937324523926,25.64833073276275,5.464120230986778,7.504723519462642,0.03647642679900742,0.0,0.531611990283514,0.8549443577587584,
CSGS8,q3_2020,1,clean_condition_cqr,recent_power_outage,ramp,246,0.43089430894308944,0.4691056910569106,16.299168051742924,16.22854232788086,58.367288961643126,12.78928102225792,13.635819061242508,0.4691056910569106,0.0,0.5433056017247642,1.9455762987214376,0.041779891304347824
CSGS8,q3_2020,1,clean_condition_cqr,weather_outage,non_ramp,5642,0.902162353775257,0.0021623537752569755,2.055697871554588,1.9438263177871704,2.793772744454852,0.5274839560556658,0.8363179530982968,0.0,0.0021623537752569755,0.06852326238515292,0.09312575814849507,
CSGS8,q3_2020,1,clean_condition_cqr,weather_outage,ramp,246,0.5040650406504065,0.39593495934959355,3.9543017895241093,3.949850082397461,11.812351949815827,1.9748779389916398,2.14986852982373,0.39593495934959355,0.0,0.13181005965080364,0.3937450649938609,0.041779891304347824
CSGS8,q3_2020,1,lgbm_condition_cqr,clean,non_ramp,5642,0.9220134704005671,0.022013470400567114,3.0362207046226586,2.0239609479904175,3.506569017751514,0.5482659097077008,0.8611956485948422,0.0,0.022013470400567114,0.10120735682075528,0.11688563392505046,
CSGS8,q3_2020,1,lgbm_condition_cqr,clean,ramp,246,0.508130081300813,0.39186991869918697,6.499927362775415,6.657998561859131,13.87667098568707,2.1372004524479067,2.311543103164469,0.39186991869918697,0.0,0.21666424542584714,0.4625556995229024,0.041779891304347824
CSGS8,q3_2020,1,lgbm_condition_cqr,combined_outage,non_ramp,5642,0.8615739099610067,0.03842609003899333,15.932017483215981,16.20958137512207,25.705890068979137,5.764637082938312,7.717228117600097,0.03842609003899333,0.0,0.5310672494405327,0.8568630022993046,
CSGS8,q3_2020,1,lgbm_condition_cqr,combined_outage,ramp,246,0.43089430894308944,0.4691056910569106,16.157261561572067,16.261882781982422,59.70183732257626,13.030919503390304,13.873207801411906,0.4691056910569106,0.0,0.5385753853857356,1.9900612440858754,0.041779891304347824
CSGS8,q3_2020,1,lgbm_condition_cqr,irradiance_outage,non_ramp,5642,0.9103154909606522,0.010315490960652207,3.102656539741037,2.060244560241699,3.8679164403757382,0.670942354288701,1.0233263799282055,0.0,0.010315490960652207,0.10342188465803456,0.1289305480125246,
CSGS8,q3_2020,1,lgbm_condition_cqr,irradiance_outage,ramp,246,0.4634146341463415,0.43658536585365854,6.343966988044056,6.354608535766602,16.661551196400712,2.080094171733391,2.479172390798002,0.43658536585365854,0.0,0.2114655662681352,0.5553850398800237,0.041779891304347824
CSGS8,q3_2020,1,lgbm_condition_cqr,recent_power_outage,non_ramp,5642,0.8626373626373627,0.03736263736263734,15.6657834774803,15.865586280822754,25.03460155163873,5.6701806160654025,7.604708847355313,0.03736263736263734,0.0,0.5221927825826767,0.8344867183879576,
CSGS8,q3_2020,1,lgbm_condition_cqr,recent_power_outage,ramp,246,0.42276422764227645,0.4772357723577236,16.21066932755757,16.40091323852539,58.02400389337927,12.858452436400622,13.692036404767403,0.4772357723577236,0.0,0.5403556442519191,1.9341334631126423,0.041779891304347824
CSGS8,q3_2020,1,lgbm_condition_cqr,weather_outage,non_ramp,5642,0.9166962070187876,0.0166962070187876,3.00114900044809,1.9921493530273438,3.5212991036963452,0.5485312898114328,0.8617672372202723,0.0,0.0166962070187876,0.10003830001493633,0.11737663678987817,
CSGS8,q3_2020,1,lgbm_condition_cqr,weather_outage,ramp,246,0.4878048780487805,0.41219512195121955,6.4193834696358785,6.525901794433594,14.445502872389506,2.1421325497510955,2.3154229878151997,0.41219512195121955,0.0,0.2139794489878626,0.4815167624129835,0.041779891304347824
CSGS8,q3_2020,1,oracle_ramp_mondrian,clean,non_ramp,5642,0.8996809641970932,0.00031903580290681965,2.2314189392681074,2.114543855190277,2.9261847699711367,0.5470313057808026,0.8653534863034399,0.00031903580290681965,0.0,0.07438063130893692,0.09753949233237122,
CSGS8,q3_2020,1,oracle_ramp_mondrian,clean,ramp,246,0.9065040650406504,0.006504065040650375,6.244299733057255,6.248676776885986,7.031139970310336,1.7935038727473438,2.011216630429792,0.0,0.006504065040650375,0.20814332443524183,0.23437133234367785,0.041779891304347824
CSGS8,q3_2020,1,oracle_ramp_mondrian,combined_outage,non_ramp,5642,0.9143920595533499,0.014392059553349879,3.06821249059013,2.9116016030311584,4.0288177466060935,0.7594301717962726,1.2210705491308023,0.0,0.014392059553349879,0.10227374968633766,0.13429392488686978,
CSGS8,q3_2020,1,oracle_ramp_mondrian,combined_outage,ramp,246,0.9227642276422764,0.02276422764227637,7.523425144150974,6.91835880279541,8.408657743921125,1.7309583968263331,2.0669596639781784,0.0,0.02276422764227637,0.2507808381383658,0.2802885914640375,0.041779891304347824
CSGS8,q3_2020,1,oracle_ramp_mondrian,irradiance_outage,non_ramp,5642,0.9106699751861043,0.010669975186104241,2.2650171353955706,2.170210838317871,2.943345625111934,0.5403535753476862,0.8656375446267317,0.0,0.010669975186104241,0.07550057117985236,0.09811152083706447,
CSGS8,q3_2020,1,oracle_ramp_mondrian,irradiance_outage,ramp,246,0.9146341463414634,0.014634146341463428,6.224158124225895,6.179939270019531,7.054714094332563,1.8217788954091265,2.0342378902328604,0.0,0.014634146341463428,0.2074719374741965,0.2351571364777521,0.041779891304347824
CSGS8,q3_2020,1,oracle_ramp_mondrian,recent_power_outage,non_ramp,5642,0.9244948599787309,0.02449485997873091,3.4464306301528653,3.3818248510360718,4.064714471086484,0.7579775359290505,1.1964129470008558,0.0,0.02449485997873091,0.11488102100509551,0.13549048236954947,
CSGS8,q3_2020,1,oracle_ramp_mondrian,recent_power_outage,ramp,246,0.8943089430894309,0.005691056910569148,7.300383072073867,6.803572177886963,8.387908912771117,1.7133028303704612,1.9957618625214895,0.005691056910569148,0.0,0.24334610240246224,0.27959696375903725,0.041779891304347824
CSGS8,q3_2020,1,oracle_ramp_mondrian,weather_outage,non_ramp,5642,0.8957816377171216,0.004218362282878418,2.2399084893882177,2.1421482861042023,2.9631083737284216,0.551398307013397,0.8753091051576553,0.004218362282878418,0.0,0.07466361631294059,0.09877027912428073,
CSGS8,q3_2020,1,oracle_ramp_mondrian,weather_outage,ramp,246,0.926829268292683,0.02682926829268295,6.326132261656164,6.2994842529296875,7.041827619560366,1.7779231023013107,2.0127518313956188,0.0,0.02682926829268295,0.2108710753885388,0.23472758731867888,0.041779891304347824
CSGS8,q3_2020,1,persistence_condition_cqr,clean,non_ramp,5642,0.8934774902516838,0.006522509748316252,3.128339248086408,3.679999828338623,4.171338188927125,0.7224796102301358,1.039034200727934,0.006522509748316252,0.0,0.10427797493621359,0.13904460629757084,
CSGS8,q3_2020,1,persistence_condition_cqr,clean,ramp,246,0.0,0.9,3.6799999688698994,3.6800003051757812,40.26943095622024,3.6694715178109765,3.7095458285795413,0.9,0.0,0.12266666562899665,1.3423143652073413,0.041779891304347824
CSGS8,q3_2020,1,persistence_condition_cqr,combined_outage,non_ramp,5642,0.8514711095356257,0.048528890464374363,13.862132190120562,14.105000019073486,19.78864764011188,4.3900283554827055,5.772820051682214,0.048528890464374363,0.0,0.46207107300401873,0.6596215880037293,
CSGS8,q3_2020,1,persistence_condition_cqr,combined_outage,ramp,246,0.5853658536585366,0.31463414634146347,16.50512199321898,18.239999294281006,44.14577240127374,7.71081298044542,9.000396165375642,0.31463414634146347,0.0,0.5501707331072994,1.4715257467091247,0.041779891304347824
CSGS8,q3_2020,1,persistence_condition_cqr,irradiance_outage,non_ramp,5642,0.8934774902516838,0.006522509748316252,3.128339248086408,3.679999828338623,4.171338188927125,0.7224796102301358,1.039034200727934,0.006522509748316252,0.0,0.10427797493621359,0.13904460629757084,
CSGS8,q3_2020,1,persistence_condition_cqr,irradiance_outage,ramp,246,0.0,0.9,3.6799999688698994,3.6800003051757812,40.26943095622024,3.6694715178109765,3.7095458285795413,0.9,0.0,0.12266666562899665,1.3423143652073413,0.041779891304347824
CSGS8,q3_2020,1,persistence_condition_cqr,recent_power_outage,non_ramp,5642,0.8514711095356257,0.048528890464374363,13.862132190120562,14.105000019073486,19.78864764011188,4.3900283554827055,5.772820051682214,0.048528890464374363,0.0,0.46207107300401873,0.6596215880037293,
CSGS8,q3_2020,1,persistence_condition_cqr,recent_power_outage,ramp,246,0.5853658536585366,0.31463414634146347,16.50512199321898,18.239999294281006,44.14577240127374,7.71081298044542,9.000396165375642,0.31463414634146347,0.0,0.5501707331072994,1.4715257467091247,0.041779891304347824
CSGS8,q3_2020,1,persistence_condition_cqr,weather_outage,non_ramp,5642,0.8934774902516838,0.006522509748316252,3.128339248086408,3.679999828338623,4.171338188927125,0.7224796102301358,1.039034200727934,0.006522509748316252,0.0,0.10427797493621359,0.13904460629757084,
CSGS8,q3_2020,1,persistence_condition_cqr,weather_outage,ramp,246,0.0,0.9,3.6799999688698994,3.6800003051757812,40.26943095622024,3.6694715178109765,3.7095458285795413,0.9,0.0,0.12266666562899665,1.3423143652073413,0.041779891304347824
CSGS8,q3_2020,1,robust_condition_cqr,clean,non_ramp,5642,0.901453385324353,0.0014533853243530181,2.2402956337940036,2.1245933771133423,2.925058785567964,0.5470313057808026,0.8653534863034399,0.0,0.0014533853243530181,0.07467652112646679,0.09750195951893213,
CSGS8,q3_2020,1,robust_condition_cqr,clean,ramp,246,0.6219512195121951,0.2780487804878049,4.0687519573583835,4.073129177093506,9.2639589329076,1.7935038727473438,2.011216630429792,0.2780487804878049,0.0,0.13562506524527945,0.30879863109692,0.041779891304347824
CSGS8,q3_2020,1,robust_condition_cqr,combined_outage,non_ramp,5642,0.9143920595533499,0.014392059553349879,3.06821249059013,2.9116016030311584,4.0288177466060935,0.7594301717962726,1.2210705491308023,0.0,0.014392059553349879,0.10227374968633766,0.13429392488686978,
CSGS8,q3_2020,1,robust_condition_cqr,combined_outage,ramp,246,0.6829268292682927,0.2170731707317073,5.370169210724715,4.765102386474609,10.137783164415902,1.7309583968263331,2.0669596639781784,0.2170731707317073,0.0,0.1790056403574905,0.3379261054805301,0.041779891304347824
CSGS8,q3_2020,1,robust_condition_cqr,irradiance_outage,non_ramp,5642,0.9106699751861043,0.010669975186104241,2.2650171353955706,2.170210838317871,2.943345625111934,0.5403535753476862,0.8656375446267317,0.0,0.010669975186104241,0.07550057117985236,0.09811152083706447,
CSGS8,q3_2020,1,robust_condition_cqr,irradiance_outage,ramp,246,0.6056910569105691,0.2943089430894309,4.207942679645569,4.163723945617676,9.249414370311953,1.8217788954091265,2.0342378902328604,0.2943089430894309,0.0,0.14026475598818564,0.3083138123437318,0.041779891304347824
CSGS8,q3_2020,1,robust_condition_cqr,recent_power_outage,non_ramp,5642,0.9244948599787309,0.02449485997873091,3.4464306301528653,3.3818248510360718,4.064714471086484,0.7579775359290505,1.1964129470008558,0.0,0.02449485997873091,0.11488102100509551,0.13549048236954947,
CSGS8,q3_2020,1,robust_condition_cqr,recent_power_outage,ramp,246,0.7276422764227642,0.17235772357723578,5.812769702779568,5.315958499908447,9.6836581569377,1.7133028303704612,1.9957618625214895,0.17235772357723578,0.0,0.19375899009265227,0.32278860523125663,0.041779891304347824
CSGS8,q3_2020,1,robust_condition_cqr,weather_outage,non_ramp,5642,0.9005671747607231,0.0005671747607230992,2.262002007750126,2.1671597063541412,2.959815765604841,0.551398307013397,0.8753091051576553,0.0,0.0005671747607230992,0.0754000669250042,0.09866052552016137,
CSGS8,q3_2020,1,robust_condition_cqr,weather_outage,ramp,246,0.6422764227642277,0.2577235772357723,4.12924399608519,4.102595329284668,8.976844746892045,1.7779231023013107,2.0127518313956188,0.2577235772357723,0.0,0.137641466536173,0.2992281582297348,0.041779891304347824
CSGS8,q3_2020,1,robust_local_cqr,clean,non_ramp,5642,0.9420418291386033,0.042041829138603326,2.5815755014548705,2.2629008144140244,2.8768239931034962,0.5470313057808026,0.8653534863034399,0.0,0.042041829138603326,0.08605251671516236,0.09589413310344988,
CSGS8,q3_2020,1,robust_local_cqr,clean,ramp,246,0.8048780487804879,0.09512195121951217,5.052038287244192,5.245302200317383,7.133359794209643,1.7935038727473438,2.011216630429792,0.09512195121951217,0.0,0.16840127624147305,0.23777865980698812,0.041779891304347824
CSGS8,q3_2020,1,robust_local_cqr,combined_outage,non_ramp,5642,0.9413328606876994,0.04133286068769937,3.3562344444986643,3.1216286420822144,3.9118647693509483,0.7594301717962726,1.2210705491308023,0.0,0.04133286068769937,0.11187448148328881,0.13039549231169828,
CSGS8,q3_2020,1,robust_local_cqr,combined_outage,ramp,246,0.8252032520325203,0.0747967479674797,6.179477004500908,5.754725456237793,8.243113241544584,1.7309583968263331,2.0669596639781784,0.0747967479674797,0.0,0.20598256681669694,0.2747704413848195,0.041779891304347824
CSGS8,q3_2020,1,robust_local_cqr,irradiance_outage,non_ramp,5642,0.9471818504076569,0.04718185040765688,2.5887234953341633,2.3127238154411316,2.90667687200213,0.5403535753476862,0.8656375446267317,0.0,0.04718185040765688,0.08629078317780545,0.09688922906673766,
CSGS8,q3_2020,1,robust_local_cqr,irradiance_outage,ramp,246,0.7926829268292683,0.10731707317073169,5.107261095589738,5.2188544273376465,7.214619035643291,1.8217788954091265,2.0342378902328604,0.10731707317073169,0.0,0.17024203651965794,0.2404873011881097,0.041779891304347824
CSGS8,q3_2020,1,robust_local_cqr,recent_power_outage,non_ramp,5642,0.9493087557603687,0.04930875576036864,3.6571134894290256,3.603478491306305,4.047525424098121,0.7579775359290505,1.1964129470008558,0.0,0.04930875576036864,0.12190378298096752,0.13491751413660405,
CSGS8,q3_2020,1,robust_local_cqr,recent_power_outage,ramp,246,0.8211382113821138,0.07886178861788617,6.413903167092704,5.881668567657471,8.432313997086471,1.7133028303704612,1.9957618625214895,0.07886178861788617,0.0,0.21379677223642346,0.2810771332362157,0.041779891304347824
CSGS8,q3_2020,1,robust_local_cqr,weather_outage,non_ramp,5642,0.9384969868840837,0.03849698688408365,2.595189235773813,2.292248010635376,2.909775498287281,0.551398307013397,0.8753091051576553,0.0,0.03849698688408365,0.0865063078591271,0.09699251660957603,
CSGS8,q3_2020,1,robust_local_cqr,weather_outage,ramp,246,0.8373983739837398,0.06260162601626018,5.081133200870297,5.262228012084961,7.005190983051207,1.7779231023013107,2.0127518313956188,0.06260162601626018,0.0,0.16937110669567657,0.2335063661017069,0.041779891304347824
CSGS8,q3_2020,1,robust_risk_mondrian,clean,non_ramp,5642,0.9225451967387451,0.02254519673874511,2.4455575582761173,2.348490297794342,2.9097661095612546,0.5470313057808026,0.8653534863034399,0.0,0.02254519673874511,0.08151858527587058,0.09699220365204182,
CSGS8,q3_2020,1,robust_risk_mondrian,clean,ramp,246,0.7154471544715447,0.1845528455284553,4.504084774633733,4.5084614753723145,8.272348219301643,1.7935038727473438,2.011216630429792,0.1845528455284553,0.0,0.15013615915445777,0.2757449406433881,0.041779891304347824
CSGS8,q3_2020,1,robust_risk_mondrian,combined_outage,non_ramp,5642,0.9143920595533499,0.014392059553349879,3.06821249059013,2.9116016030311584,4.0288177466060935,0.7594301717962726,1.2210705491308023,0.0,0.014392059553349879,0.10227374968633766,0.13429392488686978,
CSGS8,q3_2020,1,robust_risk_mondrian,combined_outage,ramp,246,0.6829268292682927,0.2170731707317073,5.370169210724715,4.765102386474609,10.137783164415902,1.7309583968263331,2.0669596639781784,0.2170731707317073,0.0,0.1790056403574905,0.3379261054805301,0.041779891304347824
CSGS8,q3_2020,1,robust_risk_mondrian,irradiance_outage,non_ramp,5642,0.9354838709677419,0.03548387096774186,2.4916495254001814,2.416384994983673,2.921572434140164,0.5403535753476862,0.8656375446267317,0.0,0.03548387096774186,0.08305498418000605,0.09738574780467214,
CSGS8,q3_2020,1,robust_risk_mondrian,irradiance_outage,ramp,246,0.7235772357723578,0.17642276422764225,4.6769707910413665,4.634568214416504,8.157397339014503,1.8217788954091265,2.0342378902328604,0.17642276422764225,0.0,0.15589902636804556,0.2719132446338168,0.041779891304347824
CSGS8,q3_2020,1,robust_risk_mondrian,recent_power_outage,non_ramp,5642,0.9280397022332506,0.028039702233250585,3.5157956426227885,3.450339436531067,4.069333000573921,0.7579775359290505,1.1964129470008558,0.0,0.028039702233250585,0.11719318808742628,0.13564443335246404,
CSGS8,q3_2020,1,robust_risk_mondrian,recent_power_outage,ramp,246,0.7398373983739838,0.16016260162601625,5.974629467580376,5.471426725387573,9.374990598457616,1.7133028303704612,1.9957618625214895,0.16016260162601625,0.0,0.19915431558601254,0.3124996866152539,0.041779891304347824
CSGS8,q3_2020,1,robust_risk_mondrian,weather_outage,non_ramp,5642,0.9211272598369372,0.021127259836937196,2.453530086323613,2.399636745452881,2.932455728325431,0.551398307013397,0.8753091051576553,0.0,0.021127259836937196,0.0817843362107871,0.09774852427751438,
CSGS8,q3_2020,1,robust_risk_mondrian,weather_outage,ramp,246,0.7195121951219512,0.18048780487804883,4.537845749680589,4.511198043823242,8.124435981599296,1.7779231023013107,2.0127518313956188,0.18048780487804883,0.0,0.15126152498935294,0.2708145327199765,0.041779891304347824
CSGS8,q3_2020,1,robust_rolling_cqr,clean,non_ramp,5642,0.9140375753278979,0.014037575327897844,2.30885862751999,2.180859327316284,2.927144340289832,0.5470313057808026,0.8653534863034399,0.0,0.014037575327897844,0.07696195425066633,0.09757147800966107,
CSGS8,q3_2020,1,robust_rolling_cqr,clean,ramp,246,0.6382113821138211,0.2617886178861789,4.166786555836841,4.166539669036865,9.094972941449019,1.7935038727473438,2.011216630429792,0.2617886178861789,0.0,0.13889288519456136,0.3031657647149673,0.041779891304347824
CSGS8,q3_2020,1,robust_rolling_cqr,combined_outage,non_ramp,5642,0.9202410492733073,0.020241049273307277,3.120679310175569,2.949249267578125,4.044608806658806,0.7594301717962726,1.2210705491308023,0.0,0.020241049273307277,0.10402264367251897,0.1348202935552935,
CSGS8,q3_2020,1,robust_rolling_cqr,combined_outage,ramp,246,0.6910569105691057,0.20894308943089435,5.433681603854264,4.845165252685547,10.044131348288156,1.7309583968263331,2.0669596639781784,0.20894308943089435,0.0,0.18112272012847547,0.33480437827627185,0.041779891304347824
CSGS8,q3_2020,1,robust_rolling_cqr,irradiance_outage,non_ramp,5642,0.9170506912442397,0.017050691244239635,2.3268653884817,2.222398519515991,2.951723566323487,0.5403535753476862,0.8656375446267317,0.0,0.017050691244239635,0.07756217961605666,0.09839078554411623,
CSGS8,q3_2020,1,robust_rolling_cqr,irradiance_outage,ramp,246,0.6422764227642277,0.2577235772357723,4.309810333135651,4.302812099456787,9.036170119192542,1.8217788954091265,2.0342378902328604,0.2577235772357723,0.0,0.14366034443785505,0.3012056706397514,0.041779891304347824
CSGS8,q3_2020,1,robust_rolling_cqr,recent_power_outage,non_ramp,5642,0.9267990074441688,0.026799007444168743,3.4715390992687256,3.412129282951355,4.069797805502997,0.7579775359290505,1.1964129470008558,0.0,0.026799007444168743,0.11571796997562418,0.1356599268500999,
CSGS8,q3_2020,1,robust_rolling_cqr,recent_power_outage,ramp,246,0.7317073170731707,0.1682926829268293,5.851205902855571,5.315958499908447,9.648935906770753,1.7133028303704612,1.9957618625214895,0.1682926829268293,0.0,0.19504019676185236,0.3216311968923584,0.041779891304347824
CSGS8,q3_2020,1,robust_rolling_cqr,weather_outage,non_ramp,5642,0.9140375753278979,0.014037575327897844,2.338119751738161,2.2374536991119385,2.962892256301824,0.551398307013397,0.8753091051576553,0.0,0.014037575327897844,0.0779373250579387,0.0987630752100608,
CSGS8,q3_2020,1,robust_rolling_cqr,weather_outage,ramp,246,0.6544715447154471,0.24552845528455292,4.243582872355857,4.218645095825195,8.765514582637849,1.7779231023013107,2.0127518313956188,0.24552845528455292,0.0,0.1414527624118619,0.29218381942126165,0.041779891304347824
CSGS8,q3_2020,4,clean_condition_cqr,clean,non_ramp,5550,0.9010810810810811,0.00108108108108107,2.884207723762647,3.13896644115448,3.9113809115913285,0.7326867093526767,1.1319034432779165,0.0,0.00108108108108107,0.0961402574587549,0.13037936371971096,
CSGS8,q3_2020,4,clean_condition_cqr,clean,ramp,338,0.7041420118343196,0.19585798816568045,4.3591047987182066,4.28427791595459,9.283936894479478,1.530824174101536,1.8677094226019888,0.19585798816568045,0.0,0.14530349329060688,0.3094645631493159,0.057404891304347824
CSGS8,q3_2020,4,clean_condition_cqr,combined_outage,non_ramp,5550,0.8529729729729729,0.0470270270270271,12.266450284837603,12.568321228027344,18.75770466864646,4.971948468555604,7.065921017461361,0.0470270270270271,0.0,0.4088816761612534,0.6252568222882153,
CSGS8,q3_2020,4,clean_condition_cqr,combined_outage,ramp,338,0.6390532544378699,0.26094674556213016,12.607603071709356,14.118819236755371,32.239989358292526,7.292683509503596,8.241246535952072,0.26094674556213016,0.0,0.4202534357236452,1.0746663119430842,0.057404891304347824
CSGS8,q3_2020,4,clean_condition_cqr,irradiance_outage,non_ramp,5550,0.8908108108108108,0.009189189189189206,4.327752545727501,3.9908530712127686,5.631884657916957,0.9614896991833843,1.4372877930136678,0.009189189189189206,0.0,0.1442584181909167,0.1877294885972319,
CSGS8,q3_2020,4,clean_condition_cqr,irradiance_outage,ramp,338,0.7662721893491125,0.13372781065088757,5.687685181629243,5.360992610454559,9.801420882834705,1.6223457139977338,1.9569184542125768,0.13372781065088757,0.0,0.1895895060543081,0.3267140294278235,0.057404891304347824
CSGS8,q3_2020,4,clean_condition_cqr,recent_power_outage,non_ramp,5550,0.8861261261261262,0.013873873873873843,11.389554978379863,11.48726698756218,15.323219269349298,4.503265646465525,6.774297707955714,0.013873873873873843,0.0,0.3796518326126621,0.5107739756449766,
CSGS8,q3_2020,4,clean_condition_cqr,recent_power_outage,ramp,338,0.6153846153846154,0.2846153846153846,12.201009873631438,13.373511135578156,29.941804202174293,7.15021415222326,8.119407709990103,0.2846153846153846,0.0,0.4067003291210479,0.9980601400724765,0.057404891304347824
CSGS8,q3_2020,4,clean_condition_cqr,weather_outage,non_ramp,5550,0.9021621621621622,0.00216216216216214,2.9424732397034816,3.1883732676506042,4.037345202156544,0.7542724348707041,1.16256647755437,0.0,0.00216216216216214,0.09808244132344938,0.13457817340521813,
CSGS8,q3_2020,4,clean_condition_cqr,weather_outage,ramp,338,0.727810650887574,0.172189349112426,4.388857715294735,4.300210952758789,8.904548575253,1.481275170159763,1.8220992435317314,0.172189349112426,0.0,0.14629525717649117,0.2968182858417666,0.057404891304347824
CSGS8,q3_2020,4,lgbm_condition_cqr,clean,non_ramp,5550,0.9275675675675675,0.027567567567567508,3.8233740406358883,3.542611837387085,4.482660999599133,0.7590521986211277,1.1651017405990844,0.0,0.027567567567567508,0.1274458013545296,0.14942203331997111,
CSGS8,q3_2020,4,lgbm_condition_cqr,clean,ramp,338,0.7159763313609467,0.18402366863905328,5.986295662203132,6.026342868804932,10.521397025142548,1.6472406274468236,1.9999479067417145,0.18402366863905328,0.0,0.19954318874010438,0.35071323417141825,0.057404891304347824
CSGS8,q3_2020,4,lgbm_condition_cqr,combined_outage,non_ramp,5550,0.8448648648648649,0.05513513513513513,14.981666856026864,15.465405464172363,25.59274672327815,5.3195706645855765,7.48284307603457,0.05513513513513513,0.0,0.49938889520089547,0.853091557442605,
CSGS8,q3_2020,4,lgbm_condition_cqr,combined_outage,ramp,338,0.8165680473372781,0.08343195266272196,15.758279504155267,15.49058198928833,23.4934116312738,7.480277660242199,8.667730612123428,0.08343195266272196,0.0,0.5252759834718422,0.78311372104246,0.057404891304347824
CSGS8,q3_2020,4,lgbm_condition_cqr,irradiance_outage,non_ramp,5550,0.9,0.0,3.6630190536628797,3.3676029443740845,5.244910209053469,0.9245177143548096,1.4097114663390002,0.0,0.0,0.12210063512209599,0.1748303403017823,
CSGS8,q3_2020,4,lgbm_condition_cqr,irradiance_outage,ramp,338,0.7248520710059172,0.17514792899408282,5.802930151437514,5.841192245483398,10.354665513089776,1.7228030604723643,2.1821491778113753,0.17514792899408282,0.0,0.19343100504791713,0.3451555171029925,0.057404891304347824
CSGS8,q3_2020,4,lgbm_condition_cqr,recent_power_outage,non_ramp,5550,0.8454054054054054,0.05459459459459459,14.081084832200059,15.480170249938965,23.761483254303805,5.179675516353937,7.310300241403492,0.05459459459459459,0.0,0.46936949440666864,0.7920494418101268,
CSGS8,q3_2020,4,lgbm_condition_cqr,recent_power_outage,ramp,338,0.7840236686390533,0.11597633136094676,15.00805765072975,15.832860469818115,24.61487990723559,7.289534740127932,8.516847327703998,0.11597633136094676,0.0,0.5002685883576583,0.820495996907853,0.057404891304347824
CSGS8,q3_2020,4,lgbm_condition_cqr,weather_outage,non_ramp,5550,0.9304504504504505,0.030450450450450472,3.8526752043819603,3.549636483192444,4.49412626242157,0.7689652874244456,1.1784346203131844,0.0,0.030450450450450472,0.128422506812732,0.14980420874738568,
CSGS8,q3_2020,4,lgbm_condition_cqr,weather_outage,ramp,338,0.7337278106508875,0.16627218934911248,6.072421317975197,6.093422889709473,10.035990318603064,1.5878297802082886,1.9425982488682971,0.16627218934911248,0.0,0.20241404393250656,0.33453301062010216,0.057404891304347824
CSGS8,q3_2020,4,oracle_ramp_mondrian,clean,non_ramp,5550,0.8971171171171172,0.0028828828828828534,2.9909873383136065,3.3135305643081665,4.091923749272309,0.7654887731134606,1.1809142396188996,0.0028828828828828534,0.0,0.09969957794378688,0.13639745830907696,
CSGS8,q3_2020,4,oracle_ramp_mondrian,clean,ramp,338,0.9289940828402367,0.028994082840236635,5.737360765419063,5.757213115692139,6.680468962919077,1.2324477689858724,1.609984657459469,0.0,0.028994082840236635,0.1912453588473021,0.22268229876396925,0.057404891304347824
CSGS8,q3_2020,4,oracle_ramp_mondrian,combined_outage,non_ramp,5550,0.9064864864864864,0.00648648648648642,3.4886933237340654,3.6991580724716187,4.624008060980983,0.8931042472808413,1.368482607299622,0.0,0.00648648648648642,0.11628977745780218,0.15413360203269943,
CSGS8,q3_2020,4,oracle_ramp_mondrian,combined_outage,ramp,338,0.8994082840236687,0.0005917159763313418,6.225810807661192,6.012553453445435,7.513403830972649,1.2539374944726391,1.6323852545944932,0.0005917159763313418,0.0,0.20752702692203975,0.25044679436575495,0.057404891304347824
CSGS8,q3_2020,4,oracle_ramp_mondrian,irradiance_outage,non_ramp,5550,0.9043243243243243,0.00432432432432428,3.038973890582125,3.319715142250061,4.090758518173091,0.768359565840497,1.1984523932369828,0.0,0.00432432432432428,0.10129912968607083,0.13635861727243637,
CSGS8,q3_2020,4,oracle_ramp_mondrian,irradiance_outage,ramp,338,0.9467455621301775,0.04674556213017744,5.9013630873000125,5.773009777069092,6.76436202148714,1.2277036482060448,1.611787780550849,0.0,0.04674556213017744,0.1967121029100004,0.22547873404957133,0.057404891304347824
CSGS8,q3_2020,4,oracle_ramp_mondrian,recent_power_outage,non_ramp,5550,0.9120720720720721,0.01207207207207206,3.7646297541601155,4.14819073677063,4.695455078462974,0.8991344469952028,1.3619777818247079,0.0,0.01207207207207206,0.12548765847200385,0.15651516928209913,
CSGS8,q3_2020,4,oracle_ramp_mondrian,recent_power_outage,ramp,338,0.8994082840236687,0.0005917159763313418,6.66427688662117,6.577232360839844,8.001680121972012,1.2674546021328876,1.6435594035643117,0.0005917159763313418,0.0,0.22214256288737236,0.26672267073240036,0.057404891304347824
CSGS8,q3_2020,4,oracle_ramp_mondrian,weather_outage,non_ramp,5550,0.8945945945945946,0.005405405405405461,3.013056797039871,3.320204257965088,4.160666208850841,0.7790792117746933,1.200823554898474,0.005405405405405461,0.0,0.10043522656799571,0.13868887362836135,
CSGS8,q3_2020,4,oracle_ramp_mondrian,weather_outage,ramp,338,0.9289940828402367,0.028994082840236635,5.754320851179975,5.702846527099609,6.59241906681357,1.1981248551395518,1.5838954375353074,0.0,0.028994082840236635,0.1918106950393325,0.219747302227119,0.057404891304347824
CSGS8,q3_2020,4,persistence_condition_cqr,clean,non_ramp,5550,0.9016216216216216,0.001621621621621605,7.190484660567867,8.85999870300293,8.566340473078796,1.8608108130738408,2.4872733837705074,0.0,0.001621621621621605,0.2396828220189289,0.2855446824359599,
CSGS8,q3_2020,4,persistence_condition_cqr,clean,ramp,338,0.0,0.9,8.773964487104374,8.859999865293503,60.165681442785896,6.999585822136445,7.047887493192167,0.9,0.0,0.2924654829034791,2.00552271475953,0.057404891304347824
CSGS8,q3_2020,4,persistence_condition_cqr,combined_outage,non_ramp,5550,0.8736936936936937,0.02630630630630637,17.004699129004802,16.804999828338623,22.573311750501194,5.506027026652686,7.061598341569332,0.02630630630630637,0.0,0.56682330430016,0.7524437250167064,
CSGS8,q3_2020,4,persistence_condition_cqr,combined_outage,ramp,338,0.3224852071005917,0.5775147928994083,16.939852055184236,17.859999656677246,62.27772222556306,12.703698222519908,13.265247064289307,0.5775147928994083,0.0,0.5646617351728078,2.0759240741854352,0.057404891304347824
CSGS8,q3_2020,4,persistence_condition_cqr,irradiance_outage,non_ramp,5550,0.9016216216216216,0.001621621621621605,7.190484660567867,8.85999870300293,8.566340473078796,1.8608108130738408,2.4872733837705074,0.0,0.001621621621621605,0.2396828220189289,0.2855446824359599,
CSGS8,q3_2020,4,persistence_condition_cqr,irradiance_outage,ramp,338,0.0,0.9,8.773964487104374,8.859999865293503,60.165681442785896,6.999585822136445,7.047887493192167,0.9,0.0,0.2924654829034791,2.00552271475953,0.057404891304347824
CSGS8,q3_2020,4,persistence_condition_cqr,recent_power_outage,non_ramp,5550,0.8736936936936937,0.02630630630630637,17.004699129004802,16.804999828338623,22.573311750501194,5.506027026652686,7.061598341569332,0.02630630630630637,0.0,0.56682330430016,0.7524437250167064,
CSGS8,q3_2020,4,persistence_condition_cqr,recent_power_outage,ramp,338,0.3224852071005917,0.5775147928994083,16.939852055184236,17.859999656677246,62.27772222556306,12.703698222519908,13.265247064289307,0.5775147928994083,0.0,0.5646617351728078,2.0759240741854352,0.057404891304347824
CSGS8,q3_2020,4,persistence_condition_cqr,weather_outage,non_ramp,5550,0.9016216216216216,0.001621621621621605,7.190484660567867,8.85999870300293,8.566340473078796,1.8608108130738408,2.4872733837705074,0.0,0.001621621621621605,0.2396828220189289,0.2855446824359599,
CSGS8,q3_2020,4,persistence_condition_cqr,weather_outage,ramp,338,0.0,0.9,8.773964487104374,8.859999865293503,60.165681442785896,6.999585822136445,7.047887493192167,0.9,0.0,0.2924654829034791,2.00552271475953,0.057404891304347824
CSGS8,q3_2020,4,robust_condition_cqr,clean,non_ramp,5550,0.8971171171171172,0.0028828828828828534,2.9909873383136065,3.3135305643081665,4.091923749272309,0.7654887731134606,1.1809142396188996,0.0028828828828828534,0.0,0.09969957794378688,0.13639745830907696,
CSGS8,q3_2020,4,robust_condition_cqr,clean,ramp,338,0.8195266272189349,0.08047337278106514,4.398404119145015,4.412373065948486,7.0184474504944045,1.2324477689858724,1.609984657459469,0.08047337278106514,0.0,0.14661347063816715,0.23394824834981348,0.057404891304347824
CSGS8,q3_2020,4,robust_condition_cqr,combined_outage,non_ramp,5550,0.9082882882882883,0.008288288288288315,3.5033683082327953,3.7161056995391846,4.622977498232865,0.8931042472808413,1.368482607299622,0.0,0.008288288288288315,0.11677894360775984,0.1540992499410955,
CSGS8,q3_2020,4,robust_condition_cqr,combined_outage,ramp,338,0.8313609467455622,0.06863905325443787,5.352168879653576,5.134252548217773,7.788482198436585,1.2539374944726391,1.6323852545944932,0.06863905325443787,0.0,0.17840562932178586,0.2596160732812195,0.057404891304347824
CSGS8,q3_2020,4,robust_condition_cqr,irradiance_outage,non_ramp,5550,0.9043243243243243,0.00432432432432428,3.038973890582125,3.319715142250061,4.090758518173091,0.768359565840497,1.1984523932369828,0.0,0.00432432432432428,0.10129912968607083,0.13635861727243637,
CSGS8,q3_2020,4,robust_condition_cqr,irradiance_outage,ramp,338,0.8047337278106509,0.09526627218934913,4.563681821300257,4.430051326751709,7.023468479051216,1.2277036482060448,1.611787780550849,0.09526627218934913,0.0,0.15212272737667523,0.23411561596837385,0.057404891304347824
CSGS8,q3_2020,4,robust_condition_cqr,recent_power_outage,non_ramp,5550,0.9120720720720721,0.01207207207207206,3.7646297541601155,4.14819073677063,4.695455078462974,0.8991344469952028,1.3619777818247079,0.0,0.01207207207207206,0.12548765847200385,0.15651516928209913,
CSGS8,q3_2020,4,robust_condition_cqr,recent_power_outage,ramp,338,0.849112426035503,0.05088757396449706,5.802911913165679,5.713231563568115,8.208559580367698,1.2674546021328876,1.6435594035643117,0.05088757396449706,0.0,0.19343039710552262,0.27361865267892327,0.057404891304347824
CSGS8,q3_2020,4,robust_condition_cqr,weather_outage,non_ramp,5550,0.8962162162162162,0.003783783783783856,3.023230772556513,3.331815242767334,4.158696315703119,0.7790792117746933,1.200823554898474,0.003783783783783856,0.0,0.10077435908521709,0.1386232105234373,
CSGS8,q3_2020,4,robust_condition_cqr,weather_outage,ramp,338,0.8284023668639053,0.07159763313609468,4.308949768223618,4.250467777252197,6.74751325051945,1.1981248551395518,1.5838954375353074,0.07159763313609468,0.0,0.14363165894078728,0.22491710835064835,0.057404891304347824
CSGS8,q3_2020,4,robust_local_cqr,clean,non_ramp,5550,0.9363963963963964,0.03639639639639636,3.405150233086425,3.6407505869865417,3.9587795652497375,0.7654887731134606,1.1809142396188996,0.0,0.03639639639639636,0.1135050077695475,0.13195931884165793,
CSGS8,q3_2020,4,robust_local_cqr,clean,ramp,338,0.9053254437869822,0.005325443786982187,5.239553520174907,5.564602851867676,6.422323064200756,1.2324477689858724,1.609984657459469,0.0,0.005325443786982187,0.17465178400583023,0.21407743547335853,0.057404891304347824
CSGS8,q3_2020,4,robust_local_cqr,combined_outage,non_ramp,5550,0.9367567567567567,0.036756756756756714,3.781715988973911,4.140093207359314,4.431902710779965,0.8931042472808413,1.368482607299622,0.0,0.036756756756756714,0.1260571996324637,0.14773009035933216,
CSGS8,q3_2020,4,robust_local_cqr,combined_outage,ramp,338,0.8816568047337278,0.01834319526627226,5.883516283342119,5.693522930145264,7.309688088368382,1.2539374944726391,1.6323852545944932,0.01834319526627226,0.0,0.1961172094447373,0.2436562696122794,0.057404891304347824
CSGS8,q3_2020,4,robust_local_cqr,irradiance_outage,non_ramp,5550,0.9443243243243243,0.044324324324324316,3.4498842579838693,3.624537467956543,3.9885128764248545,0.768359565840497,1.1984523932369828,0.0,0.044324324324324316,0.11499614193279564,0.1329504292141618,
CSGS8,q3_2020,4,robust_local_cqr,irradiance_outage,ramp,338,0.9260355029585798,0.026035502958579815,5.393905046930503,5.526986598968506,6.373989765262286,1.2277036482060448,1.611787780550849,0.0,0.026035502958579815,0.17979683489768344,0.21246632550874286,0.057404891304347824
CSGS8,q3_2020,4,robust_local_cqr,recent_power_outage,non_ramp,5550,0.9371171171171171,0.03711711711711707,4.069027299510445,4.626974940299988,4.619947511658454,0.8991344469952028,1.3619777818247079,0.0,0.03711711711711707,0.13563424331701485,0.15399825038861514,
CSGS8,q3_2020,4,robust_local_cqr,recent_power_outage,ramp,338,0.8875739644970414,0.012426035502958621,6.346622464219494,6.284719944000244,7.652264056121104,1.2674546021328876,1.6435594035643117,0.012426035502958621,0.0,0.2115540821406498,0.2550754685373701,0.057404891304347824
CSGS8,q3_2020,4,robust_local_cqr,weather_outage,non_ramp,5550,0.9372972972972973,0.03729729729729725,3.427098273795669,3.655479371547699,4.001199052349605,0.7790792117746933,1.200823554898474,0.0,0.03729729729729725,0.1142366091265223,0.13337330174498685,
CSGS8,q3_2020,4,robust_local_cqr,weather_outage,ramp,338,0.9201183431952663,0.020118343195266286,5.204775486130422,5.466405153274536,6.261147124185806,1.1981248551395518,1.5838954375353074,0.0,0.020118343195266286,0.17349251620434739,0.20870490413952686,0.057404891304347824
CSGS8,q3_2020,4,robust_risk_mondrian,clean,non_ramp,5550,0.9209009009009009,0.02090090090090091,3.2766123889671506,3.626840591430664,4.043496087287754,0.7654887731134606,1.1809142396188996,0.0,0.02090090090090091,0.10922041296557168,0.1347832029095918,
CSGS8,q3_2020,4,robust_risk_mondrian,clean,ramp,338,0.8905325443786982,0.009467455621301801,5.1987111922904585,5.211350440979004,6.684506433426276,1.2324477689858724,1.609984657459469,0.009467455621301801,0.0,0.17329037307634862,0.2228168811142092,0.057404891304347824
CSGS8,q3_2020,4,robust_risk_mondrian,combined_outage,non_ramp,5550,0.9192792792792793,0.019279279279279304,3.64230769305104,3.9194456934928894,4.593951071667493,0.8931042472808413,1.368482607299622,0.0,0.019279279279279304,0.12141025643503466,0.15313170238891644,
CSGS8,q3_2020,4,robust_risk_mondrian,combined_outage,ramp,338,0.8520710059171598,0.04792899408284024,5.6127511873268165,5.413450241088867,7.7055123060633095,1.2539374944726391,1.6323852545944932,0.04792899408284024,0.0,0.18709170624422722,0.2568504102021103,0.057404891304347824
CSGS8,q3_2020,4,robust_risk_mondrian,irradiance_outage,non_ramp,5550,0.9315315315315316,0.03153153153153154,3.362537706631261,3.6776240468025208,4.065309688242169,0.768359565840497,1.1984523932369828,0.0,0.03153153153153154,0.11208459022104204,0.13551032294140564,
CSGS8,q3_2020,4,robust_risk_mondrian,irradiance_outage,ramp,338,0.8905325443786982,0.009467455621301801,5.318639453654812,5.193491458892822,6.643097773414745,1.2277036482060448,1.611787780550849,0.009467455621301801,0.0,0.17728798178849373,0.22143659244715816,0.057404891304347824
CSGS8,q3_2020,4,robust_risk_mondrian,recent_power_outage,non_ramp,5550,0.9281081081081081,0.028108108108108043,3.945341659259672,4.384806990623474,4.690578342836166,0.8991344469952028,1.3619777818247079,0.0,0.028108108108108043,0.13151138864198908,0.1563526114278722,
CSGS8,q3_2020,4,robust_risk_mondrian,recent_power_outage,ramp,338,0.878698224852071,0.02130177514792897,6.235308456438533,6.167402505874634,8.068300400700794,1.2674546021328876,1.6435594035643117,0.02130177514792897,0.0,0.20784361521461778,0.26894334669002645,0.057404891304347824
CSGS8,q3_2020,4,robust_risk_mondrian,weather_outage,non_ramp,5550,0.9259459459459459,0.025945945945945903,3.3579211522947667,3.69925856590271,4.107882542399415,0.7790792117746933,1.200823554898474,0.0,0.025945945945945903,0.11193070507649222,0.13692941807998052,
CSGS8,q3_2020,4,robust_risk_mondrian,weather_outage,ramp,338,0.908284023668639,0.008284023668639007,5.1213936041709935,5.073084354400635,6.5116327667289235,1.1981248551395518,1.5838954375353074,0.0,0.008284023668639007,0.17071312013903311,0.2170544255576308,0.057404891304347824
CSGS8,q3_2020,4,robust_rolling_cqr,clean,non_ramp,5550,0.9073873873873873,0.007387387387387312,3.091758046318681,3.412431478500366,4.0998250967874945,0.7654887731134606,1.1809142396188996,0.0,0.007387387387387312,0.10305860154395603,0.13666083655958314,
CSGS8,q3_2020,4,robust_rolling_cqr,clean,ramp,338,0.8254437869822485,0.0745562130177515,4.490895967814829,4.493207931518555,6.983966028499665,1.2324477689858724,1.609984657459469,0.0745562130177515,0.0,0.1496965322604943,0.23279886761665552,0.057404891304347824
CSGS8,q3_2020,4,robust_rolling_cqr,combined_outage,non_ramp,5550,0.9077477477477478,0.00774774774774778,3.529090684907792,3.7366632223129272,4.636764221672401,0.8931042472808413,1.368482607299622,0.0,0.00774774774774778,0.11763635616359307,0.15455880738908004,
CSGS8,q3_2020,4,robust_rolling_cqr,combined_outage,ramp,338,0.8372781065088757,0.06272189349112434,5.389490011776384,5.155744552612305,7.837047771484586,1.2539374944726391,1.6323852545944932,0.06272189349112434,0.0,0.1796496670592128,0.26123492571615287,0.057404891304347824
CSGS8,q3_2020,4,robust_rolling_cqr,irradiance_outage,non_ramp,5550,0.9084684684684685,0.008468468468468493,3.096448255097378,3.3752384185791016,4.105981672483356,0.768359565840497,1.1984523932369828,0.0,0.008468468468468493,0.10321494183657927,0.1368660557494452,
CSGS8,q3_2020,4,robust_rolling_cqr,irradiance_outage,ramp,338,0.8076923076923077,0.09230769230769231,4.620582153293244,4.464529037475586,7.0093926722238935,1.2277036482060448,1.611787780550849,0.09230769230769231,0.0,0.1540194051097748,0.2336464224074631,0.057404891304347824
CSGS8,q3_2020,4,robust_rolling_cqr,recent_power_outage,non_ramp,5550,0.914054054054054,0.014054054054054022,3.8074162279264496,4.172505021095276,4.703644889938847,0.8991344469952028,1.3619777818247079,0.0,0.014054054054054022,0.126913874264215,0.15678816299796156,
CSGS8,q3_2020,4,robust_rolling_cqr,recent_power_outage,ramp,338,0.849112426035503,0.05088757396449706,5.833806155525016,5.728553771972656,8.219378526923219,1.2674546021328876,1.6435594035643117,0.05088757396449706,0.0,0.1944602051841672,0.27397928423077395,0.057404891304347824
CSGS8,q3_2020,4,robust_rolling_cqr,weather_outage,non_ramp,5550,0.9055855855855856,0.0055855855855855285,3.1197302132566995,3.4374841451644897,4.1626394464079555,0.7790792117746933,1.200823554898474,0.0,0.0055855855855855285,0.10399100710855665,0.1387546482135985,
CSGS8,q3_2020,4,robust_rolling_cqr,weather_outage,ramp,338,0.8372781065088757,0.06272189349112434,4.392651072852093,4.295335292816162,6.747721779507381,1.1981248551395518,1.5838954375353074,0.06272189349112434,0.0,0.1464217024284031,0.2249240593169127,0.057404891304347824
CSGS8,q4_2020,1,clean_condition_cqr,clean,non_ramp,5451,0.9372592184920198,0.03725921849201974,1.7581052853393497,1.3953747749328613,2.214061537282949,0.4150955642379104,0.7213119446828581,0.0,0.03725921849201974,0.05860350951131166,0.07380205124276497,
CSGS8,q4_2020,1,clean_condition_cqr,clean,ramp,181,0.47513812154696133,0.4248618784530387,3.9340471220279927,3.9872303009033203,11.12975952243278,1.9751957068785777,2.12466245035204,0.4248618784530387,0.0,0.13113490406759976,0.37099198408109263,0.03213778409090909
CSGS8,q4_2020,1,clean_condition_cqr,combined_outage,non_ramp,5451,0.9359750504494588,0.03597505044945881,18.831300752969035,19.058467864990234,21.097680693524755,5.008322476827455,6.857524496965539,0.0,0.03597505044945881,0.6277100250989679,0.7032560231174918,
CSGS8,q4_2020,1,clean_condition_cqr,combined_outage,ramp,181,0.7292817679558011,0.1707182320441989,18.91994333003766,19.192806243896484,31.88808424301569,11.829576371124435,12.826331612721058,0.1707182320441989,0.0,0.6306647776679221,1.0629361414338563,0.03213778409090909
CSGS8,q4_2020,1,clean_condition_cqr,irradiance_outage,non_ramp,5451,0.9324894514767933,0.032489451476793274,2.1685814345253784,1.4970309734344482,2.6092991395856022,0.4317148632647231,0.72624608394605,0.0,0.032489451476793274,0.07228604781751262,0.08697663798618674,
CSGS8,q4_2020,1,clean_condition_cqr,irradiance_outage,ramp,181,0.4972375690607735,0.40276243093922653,4.0805601928774164,4.184924125671387,11.458995749278621,1.9781930631036917,2.1315733822780993,0.40276243093922653,0.0,0.1360186730959139,0.381966524975954,0.03213778409090909
CSGS8,q4_2020,1,clean_condition_cqr,recent_power_outage,non_ramp,5451,0.93010456796918,0.03010456796917993,15.890796978393622,15.707550048828125,18.941541369782307,4.8543836073343405,6.779885026569145,0.0,0.03010456796917993,0.5296932326131207,0.6313847123260768,
CSGS8,q4_2020,1,clean_condition_cqr,recent_power_outage,ramp,181,0.7016574585635359,0.19834254143646413,17.698518073361225,16.580718994140625,30.466947044456862,11.80393897104,12.795401352619386,0.19834254143646413,0.0,0.5899506024453741,1.0155649014818955,0.03213778409090909
CSGS8,q4_2020,1,clean_condition_cqr,weather_outage,non_ramp,5451,0.9323059988992846,0.03230599889928454,1.741413659074069,1.376662254333496,2.1982187831793274,0.41335525897165293,0.7171628819899696,0.0,0.03230599889928454,0.05804712196913563,0.0732739594393109,
CSGS8,q4_2020,1,clean_condition_cqr,weather_outage,ramp,181,0.4696132596685083,0.4303867403314917,3.937899197004118,3.935689926147461,11.275814554309319,1.978196761884742,2.1246441617095435,0.4303867403314917,0.0,0.13126330656680393,0.37586048514364395,0.03213778409090909
CSGS8,q4_2020,1,lgbm_condition_cqr,clean,non_ramp,5451,0.918547055586131,0.01854705558613101,2.711654386412866,1.3590102195739746,3.1506672051290416,0.4221383345105164,0.7314397298048096,0.0,0.01854705558613101,0.09038847954709553,0.10502224017096805,
CSGS8,q4_2020,1,lgbm_condition_cqr,clean,ramp,181,0.44751381215469616,0.45248618784530387,6.480117036492785,6.293363571166992,15.041072574109663,2.0847557829229872,2.224707408970262,0.45248618784530387,0.0,0.21600390121642615,0.5013690858036555,0.03213778409090909
CSGS8,q4_2020,1,lgbm_condition_cqr,combined_outage,non_ramp,5451,0.9345074298293891,0.034507429829389036,18.59651759155867,18.919464111328125,20.973107607205883,4.901509494579669,6.615444351024411,0.0,0.034507429829389036,0.6198839197186223,0.6991035869068628,
CSGS8,q4_2020,1,lgbm_condition_cqr,combined_outage,ramp,181,0.7016574585635359,0.19834254143646413,18.849340459918448,18.93874168395996,32.925065235538376,11.406041000429438,12.326358807526042,0.19834254143646413,0.0,0.6283113486639482,1.0975021745179458,0.03213778409090909
CSGS8,q4_2020,1,lgbm_condition_cqr,irradiance_outage,non_ramp,5451,0.9209319390937443,0.020931939093744245,2.9048218260528906,1.5137404203414917,3.335442038137381,0.4954809016824709,0.7484185582035591,0.0,0.020931939093744245,0.09682739420176302,0.11118140127124602,
CSGS8,q4_2020,1,lgbm_condition_cqr,irradiance_outage,ramp,181,0.46408839779005523,0.4359116022099448,6.503032265447121,6.282588958740234,14.992466233711875,2.06595455217098,2.2182210616003317,0.4359116022099448,0.0,0.21676774218157072,0.4997488744570625,0.03213778409090909
CSGS8,q4_2020,1,lgbm_condition_cqr,recent_power_outage,non_ramp,5451,0.9321225463217758,0.0321225463217758,18.427892038656406,18.770544052124023,20.90230867451997,4.836861277355516,6.584230955108,0.0,0.0321225463217758,0.6142630679552136,0.6967436224839989,
CSGS8,q4_2020,1,lgbm_condition_cqr,recent_power_outage,ramp,181,0.7016574585635359,0.19834254143646413,18.789159764242434,18.863906860351562,33.339213481924155,11.388453864260931,12.319265338078093,0.19834254143646413,0.0,0.6263053254747478,1.1113071160641386,0.03213778409090909
CSGS8,q4_2020,1,lgbm_condition_cqr,weather_outage,non_ramp,5451,0.9126765731058522,0.01267657310585213,2.6879092590741767,1.3506535291671753,3.150150166670448,0.42113541745597133,0.7292051909278674,0.0,0.01267657310585213,0.08959697530247256,0.10500500555568161,
CSGS8,q4_2020,1,lgbm_condition_cqr,weather_outage,ramp,181,0.43646408839779005,0.46353591160220997,6.431873574441309,6.211772918701172,15.67766875061541,2.081366411230182,2.2160633512911545,0.46353591160220997,0.0,0.2143957858147103,0.522588958353847,0.03213778409090909
CSGS8,q4_2020,1,oracle_ramp_mondrian,clean,non_ramp,5451,0.9218492019812878,0.021849201981287814,1.7320940546626036,1.2773442268371582,2.225303886608173,0.4267422423489278,0.7483740473354069,0.0,0.021849201981287814,0.057736468488753453,0.07417679622027243,
CSGS8,q4_2020,1,oracle_ramp_mondrian,clean,ramp,181,0.9060773480662984,0.006077348066298338,6.078805696898402,6.067633628845215,6.936750238112982,1.8331933429886622,2.0058281523537875,0.0,0.006077348066298338,0.20262685656328008,0.23122500793709938,0.03213778409090909
CSGS8,q4_2020,1,oracle_ramp_mondrian,combined_outage,non_ramp,5451,0.9066226380480645,0.006622638048064511,2.4557931267432695,2.0636589527130127,3.2466393152721986,0.6134302075113828,1.0269630052110168,0.0,0.006622638048064511,0.08185977089144232,0.10822131050907328,
CSGS8,q4_2020,1,oracle_ramp_mondrian,combined_outage,ramp,181,0.9281767955801105,0.028176795580110436,7.3514117634757445,6.922077178955078,8.232590498186607,1.8691244296606075,2.0887039462705723,0.0,0.028176795580110436,0.2450470587825248,0.2744196832728869,0.03213778409090909
CSGS8,q4_2020,1,oracle_ramp_mondrian,irradiance_outage,non_ramp,5451,0.9222161071363053,0.022216107136305285,1.8072879381121207,1.3273892402648926,2.3015789345855504,0.42724018339555914,0.7477070282416427,0.0,0.022216107136305285,0.060242931270404025,0.07671929781951835,
CSGS8,q4_2020,1,oracle_ramp_mondrian,irradiance_outage,ramp,181,0.9226519337016574,0.022651933701657412,6.208634364670812,6.17677116394043,6.90238927741077,1.8508355591178598,2.0202583564576586,0.0,0.022651933701657412,0.2069544788223604,0.230079642580359,0.03213778409090909
CSGS8,q4_2020,1,oracle_ramp_mondrian,recent_power_outage,non_ramp,5451,0.9201981287837094,0.020198128783709413,2.6827463277943693,2.177214741706848,3.347713224152154,0.5818365888961772,0.9852994478105864,0.0,0.020198128783709413,0.08942487759314564,0.1115904408050718,
CSGS8,q4_2020,1,oracle_ramp_mondrian,recent_power_outage,ramp,181,0.9171270718232044,0.017127071823204387,7.758997553455237,7.124855041503906,8.460699313088675,1.8487462944747335,2.061409404974977,0.0,0.017127071823204387,0.2586332517818412,0.28202331043628914,0.03213778409090909
CSGS8,q4_2020,1,oracle_ramp_mondrian,weather_outage,non_ramp,5451,0.9205650339387268,0.020565033938726773,1.7334861413758758,1.2813000679016113,2.248991163797653,0.4262594830380309,0.7451147596310419,0.0,0.020565033938726773,0.05778287137919586,0.07496637212658844,
CSGS8,q4_2020,1,oracle_ramp_mondrian,weather_outage,ramp,181,0.9116022099447514,0.011602209944751363,6.192245790312962,6.274441719055176,6.898850700473258,1.8171043857026494,1.987055255604395,0.0,0.011602209944751363,0.2064081930104321,0.2299616900157753,0.03213778409090909
CSGS8,q4_2020,1,persistence_condition_cqr,clean,non_ramp,5451,0.9517519721152082,0.05175197211520821,3.486708865700373,4.439998626708984,3.8205191591845793,0.5968446221139054,0.9454508897905224,0.0,0.05175197211520821,0.1162236288566791,0.12735063863948598,
CSGS8,q4_2020,1,persistence_condition_cqr,clean,ramp,181,0.0,0.9,4.439999995310663,4.440000534057617,32.74718406187237,3.635359141049464,3.6724794267484677,0.9,0.0,0.14799999984368875,1.0915728020624123,0.03213778409090909
CSGS8,q4_2020,1,persistence_condition_cqr,combined_outage,non_ramp,5451,0.8985507246376812,0.0014492753623188692,14.49301046902429,13.1899995803833,18.54628512694259,3.859501002945171,5.607189902481397,0.0014492753623188692,0.0,0.48310034896747633,0.6182095042314196,
CSGS8,q4_2020,1,persistence_condition_cqr,combined_outage,ramp,181,0.6243093922651933,0.2756906077348067,18.095027577564203,20.289999961853027,35.271823268321995,8.393812139554576,9.398858294585427,0.2756906077348067,0.0,0.6031675859188067,1.1757274422773998,0.03213778409090909
CSGS8,q4_2020,1,persistence_condition_cqr,irradiance_outage,non_ramp,5451,0.9517519721152082,0.05175197211520821,3.486708865700373,4.439998626708984,3.8205191591845793,0.5968446221139054,0.9454508897905224,0.0,0.05175197211520821,0.1162236288566791,0.12735063863948598,
CSGS8,q4_2020,1,persistence_condition_cqr,irradiance_outage,ramp,181,0.0,0.9,4.439999995310663,4.440000534057617,32.74718406187237,3.635359141049464,3.6724794267484677,0.9,0.0,0.14799999984368875,1.0915728020624123,0.03213778409090909
CSGS8,q4_2020,1,persistence_condition_cqr,recent_power_outage,non_ramp,5451,0.8985507246376812,0.0014492753623188692,14.49301046902429,13.1899995803833,18.54628512694259,3.859501002945171,5.607189902481397,0.0014492753623188692,0.0,0.48310034896747633,0.6182095042314196,
CSGS8,q4_2020,1,persistence_condition_cqr,recent_power_outage,ramp,181,0.6243093922651933,0.2756906077348067,18.095027577564203,20.289999961853027,35.271823268321995,8.393812139554576,9.398858294585427,0.2756906077348067,0.0,0.6031675859188067,1.1757274422773998,0.03213778409090909
CSGS8,q4_2020,1,persistence_condition_cqr,weather_outage,non_ramp,5451,0.9517519721152082,0.05175197211520821,3.486708865700373,4.439998626708984,3.8205191591845793,0.5968446221139054,0.9454508897905224,0.0,0.05175197211520821,0.1162236288566791,0.12735063863948598,
CSGS8,q4_2020,1,persistence_condition_cqr,weather_outage,ramp,181,0.0,0.9,4.439999995310663,4.440000534057617,32.74718406187237,3.635359141049464,3.6724794267484677,0.9,0.0,0.14799999984368875,1.0915728020624123,0.03213778409090909
CSGS8,q4_2020,1,robust_condition_cqr,clean,non_ramp,5451,0.9328563566318107,0.032856356631810635,1.7871349895509023,1.3448755741119385,2.2312945153444996,0.4267422423489278,0.7483740473354069,0.0,0.032856356631810635,0.059571166318363414,0.07437648384481665,
CSGS8,q4_2020,1,robust_condition_cqr,clean,ramp,181,0.5966850828729282,0.3033149171270718,4.132308488392698,4.121135711669922,9.559872139883305,1.8331933429886622,2.0058281523537875,0.3033149171270718,0.0,0.1377436162797566,0.31866240466277684,0.03213778409090909
CSGS8,q4_2020,1,robust_condition_cqr,combined_outage,non_ramp,5451,0.910842047330765,0.010842047330764992,2.479518779087614,2.0924923419952393,3.244097808181582,0.6134302075113828,1.0269630052110168,0.0,0.010842047330764992,0.08265062596958714,0.10813659360605274,
CSGS8,q4_2020,1,robust_condition_cqr,combined_outage,ramp,181,0.5966850828729282,0.3033149171270718,5.011766417250449,4.582431793212891,10.778088200158177,1.8691244296606075,2.0887039462705723,0.3033149171270718,0.0,0.16705888057501497,0.35926960667193925,0.03213778409090909
CSGS8,q4_2020,1,robust_condition_cqr,irradiance_outage,non_ramp,5451,0.9257017061089708,0.025701706108970823,1.8233906313789527,1.3469691276550293,2.302808764519941,0.42724018339555914,0.7477070282416427,0.0,0.025701706108970823,0.06077968771263176,0.0767602921506647,
CSGS8,q4_2020,1,robust_condition_cqr,irradiance_outage,ramp,181,0.6243093922651933,0.2756906077348067,4.206031699206948,4.174169540405273,9.075007886517772,1.8508355591178598,2.0202583564576586,0.2756906077348067,0.0,0.14020105664023158,0.30250026288392573,0.03213778409090909
CSGS8,q4_2020,1,robust_condition_cqr,recent_power_outage,non_ramp,5451,0.9201981287837094,0.020198128783709413,2.6827463277943693,2.177214741706848,3.347713224152154,0.5818365888961772,0.9852994478105864,0.0,0.020198128783709413,0.08942487759314564,0.1115904408050718,
CSGS8,q4_2020,1,robust_condition_cqr,recent_power_outage,ramp,181,0.6740331491712708,0.22596685082872925,5.620250070951261,4.986106872558594,10.373442793419349,1.8487462944747335,2.061409404974977,0.22596685082872925,0.0,0.1873416690317087,0.34578142644731164,0.03213778409090909
CSGS8,q4_2020,1,robust_condition_cqr,weather_outage,non_ramp,5451,0.9306549257017062,0.030654925701706137,1.7844389080502239,1.3436875343322754,2.2535320407603354,0.4262594830380309,0.7451147596310419,0.0,0.030654925701706137,0.05948129693500746,0.07511773469201118,
CSGS8,q4_2020,1,robust_condition_cqr,weather_outage,ramp,181,0.574585635359116,0.325414364640884,4.034886310113728,4.117082595825195,9.7835718623841,1.8171043857026494,1.987055255604395,0.325414364640884,0.0,0.13449621033712425,0.32611906207947,0.03213778409090909
CSGS8,q4_2020,1,robust_local_cqr,clean,non_ramp,5451,0.9513850669601908,0.05138506696019074,1.956682108626414,1.431955337524414,2.217384438070722,0.4267422423489278,0.7483740473354069,0.0,0.05138506696019074,0.0652227369542138,0.0739128146023574,
CSGS8,q4_2020,1,robust_local_cqr,clean,ramp,181,0.6795580110497238,0.22044198895027622,4.603617810412665,4.637834548950195,7.9969379256443425,1.8331933429886622,2.0058281523537875,0.22044198895027622,0.0,0.1534539270137555,0.2665645975214781,0.03213778409090909
CSGS8,q4_2020,1,robust_local_cqr,combined_outage,non_ramp,5451,0.9367088607594937,0.036708860759493644,2.819591586003327,2.1978978477418423,3.2560653952262926,0.6134302075113828,1.0269630052110168,0.0,0.036708860759493644,0.0939863862001109,0.10853551317420976,
CSGS8,q4_2020,1,robust_local_cqr,combined_outage,ramp,181,0.7513812154696132,0.1486187845303868,5.956408404513617,5.238720893859863,8.89166541521062,1.8691244296606075,2.0887039462705723,0.1486187845303868,0.0,0.19854694681712057,0.2963888471736873,0.03213778409090909
CSGS8,q4_2020,1,robust_local_cqr,irradiance_outage,non_ramp,5451,0.9537699504678041,0.053769950467804084,2.030995434777116,1.493211030960083,2.284221699536159,0.42724018339555914,0.7477070282416427,0.0,0.053769950467804084,0.06769984782590387,0.07614072331787196,
CSGS8,q4_2020,1,robust_local_cqr,irradiance_outage,ramp,181,0.7182320441988951,0.18176795580110494,4.710731379893604,4.669195175170898,7.744682169750909,1.8508355591178598,2.0202583564576586,0.18176795580110494,0.0,0.1570243793297868,0.2581560723250303,0.03213778409090909
CSGS8,q4_2020,1,robust_local_cqr,recent_power_outage,non_ramp,5451,0.9438635112823335,0.043863511282333456,2.9924051603229933,2.2666411995887756,3.4112363406187245,0.5818365888961772,0.9852994478105864,0.0,0.043863511282333456,0.09974683867743311,0.11370787802062415,
CSGS8,q4_2020,1,robust_local_cqr,recent_power_outage,ramp,181,0.7513812154696132,0.1486187845303868,6.359990141668372,5.620322227478027,9.270082585060795,1.8487462944747335,2.061409404974977,0.1486187845303868,0.0,0.21199967138894574,0.30900275283535983,0.03213778409090909
CSGS8,q4_2020,1,robust_local_cqr,weather_outage,non_ramp,5451,0.9523023298477343,0.05230232984773431,1.9548861048209147,1.4446802139282227,2.2229720999553586,0.4262594830380309,0.7451147596310419,0.0,0.05230232984773431,0.06516287016069716,0.07409906999851196,
CSGS8,q4_2020,1,robust_local_cqr,weather_outage,ramp,181,0.6740331491712708,0.22596685082872925,4.534099373369585,4.660165786743164,8.224026953976457,1.8171043857026494,1.987055255604395,0.22596685082872925,0.0,0.15113664577898617,0.27413423179921526,0.03213778409090909
CSGS8,q4_2020,1,robust_risk_mondrian,clean,non_ramp,5451,0.9458814896349294,0.04588148963492933,1.9248534884523103,1.3533234000205994,2.222446074948825,0.4267422423489278,0.7483740473354069,0.0,0.04588148963492933,0.06416178294841034,0.0740815358316275,
CSGS8,q4_2020,1,robust_risk_mondrian,clean,ramp,181,0.6519337016574586,0.24806629834254146,4.588984457827404,4.584323883056641,8.37714765875379,1.8331933429886622,2.0058281523537875,0.24806629834254146,0.0,0.15296614859424681,0.279238255291793,0.03213778409090909
CSGS8,q4_2020,1,robust_risk_mondrian,combined_outage,non_ramp,5451,0.9126765731058522,0.01267657310585213,2.5067066422935413,2.087144613265991,3.2569115337574823,0.6134302075113828,1.0269630052110168,0.0,0.01267657310585213,0.08355688807645138,0.10856371779191608,
CSGS8,q4_2020,1,robust_risk_mondrian,combined_outage,ramp,181,0.6022099447513812,0.2977900552486188,5.101420440067902,4.698142051696777,10.581408622515136,1.8691244296606075,2.0887039462705723,0.2977900552486188,0.0,0.1700473480022634,0.35271362075050455,0.03213778409090909
CSGS8,q4_2020,1,robust_risk_mondrian,irradiance_outage,non_ramp,5451,0.9427627958172813,0.04276279581728126,1.978872037267155,1.3516243696212769,2.2958070274708517,0.42724018339555914,0.7477070282416427,0.0,0.04276279581728126,0.0659624012422385,0.07652690091569506,
CSGS8,q4_2020,1,robust_risk_mondrian,irradiance_outage,ramp,181,0.712707182320442,0.18729281767955808,4.658264314272127,4.635246276855469,8.077913111744664,1.8508355591178598,2.0202583564576586,0.18729281767955808,0.0,0.15527547714240425,0.2692637703914888,0.03213778409090909
CSGS8,q4_2020,1,robust_risk_mondrian,recent_power_outage,non_ramp,5451,0.9284534947716016,0.02845349477160153,2.7488492064625754,2.2480735778808594,3.350294516288226,0.5818365888961772,0.9852994478105864,0.0,0.02845349477160153,0.09162830688208584,0.1116764838762742,
CSGS8,q4_2020,1,robust_risk_mondrian,recent_power_outage,ramp,181,0.6850828729281768,0.2149171270718232,5.724869659592433,5.133376121520996,10.095354564940731,1.8487462944747335,2.061409404974977,0.2149171270718232,0.0,0.1908289886530811,0.3365118188313577,0.03213778409090909
CSGS8,q4_2020,1,robust_risk_mondrian,weather_outage,non_ramp,5451,0.9411117226197028,0.04111172261970275,1.9116465540167469,1.329573631286621,2.241195685694917,0.4262594830380309,0.7451147596310419,0.0,0.04111172261970275,0.06372155180055823,0.07470652285649723,
CSGS8,q4_2020,1,robust_risk_mondrian,weather_outage,ramp,181,0.6464088397790055,0.2535911602209945,4.493518215516654,4.580432891845703,8.487541923206814,1.8171043857026494,1.987055255604395,0.2535911602209945,0.0,0.1497839405172218,0.2829180641068938,0.03213778409090909
CSGS8,q4_2020,1,robust_rolling_cqr,clean,non_ramp,5451,0.9212988442487617,0.021298844248761717,1.734217420409163,1.2825067043304443,2.226802156187542,0.4267422423489278,0.7483740473354069,0.0,0.021298844248761717,0.057807247346972096,0.07422673853958474,
CSGS8,q4_2020,1,robust_rolling_cqr,clean,ramp,181,0.5966850828729282,0.3033149171270718,4.0681945790243415,4.054180145263672,9.776024723579871,1.8331933429886622,2.0058281523537875,0.3033149171270718,0.0,0.13560648596747804,0.3258674907859957,0.03213778409090909
CSGS8,q4_2020,1,robust_rolling_cqr,combined_outage,non_ramp,5451,0.9135938359933957,0.013593835993395698,2.5200399060508754,2.1091694831848145,3.2487421322461705,0.6134302075113828,1.0269630052110168,0.0,0.013593835993395698,0.08400133020169584,0.10829140440820569,
CSGS8,q4_2020,1,robust_rolling_cqr,combined_outage,ramp,181,0.6077348066298343,0.29226519337016577,5.074332656122703,4.721806526184082,10.569316550513,1.8691244296606075,2.0887039462705723,0.29226519337016577,0.0,0.16914442187075676,0.3523105516837666,0.03213778409090909
CSGS8,q4_2020,1,robust_rolling_cqr,irradiance_outage,non_ramp,5451,0.9246009906439185,0.02460099064391852,1.8225072936559963,1.335949420928955,2.3048950507744452,0.42724018339555914,0.7477070282416427,0.0,0.02460099064391852,0.06075024312186654,0.07682983502581484,
CSGS8,q4_2020,1,robust_rolling_cqr,irradiance_outage,ramp,181,0.6187845303867403,0.2812154696132597,4.211464931951702,4.202635765075684,9.086811874452875,1.8508355591178598,2.0202583564576586,0.2812154696132597,0.0,0.14038216439839007,0.30289372914842916,0.03213778409090909
CSGS8,q4_2020,1,robust_rolling_cqr,recent_power_outage,non_ramp,5451,0.9229499174463401,0.022949917446340118,2.6998933246194703,2.1857092678546906,3.3520090235488973,0.5818365888961772,0.9852994478105864,0.0,0.022949917446340118,0.08999644415398235,0.11173363411829658,
CSGS8,q4_2020,1,robust_rolling_cqr,recent_power_outage,ramp,181,0.6795580110497238,0.22044198895027622,5.654273528420464,5.083444595336914,10.297102106210277,1.8487462944747335,2.061409404974977,0.22044198895027622,0.0,0.18847578428068212,0.3432367368736759,0.03213778409090909
CSGS8,q4_2020,1,robust_rolling_cqr,weather_outage,non_ramp,5451,0.919831223628692,0.01983122362869194,1.7326126699924411,1.277759313583374,2.2502562816457545,0.4262594830380309,0.7451147596310419,0.0,0.01983122362869194,0.057753755666414705,0.07500854272152516,
CSGS8,q4_2020,1,robust_rolling_cqr,weather_outage,ramp,181,0.569060773480663,0.33093922651933705,3.975447102804869,4.05203914642334,10.004970720459744,1.8171043857026494,1.987055255604395,0.33093922651933705,0.0,0.13251490342682898,0.3334990240153248,0.03213778409090909
CSGS8,q4_2020,4,clean_condition_cqr,clean,non_ramp,5269,0.9231353197950275,0.023135319795027476,2.4544620883548913,2.365633249282837,3.2565459054447556,0.5963933463800728,1.0050945646025973,0.0,0.023135319795027476,0.08181540294516304,0.10855153018149186,
CSGS8,q4_2020,4,clean_condition_cqr,clean,ramp,363,0.7465564738292011,0.15344352617079893,4.316328792630108,4.1650590896606445,7.7687937258678605,1.43007333268804,1.7146806385751276,0.15344352617079893,0.0,0.1438776264210036,0.258959790862262,0.064453125
CSGS8,q4_2020,4,clean_condition_cqr,combined_outage,non_ramp,5269,0.9339533118238755,0.03395331182387551,15.517330478820975,16.21478271484375,17.760976759164333,4.063392206354106,6.317834970274506,0.0,0.03395331182387551,0.5172443492940325,0.5920325586388111,
CSGS8,q4_2020,4,clean_condition_cqr,combined_outage,ramp,363,0.9586776859504132,0.05867768595041323,16.076859765801547,15.17615032196045,16.884825572494634,6.069388445579644,7.195346863453315,0.0,0.05867768595041323,0.5358953255267183,0.5628275190831544,0.064453125
CSGS8,q4_2020,4,clean_condition_cqr,irradiance_outage,non_ramp,5269,0.9301575251470867,0.030157525147086695,3.1927179028854313,3.0500707626342773,3.823351463502593,0.6369358341620635,1.0297389621335324,0.0,0.030157525147086695,0.10642393009618105,0.12744504878341975,
CSGS8,q4_2020,4,clean_condition_cqr,irradiance_outage,ramp,363,0.8126721763085399,0.08732782369146008,4.909885922780378,4.7384538650512695,7.669653644287553,1.354711302876801,1.6551680143008687,0.08732782369146008,0.0,0.16366286409267927,0.2556551214762518,0.064453125
CSGS8,q4_2020,4,clean_condition_cqr,recent_power_outage,non_ramp,5269,0.9396469918390586,0.03964699183905862,12.609995183150124,12.773462295532227,14.880905211277264,3.819635772639608,6.169850090933805,0.0,0.03964699183905862,0.4203331727716708,0.49603017370924213,
CSGS8,q4_2020,4,clean_condition_cqr,recent_power_outage,ramp,363,0.8292011019283747,0.07079889807162532,12.938855349853348,13.230783462524414,19.76891380236497,5.958699711837059,7.074678890179545,0.07079889807162532,0.0,0.43129517832844494,0.6589637934121657,0.064453125
CSGS8,q4_2020,4,clean_condition_cqr,weather_outage,non_ramp,5269,0.9252230024672613,0.02522300246726128,2.534287346011861,2.439721643924713,3.3034751991000024,0.6077412458358152,1.0097101008909175,0.0,0.02522300246726128,0.08447624486706203,0.11011583997000009,
CSGS8,q4_2020,4,clean_condition_cqr,weather_outage,ramp,363,0.7548209366391184,0.1451790633608816,4.3063922464313915,4.211693286895752,7.664788226183945,1.439134052798111,1.7293918990365167,0.1451790633608816,0.0,0.14354640821437972,0.25549294087279817,0.064453125
CSGS8,q4_2020,4,lgbm_condition_cqr,clean,non_ramp,5269,0.9140254317707345,0.014025431770734453,3.3532181970175796,2.6284985542297363,3.9006124325902363,0.607261888958982,1.0303731252803523,0.0,0.014025431770734453,0.11177393990058598,0.13002041441967455,
CSGS8,q4_2020,4,lgbm_condition_cqr,clean,ramp,363,0.6721763085399449,0.2278236914600551,5.741144023240434,5.678109169006348,10.036858959220986,1.2503836811738238,1.5789118004996967,0.2278236914600551,0.0,0.19137146744134778,0.3345619653073662,0.064453125
CSGS8,q4_2020,4,lgbm_condition_cqr,combined_outage,non_ramp,5269,0.9248434237995825,0.024843423799582487,17.22901922241518,18.089599609375,20.022461656601926,4.468913635527116,6.795834225974466,0.0,0.024843423799582487,0.5743006407471726,0.6674153885533975,
CSGS8,q4_2020,4,lgbm_condition_cqr,combined_outage,ramp,363,0.9724517906336089,0.07245179063360885,17.910392380286183,17.460834503173828,18.550611235878684,5.887414747690038,7.210634134023009,0.0,0.07245179063360885,0.5970130793428727,0.6183537078626228,0.064453125
CSGS8,q4_2020,4,lgbm_condition_cqr,irradiance_outage,non_ramp,5269,0.9187701651167205,0.018770165116720472,3.3917315998560342,2.6597533226013184,3.957712538328844,0.630211827309568,1.0567311312558814,0.0,0.018770165116720472,0.11305771999520114,0.13192375127762815,
CSGS8,q4_2020,4,lgbm_condition_cqr,irradiance_outage,ramp,363,0.7052341597796143,0.19476584022038568,5.801221500497219,5.857490062713623,9.638406321119014,1.1781210380480638,1.5141839400153352,0.19476584022038568,0.0,0.19337405001657396,0.3212802107039671,0.064453125
CSGS8,q4_2020,4,lgbm_condition_cqr,recent_power_outage,non_ramp,5269,0.9229455304611881,0.02294553046118808,16.99020077594432,18.05482292175293,19.892811606880112,4.4335152649364495,6.749313252483922,0.0,0.02294553046118808,0.5663400258648107,0.6630937202293371,
CSGS8,q4_2020,4,lgbm_condition_cqr,recent_power_outage,ramp,363,0.9696969696969697,0.0696969696969697,17.792615362435335,17.444957733154297,18.509061432410206,5.8025768207945445,7.133004639899812,0.0,0.0696969696969697,0.5930871787478444,0.6169687144136735,0.064453125
CSGS8,q4_2020,4,lgbm_condition_cqr,weather_outage,non_ramp,5269,0.8872651356993737,0.012734864300626314,3.3394963948757677,2.616116523742676,3.8731576553032143,0.6100176693657053,1.0280367173141036,0.012734864300626314,0.0,0.11131654649585893,0.12910525517677382,
CSGS8,q4_2020,4,lgbm_condition_cqr,weather_outage,ramp,363,0.6694214876033058,0.23057851239669425,5.724234099723091,5.704784870147705,10.260770296098116,1.2463139128093876,1.5835594744756516,0.23057851239669425,0.0,0.19080780332410305,0.3420256765366039,0.064453125
CSGS8,q4_2020,4,oracle_ramp_mondrian,clean,non_ramp,5269,0.9174416397798444,0.017441639779844365,2.463082694105231,2.2783933877944946,3.317505109604618,0.6223026239212656,1.058834774226703,0.0,0.017441639779844365,0.08210275647017437,0.11058350365348726,
CSGS8,q4_2020,4,oracle_ramp_mondrian,clean,ramp,363,0.928374655647383,0.02837465564738295,5.5932134682984165,5.408000469207764,6.3773696659855705,1.106984213692426,1.4144743824770767,0.0,0.02837465564738295,0.18644044894328055,0.21257898886618568,0.064453125
CSGS8,q4_2020,4,oracle_ramp_mondrian,combined_outage,non_ramp,5269,0.9256025811349402,0.025602581134940183,3.0706458118764965,2.842176675796509,3.7721781997785095,0.6971189809569518,1.1407441091704902,0.0,0.025602581134940183,0.10235486039588322,0.1257392733259503,
CSGS8,q4_2020,4,oracle_ramp_mondrian,combined_outage,ramp,363,0.931129476584022,0.031129476584021987,7.131122741714818,6.721230983734131,7.841619315780392,1.4739121620648492,1.7953059377288805,0.0,0.031129476584021987,0.23770409139049392,0.26138731052601305,0.064453125
CSGS8,q4_2020,4,oracle_ramp_mondrian,irradiance_outage,non_ramp,5269,0.923325109128867,0.023325109128866983,2.497516123427821,2.2846643924713135,3.3132309044178068,0.613622981418763,1.047068540117355,0.0,0.023325109128866983,0.08325053744759403,0.11044103014726023,
CSGS8,q4_2020,4,oracle_ramp_mondrian,irradiance_outage,ramp,363,0.9586776859504132,0.05867768595041323,6.088782197022913,6.008155345916748,6.546768353497045,1.114200647212257,1.425341687585493,0.0,0.05867768595041323,0.20295940656743042,0.21822561178323482,0.064453125
CSGS8,q4_2020,4,oracle_ramp_mondrian,recent_power_outage,non_ramp,5269,0.9235148984627064,0.02351489846270638,3.1928424009918324,3.1852102279663086,3.7670093370677273,0.7018895800196095,1.150075952976801,0.0,0.02351489846270638,0.10642808003306108,0.12556697790225757,
CSGS8,q4_2020,4,oracle_ramp_mondrian,recent_power_outage,ramp,363,0.928374655647383,0.02837465564738295,7.084716655375543,6.814024925231934,7.7739758876154905,1.4452008140317008,1.7995345492868862,0.0,0.02837465564738295,0.23615722184585144,0.259132529587183,0.064453125
CSGS8,q4_2020,4,oracle_ramp_mondrian,weather_outage,non_ramp,5269,0.9092806984247486,0.009280698424748546,2.464685135581257,2.344964012503624,3.392088575382676,0.6298443740517471,1.0664633658710383,0.0,0.009280698424748546,0.0821561711860419,0.11306961917942253,
CSGS8,q4_2020,4,oracle_ramp_mondrian,weather_outage,ramp,363,0.9366391184573003,0.03663911845730028,5.811288698804732,5.653263092041016,6.562994288834782,1.1395662771768806,1.4633765600122222,0.0,0.03663911845730028,0.19370962329349106,0.21876647629449272,0.064453125
CSGS8,q4_2020,4,persistence_condition_cqr,clean,non_ramp,5269,0.9531220345416588,0.05312203454165876,7.684069021520643,7.460000038146973,8.062736659070902,1.5429758947405559,2.310105964167048,0.0,0.05312203454165876,0.2561356340506881,0.2687578886356967,
CSGS8,q4_2020,4,persistence_condition_cqr,clean,ramp,363,0.0,0.9,9.97123967517506,10.359999656677246,45.35195641609591,6.9490358144783775,6.9858991019462735,0.9,0.0,0.33237465583916864,1.5117318805365303,0.064453125
CSGS8,q4_2020,4,persistence_condition_cqr,combined_outage,non_ramp,5269,0.9168722717783261,0.016872271778326065,17.37791815574369,15.850000381469727,21.135557166960893,4.713490220033867,6.692284016446385,0.0,0.016872271778326065,0.5792639385247896,0.7045185722320297,
CSGS8,q4_2020,4,persistence_condition_cqr,combined_outage,ramp,363,0.5316804407713499,0.3683195592286501,19.221956059172463,20.920000076293945,46.92388381104988,12.724242429759549,13.238524115777604,0.3683195592286501,0.0,0.640731868639082,1.5641294603683293,0.064453125
CSGS8,q4_2020,4,persistence_condition_cqr,irradiance_outage,non_ramp,5269,0.9531220345416588,0.05312203454165876,7.684069021520643,7.460000038146973,8.062736659070902,1.5429758947405559,2.310105964167048,0.0,0.05312203454165876,0.2561356340506881,0.2687578886356967,
CSGS8,q4_2020,4,persistence_condition_cqr,irradiance_outage,ramp,363,0.0,0.9,9.97123967517506,10.359999656677246,45.35195641609591,6.9490358144783775,6.9858991019462735,0.9,0.0,0.33237465583916864,1.5117318805365303,0.064453125
CSGS8,q4_2020,4,persistence_condition_cqr,recent_power_outage,non_ramp,5269,0.9168722717783261,0.016872271778326065,17.37791815574369,15.850000381469727,21.135557166960893,4.713490220033867,6.692284016446385,0.0,0.016872271778326065,0.5792639385247896,0.7045185722320297,
CSGS8,q4_2020,4,persistence_condition_cqr,recent_power_outage,ramp,363,0.5316804407713499,0.3683195592286501,19.221956059172463,20.920000076293945,46.92388381104988,12.724242429759549,13.238524115777604,0.3683195592286501,0.0,0.640731868639082,1.5641294603683293,0.064453125
CSGS8,q4_2020,4,persistence_condition_cqr,weather_outage,non_ramp,5269,0.9531220345416588,0.05312203454165876,7.684069021520643,7.460000038146973,8.062736659070902,1.5429758947405559,2.310105964167048,0.0,0.05312203454165876,0.2561356340506881,0.2687578886356967,
CSGS8,q4_2020,4,persistence_condition_cqr,weather_outage,ramp,363,0.0,0.9,9.97123967517506,10.359999656677246,45.35195641609591,6.9490358144783775,6.9858991019462735,0.9,0.0,0.33237465583916864,1.5117318805365303,0.064453125
CSGS8,q4_2020,4,robust_condition_cqr,clean,non_ramp,5269,0.9256025811349402,0.025602581134940183,2.526455121409589,2.3562384843826294,3.3202636346123224,0.6223026239212656,1.058834774226703,0.0,0.025602581134940183,0.08421517071365296,0.11067545448707741,
CSGS8,q4_2020,4,robust_condition_cqr,clean,ramp,363,0.8292011019283747,0.07079889807162532,4.347005025085996,4.155648231506348,6.596780798651955,1.106984213692426,1.4144743824770767,0.07079889807162532,0.0,0.14490016750286652,0.2198926932883985,0.064453125
CSGS8,q4_2020,4,robust_condition_cqr,combined_outage,non_ramp,5269,0.9297779464794078,0.02977794647940779,3.107563123061619,2.8878016471862793,3.7761338453977262,0.6971189809569518,1.1407441091704902,0.0,0.02977794647940779,0.1035854374353873,0.1258711281799242,
CSGS8,q4_2020,4,robust_condition_cqr,combined_outage,ramp,363,0.8567493112947658,0.043250688705234186,5.915925513675883,5.5041095316410065,7.87860219905117,1.4739121620648492,1.7953059377288805,0.043250688705234186,0.0,0.19719751712252942,0.26262007330170567,0.064453125
CSGS8,q4_2020,4,robust_condition_cqr,irradiance_outage,non_ramp,5269,0.927690263807174,0.027690263807173987,2.5475100140805798,2.3460216522216797,3.31762510827032,0.613622981418763,1.047068540117355,0.0,0.027690263807173987,0.08491700046935266,0.11058750360901067,
CSGS8,q4_2020,4,robust_condition_cqr,irradiance_outage,ramp,363,0.837465564738292,0.06253443526170799,4.573916094772743,4.478878021240234,6.562328476304851,1.114200647212257,1.425341687585493,0.06253443526170799,0.0,0.1524638698257581,0.218744282543495,0.064453125
CSGS8,q4_2020,4,robust_condition_cqr,recent_power_outage,non_ramp,5269,0.9235148984627064,0.02351489846270638,3.1928424009918324,3.1852102279663086,3.7670093370677273,0.7018895800196095,1.150075952976801,0.0,0.02351489846270638,0.10642808003306108,0.12556697790225757,
CSGS8,q4_2020,4,robust_condition_cqr,recent_power_outage,ramp,363,0.8622589531680441,0.03774104683195589,5.919613650689523,5.637908935546875,7.6859039344180875,1.4452008140317008,1.7995345492868862,0.03774104683195589,0.0,0.1973204550229841,0.25619679781393623,0.064453125
CSGS8,q4_2020,4,robust_condition_cqr,weather_outage,non_ramp,5269,0.9149743784399317,0.014974378439931657,2.511839178413503,2.402871310710907,3.38816527887698,0.6298443740517471,1.0664633658710383,0.0,0.014974378439931657,0.08372797261378342,0.11293884262923266,
CSGS8,q4_2020,4,robust_condition_cqr,weather_outage,ramp,363,0.8154269972451791,0.08457300275482094,4.335622116266531,4.164865016937256,6.869668722850561,1.1395662771768806,1.4633765600122222,0.08457300275482094,0.0,0.1445207372088844,0.228988957428352,0.064453125
CSGS8,q4_2020,4,robust_local_cqr,clean,non_ramp,5269,0.9502751945340672,0.05027519453406715,2.7732789256867,2.5570941865444183,3.2485280725023786,0.6223026239212656,1.058834774226703,0.0,0.05027519453406715,0.09244263085622334,0.10828426908341263,
CSGS8,q4_2020,4,robust_local_cqr,clean,ramp,363,0.8925619834710744,0.007438016528925617,4.942123352783442,5.023643493652344,6.195816095333454,1.106984213692426,1.4144743824770767,0.007438016528925617,0.0,0.1647374450927814,0.20652720317778178,0.064453125
CSGS8,q4_2020,4,robust_local_cqr,combined_outage,non_ramp,5269,0.9379388878345037,0.03793888783450372,3.2626083366253598,3.1111218333244324,3.7468594370044275,0.6971189809569518,1.1407441091704902,0.0,0.03793888783450372,0.10875361122084533,0.12489531456681426,
CSGS8,q4_2020,4,robust_local_cqr,combined_outage,ramp,363,0.8980716253443526,0.0019283746556474357,6.206734881749166,5.841457366943359,7.478642600134385,1.4739121620648492,1.7953059377288805,0.0019283746556474357,0.0,0.2068911627249722,0.24928808667114616,0.064453125
CSGS8,q4_2020,4,robust_local_cqr,irradiance_outage,non_ramp,5269,0.9546403492123743,0.05464034921237426,2.827738883940102,2.5724477767944336,3.2557516208128425,0.613622981418763,1.047068540117355,0.0,0.05464034921237426,0.0942579627980034,0.10852505402709475,
CSGS8,q4_2020,4,robust_local_cqr,irradiance_outage,ramp,363,0.90633608815427,0.006336088154270003,5.208645198176058,5.313556790351868,6.141593396704716,1.114200647212257,1.425341687585493,0.0,0.006336088154270003,0.17362150660586861,0.2047197798901572,0.064453125
CSGS8,q4_2020,4,robust_local_cqr,recent_power_outage,non_ramp,5269,0.943252989182008,0.04325298918200793,3.397565681849148,3.4634589552879333,3.7917302502425354,0.7018895800196095,1.150075952976801,0.0,0.04325298918200793,0.1132521893949716,0.12639100834141784,
CSGS8,q4_2020,4,robust_local_cqr,recent_power_outage,ramp,363,0.9035812672176309,0.003581267217630857,6.29662442827705,6.074783802032471,7.448334681065163,1.4452008140317008,1.7995345492868862,0.0,0.003581267217630857,0.20988748094256832,0.2482778227021721,0.064453125
CSGS8,q4_2020,4,robust_local_cqr,weather_outage,non_ramp,5269,0.9434427785158475,0.043442778515847436,2.7721076436425593,2.6198958307504654,3.297312962424452,0.6298443740517471,1.0664633658710383,0.0,0.043442778515847436,0.09240358812141865,0.10991043208081507,
CSGS8,q4_2020,4,robust_local_cqr,weather_outage,ramp,363,0.8898071625344353,0.010192837465564764,4.9362520577986375,5.03169584274292,6.387888571201277,1.1395662771768806,1.4633765600122222,0.010192837465564764,0.0,0.16454173525995458,0.21292961904004257,0.064453125
CSGS8,q4_2020,4,robust_risk_mondrian,clean,non_ramp,5269,0.935471626494591,0.03547162649459101,2.6634619758537745,2.399837374687195,3.3016684151455564,0.6223026239212656,1.058834774226703,0.0,0.03547162649459101,0.08878206586179248,0.11005561383818521,
CSGS8,q4_2020,4,robust_risk_mondrian,clean,ramp,363,0.8732782369146006,0.02672176308539942,4.810512372982732,4.622279644012451,6.390646927653922,1.106984213692426,1.4144743824770767,0.02672176308539942,0.0,0.16035041243275774,0.21302156425513072,0.064453125
CSGS8,q4_2020,4,robust_risk_mondrian,combined_outage,non_ramp,5269,0.9301575251470867,0.030157525147086695,3.184218011214597,3.002331018447876,3.8007531446756673,0.6971189809569518,1.1407441091704902,0.0,0.030157525147086695,0.1061406003738199,0.12669177148918892,
CSGS8,q4_2020,4,robust_risk_mondrian,combined_outage,ramp,363,0.8787878787878788,0.021212121212121238,6.122119472159417,5.714810371398926,7.740011602178339,1.4739121620648492,1.7953059377288805,0.021212121212121238,0.0,0.20407064907198055,0.258000386739278,0.064453125
CSGS8,q4_2020,4,robust_risk_mondrian,irradiance_outage,non_ramp,5269,0.9386980451698614,0.03869804516986142,2.7021775188134214,2.3721961975097656,3.297754714677101,0.613622981418763,1.047068540117355,0.0,0.03869804516986142,0.09007258396044739,0.10992515715590337,
CSGS8,q4_2020,4,robust_risk_mondrian,irradiance_outage,ramp,363,0.8815426997245179,0.01845730027548209,5.07440454138253,4.983798980712891,6.3814096223491115,1.114200647212257,1.425341687585493,0.01845730027548209,0.0,0.16914681804608434,0.21271365407830373,0.064453125
CSGS8,q4_2020,4,robust_risk_mondrian,recent_power_outage,non_ramp,5269,0.9371797304991459,0.03717973049914591,3.3042759842746916,3.3332464694976807,3.8031862238420047,0.7018895800196095,1.150075952976801,0.0,0.03717973049914591,0.11014253280915638,0.12677287412806681,
CSGS8,q4_2020,4,robust_risk_mondrian,recent_power_outage,ramp,363,0.8870523415977961,0.01294765840220391,6.173531005923577,5.915285110473633,7.657939909965046,1.4452008140317008,1.7995345492868862,0.01294765840220391,0.0,0.20578436686411922,0.25526466366550155,0.064453125
CSGS8,q4_2020,4,robust_risk_mondrian,weather_outage,non_ramp,5269,0.929398367811729,0.029398367811728998,2.6684537252515277,2.4800657872110605,3.345224649905157,0.6298443740517471,1.0664633658710383,0.0,0.029398367811728998,0.08894845750838426,0.1115074883301719,
CSGS8,q4_2020,4,robust_risk_mondrian,weather_outage,ramp,363,0.8650137741046832,0.03498622589531686,4.877641446129021,4.709104061126709,6.592195896529297,1.1395662771768806,1.4633765600122222,0.03498622589531686,0.0,0.1625880482043007,0.21973986321764324,0.064453125
CSGS8,q4_2020,4,robust_rolling_cqr,clean,non_ramp,5269,0.9197191117859176,0.019719111785917565,2.4874047175103735,2.305471181869507,3.3235169766433184,0.6223026239212656,1.058834774226703,0.0,0.019719111785917565,0.08291349058367911,0.11078389922144395,
CSGS8,q4_2020,4,robust_rolling_cqr,clean,ramp,363,0.8154269972451791,0.08457300275482094,4.308028618412569,4.102835655212402,6.617462562710129,1.106984213692426,1.4144743824770767,0.08457300275482094,0.0,0.14360095394708564,0.22058208542367097,0.064453125
CSGS8,q4_2020,4,robust_rolling_cqr,combined_outage,non_ramp,5269,0.9172518504460049,0.017251850446004857,3.0088234815860755,2.759331226348877,3.774716273864246,0.6971189809569518,1.1407441091704902,0.0,0.017251850446004857,0.10029411605286918,0.12582387579547488,
CSGS8,q4_2020,4,robust_rolling_cqr,combined_outage,ramp,363,0.8429752066115702,0.057024793388429806,5.8006049423395885,5.417548179626465,7.9439919650936375,1.4739121620648492,1.7953059377288805,0.057024793388429806,0.0,0.19335349807798627,0.2647997321697879,0.064453125
CSGS8,q4_2020,4,robust_rolling_cqr,irradiance_outage,non_ramp,5269,0.9237046877965458,0.023704687796545776,2.512122726032605,2.29030179977417,3.3157376527067766,0.613622981418763,1.047068540117355,0.0,0.023704687796545776,0.08373742420108683,0.11052458842355922,
CSGS8,q4_2020,4,robust_rolling_cqr,irradiance_outage,ramp,363,0.8264462809917356,0.07355371900826446,4.548721079737687,4.4283833503723145,6.587962985449257,1.114200647212257,1.425341687585493,0.07355371900826446,0.0,0.15162403599125623,0.21959876618164192,0.064453125
CSGS8,q4_2020,4,robust_rolling_cqr,recent_power_outage,non_ramp,5269,0.9280698424748529,0.02806984247485289,3.209602750061318,3.2136462926864624,3.766181160196341,0.7018895800196095,1.150075952976801,0.0,0.02806984247485289,0.10698675833537725,0.1255393720065447,
CSGS8,q4_2020,4,robust_rolling_cqr,recent_power_outage,ramp,363,0.8622589531680441,0.03774104683195589,5.931962592552926,5.646855115890503,7.682600243371134,1.4452008140317008,1.7995345492868862,0.03774104683195589,0.0,0.19773208641843087,0.2560866747790378,0.064453125
CSGS8,q4_2020,4,robust_rolling_cqr,weather_outage,non_ramp,5269,0.9132662744353768,0.013266274435376757,2.5114631697747045,2.3930236101150513,3.3984934145448027,0.6298443740517471,1.0664633658710383,0.0,0.013266274435376757,0.08371543899249015,0.11328311381816009,
CSGS8,q4_2020,4,robust_rolling_cqr,weather_outage,ramp,363,0.8154269972451791,0.08457300275482094,4.344118594343341,4.152800559997559,6.853690670089945,1.1395662771768806,1.4633765600122222,0.08457300275482094,0.0,0.14480395314477804,0.22845635566966482,0.064453125
