station,fold,horizon_steps,method,condition,ramp_direction,n,coverage,undercoverage_error,mean_width,normalized_width,mean_interval_score
CSGS2,q1_2020,1,clean_condition_cqr,clean,down,96,0.25,0.65,20.936447143554688,0.16104958951473236,139.48345947265625
CSGS2,q1_2020,1,clean_condition_cqr,clean,up,87,0.22988505747126436,0.6701149425287356,19.44023895263672,0.14954030513763428,131.7692108154297
CSGS2,q1_2020,1,clean_condition_cqr,combined_outage,down,96,0.9895833333333334,0.0,75.9975357055664,0.5845964550971985,76.14470672607422
CSGS2,q1_2020,1,clean_condition_cqr,combined_outage,up,87,0.8160919540229885,0.08390804597701151,77.96345520019531,0.5997188687324524,115.55850219726562
CSGS2,q1_2020,1,clean_condition_cqr,irradiance_outage,down,96,0.53125,0.36875,28.678937911987305,0.2206072211265564,87.92772674560547
CSGS2,q1_2020,1,clean_condition_cqr,irradiance_outage,up,87,0.1839080459770115,0.7160919540229885,21.088302612304688,0.16221770644187927,134.63784790039062
CSGS2,q1_2020,1,clean_condition_cqr,recent_power_outage,down,96,1.0,0.0,74.98922729492188,0.5768402218818665,74.98922729492188
CSGS2,q1_2020,1,clean_condition_cqr,recent_power_outage,up,87,0.8160919540229885,0.08390804597701151,78.36097717285156,0.6027767658233643,113.5827865600586
CSGS2,q1_2020,1,clean_condition_cqr,weather_outage,down,96,0.23958333333333334,0.6604166666666667,21.217208862304688,0.16320930421352386,148.35484313964844
CSGS2,q1_2020,1,clean_condition_cqr,weather_outage,up,87,0.21839080459770116,0.6816091954022989,18.912694931030273,0.14548227190971375,138.19544982910156
CSGS2,q1_2020,1,lgbm_condition_cqr,clean,down,96,0.3125,0.5875,25.14951515197754,0.19345781207084656,112.2322998046875
CSGS2,q1_2020,1,lgbm_condition_cqr,clean,up,87,0.3218390804597701,0.57816091954023,25.020662307739258,0.1924666315317154,120.42385864257812
CSGS2,q1_2020,1,lgbm_condition_cqr,combined_outage,down,96,0.9895833333333334,0.0,74.41594696044922,0.5724303722381592,74.86195373535156
CSGS2,q1_2020,1,lgbm_condition_cqr,combined_outage,up,87,0.7931034482758621,0.10689655172413792,77.7358169555664,0.597967803478241,117.99043273925781
CSGS2,q1_2020,1,lgbm_condition_cqr,irradiance_outage,down,96,0.3645833333333333,0.5354166666666667,27.990135192871094,0.21530872583389282,101.7156982421875
CSGS2,q1_2020,1,lgbm_condition_cqr,irradiance_outage,up,87,0.3448275862068966,0.5551724137931034,26.721946716308594,0.20555344223976135,106.57457733154297
CSGS2,q1_2020,1,lgbm_condition_cqr,recent_power_outage,down,96,0.9895833333333334,0.0,74.16806030273438,0.5705235600471497,74.5777359008789
CSGS2,q1_2020,1,lgbm_condition_cqr,recent_power_outage,up,87,0.7931034482758621,0.10689655172413792,78.45147705078125,0.603472888469696,119.44187927246094
CSGS2,q1_2020,1,lgbm_condition_cqr,weather_outage,down,96,0.3125,0.5875,25.10420036315918,0.19310922920703888,113.9302749633789
CSGS2,q1_2020,1,lgbm_condition_cqr,weather_outage,up,87,0.28735632183908044,0.6126436781609196,24.604610443115234,0.18926623463630676,125.20020294189453
CSGS2,q1_2020,1,oracle_ramp_mondrian,clean,down,96,0.90625,0.0,47.86773681640625,0.36821335554122925,59.12363052368164
CSGS2,q1_2020,1,oracle_ramp_mondrian,clean,up,87,0.8850574712643678,0.014942528735632177,46.7012939453125,0.35924071073532104,54.28334426879883
CSGS2,q1_2020,1,oracle_ramp_mondrian,combined_outage,down,96,0.8541666666666666,0.04583333333333339,55.378662109375,0.42598971724510193,71.94367218017578
CSGS2,q1_2020,1,oracle_ramp_mondrian,combined_outage,up,87,0.9310344827586207,0.0,48.484375,0.3729567229747772,54.49177169799805
CSGS2,q1_2020,1,oracle_ramp_mondrian,irradiance_outage,down,96,0.8645833333333334,0.03541666666666665,48.14805603027344,0.37036967277526855,60.26904296875
CSGS2,q1_2020,1,oracle_ramp_mondrian,irradiance_outage,up,87,0.8850574712643678,0.014942528735632177,46.46635437011719,0.3574334979057312,56.17395782470703
CSGS2,q1_2020,1,oracle_ramp_mondrian,recent_power_outage,down,96,0.875,0.025000000000000022,51.213623046875,0.3939509391784668,67.77408599853516
CSGS2,q1_2020,1,oracle_ramp_mondrian,recent_power_outage,up,87,0.8620689655172413,0.037931034482758696,46.280277252197266,0.3560021221637726,57.49470138549805
CSGS2,q1_2020,1,oracle_ramp_mondrian,weather_outage,down,96,0.90625,0.0,46.22382736206055,0.35556790232658386,58.7611083984375
CSGS2,q1_2020,1,oracle_ramp_mondrian,weather_outage,up,87,0.8505747126436781,0.0494252873563219,44.38152313232422,0.3413963317871094,56.396087646484375
CSGS2,q1_2020,1,persistence_condition_cqr,clean,down,96,0.0,0.9,19.494064331054688,0.14995433390140533,208.46856689453125
CSGS2,q1_2020,1,persistence_condition_cqr,clean,up,87,0.0,0.9,19.367483139038086,0.14898063242435455,209.78634643554688
CSGS2,q1_2020,1,persistence_condition_cqr,combined_outage,down,96,0.875,0.025000000000000022,96.54425048828125,0.7426480650901794,121.4595947265625
CSGS2,q1_2020,1,persistence_condition_cqr,combined_outage,up,87,0.8390804597701149,0.060919540229885105,75.66925048828125,0.5820711851119995,102.27608489990234
CSGS2,q1_2020,1,persistence_condition_cqr,irradiance_outage,down,96,0.0,0.9,19.494064331054688,0.14995433390140533,208.46856689453125
CSGS2,q1_2020,1,persistence_condition_cqr,irradiance_outage,up,87,0.0,0.9,19.367483139038086,0.14898063242435455,209.78634643554688
CSGS2,q1_2020,1,persistence_condition_cqr,recent_power_outage,down,96,0.875,0.025000000000000022,96.54425048828125,0.7426480650901794,121.4595947265625
CSGS2,q1_2020,1,persistence_condition_cqr,recent_power_outage,up,87,0.8390804597701149,0.060919540229885105,75.66925048828125,0.5820711851119995,102.27608489990234
CSGS2,q1_2020,1,persistence_condition_cqr,weather_outage,down,96,0.0,0.9,19.494064331054688,0.14995433390140533,208.46856689453125
CSGS2,q1_2020,1,persistence_condition_cqr,weather_outage,up,87,0.0,0.9,19.367483139038086,0.14898063242435455,209.78634643554688
CSGS2,q1_2020,1,robust_condition_cqr,clean,down,96,0.3854166666666667,0.5145833333333334,24.50645637512207,0.1885112076997757,111.5940933227539
CSGS2,q1_2020,1,robust_condition_cqr,clean,up,87,0.39080459770114945,0.5091954022988505,23.435104370117188,0.1802700310945511,105.6961898803711
CSGS2,q1_2020,1,robust_condition_cqr,combined_outage,down,96,0.65625,0.24375000000000002,34.53097915649414,0.26562291383743286,99.81378936767578
CSGS2,q1_2020,1,robust_condition_cqr,combined_outage,up,87,0.6091954022988506,0.2908045977011494,26.877002716064453,0.2067461758852005,79.64002227783203
CSGS2,q1_2020,1,robust_condition_cqr,irradiance_outage,down,96,0.3958333333333333,0.5041666666666667,26.827539443969727,0.2063656896352768,104.26058197021484
CSGS2,q1_2020,1,robust_condition_cqr,irradiance_outage,up,87,0.47126436781609193,0.4287356321839081,25.252758026123047,0.19425198435783386,97.50782012939453
CSGS2,q1_2020,1,robust_condition_cqr,recent_power_outage,down,96,0.5625,0.3375,32.07387161254883,0.24672208726406097,91.869873046875
CSGS2,q1_2020,1,robust_condition_cqr,recent_power_outage,up,87,0.47126436781609193,0.4287356321839081,26.801172256469727,0.20616286993026733,97.80892181396484
CSGS2,q1_2020,1,robust_condition_cqr,weather_outage,down,96,0.3541666666666667,0.5458333333333334,24.820863723754883,0.19092972576618195,112.4247817993164
CSGS2,q1_2020,1,robust_condition_cqr,weather_outage,up,87,0.41379310344827586,0.48620689655172417,23.109716415405273,0.1777670532464981,108.02014923095703
CSGS2,q1_2020,1,robust_local_cqr,clean,down,96,0.5729166666666666,0.3270833333333334,30.716079711914062,0.2362775355577469,85.47188568115234
CSGS2,q1_2020,1,robust_local_cqr,clean,up,87,0.5977011494252874,0.3022988505747126,31.004169464111328,0.23849360644817352,78.93598175048828
CSGS2,q1_2020,1,robust_local_cqr,combined_outage,down,96,0.7395833333333334,0.16041666666666665,39.15971374511719,0.3012285530567169,91.79341888427734
CSGS2,q1_2020,1,robust_local_cqr,combined_outage,up,87,0.6666666666666666,0.2333333333333334,30.521156311035156,0.23477812111377716,70.07522583007812
CSGS2,q1_2020,1,robust_local_cqr,irradiance_outage,down,96,0.5625,0.3375,30.85524559020996,0.2373480498790741,85.04190826416016
CSGS2,q1_2020,1,robust_local_cqr,irradiance_outage,up,87,0.6206896551724138,0.2793103448275862,31.78778648376465,0.24452143907546997,77.88407897949219
CSGS2,q1_2020,1,robust_local_cqr,recent_power_outage,down,96,0.7083333333333334,0.19166666666666665,35.17735290527344,0.2705950140953064,80.3611068725586
CSGS2,q1_2020,1,robust_local_cqr,recent_power_outage,up,87,0.6091954022988506,0.2908045977011494,31.422710418701172,0.24171315133571625,80.28276824951172
CSGS2,q1_2020,1,robust_local_cqr,weather_outage,down,96,0.5729166666666666,0.3270833333333334,31.28523826599121,0.24065567553043365,84.91106414794922
CSGS2,q1_2020,1,robust_local_cqr,weather_outage,up,87,0.5287356321839081,0.37126436781609196,30.033952713012695,0.2310304045677185,85.24334716796875
CSGS2,q1_2020,1,robust_risk_mondrian,clean,down,96,0.5104166666666666,0.3895833333333334,28.298131942749023,0.21767793595790863,93.9217758178711
CSGS2,q1_2020,1,robust_risk_mondrian,clean,up,87,0.5057471264367817,0.39425287356321836,27.08416175842285,0.20833970606327057,89.4288101196289
CSGS2,q1_2020,1,robust_risk_mondrian,combined_outage,down,96,0.6875,0.21250000000000002,36.635562896728516,0.28181201219558716,95.0291976928711
CSGS2,q1_2020,1,robust_risk_mondrian,combined_outage,up,87,0.6551724137931034,0.2448275862068966,29.06752586364746,0.22359634935855865,74.96321868896484
CSGS2,q1_2020,1,robust_risk_mondrian,irradiance_outage,down,96,0.4791666666666667,0.42083333333333334,29.94429588317871,0.23034073412418365,90.8663558959961
CSGS2,q1_2020,1,robust_risk_mondrian,irradiance_outage,up,87,0.5517241379310345,0.34827586206896555,28.41367530822754,0.21856673061847687,85.49247741699219
CSGS2,q1_2020,1,robust_risk_mondrian,recent_power_outage,down,96,0.5729166666666666,0.3270833333333334,32.21711349487305,0.24782395362854004,91.57465362548828
CSGS2,q1_2020,1,robust_risk_mondrian,recent_power_outage,up,87,0.47126436781609193,0.4287356321839081,26.864620208740234,0.20665092766284943,97.57219696044922
CSGS2,q1_2020,1,robust_risk_mondrian,weather_outage,down,96,0.5104166666666666,0.3895833333333334,28.762176513671875,0.22124750912189484,94.07159423828125
CSGS2,q1_2020,1,robust_risk_mondrian,weather_outage,up,87,0.4942528735632184,0.4057471264367816,26.641874313354492,0.20493748784065247,94.02577209472656
CSGS2,q1_2020,1,robust_rolling_cqr,clean,down,96,0.3854166666666667,0.5145833333333334,24.512243270874023,0.18855571746826172,111.59765625
CSGS2,q1_2020,1,robust_rolling_cqr,clean,up,87,0.39080459770114945,0.5091954022988505,23.4470272064209,0.18036174774169922,105.62997436523438
CSGS2,q1_2020,1,robust_rolling_cqr,combined_outage,down,96,0.6666666666666666,0.2333333333333334,36.057979583740234,0.27736908197402954,99.29421997070312
CSGS2,q1_2020,1,robust_rolling_cqr,combined_outage,up,87,0.632183908045977,0.267816091954023,28.14408302307129,0.21649295091629028,74.12069702148438
CSGS2,q1_2020,1,robust_rolling_cqr,irradiance_outage,down,96,0.3958333333333333,0.5041666666666667,26.831886291503906,0.2063991278409958,104.2509994506836
CSGS2,q1_2020,1,robust_rolling_cqr,irradiance_outage,up,87,0.47126436781609193,0.4287356321839081,25.259252548217773,0.19430194795131683,97.46810150146484
CSGS2,q1_2020,1,robust_rolling_cqr,recent_power_outage,down,96,0.6354166666666666,0.2645833333333334,34.235897064208984,0.26335304975509644,88.313232421875
CSGS2,q1_2020,1,robust_rolling_cqr,recent_power_outage,up,87,0.5172413793103449,0.38275862068965516,28.609909057617188,0.22007621824741364,87.12708282470703
CSGS2,q1_2020,1,robust_rolling_cqr,weather_outage,down,96,0.3541666666666667,0.5458333333333334,24.802968978881836,0.19079206883907318,112.5270767211914
CSGS2,q1_2020,1,robust_rolling_cqr,weather_outage,up,87,0.41379310344827586,0.48620689655172417,23.094629287719727,0.17765098810195923,108.10716247558594
CSGS2,q1_2020,4,clean_condition_cqr,clean,down,207,0.6714975845410628,0.22850241545893724,29.357946395874023,0.22583036124706268,87.24299621582031
CSGS2,q1_2020,4,clean_condition_cqr,clean,up,266,0.5676691729323309,0.33233082706766914,29.938373565673828,0.23029518127441406,95.97200012207031
CSGS2,q1_2020,4,clean_condition_cqr,combined_outage,down,207,0.9758454106280193,0.0,47.794307708740234,0.36764851212501526,50.18564987182617
CSGS2,q1_2020,4,clean_condition_cqr,combined_outage,up,266,0.8909774436090225,0.009022556390977488,68.58935546875,0.5276104211807251,86.22904968261719
CSGS2,q1_2020,4,clean_condition_cqr,irradiance_outage,down,207,0.8647342995169082,0.035265700483091855,33.97102737426758,0.26131558418273926,46.475711822509766
CSGS2,q1_2020,4,clean_condition_cqr,irradiance_outage,up,266,0.5488721804511278,0.3511278195488722,32.34059143066406,0.24877378344535828,106.7870101928711
CSGS2,q1_2020,4,clean_condition_cqr,recent_power_outage,down,207,0.9903381642512077,0.0,49.236053466796875,0.3787388801574707,49.80137634277344
CSGS2,q1_2020,4,clean_condition_cqr,recent_power_outage,up,266,0.849624060150376,0.050375939849624074,64.2598648071289,0.49430665373802185,90.8628921508789
CSGS2,q1_2020,4,clean_condition_cqr,weather_outage,down,207,0.6231884057971014,0.2768115942028986,30.217365264892578,0.2324412763118744,91.38123321533203
CSGS2,q1_2020,4,clean_condition_cqr,weather_outage,up,266,0.5263157894736842,0.37368421052631584,30.23876190185547,0.23260585963726044,117.79460144042969
CSGS2,q1_2020,4,lgbm_condition_cqr,clean,down,207,0.5217391304347826,0.37826086956521743,30.423667907714844,0.23402822017669678,76.90648651123047
CSGS2,q1_2020,4,lgbm_condition_cqr,clean,up,266,0.6766917293233082,0.2233082706766918,42.022403717041016,0.3232492506504059,85.69426727294922
CSGS2,q1_2020,4,lgbm_condition_cqr,combined_outage,down,207,0.9903381642512077,0.0,48.72069549560547,0.3747745752334595,49.58168029785156
CSGS2,q1_2020,4,lgbm_condition_cqr,combined_outage,up,266,0.9172932330827067,0.0,69.3413314819336,0.5333948731422424,85.9220199584961
CSGS2,q1_2020,4,lgbm_condition_cqr,irradiance_outage,down,207,0.7294685990338164,0.17053140096618358,34.51511001586914,0.26550084352493286,51.412410736083984
CSGS2,q1_2020,4,lgbm_condition_cqr,irradiance_outage,up,266,0.6917293233082706,0.20827067669172938,42.3701171875,0.32592397928237915,81.07035064697266
CSGS2,q1_2020,4,lgbm_condition_cqr,recent_power_outage,down,207,0.9903381642512077,0.0,47.862388610839844,0.36817222833633423,48.31028747558594
CSGS2,q1_2020,4,lgbm_condition_cqr,recent_power_outage,up,266,0.8984962406015038,0.0015037593984962294,69.99209594726562,0.5384007096290588,91.75001525878906
CSGS2,q1_2020,4,lgbm_condition_cqr,weather_outage,down,207,0.4782608695652174,0.4217391304347826,29.80672836303711,0.22928252816200256,83.87000274658203
CSGS2,q1_2020,4,lgbm_condition_cqr,weather_outage,up,266,0.6729323308270677,0.2270676691729323,41.43695831298828,0.31874582171440125,83.27498626708984
CSGS2,q1_2020,4,oracle_ramp_mondrian,clean,down,207,0.9033816425120773,0.0,44.56582260131836,0.34281402826309204,57.305152893066406
CSGS2,q1_2020,4,oracle_ramp_mondrian,clean,up,266,0.8721804511278195,0.027819548872180522,45.96908187866211,0.35360831022262573,59.303199768066406
CSGS2,q1_2020,4,oracle_ramp_mondrian,combined_outage,down,207,0.9565217391304348,0.0,53.77766418457031,0.41367435455322266,58.217079162597656
CSGS2,q1_2020,4,oracle_ramp_mondrian,combined_outage,up,266,0.8571428571428571,0.04285714285714293,51.511287689208984,0.3962406814098358,64.16178894042969
CSGS2,q1_2020,4,oracle_ramp_mondrian,irradiance_outage,down,207,0.9227053140096618,0.0,46.83472442626953,0.36026710271835327,54.719844818115234
CSGS2,q1_2020,4,oracle_ramp_mondrian,irradiance_outage,up,266,0.8646616541353384,0.03533834586466167,46.1950569152832,0.35534659028053284,62.027137756347656
CSGS2,q1_2020,4,oracle_ramp_mondrian,recent_power_outage,down,207,0.9033816425120773,0.0,38.7457160949707,0.29804396629333496,51.11177062988281
CSGS2,q1_2020,4,oracle_ramp_mondrian,recent_power_outage,up,266,0.8984962406015038,0.0015037593984962294,47.87877655029297,0.3682982921600342,61.35505294799805
CSGS2,q1_2020,4,oracle_ramp_mondrian,weather_outage,down,207,0.8985507246376812,0.0014492753623188692,47.883392333984375,0.3683337867259979,61.85409927368164
CSGS2,q1_2020,4,oracle_ramp_mondrian,weather_outage,up,266,0.8909774436090225,0.009022556390977488,48.7000617980957,0.3746158480644226,60.21691131591797
CSGS2,q1_2020,4,persistence_condition_cqr,clean,down,207,0.2946859903381642,0.6053140096618358,60.46284484863281,0.4650987982749939,200.1904754638672
CSGS2,q1_2020,4,persistence_condition_cqr,clean,up,266,0.39849624060150374,0.5015037593984963,48.176597595214844,0.3705892264842987,151.67910766601562
CSGS2,q1_2020,4,persistence_condition_cqr,combined_outage,down,207,0.8115942028985508,0.08840579710144925,109.50865936279297,0.842374324798584,148.952392578125
CSGS2,q1_2020,4,persistence_condition_cqr,combined_outage,up,266,0.8796992481203008,0.020300751879699264,73.4710693359375,0.5651620626449585,93.33882904052734
CSGS2,q1_2020,4,persistence_condition_cqr,irradiance_outage,down,207,0.2946859903381642,0.6053140096618358,60.46284484863281,0.4650987982749939,200.1904754638672
CSGS2,q1_2020,4,persistence_condition_cqr,irradiance_outage,up,266,0.39849624060150374,0.5015037593984963,48.176597595214844,0.3705892264842987,151.67910766601562
CSGS2,q1_2020,4,persistence_condition_cqr,recent_power_outage,down,207,0.8115942028985508,0.08840579710144925,109.50865936279297,0.842374324798584,148.952392578125
CSGS2,q1_2020,4,persistence_condition_cqr,recent_power_outage,up,266,0.8796992481203008,0.020300751879699264,73.4710693359375,0.5651620626449585,93.33882904052734
CSGS2,q1_2020,4,persistence_condition_cqr,weather_outage,down,207,0.2946859903381642,0.6053140096618358,60.46284484863281,0.4650987982749939,200.1904754638672
CSGS2,q1_2020,4,persistence_condition_cqr,weather_outage,up,266,0.39849624060150374,0.5015037593984963,48.176597595214844,0.3705892264842987,151.67910766601562
CSGS2,q1_2020,4,robust_condition_cqr,clean,down,207,0.6714975845410628,0.22850241545893724,29.47783851623535,0.2267526090145111,74.20423889160156
CSGS2,q1_2020,4,robust_condition_cqr,clean,up,266,0.6466165413533834,0.2533834586466166,29.450891494750977,0.2265453189611435,79.36156463623047
CSGS2,q1_2020,4,robust_condition_cqr,combined_outage,down,207,0.8019323671497585,0.09806763285024156,38.5983772277832,0.2969105839729309,62.834861755371094
CSGS2,q1_2020,4,robust_condition_cqr,combined_outage,up,266,0.5714285714285714,0.3285714285714286,33.429901123046875,0.25715309381484985,98.85108947753906
CSGS2,q1_2020,4,robust_condition_cqr,irradiance_outage,down,207,0.7342995169082126,0.16570048309178742,33.057430267333984,0.2542879283428192,64.8538818359375
CSGS2,q1_2020,4,robust_condition_cqr,irradiance_outage,up,266,0.6729323308270677,0.2270676691729323,30.739559173583984,0.23645815253257751,80.22492980957031
CSGS2,q1_2020,4,robust_condition_cqr,recent_power_outage,down,207,0.7681159420289855,0.13188405797101455,28.966764450073242,0.22282126545906067,58.054420471191406
CSGS2,q1_2020,4,robust_condition_cqr,recent_power_outage,up,266,0.7857142857142857,0.11428571428571432,37.25914764404297,0.28660881519317627,67.34303283691406
CSGS2,q1_2020,4,robust_condition_cqr,weather_outage,down,207,0.6328502415458938,0.26714975845410627,30.8635196685791,0.23741169273853302,83.63655090332031
CSGS2,q1_2020,4,robust_condition_cqr,weather_outage,up,266,0.5789473684210527,0.32105263157894737,30.102140426635742,0.23155492544174194,93.25321960449219
CSGS2,q1_2020,4,robust_local_cqr,clean,down,207,0.7294685990338164,0.17053140096618358,32.90929412841797,0.2531484067440033,65.30927276611328
CSGS2,q1_2020,4,robust_local_cqr,clean,up,266,0.793233082706767,0.10676691729323307,37.36408615112305,0.2874160408973694,66.72465515136719
CSGS2,q1_2020,4,robust_local_cqr,combined_outage,down,207,0.8164251207729468,0.0835748792270532,39.294681549072266,0.30226677656173706,58.501773834228516
CSGS2,q1_2020,4,robust_local_cqr,combined_outage,up,266,0.6541353383458647,0.24586466165413534,39.08452224731445,0.3006501793861389,81.32411193847656
CSGS2,q1_2020,4,robust_local_cqr,irradiance_outage,down,207,0.821256038647343,0.07874396135265704,36.4468994140625,0.28036075830459595,57.573883056640625
CSGS2,q1_2020,4,robust_local_cqr,irradiance_outage,up,266,0.8045112781954887,0.09548872180451129,39.55271530151367,0.30425167083740234,68.63262176513672
CSGS2,q1_2020,4,robust_local_cqr,recent_power_outage,down,207,0.8357487922705314,0.06425120772946857,32.730934143066406,0.25177642703056335,51.53908920288086
CSGS2,q1_2020,4,robust_local_cqr,recent_power_outage,up,266,0.8721804511278195,0.027819548872180522,44.71672439575195,0.3439747989177704,61.59385681152344
CSGS2,q1_2020,4,robust_local_cqr,weather_outage,down,207,0.7053140096618358,0.19468599033816425,33.73508834838867,0.2595006823539734,74.84878540039062
CSGS2,q1_2020,4,robust_local_cqr,weather_outage,up,266,0.7481203007518797,0.15187969924812028,38.904335021972656,0.2992641031742096,70.79915618896484
CSGS2,q1_2020,4,robust_risk_mondrian,clean,down,207,0.7971014492753623,0.10289855072463772,35.639305114746094,0.27414849400520325,64.0450439453125
CSGS2,q1_2020,4,robust_risk_mondrian,clean,up,266,0.7781954887218046,0.12180451127819547,36.330078125,0.27946212887763977,71.1377182006836
CSGS2,q1_2020,4,robust_risk_mondrian,combined_outage,down,207,0.7971014492753623,0.10289855072463772,37.66504669189453,0.28973111510276794,63.58823013305664
CSGS2,q1_2020,4,robust_risk_mondrian,combined_outage,up,266,0.6879699248120301,0.2120300751879699,41.20246505737305,0.316942036151886,78.09351348876953
CSGS2,q1_2020,4,robust_risk_mondrian,irradiance_outage,down,207,0.8502415458937198,0.049758454106280214,39.207149505615234,0.30159345269203186,59.160552978515625
CSGS2,q1_2020,4,robust_risk_mondrian,irradiance_outage,up,266,0.7857142857142857,0.11428571428571432,37.89898681640625,0.29153066873550415,73.12947845458984
CSGS2,q1_2020,4,robust_risk_mondrian,recent_power_outage,down,207,0.7632850241545893,0.1367149758454107,28.698211669921875,0.220755472779274,58.45724868774414
CSGS2,q1_2020,4,robust_risk_mondrian,recent_power_outage,up,266,0.8308270676691729,0.06917293233082711,41.683616638183594,0.32064321637153625,64.98016357421875
CSGS2,q1_2020,4,robust_risk_mondrian,weather_outage,down,207,0.7922705314009661,0.10772946859903387,37.87517166137695,0.291347473859787,72.24620819091797
CSGS2,q1_2020,4,robust_risk_mondrian,weather_outage,up,266,0.6842105263157895,0.21578947368421053,37.91427230834961,0.2916482388973236,77.86244201660156
CSGS2,q1_2020,4,robust_rolling_cqr,clean,down,207,0.6908212560386473,0.20917874396135272,31.77176284790039,0.24439817667007446,73.94071960449219
CSGS2,q1_2020,4,robust_rolling_cqr,clean,up,266,0.7255639097744361,0.17443609022556394,32.44838333129883,0.24960294365882874,68.93089294433594
CSGS2,q1_2020,4,robust_rolling_cqr,combined_outage,down,207,0.821256038647343,0.07874396135265704,41.519569396972656,0.3193812966346741,64.64595031738281
CSGS2,q1_2020,4,robust_rolling_cqr,combined_outage,up,266,0.6842105263157895,0.21578947368421053,37.83586502075195,0.2910451292991638,79.79653930664062
CSGS2,q1_2020,4,robust_rolling_cqr,irradiance_outage,down,207,0.7729468599033816,0.1270531400966184,34.5805549621582,0.2660042643547058,65.10279083251953
CSGS2,q1_2020,4,robust_rolling_cqr,irradiance_outage,up,266,0.7105263157894737,0.18947368421052635,32.59174728393555,0.250705748796463,73.39826202392578
CSGS2,q1_2020,4,robust_rolling_cqr,recent_power_outage,down,207,0.8067632850241546,0.0932367149758454,32.962093353271484,0.2535545527935028,57.70930480957031
CSGS2,q1_2020,4,robust_rolling_cqr,recent_power_outage,up,266,0.849624060150376,0.050375939849624074,42.05390167236328,0.32349154353141785,63.43647384643555
CSGS2,q1_2020,4,robust_rolling_cqr,weather_outage,down,207,0.6521739130434783,0.24782608695652175,33.00352096557617,0.25387322902679443,84.02730560302734
CSGS2,q1_2020,4,robust_rolling_cqr,weather_outage,up,266,0.6278195488721805,0.2721804511278195,32.89194107055664,0.2530149221420288,79.80802154541016
CSGS2,q2_2020,1,clean_condition_cqr,clean,down,183,0.2896174863387978,0.6103825136612022,22.48035430908203,0.17292580008506775,151.2630157470703
CSGS2,q2_2020,1,clean_condition_cqr,clean,up,154,0.19480519480519481,0.7051948051948052,22.408672332763672,0.1723743975162506,161.5846710205078
CSGS2,q2_2020,1,clean_condition_cqr,combined_outage,down,183,0.6721311475409836,0.22786885245901645,57.70653533935547,0.44389641284942627,117.14774322509766
CSGS2,q2_2020,1,clean_condition_cqr,combined_outage,up,154,0.2662337662337662,0.6337662337662338,59.830326080322266,0.46023327112197876,337.17572021484375
CSGS2,q2_2020,1,clean_condition_cqr,irradiance_outage,down,183,0.6065573770491803,0.2934426229508197,29.53645896911621,0.22720353305339813,97.22782135009766
CSGS2,q2_2020,1,clean_condition_cqr,irradiance_outage,up,154,0.2597402597402597,0.6402597402597403,26.830034255981445,0.20638488233089447,150.09512329101562
CSGS2,q2_2020,1,clean_condition_cqr,recent_power_outage,down,183,0.6721311475409836,0.22786885245901645,57.33530807495117,0.44104084372520447,116.01348876953125
CSGS2,q2_2020,1,clean_condition_cqr,recent_power_outage,up,154,0.24675324675324675,0.6532467532467533,59.023109436035156,0.45402392745018005,345.747314453125
CSGS2,q2_2020,1,clean_condition_cqr,weather_outage,down,183,0.30601092896174864,0.5939890710382514,22.32111358642578,0.1717008799314499,149.82681274414062
CSGS2,q2_2020,1,clean_condition_cqr,weather_outage,up,154,0.18831168831168832,0.7116883116883117,22.551713943481445,0.1734747290611267,160.91629028320312
CSGS2,q2_2020,1,lgbm_condition_cqr,clean,down,183,0.5792349726775956,0.3207650273224044,27.956321716308594,0.2150486260652542,87.84537506103516
CSGS2,q2_2020,1,lgbm_condition_cqr,clean,up,154,0.2727272727272727,0.6272727272727273,29.009056091308594,0.22314658761024475,142.95745849609375
CSGS2,q2_2020,1,lgbm_condition_cqr,combined_outage,down,183,0.7103825136612022,0.18961748633879782,58.57061004638672,0.4505431652069092,106.18659210205078
CSGS2,q2_2020,1,lgbm_condition_cqr,combined_outage,up,154,0.23376623376623376,0.6662337662337663,60.206851959228516,0.4631296396255493,331.24896240234375
CSGS2,q2_2020,1,lgbm_condition_cqr,irradiance_outage,down,183,0.6284153005464481,0.2715846994535519,29.069746017456055,0.2236134260892868,82.62358093261719
CSGS2,q2_2020,1,lgbm_condition_cqr,irradiance_outage,up,154,0.2922077922077922,0.6077922077922078,30.348365783691406,0.23344896733760834,134.5845184326172
CSGS2,q2_2020,1,lgbm_condition_cqr,recent_power_outage,down,183,0.7158469945355191,0.18415300546448088,58.708900451660156,0.4516069293022156,106.65721130371094
CSGS2,q2_2020,1,lgbm_condition_cqr,recent_power_outage,up,154,0.24025974025974026,0.6597402597402597,60.153236389160156,0.462717205286026,331.31671142578125
CSGS2,q2_2020,1,lgbm_condition_cqr,weather_outage,down,183,0.5628415300546448,0.33715846994535525,27.55304718017578,0.2119465172290802,88.69611358642578
CSGS2,q2_2020,1,lgbm_condition_cqr,weather_outage,up,154,0.2792207792207792,0.6207792207792209,28.85039520263672,0.22192612290382385,144.08908081054688
CSGS2,q2_2020,1,oracle_ramp_mondrian,clean,down,183,0.9016393442622951,0.0,52.605255126953125,0.4046558141708374,68.76022338867188
CSGS2,q2_2020,1,oracle_ramp_mondrian,clean,up,154,0.8636363636363636,0.036363636363636376,52.082149505615234,0.4006319046020508,65.56969451904297
CSGS2,q2_2020,1,oracle_ramp_mondrian,combined_outage,down,183,0.8360655737704918,0.06393442622950818,54.26258850097656,0.41740453243255615,91.4266586303711
CSGS2,q2_2020,1,oracle_ramp_mondrian,combined_outage,up,154,0.8766233766233766,0.023376623376623384,52.79401779174805,0.4061078429222107,73.51742553710938
CSGS2,q2_2020,1,oracle_ramp_mondrian,irradiance_outage,down,183,0.8579234972677595,0.042076502732240506,51.5453987121582,0.3965030610561371,69.07996368408203
CSGS2,q2_2020,1,oracle_ramp_mondrian,irradiance_outage,up,154,0.8246753246753247,0.07532467532467535,51.32826614379883,0.3948328197002411,68.67784118652344
CSGS2,q2_2020,1,oracle_ramp_mondrian,recent_power_outage,down,183,0.8688524590163934,0.031147540983606614,57.131893157958984,0.4394761025905609,82.40673828125
CSGS2,q2_2020,1,oracle_ramp_mondrian,recent_power_outage,up,154,0.8766233766233766,0.023376623376623384,53.27564239501953,0.4098126292228699,70.65391540527344
CSGS2,q2_2020,1,oracle_ramp_mondrian,weather_outage,down,183,0.8852459016393442,0.014754098360655776,51.13923263549805,0.39337870478630066,69.1527099609375
CSGS2,q2_2020,1,oracle_ramp_mondrian,weather_outage,up,154,0.8441558441558441,0.05584415584415592,50.4649658203125,0.3881920576095581,66.33554077148438
CSGS2,q2_2020,1,persistence_condition_cqr,clean,down,183,0.0,0.9,14.385468482971191,0.1106574535369873,295.3071594238281
CSGS2,q2_2020,1,persistence_condition_cqr,clean,up,154,0.0,0.9,14.385467529296875,0.11065744608640671,261.2598876953125
CSGS2,q2_2020,1,persistence_condition_cqr,combined_outage,down,183,0.7759562841530054,0.12404371584699458,83.00023651123047,0.6384633779525757,135.49314880371094
CSGS2,q2_2020,1,persistence_condition_cqr,combined_outage,up,154,0.7012987012987013,0.1987012987012987,74.31755828857422,0.5716735124588013,139.74514770507812
CSGS2,q2_2020,1,persistence_condition_cqr,irradiance_outage,down,183,0.0,0.9,14.385468482971191,0.1106574535369873,295.3071594238281
CSGS2,q2_2020,1,persistence_condition_cqr,irradiance_outage,up,154,0.0,0.9,14.385467529296875,0.11065744608640671,261.2598876953125
CSGS2,q2_2020,1,persistence_condition_cqr,recent_power_outage,down,183,0.7759562841530054,0.12404371584699458,83.00023651123047,0.6384633779525757,135.49314880371094
CSGS2,q2_2020,1,persistence_condition_cqr,recent_power_outage,up,154,0.7012987012987013,0.1987012987012987,74.31755828857422,0.5716735124588013,139.74514770507812
CSGS2,q2_2020,1,persistence_condition_cqr,weather_outage,down,183,0.0,0.9,14.385468482971191,0.1106574535369873,295.3071594238281
CSGS2,q2_2020,1,persistence_condition_cqr,weather_outage,up,154,0.0,0.9,14.385467529296875,0.11065744608640671,261.2598876953125
CSGS2,q2_2020,1,robust_condition_cqr,clean,down,183,0.48633879781420764,0.4136612021857924,27.90528678894043,0.2146560549736023,113.98555755615234
CSGS2,q2_2020,1,robust_condition_cqr,clean,up,154,0.33116883116883117,0.5688311688311689,27.38219451904297,0.21063226461410522,137.43753051757812
CSGS2,q2_2020,1,robust_condition_cqr,combined_outage,down,183,0.7049180327868853,0.19508196721311477,38.182308197021484,0.29371005296707153,110.80345153808594
CSGS2,q2_2020,1,robust_condition_cqr,combined_outage,up,154,0.6038961038961039,0.2961038961038961,36.498260498046875,0.2807558476924896,97.31131744384766
CSGS2,q2_2020,1,robust_condition_cqr,irradiance_outage,down,183,0.5573770491803278,0.3426229508196722,30.097896575927734,0.23152227699756622,105.6571273803711
CSGS2,q2_2020,1,robust_condition_cqr,irradiance_outage,up,154,0.37662337662337664,0.5233766233766234,29.864486694335938,0.22972682118415833,132.05123901367188
CSGS2,q2_2020,1,robust_condition_cqr,recent_power_outage,down,183,0.7213114754098361,0.17868852459016393,40.30077362060547,0.31000596284866333,101.6116714477539
CSGS2,q2_2020,1,robust_condition_cqr,recent_power_outage,up,154,0.538961038961039,0.36103896103896105,36.373573303222656,0.2797967195510864,98.97234344482422
CSGS2,q2_2020,1,robust_condition_cqr,weather_outage,down,183,0.5136612021857924,0.38633879781420766,28.006650924682617,0.21543577313423157,112.00851440429688
CSGS2,q2_2020,1,robust_condition_cqr,weather_outage,up,154,0.3246753246753247,0.5753246753246753,27.332386016845703,0.210249125957489,137.10752868652344
CSGS2,q2_2020,1,robust_local_cqr,clean,down,183,0.5737704918032787,0.32622950819672136,32.55972671508789,0.2504594326019287,98.07878875732422
CSGS2,q2_2020,1,robust_local_cqr,clean,up,154,0.461038961038961,0.438961038961039,32.741546630859375,0.25185805559158325,113.73159790039062
CSGS2,q2_2020,1,robust_local_cqr,combined_outage,down,183,0.7377049180327869,0.1622950819672131,43.71464538574219,0.33626651763916016,99.2822494506836
CSGS2,q2_2020,1,robust_local_cqr,combined_outage,up,154,0.7337662337662337,0.1662337662337663,42.64531707763672,0.3280408978462219,86.98655700683594
CSGS2,q2_2020,1,robust_local_cqr,irradiance_outage,down,183,0.6065573770491803,0.2934426229508197,33.10947036743164,0.25468823313713074,95.47715759277344
CSGS2,q2_2020,1,robust_local_cqr,irradiance_outage,up,154,0.461038961038961,0.438961038961039,33.86774444580078,0.2605211138725281,116.22795867919922
CSGS2,q2_2020,1,robust_local_cqr,recent_power_outage,down,183,0.7704918032786885,0.12950819672131153,45.75825500488281,0.3519865870475769,91.14046478271484
CSGS2,q2_2020,1,robust_local_cqr,recent_power_outage,up,154,0.6623376623376623,0.23766233766233769,41.99146270751953,0.32301124930381775,86.25244903564453
CSGS2,q2_2020,1,robust_local_cqr,weather_outage,down,183,0.5956284153005464,0.3043715846994536,32.71617889404297,0.2516629099845886,96.27908325195312
CSGS2,q2_2020,1,robust_local_cqr,weather_outage,up,154,0.461038961038961,0.438961038961039,32.7574577331543,0.2519804537296295,113.08892822265625
CSGS2,q2_2020,1,robust_risk_mondrian,clean,down,183,0.5300546448087432,0.3699453551912568,29.655454635620117,0.2281188815832138,107.5303726196289
CSGS2,q2_2020,1,robust_risk_mondrian,clean,up,154,0.37662337662337664,0.5233766233766234,29.104995727539062,0.22388458251953125,128.48947143554688
CSGS2,q2_2020,1,robust_risk_mondrian,combined_outage,down,183,0.7486338797814208,0.1513661202185792,42.361270904541016,0.32585594058036804,102.3702163696289
CSGS2,q2_2020,1,robust_risk_mondrian,combined_outage,up,154,0.6688311688311688,0.23116883116883125,40.62093734741211,0.3124687373638153,87.96227264404297
CSGS2,q2_2020,1,robust_risk_mondrian,irradiance_outage,down,183,0.5737704918032787,0.32622950819672136,31.02047348022461,0.23861902952194214,102.8665542602539
CSGS2,q2_2020,1,robust_risk_mondrian,irradiance_outage,up,154,0.38311688311688313,0.5168831168831169,30.829025268554688,0.23714634776115417,127.31341552734375
CSGS2,q2_2020,1,robust_risk_mondrian,recent_power_outage,down,183,0.726775956284153,0.173224043715847,41.508934020996094,0.31929948925971985,100.57186889648438
CSGS2,q2_2020,1,robust_risk_mondrian,recent_power_outage,up,154,0.5584415584415584,0.3415584415584416,37.304359436035156,0.2869566082954407,98.53247833251953
CSGS2,q2_2020,1,robust_risk_mondrian,weather_outage,down,183,0.5519125683060109,0.34808743169398915,30.461519241333008,0.23431937396526337,103.12769317626953
CSGS2,q2_2020,1,robust_risk_mondrian,weather_outage,up,154,0.38311688311688313,0.5168831168831169,29.742897033691406,0.2287915199995041,124.73934936523438
CSGS2,q2_2020,1,robust_rolling_cqr,clean,down,183,0.4918032786885246,0.40819672131147544,28.59435272216797,0.21995656192302704,111.90338134765625
CSGS2,q2_2020,1,robust_rolling_cqr,clean,up,154,0.33766233766233766,0.5623376623376624,28.023462295532227,0.21556510031223297,133.62551879882812
CSGS2,q2_2020,1,robust_rolling_cqr,combined_outage,down,183,0.6775956284153005,0.2224043715846995,36.521419525146484,0.28093400597572327,115.64763641357422
CSGS2,q2_2020,1,robust_rolling_cqr,combined_outage,up,154,0.5324675324675324,0.3675324675324676,34.729637145996094,0.2671510577201843,103.78227996826172
CSGS2,q2_2020,1,robust_rolling_cqr,irradiance_outage,down,183,0.5683060109289617,0.3316939890710383,30.44759178161621,0.2342122495174408,104.9219741821289
CSGS2,q2_2020,1,robust_rolling_cqr,irradiance_outage,up,154,0.38311688311688313,0.5168831168831169,30.177810668945312,0.23213700950145721,130.03819274902344
CSGS2,q2_2020,1,robust_rolling_cqr,recent_power_outage,down,183,0.7103825136612022,0.18961748633879782,38.85920333862305,0.29891693592071533,105.14555358886719
CSGS2,q2_2020,1,robust_rolling_cqr,recent_power_outage,up,154,0.5324675324675324,0.3675324675324676,34.80928421020508,0.26776373386383057,106.45500183105469
CSGS2,q2_2020,1,robust_rolling_cqr,weather_outage,down,183,0.5136612021857924,0.38633879781420766,28.615074157714844,0.22011595964431763,110.34244537353516
CSGS2,q2_2020,1,robust_rolling_cqr,weather_outage,up,154,0.33116883116883117,0.5688311688311689,27.867450714111328,0.21436500549316406,133.7005615234375
CSGS2,q2_2020,4,clean_condition_cqr,clean,down,298,0.5939597315436241,0.3060402684563759,31.333276748657227,0.24102520942687988,148.1952667236328
CSGS2,q2_2020,4,clean_condition_cqr,clean,up,259,0.5019305019305019,0.3980694980694981,30.709882736206055,0.23622986674308777,129.73355102539062
CSGS2,q2_2020,4,clean_condition_cqr,combined_outage,down,298,0.8825503355704698,0.01744966442953022,46.70148468017578,0.35924220085144043,57.29353332519531
CSGS2,q2_2020,4,clean_condition_cqr,combined_outage,up,259,0.6023166023166023,0.2976833976833977,61.77288055419922,0.47517600655555725,156.76918029785156
CSGS2,q2_2020,4,clean_condition_cqr,irradiance_outage,down,298,0.761744966442953,0.13825503355704705,39.023956298828125,0.3001842796802521,113.89106750488281
CSGS2,q2_2020,4,clean_condition_cqr,irradiance_outage,up,259,0.5791505791505791,0.3208494208494209,33.92152786254883,0.26093482971191406,119.146240234375
CSGS2,q2_2020,4,clean_condition_cqr,recent_power_outage,down,298,0.9563758389261745,0.0,53.85292434692383,0.41425326466560364,56.72520065307617
CSGS2,q2_2020,4,clean_condition_cqr,recent_power_outage,up,259,0.4749034749034749,0.4250965250965251,55.352691650390625,0.4257899224758148,206.1479949951172
CSGS2,q2_2020,4,clean_condition_cqr,weather_outage,down,298,0.6241610738255033,0.2758389261744967,32.23237609863281,0.24794135987758636,145.86526489257812
CSGS2,q2_2020,4,clean_condition_cqr,weather_outage,up,259,0.5328185328185329,0.36718146718146716,31.53180694580078,0.24255235493183136,126.26312255859375
CSGS2,q2_2020,4,lgbm_condition_cqr,clean,down,298,0.6879194630872483,0.21208053691275175,31.9953670501709,0.2461182028055191,93.8847427368164
CSGS2,q2_2020,4,lgbm_condition_cqr,clean,up,259,0.5675675675675675,0.3324324324324325,39.25387191772461,0.30195286870002747,107.01529693603516
CSGS2,q2_2020,4,lgbm_condition_cqr,combined_outage,down,298,0.8456375838926175,0.05436241610738257,45.482513427734375,0.34986549615859985,56.18177032470703
CSGS2,q2_2020,4,lgbm_condition_cqr,combined_outage,up,259,0.6138996138996139,0.28610038610038613,59.69706344604492,0.4592081904411316,148.34854125976562
CSGS2,q2_2020,4,lgbm_condition_cqr,irradiance_outage,down,298,0.8557046979865772,0.0442953020134228,39.89649200439453,0.3068960905075073,66.383056640625
CSGS2,q2_2020,4,lgbm_condition_cqr,irradiance_outage,up,259,0.6332046332046332,0.26679536679536686,42.870033264160156,0.329769492149353,99.3096923828125
CSGS2,q2_2020,4,lgbm_condition_cqr,recent_power_outage,down,298,0.9530201342281879,0.0,44.798397064208984,0.3446030616760254,47.69318771362305
CSGS2,q2_2020,4,lgbm_condition_cqr,recent_power_outage,up,259,0.5752895752895753,0.32471042471042477,55.049346923828125,0.4234565198421478,157.99903869628906
CSGS2,q2_2020,4,lgbm_condition_cqr,weather_outage,down,298,0.6711409395973155,0.22885906040268456,31.205347061157227,0.24004113674163818,94.3883285522461
CSGS2,q2_2020,4,lgbm_condition_cqr,weather_outage,up,259,0.555984555984556,0.34401544401544404,39.285953521728516,0.3021996319293976,108.93165588378906
CSGS2,q2_2020,4,oracle_ramp_mondrian,clean,down,298,0.8288590604026845,0.07114093959731549,47.533164978027344,0.36563971638679504,90.2556381225586
CSGS2,q2_2020,4,oracle_ramp_mondrian,clean,up,259,0.8455598455598455,0.05444015444015449,48.34852981567383,0.37191176414489746,67.6922836303711
CSGS2,q2_2020,4,oracle_ramp_mondrian,combined_outage,down,298,0.802013422818792,0.09798657718120807,45.842098236083984,0.352631539106369,103.69930267333984
CSGS2,q2_2020,4,oracle_ramp_mondrian,combined_outage,up,259,0.8571428571428571,0.04285714285714293,43.150569915771484,0.33192744851112366,65.36712646484375
CSGS2,q2_2020,4,oracle_ramp_mondrian,irradiance_outage,down,298,0.8557046979865772,0.0442953020134228,50.61848449707031,0.38937294483184814,87.81394958496094
CSGS2,q2_2020,4,oracle_ramp_mondrian,irradiance_outage,up,259,0.833976833976834,0.06602316602316605,48.39814758300781,0.3722934424877167,70.90345764160156
CSGS2,q2_2020,4,oracle_ramp_mondrian,recent_power_outage,down,298,0.825503355704698,0.074496644295302,47.157073974609375,0.3627467155456543,90.92534637451172
CSGS2,q2_2020,4,oracle_ramp_mondrian,recent_power_outage,up,259,0.8494208494208494,0.050579150579150634,44.608680725097656,0.3431437015533447,67.99119567871094
CSGS2,q2_2020,4,oracle_ramp_mondrian,weather_outage,down,298,0.8322147651006712,0.06778523489932886,49.41780471801758,0.38013696670532227,90.6839370727539
CSGS2,q2_2020,4,oracle_ramp_mondrian,weather_outage,up,259,0.8687258687258688,0.031274131274131256,49.72980499267578,0.38253694772720337,68.38265228271484
CSGS2,q2_2020,4,persistence_condition_cqr,clean,down,298,0.0,0.9,48.04205322265625,0.3695542514324188,289.4646301269531
CSGS2,q2_2020,4,persistence_condition_cqr,clean,up,259,0.0,0.9,45.567626953125,0.35052019357681274,229.32142639160156
CSGS2,q2_2020,4,persistence_condition_cqr,combined_outage,down,298,0.6879194630872483,0.21208053691275175,96.48331451416016,0.7421793341636658,181.75784301757812
CSGS2,q2_2020,4,persistence_condition_cqr,combined_outage,up,259,0.5096525096525096,0.3903474903474904,64.63034057617188,0.4971564710140228,169.43316650390625
CSGS2,q2_2020,4,persistence_condition_cqr,irradiance_outage,down,298,0.0,0.9,48.04205322265625,0.3695542514324188,289.4646301269531
CSGS2,q2_2020,4,persistence_condition_cqr,irradiance_outage,up,259,0.0,0.9,45.567626953125,0.35052019357681274,229.32142639160156
CSGS2,q2_2020,4,persistence_condition_cqr,recent_power_outage,down,298,0.6879194630872483,0.21208053691275175,96.48331451416016,0.7421793341636658,181.75784301757812
CSGS2,q2_2020,4,persistence_condition_cqr,recent_power_outage,up,259,0.5096525096525096,0.3903474903474904,64.63034057617188,0.4971564710140228,169.43316650390625
CSGS2,q2_2020,4,persistence_condition_cqr,weather_outage,down,298,0.0,0.9,48.04205322265625,0.3695542514324188,289.4646301269531
CSGS2,q2_2020,4,persistence_condition_cqr,weather_outage,up,259,0.0,0.9,45.567626953125,0.35052019357681274,229.32142639160156
CSGS2,q2_2020,4,robust_condition_cqr,clean,down,298,0.6778523489932886,0.2221476510067114,32.202449798583984,0.2477111518383026,113.66026306152344
CSGS2,q2_2020,4,robust_condition_cqr,clean,up,259,0.6138996138996139,0.28610038610038613,32.89069747924805,0.25300535559654236,90.52620697021484
CSGS2,q2_2020,4,robust_condition_cqr,combined_outage,down,298,0.7718120805369127,0.12818791946308727,40.772403717041016,0.31363388895988464,110.10433959960938
CSGS2,q2_2020,4,robust_condition_cqr,combined_outage,up,259,0.7760617760617761,0.12393822393822396,37.7437629699707,0.29033663868904114,69.45148468017578
CSGS2,q2_2020,4,robust_condition_cqr,irradiance_outage,down,298,0.7416107382550335,0.15838926174496648,36.785308837890625,0.28296390175819397,103.30606842041016
CSGS2,q2_2020,4,robust_condition_cqr,irradiance_outage,up,259,0.6525096525096525,0.24749034749034748,34.166812896728516,0.26282164454460144,90.73014831542969
CSGS2,q2_2020,4,robust_condition_cqr,recent_power_outage,down,298,0.7416107382550335,0.15838926174496648,38.055885314941406,0.29273757338523865,101.93645477294922
CSGS2,q2_2020,4,robust_condition_cqr,recent_power_outage,up,259,0.6911196911196911,0.20888030888030895,35.301700592041016,0.27155154943466187,78.54918670654297
CSGS2,q2_2020,4,robust_condition_cqr,weather_outage,down,298,0.6778523489932886,0.2221476510067114,32.96034240722656,0.25354108214378357,114.17837524414062
CSGS2,q2_2020,4,robust_condition_cqr,weather_outage,up,259,0.6177606177606177,0.2822393822393823,33.08805465698242,0.25452348589897156,89.72176361083984
CSGS2,q2_2020,4,robust_local_cqr,clean,down,298,0.697986577181208,0.20201342281879198,34.150936126708984,0.26269951462745667,100.95320129394531
CSGS2,q2_2020,4,robust_local_cqr,clean,up,259,0.7644787644787645,0.13552123552123552,43.107975006103516,0.33159980177879333,77.22502899169922
CSGS2,q2_2020,4,robust_local_cqr,combined_outage,down,298,0.7684563758389261,0.1315436241610739,38.77729034423828,0.2982868552207947,95.02617645263672
CSGS2,q2_2020,4,robust_local_cqr,combined_outage,up,259,0.8725868725868726,0.027413127413127403,44.604835510253906,0.34311410784721375,67.3728256225586
CSGS2,q2_2020,4,robust_local_cqr,irradiance_outage,down,298,0.7651006711409396,0.13489932885906042,39.097190856933594,0.3007476329803467,92.62545776367188
CSGS2,q2_2020,4,robust_local_cqr,irradiance_outage,up,259,0.803088803088803,0.09691119691119698,44.19295883178711,0.33994582295417786,78.10321807861328
CSGS2,q2_2020,4,robust_local_cqr,recent_power_outage,down,298,0.7885906040268457,0.11140939597315436,39.500858306884766,0.30385276675224304,88.64710998535156
CSGS2,q2_2020,4,robust_local_cqr,recent_power_outage,up,259,0.8378378378378378,0.06216216216216219,44.0543327331543,0.3388794958591461,70.98345184326172
CSGS2,q2_2020,4,robust_local_cqr,weather_outage,down,298,0.697986577181208,0.20201342281879198,34.35358810424805,0.26425838470458984,103.67344665527344
CSGS2,q2_2020,4,robust_local_cqr,weather_outage,up,259,0.7760617760617761,0.12393822393822396,43.01744079589844,0.33090338110923767,78.40716552734375
CSGS2,q2_2020,4,robust_risk_mondrian,clean,down,298,0.7483221476510067,0.15167785234899334,40.78750991821289,0.31375008821487427,103.58424377441406
CSGS2,q2_2020,4,robust_risk_mondrian,clean,up,259,0.7258687258687259,0.17413127413127416,40.89991760253906,0.31461474299430847,80.96064758300781
CSGS2,q2_2020,4,robust_risk_mondrian,combined_outage,down,298,0.714765100671141,0.18523489932885906,33.715763092041016,0.25935202836990356,119.04631042480469
CSGS2,q2_2020,4,robust_risk_mondrian,combined_outage,up,259,0.7992277992277992,0.10077220077220084,45.1676139831543,0.34744319319725037,78.598876953125
CSGS2,q2_2020,4,robust_risk_mondrian,irradiance_outage,down,298,0.7986577181208053,0.1013422818791947,44.19490051269531,0.3399607837200165,97.46475219726562
CSGS2,q2_2020,4,robust_risk_mondrian,irradiance_outage,up,259,0.752895752895753,0.14710424710424708,41.565494537353516,0.3197345733642578,81.40739440917969
CSGS2,q2_2020,4,robust_risk_mondrian,recent_power_outage,down,298,0.7214765100671141,0.17852348993288591,36.170284271240234,0.27823296189308167,106.97480773925781
CSGS2,q2_2020,4,robust_risk_mondrian,recent_power_outage,up,259,0.7335907335907336,0.16640926640926645,37.75578308105469,0.29042911529541016,81.20977020263672
CSGS2,q2_2020,4,robust_risk_mondrian,weather_outage,down,298,0.7583892617449665,0.14161073825503356,43.040374755859375,0.3310798108577728,105.20693969726562
CSGS2,q2_2020,4,robust_risk_mondrian,weather_outage,up,259,0.7567567567567568,0.14324324324324322,42.63188934326172,0.32793760299682617,81.16957092285156
CSGS2,q2_2020,4,robust_rolling_cqr,clean,down,298,0.6812080536912751,0.2187919463087249,33.50307846069336,0.25771600008010864,111.58900451660156
CSGS2,q2_2020,4,robust_rolling_cqr,clean,up,259,0.637065637065637,0.262934362934363,33.93863296508789,0.26106640696525574,89.00629425048828
CSGS2,q2_2020,4,robust_rolling_cqr,combined_outage,down,298,0.7449664429530202,0.15503355704697985,39.29923629760742,0.302301824092865,115.7702407836914
CSGS2,q2_2020,4,robust_rolling_cqr,combined_outage,up,259,0.7567567567567568,0.14324324324324322,36.28266143798828,0.27909740805625916,73.87545013427734
CSGS2,q2_2020,4,robust_rolling_cqr,irradiance_outage,down,298,0.7348993288590604,0.16510067114093963,37.794654846191406,0.2907281219959259,103.69210052490234
CSGS2,q2_2020,4,robust_rolling_cqr,irradiance_outage,up,259,0.6602316602316602,0.23976833976833978,34.99456024169922,0.26918891072273254,90.73343658447266
CSGS2,q2_2020,4,robust_rolling_cqr,recent_power_outage,down,298,0.7214765100671141,0.17852348993288591,37.68848419189453,0.2899114191532135,104.30362701416016
CSGS2,q2_2020,4,robust_rolling_cqr,recent_power_outage,up,259,0.7065637065637066,0.19343629343629343,34.79403305053711,0.2676464021205902,80.8934326171875
CSGS2,q2_2020,4,robust_rolling_cqr,weather_outage,down,298,0.6711409395973155,0.22885906040268456,33.58456039428711,0.25834277272224426,114.17023468017578
CSGS2,q2_2020,4,robust_rolling_cqr,weather_outage,up,259,0.6332046332046332,0.26679536679536686,33.52437973022461,0.2578798532485962,89.75474548339844
CSGS2,q3_2020,1,clean_condition_cqr,clean,down,130,0.2923076923076923,0.6076923076923078,22.29920768737793,0.17153236269950867,121.46073150634766
CSGS2,q3_2020,1,clean_condition_cqr,clean,up,121,0.23140495867768596,0.6685950413223141,21.748977661132812,0.16729982197284698,129.04266357421875
CSGS2,q3_2020,1,clean_condition_cqr,combined_outage,down,130,0.9923076923076923,0.0,79.36018371582031,0.6104629635810852,79.41129302978516
CSGS2,q3_2020,1,clean_condition_cqr,combined_outage,up,121,0.859504132231405,0.04049586776859504,82.06101989746094,0.6312386393547058,105.19160461425781
CSGS2,q3_2020,1,clean_condition_cqr,irradiance_outage,down,130,0.7384615384615385,0.16153846153846152,32.226646423339844,0.24789728224277496,68.69645690917969
CSGS2,q3_2020,1,clean_condition_cqr,irradiance_outage,up,121,0.2066115702479339,0.6933884297520662,24.08917236328125,0.18530131876468658,139.18919372558594
CSGS2,q3_2020,1,clean_condition_cqr,recent_power_outage,down,130,0.9846153846153847,0.0,75.16731262207031,0.5782101154327393,75.635498046875
CSGS2,q3_2020,1,clean_condition_cqr,recent_power_outage,up,121,0.8512396694214877,0.04876033057851237,77.97630310058594,0.59981769323349,105.06619262695312
CSGS2,q3_2020,1,clean_condition_cqr,weather_outage,down,130,0.3230769230769231,0.5769230769230769,22.564619064331055,0.17357398569583893,116.91534423828125
CSGS2,q3_2020,1,clean_condition_cqr,weather_outage,up,121,0.21487603305785125,0.6851239669421487,21.550308227539062,0.16577160358428955,132.3414306640625
CSGS2,q3_2020,1,lgbm_condition_cqr,clean,down,130,0.4076923076923077,0.49230769230769234,25.140596389770508,0.19338920712471008,84.59005737304688
CSGS2,q3_2020,1,lgbm_condition_cqr,clean,up,121,0.3140495867768595,0.5859504132231406,25.441251754760742,0.1957019418478012,114.20606231689453
CSGS2,q3_2020,1,lgbm_condition_cqr,combined_outage,down,130,0.9923076923076923,0.0,77.20075988769531,0.5938519835472107,77.23575592041016
CSGS2,q3_2020,1,lgbm_condition_cqr,combined_outage,up,121,0.8677685950413223,0.03223140495867771,79.79639434814453,0.6138184070587158,100.47330474853516
CSGS2,q3_2020,1,lgbm_condition_cqr,irradiance_outage,down,130,0.6,0.30000000000000004,29.07744026184082,0.22367261350154877,65.223876953125
CSGS2,q3_2020,1,lgbm_condition_cqr,irradiance_outage,up,121,0.4049586776859504,0.4950413223140496,28.060239791870117,0.21584799885749817,98.86447143554688
CSGS2,q3_2020,1,lgbm_condition_cqr,recent_power_outage,down,130,0.9923076923076923,0.0,77.2640609741211,0.5943389534950256,77.3155517578125
CSGS2,q3_2020,1,lgbm_condition_cqr,recent_power_outage,up,121,0.8677685950413223,0.03223140495867771,79.84793090820312,0.6142148375511169,101.7382583618164
CSGS2,q3_2020,1,lgbm_condition_cqr,weather_outage,down,130,0.4,0.5,24.8162784576416,0.1908944547176361,85.57620239257812
CSGS2,q3_2020,1,lgbm_condition_cqr,weather_outage,up,121,0.33884297520661155,0.5611570247933885,25.46996307373047,0.19592279195785522,113.76299285888672
CSGS2,q3_2020,1,oracle_ramp_mondrian,clean,down,130,0.9615384615384616,0.0,51.89642333984375,0.39920327067375183,56.986106872558594
CSGS2,q3_2020,1,oracle_ramp_mondrian,clean,up,121,0.9504132231404959,0.0,51.59779739379883,0.39690613746643066,57.178836822509766
CSGS2,q3_2020,1,oracle_ramp_mondrian,combined_outage,down,130,0.9615384615384616,0.0,60.748958587646484,0.4672996699810028,63.65283966064453
CSGS2,q3_2020,1,oracle_ramp_mondrian,combined_outage,up,121,0.9256198347107438,0.0,54.75308609008789,0.42117759585380554,61.863739013671875
CSGS2,q3_2020,1,oracle_ramp_mondrian,irradiance_outage,down,130,0.9692307692307692,0.0,52.97114181518555,0.40747031569480896,56.97447204589844
CSGS2,q3_2020,1,oracle_ramp_mondrian,irradiance_outage,up,121,0.9669421487603306,0.0,52.64147186279297,0.4049344062805176,56.52332305908203
CSGS2,q3_2020,1,oracle_ramp_mondrian,recent_power_outage,down,130,0.9538461538461539,0.0,56.41965103149414,0.4339973032474518,60.83977508544922
CSGS2,q3_2020,1,oracle_ramp_mondrian,recent_power_outage,up,121,0.9338842975206612,0.0,51.39968490600586,0.39538219571113586,57.146644592285156
CSGS2,q3_2020,1,oracle_ramp_mondrian,weather_outage,down,130,0.9692307692307692,0.0,52.1922492980957,0.4014788269996643,57.06967544555664
CSGS2,q3_2020,1,oracle_ramp_mondrian,weather_outage,up,121,0.9504132231404959,0.0,52.348026275634766,0.40267711877822876,58.2618293762207
CSGS2,q3_2020,1,persistence_condition_cqr,clean,down,130,0.0,0.9,18.598060607910156,0.14306201040744781,203.83108520507812
CSGS2,q3_2020,1,persistence_condition_cqr,clean,up,121,0.0,0.9,18.523006439208984,0.1424846649169922,204.91184997558594
CSGS2,q3_2020,1,persistence_condition_cqr,combined_outage,down,130,0.8769230769230769,0.023076923076923106,89.90252685546875,0.6915578842163086,106.3280258178711
CSGS2,q3_2020,1,persistence_condition_cqr,combined_outage,up,121,0.8264462809917356,0.07355371900826446,71.8744888305664,0.5528807044029236,96.62373352050781
CSGS2,q3_2020,1,persistence_condition_cqr,irradiance_outage,down,130,0.0,0.9,18.598060607910156,0.14306201040744781,203.83108520507812
CSGS2,q3_2020,1,persistence_condition_cqr,irradiance_outage,up,121,0.0,0.9,18.523006439208984,0.1424846649169922,204.91184997558594
CSGS2,q3_2020,1,persistence_condition_cqr,recent_power_outage,down,130,0.8769230769230769,0.023076923076923106,89.90252685546875,0.6915578842163086,106.3280258178711
CSGS2,q3_2020,1,persistence_condition_cqr,recent_power_outage,up,121,0.8264462809917356,0.07355371900826446,71.8744888305664,0.5528807044029236,96.62373352050781
CSGS2,q3_2020,1,persistence_condition_cqr,weather_outage,down,130,0.0,0.9,18.598060607910156,0.14306201040744781,203.83108520507812
CSGS2,q3_2020,1,persistence_condition_cqr,weather_outage,up,121,0.0,0.9,18.523006439208984,0.1424846649169922,204.91184997558594
CSGS2,q3_2020,1,robust_condition_cqr,clean,down,130,0.4230769230769231,0.47692307692307695,25.25686264038086,0.19428355991840363,92.71358489990234
CSGS2,q3_2020,1,robust_condition_cqr,clean,up,121,0.34710743801652894,0.552892561983471,25.15987205505371,0.19353747367858887,105.06327819824219
CSGS2,q3_2020,1,robust_condition_cqr,combined_outage,down,130,0.7846153846153846,0.11538461538461542,37.65428161621094,0.2896483242511749,63.92208480834961
CSGS2,q3_2020,1,robust_condition_cqr,combined_outage,up,121,0.5702479338842975,0.3297520661157025,30.981306076049805,0.23831774294376373,86.43004608154297
CSGS2,q3_2020,1,robust_condition_cqr,irradiance_outage,down,130,0.47692307692307695,0.4230769230769231,25.962528228759766,0.19971175491809845,87.3924789428711
CSGS2,q3_2020,1,robust_condition_cqr,irradiance_outage,up,121,0.4132231404958678,0.48677685950413224,25.700023651123047,0.19769248366355896,94.50135040283203
CSGS2,q3_2020,1,robust_condition_cqr,recent_power_outage,down,130,0.7461538461538462,0.15384615384615385,35.75331115722656,0.27502545714378357,66.00267791748047
CSGS2,q3_2020,1,robust_condition_cqr,recent_power_outage,up,121,0.5289256198347108,0.37107438016528926,30.629791259765625,0.23561377823352814,78.12678527832031
CSGS2,q3_2020,1,robust_condition_cqr,weather_outage,down,130,0.4461538461538462,0.45384615384615384,25.13053321838379,0.19331179559230804,87.51900482177734
CSGS2,q3_2020,1,robust_condition_cqr,weather_outage,up,121,0.38016528925619836,0.5198347107438017,25.499008178710938,0.19614621996879578,107.3885498046875
CSGS2,q3_2020,1,robust_local_cqr,clean,down,130,0.5615384615384615,0.3384615384615385,30.537593841552734,0.23490457236766815,80.8881607055664
CSGS2,q3_2020,1,robust_local_cqr,clean,up,121,0.5454545454545454,0.3545454545454546,31.743043899536133,0.24417726695537567,77.9238052368164
CSGS2,q3_2020,1,robust_local_cqr,combined_outage,down,130,0.8384615384615385,0.06153846153846154,44.736637115478516,0.34412798285484314,65.799072265625
CSGS2,q3_2020,1,robust_local_cqr,combined_outage,up,121,0.5785123966942148,0.3214876033057852,35.246925354003906,0.27113020420074463,78.4774398803711
CSGS2,q3_2020,1,robust_local_cqr,irradiance_outage,down,130,0.6153846153846154,0.2846153846153846,31.66831398010254,0.24360240995883942,75.2491455078125
CSGS2,q3_2020,1,robust_local_cqr,irradiance_outage,up,121,0.5950413223140496,0.3049586776859504,32.248374938964844,0.24806442856788635,70.9246597290039
CSGS2,q3_2020,1,robust_local_cqr,recent_power_outage,down,130,0.8076923076923077,0.09230769230769231,39.79718780517578,0.3061322271823883,61.8758430480957
CSGS2,q3_2020,1,robust_local_cqr,recent_power_outage,up,121,0.6776859504132231,0.22231404958677692,35.30222702026367,0.2715556025505066,66.24596405029297
CSGS2,q3_2020,1,robust_local_cqr,weather_outage,down,130,0.5769230769230769,0.32307692307692315,30.614530563354492,0.235496386885643,75.21208190917969
CSGS2,q3_2020,1,robust_local_cqr,weather_outage,up,121,0.5289256198347108,0.37107438016528926,32.23649597167969,0.24797303974628448,80.79777526855469
CSGS2,q3_2020,1,robust_risk_mondrian,clean,down,130,0.5384615384615384,0.3615384615384616,28.580158233642578,0.21984736621379852,81.18087768554688
CSGS2,q3_2020,1,robust_risk_mondrian,clean,up,121,0.4628099173553719,0.4371900826446281,28.73309326171875,0.2210237979888916,88.66880798339844
CSGS2,q3_2020,1,robust_risk_mondrian,combined_outage,down,130,0.7846153846153846,0.11538461538461542,37.85265350341797,0.2911742627620697,62.297000885009766
CSGS2,q3_2020,1,robust_risk_mondrian,combined_outage,up,121,0.5950413223140496,0.3049586776859504,32.27717590332031,0.24828596413135529,83.50739288330078
CSGS2,q3_2020,1,robust_risk_mondrian,irradiance_outage,down,130,0.5769230769230769,0.32307692307692315,29.11549949645996,0.2239653766155243,77.9159164428711
CSGS2,q3_2020,1,robust_risk_mondrian,irradiance_outage,up,121,0.512396694214876,0.38760330578512403,28.964550018310547,0.2228042334318161,81.31289672851562
CSGS2,q3_2020,1,robust_risk_mondrian,recent_power_outage,down,130,0.7692307692307693,0.13076923076923075,37.626502990722656,0.28943464159965515,62.33041763305664
CSGS2,q3_2020,1,robust_risk_mondrian,recent_power_outage,up,121,0.6363636363636364,0.26363636363636367,33.715118408203125,0.2593470513820648,69.62501525878906
CSGS2,q3_2020,1,robust_risk_mondrian,weather_outage,down,130,0.5307692307692308,0.36923076923076925,28.47286605834961,0.21902205049991608,76.18486785888672
CSGS2,q3_2020,1,robust_risk_mondrian,weather_outage,up,121,0.48760330578512395,0.41239669421487607,28.94253158569336,0.22263485193252563,93.39629364013672
CSGS2,q3_2020,1,robust_rolling_cqr,clean,down,130,0.43846153846153846,0.46153846153846156,25.959915161132812,0.19969165325164795,90.6462631225586
CSGS2,q3_2020,1,robust_rolling_cqr,clean,up,121,0.35537190082644626,0.5446280991735537,25.892478942871094,0.19917291402816772,101.38080596923828
CSGS2,q3_2020,1,robust_rolling_cqr,combined_outage,down,130,0.7538461538461538,0.1461538461538462,38.75271987915039,0.2980978488922119,65.99527740478516
CSGS2,q3_2020,1,robust_rolling_cqr,combined_outage,up,121,0.5867768595041323,0.31322314049586775,32.22456359863281,0.24788126349449158,86.07383728027344
CSGS2,q3_2020,1,robust_rolling_cqr,irradiance_outage,down,130,0.4846153846153846,0.4153846153846154,26.437816619873047,0.20336781442165375,86.30120086669922
CSGS2,q3_2020,1,robust_rolling_cqr,irradiance_outage,up,121,0.4214876033057851,0.4785123966942149,26.208425521850586,0.20160327851772308,92.14248657226562
CSGS2,q3_2020,1,robust_rolling_cqr,recent_power_outage,down,130,0.7615384615384615,0.13846153846153852,37.37868118286133,0.28752830624580383,65.24099731445312
CSGS2,q3_2020,1,robust_rolling_cqr,recent_power_outage,up,121,0.5867768595041323,0.31322314049586775,32.23332214355469,0.24794863164424896,74.76193237304688
CSGS2,q3_2020,1,robust_rolling_cqr,weather_outage,down,130,0.46923076923076923,0.4307692307692308,25.632795333862305,0.19717535376548767,86.1428451538086
CSGS2,q3_2020,1,robust_rolling_cqr,weather_outage,up,121,0.4132231404958678,0.48677685950413224,26.009559631347656,0.20007354021072388,104.79374694824219
CSGS2,q3_2020,4,clean_condition_cqr,clean,down,218,0.7247706422018348,0.17522935779816518,31.678953170776367,0.24368426203727722,78.57359313964844
CSGS2,q3_2020,4,clean_condition_cqr,clean,up,231,0.6320346320346321,0.26796536796536796,30.715656280517578,0.23627427220344543,99.18559265136719
CSGS2,q3_2020,4,clean_condition_cqr,combined_outage,down,218,0.9954128440366973,0.0,58.96461486816406,0.45357397198677063,58.9727668762207
CSGS2,q3_2020,4,clean_condition_cqr,combined_outage,up,231,0.9523809523809523,0.0,87.31672668457031,0.6716670989990234,93.427001953125
CSGS2,q3_2020,4,clean_condition_cqr,irradiance_outage,down,218,0.8715596330275229,0.028440366972477094,39.26442337036133,0.30203402042388916,66.6926498413086
CSGS2,q3_2020,4,clean_condition_cqr,irradiance_outage,up,231,0.7445887445887446,0.15541125541125544,35.49216079711914,0.27301663160324097,85.56620025634766
CSGS2,q3_2020,4,clean_condition_cqr,recent_power_outage,down,218,1.0,0.0,63.12569808959961,0.48558229207992554,63.12569808959961
CSGS2,q3_2020,4,clean_condition_cqr,recent_power_outage,up,231,0.8701298701298701,0.029870129870129936,77.08100891113281,0.5929308533668518,94.90132904052734
CSGS2,q3_2020,4,clean_condition_cqr,weather_outage,down,218,0.7155963302752294,0.18440366972477062,31.744569778442383,0.24418899416923523,81.9237060546875
CSGS2,q3_2020,4,clean_condition_cqr,weather_outage,up,231,0.6406926406926406,0.2593073593073594,31.332612991333008,0.2410200983285904,100.42864227294922
CSGS2,q3_2020,4,lgbm_condition_cqr,clean,down,218,0.7247706422018348,0.17522935779816518,31.245492935180664,0.24034994840621948,60.05364990234375
CSGS2,q3_2020,4,lgbm_condition_cqr,clean,up,231,0.7619047619047619,0.13809523809523816,40.361289978027344,0.31047147512435913,78.40509796142578
CSGS2,q3_2020,4,lgbm_condition_cqr,combined_outage,down,218,1.0,0.0,54.306095123291016,0.4177391827106476,54.306095123291016
CSGS2,q3_2020,4,lgbm_condition_cqr,combined_outage,up,231,0.9307359307359307,0.0,81.10211944580078,0.6238624453544617,90.09384155273438
CSGS2,q3_2020,4,lgbm_condition_cqr,irradiance_outage,down,218,0.9220183486238532,0.0,38.800933837890625,0.2984687089920044,52.228004455566406
CSGS2,q3_2020,4,lgbm_condition_cqr,irradiance_outage,up,231,0.7878787878787878,0.11212121212121218,41.25398254394531,0.31733831763267517,76.05052947998047
CSGS2,q3_2020,4,lgbm_condition_cqr,recent_power_outage,down,218,1.0,0.0,54.6302490234375,0.4202326834201813,54.6302490234375
CSGS2,q3_2020,4,lgbm_condition_cqr,recent_power_outage,up,231,0.9004329004329005,0.0,77.2966079711914,0.5945892930030823,91.44261169433594
CSGS2,q3_2020,4,lgbm_condition_cqr,weather_outage,down,218,0.7155963302752294,0.18440366972477062,30.524995803833008,0.23480765521526337,59.64722442626953
CSGS2,q3_2020,4,lgbm_condition_cqr,weather_outage,up,231,0.7662337662337663,0.13376623376623376,40.547515869140625,0.3119039535522461,79.31721496582031
CSGS2,q3_2020,4,oracle_ramp_mondrian,clean,down,218,0.9541284403669725,0.0,56.670494079589844,0.4359268844127655,65.54385375976562
CSGS2,q3_2020,4,oracle_ramp_mondrian,clean,up,231,0.9393939393939394,0.0,59.1402587890625,0.4549250602722168,73.69960021972656
CSGS2,q3_2020,4,oracle_ramp_mondrian,combined_outage,down,218,0.9357798165137615,0.0,53.15898132324219,0.408915251493454,63.29073715209961
CSGS2,q3_2020,4,oracle_ramp_mondrian,combined_outage,up,231,0.961038961038961,0.0,56.03318786621094,0.4310245215892792,68.23294830322266
CSGS2,q3_2020,4,oracle_ramp_mondrian,irradiance_outage,down,218,0.963302752293578,0.0,57.18130874633789,0.43985623121261597,65.97431945800781
CSGS2,q3_2020,4,oracle_ramp_mondrian,irradiance_outage,up,231,0.935064935064935,0.0,56.25727844238281,0.43274828791618347,71.87031555175781
CSGS2,q3_2020,4,oracle_ramp_mondrian,recent_power_outage,down,218,0.9403669724770642,0.0,55.58568572998047,0.4275822043418884,63.98683547973633
CSGS2,q3_2020,4,oracle_ramp_mondrian,recent_power_outage,up,231,0.9567099567099567,0.0,57.45175552368164,0.44193658232688904,70.02182006835938
CSGS2,q3_2020,4,oracle_ramp_mondrian,weather_outage,down,218,0.9495412844036697,0.0,55.966854095458984,0.43051427602767944,64.00686645507812
CSGS2,q3_2020,4,oracle_ramp_mondrian,weather_outage,up,231,0.9437229437229437,0.0,59.24015808105469,0.4556935131549835,74.3754653930664
CSGS2,q3_2020,4,persistence_condition_cqr,clean,down,218,0.0,0.9,51.339412689208984,0.3949185609817505,208.57814025878906
CSGS2,q3_2020,4,persistence_condition_cqr,clean,up,231,0.0,0.9,46.196563720703125,0.35535818338394165,181.35240173339844
CSGS2,q3_2020,4,persistence_condition_cqr,combined_outage,down,218,0.8256880733944955,0.07431192660550456,107.24346160888672,0.8249496817588806,139.14991760253906
CSGS2,q3_2020,4,persistence_condition_cqr,combined_outage,up,231,0.7878787878787878,0.11212121212121218,68.34174346923828,0.5257056951522827,95.96798706054688
CSGS2,q3_2020,4,persistence_condition_cqr,irradiance_outage,down,218,0.0,0.9,51.339412689208984,0.3949185609817505,208.57814025878906
CSGS2,q3_2020,4,persistence_condition_cqr,irradiance_outage,up,231,0.0,0.9,46.196563720703125,0.35535818338394165,181.35240173339844
CSGS2,q3_2020,4,persistence_condition_cqr,recent_power_outage,down,218,0.8256880733944955,0.07431192660550456,107.24346160888672,0.8249496817588806,139.14991760253906
CSGS2,q3_2020,4,persistence_condition_cqr,recent_power_outage,up,231,0.7878787878787878,0.11212121212121218,68.34174346923828,0.5257056951522827,95.96798706054688
CSGS2,q3_2020,4,persistence_condition_cqr,weather_outage,down,218,0.0,0.9,51.339412689208984,0.3949185609817505,208.57814025878906
CSGS2,q3_2020,4,persistence_condition_cqr,weather_outage,up,231,0.0,0.9,46.196563720703125,0.35535818338394165,181.35240173339844
CSGS2,q3_2020,4,robust_condition_cqr,clean,down,218,0.7798165137614679,0.12018348623853214,31.48785972595215,0.24221430718898773,70.22834014892578
CSGS2,q3_2020,4,robust_condition_cqr,clean,up,231,0.7142857142857143,0.18571428571428572,32.15480041503906,0.24734461307525635,81.8913345336914
CSGS2,q3_2020,4,robust_condition_cqr,combined_outage,down,218,0.8623853211009175,0.03761467889908254,38.80527114868164,0.2985020875930786,66.50804901123047
CSGS2,q3_2020,4,robust_condition_cqr,combined_outage,up,231,0.8441558441558441,0.05584415584415592,38.5589714050293,0.29660746455192566,67.75739288330078
CSGS2,q3_2020,4,robust_condition_cqr,irradiance_outage,down,218,0.8486238532110092,0.05137614678899083,36.45255661010742,0.280404269695282,64.33049011230469
CSGS2,q3_2020,4,robust_condition_cqr,irradiance_outage,up,231,0.7359307359307359,0.16406926406926414,33.26606369018555,0.2558927834033966,79.67843627929688
CSGS2,q3_2020,4,robust_condition_cqr,recent_power_outage,down,218,0.7889908256880734,0.11100917431192658,35.251224517822266,0.2711632549762726,70.78755950927734
CSGS2,q3_2020,4,robust_condition_cqr,recent_power_outage,up,231,0.7705627705627706,0.12943722943722946,35.01079559326172,0.2693138122558594,72.56498718261719
CSGS2,q3_2020,4,robust_condition_cqr,weather_outage,down,218,0.7752293577981652,0.12477064220183487,31.15090560913086,0.2396223545074463,71.38826751708984
CSGS2,q3_2020,4,robust_condition_cqr,weather_outage,up,231,0.7489177489177489,0.15108225108225115,32.665733337402344,0.25127488374710083,82.1904525756836
CSGS2,q3_2020,4,robust_local_cqr,clean,down,218,0.7935779816513762,0.10642201834862386,34.402976989746094,0.2646382749080658,63.01413345336914
CSGS2,q3_2020,4,robust_local_cqr,clean,up,231,0.7835497835497836,0.11645021645021647,35.863746643066406,0.2758749723434448,74.66242218017578
CSGS2,q3_2020,4,robust_local_cqr,combined_outage,down,218,0.8807339449541285,0.019266055045871533,40.75004577636719,0.31346189975738525,64.0174331665039
CSGS2,q3_2020,4,robust_local_cqr,combined_outage,up,231,0.8225108225108225,0.0774891774891775,36.584712982177734,0.28142085671424866,65.02508544921875
CSGS2,q3_2020,4,robust_local_cqr,irradiance_outage,down,218,0.8944954128440367,0.005504587155963359,39.90535354614258,0.306964248418808,58.143341064453125
CSGS2,q3_2020,4,robust_local_cqr,irradiance_outage,up,231,0.7965367965367965,0.10346320346320348,36.882110595703125,0.2837085425853729,71.09783935546875
CSGS2,q3_2020,4,robust_local_cqr,recent_power_outage,down,218,0.8211009174311926,0.0788990825688074,36.26323318481445,0.27894794940948486,63.22016143798828
CSGS2,q3_2020,4,robust_local_cqr,recent_power_outage,up,231,0.8181818181818182,0.08181818181818179,37.687355041503906,0.2899027168750763,67.08954620361328
CSGS2,q3_2020,4,robust_local_cqr,weather_outage,down,218,0.8073394495412844,0.09266055045871557,34.53683853149414,0.26566797494888306,62.47491455078125
CSGS2,q3_2020,4,robust_local_cqr,weather_outage,up,231,0.8095238095238095,0.09047619047619049,37.08320617675781,0.28525543212890625,75.44573211669922
CSGS2,q3_2020,4,robust_risk_mondrian,clean,down,218,0.8486238532110092,0.05137614678899083,37.623077392578125,0.28940829634666443,65.69779205322266
CSGS2,q3_2020,4,robust_risk_mondrian,clean,up,231,0.8311688311688312,0.0688311688311688,38.040714263916016,0.29262086749076843,77.28788757324219
CSGS2,q3_2020,4,robust_risk_mondrian,combined_outage,down,218,0.8440366972477065,0.05596330275229355,37.350921630859375,0.287314772605896,65.88107299804688
CSGS2,q3_2020,4,robust_risk_mondrian,combined_outage,up,231,0.8225108225108225,0.0774891774891775,36.75089645385742,0.28269919753074646,66.80422973632812
CSGS2,q3_2020,4,robust_risk_mondrian,irradiance_outage,down,218,0.9036697247706422,0.0,43.54640197753906,0.3349723219871521,64.85273742675781
CSGS2,q3_2020,4,robust_risk_mondrian,irradiance_outage,up,231,0.8354978354978355,0.0645021645021645,40.7083625793457,0.31314125657081604,74.89241027832031
CSGS2,q3_2020,4,robust_risk_mondrian,recent_power_outage,down,218,0.8211009174311926,0.0788990825688074,38.12981033325195,0.29330623149871826,66.82106018066406
CSGS2,q3_2020,4,robust_risk_mondrian,recent_power_outage,up,231,0.8095238095238095,0.09047619047619049,36.907432556152344,0.2839033305644989,69.93387603759766
CSGS2,q3_2020,4,robust_risk_mondrian,weather_outage,down,218,0.8256880733944955,0.07431192660550456,37.75991439819336,0.29046088457107544,66.27281188964844
CSGS2,q3_2020,4,robust_risk_mondrian,weather_outage,up,231,0.8354978354978355,0.0645021645021645,39.07147216796875,0.30054977536201477,78.84510040283203
CSGS2,q3_2020,4,robust_rolling_cqr,clean,down,218,0.7522935779816514,0.1477064220183486,30.58185577392578,0.23524504899978638,70.79852294921875
CSGS2,q3_2020,4,robust_rolling_cqr,clean,up,231,0.6883116883116883,0.2116883116883117,31.157386779785156,0.2396721988916397,84.67781066894531
CSGS2,q3_2020,4,robust_rolling_cqr,combined_outage,down,218,0.8440366972477065,0.05596330275229355,36.635040283203125,0.2818079888820648,66.59780883789062
CSGS2,q3_2020,4,robust_rolling_cqr,combined_outage,up,231,0.8095238095238095,0.09047619047619049,35.78208541870117,0.275246798992157,70.94049835205078
CSGS2,q3_2020,4,robust_rolling_cqr,irradiance_outage,down,218,0.8348623853211009,0.06513761467889911,35.187904357910156,0.2706761956214905,65.11016082763672
CSGS2,q3_2020,4,robust_rolling_cqr,irradiance_outage,up,231,0.7012987012987013,0.1987012987012987,32.02275848388672,0.2463289052248001,82.215576171875
CSGS2,q3_2020,4,robust_rolling_cqr,recent_power_outage,down,218,0.7660550458715596,0.13394495412844043,34.19425964355469,0.2630327641963959,71.10186004638672
CSGS2,q3_2020,4,robust_rolling_cqr,recent_power_outage,up,231,0.7402597402597403,0.15974025974025974,33.69866943359375,0.25922054052352905,73.99192810058594
CSGS2,q3_2020,4,robust_rolling_cqr,weather_outage,down,218,0.7431192660550459,0.15688073394495416,30.59278678894043,0.23532913625240326,71.23739624023438
CSGS2,q3_2020,4,robust_rolling_cqr,weather_outage,up,231,0.7186147186147186,0.18138528138528143,32.097042083740234,0.24690032005310059,83.09579467773438
CSGS2,q4_2020,1,clean_condition_cqr,clean,down,126,0.2777777777777778,0.6222222222222222,22.940826416015625,0.1764678955078125,142.13235473632812
CSGS2,q4_2020,1,clean_condition_cqr,clean,up,134,0.3208955223880597,0.5791044776119403,20.60732650756836,0.15851789712905884,123.31436920166016
CSGS2,q4_2020,1,clean_condition_cqr,combined_outage,down,126,0.9761904761904762,0.0,71.09054565429688,0.546850323677063,73.67972564697266
CSGS2,q4_2020,1,clean_condition_cqr,combined_outage,up,134,0.7985074626865671,0.10149253731343288,74.50106048583984,0.5730850696563721,122.88172149658203
CSGS2,q4_2020,1,clean_condition_cqr,irradiance_outage,down,126,0.3492063492063492,0.5507936507936508,24.264110565185547,0.18664699792861938,133.55711364746094
CSGS2,q4_2020,1,clean_condition_cqr,irradiance_outage,up,134,0.29850746268656714,0.6014925373134329,20.907470703125,0.1608266979455948,124.24545288085938
CSGS2,q4_2020,1,clean_condition_cqr,recent_power_outage,down,126,0.9603174603174603,0.0,70.46699523925781,0.5420538187026978,74.36918640136719
CSGS2,q4_2020,1,clean_condition_cqr,recent_power_outage,up,134,0.7761194029850746,0.12388059701492538,73.14384460449219,0.5626449584960938,125.13459014892578
CSGS2,q4_2020,1,clean_condition_cqr,weather_outage,down,126,0.20634920634920634,0.6936507936507936,22.587690353393555,0.17375145852565765,144.8132781982422
CSGS2,q4_2020,1,clean_condition_cqr,weather_outage,up,134,0.21641791044776118,0.6835820895522389,20.532634735107422,0.15794333815574646,131.59666442871094
CSGS2,q4_2020,1,lgbm_condition_cqr,clean,down,126,0.42063492063492064,0.4793650793650794,29.403575897216797,0.22618135809898376,96.95523071289062
CSGS2,q4_2020,1,lgbm_condition_cqr,clean,up,134,0.3283582089552239,0.5716417910447762,27.28046226501465,0.20984971523284912,112.35867309570312
CSGS2,q4_2020,1,lgbm_condition_cqr,combined_outage,down,126,0.9761904761904762,0.0,70.14956665039062,0.5396120548248291,72.16812133789062
CSGS2,q4_2020,1,lgbm_condition_cqr,combined_outage,up,134,0.7611940298507462,0.13880597014925378,71.63956451416016,0.5510735511779785,121.93484497070312
CSGS2,q4_2020,1,lgbm_condition_cqr,irradiance_outage,down,126,0.5,0.4,31.35289192199707,0.24117609858512878,87.90071105957031
CSGS2,q4_2020,1,lgbm_condition_cqr,irradiance_outage,up,134,0.3208955223880597,0.5791044776119403,28.30290985107422,0.21771469712257385,110.26174926757812
CSGS2,q4_2020,1,lgbm_condition_cqr,recent_power_outage,down,126,0.9761904761904762,0.0,70.71458435058594,0.5439583659172058,72.83284759521484
CSGS2,q4_2020,1,lgbm_condition_cqr,recent_power_outage,up,134,0.7761194029850746,0.12388059701492538,72.7168960571289,0.5593607425689697,119.15036010742188
CSGS2,q4_2020,1,lgbm_condition_cqr,weather_outage,down,126,0.40476190476190477,0.49523809523809526,29.692995071411133,0.22840765118598938,97.99235534667969
CSGS2,q4_2020,1,lgbm_condition_cqr,weather_outage,up,134,0.29850746268656714,0.6014925373134329,26.94639015197754,0.20727992057800293,113.4168930053711
CSGS2,q4_2020,1,oracle_ramp_mondrian,clean,down,126,0.8492063492063492,0.050793650793650835,47.38180923461914,0.36447545886039734,67.5093765258789
CSGS2,q4_2020,1,oracle_ramp_mondrian,clean,up,134,0.8955223880597015,0.004477611940298498,45.1556510925293,0.34735116362571716,64.31299591064453
CSGS2,q4_2020,1,oracle_ramp_mondrian,combined_outage,down,126,0.8412698412698413,0.058730158730158744,53.31189727783203,0.4100915193557739,86.35433959960938
CSGS2,q4_2020,1,oracle_ramp_mondrian,combined_outage,up,134,0.8880597014925373,0.011940298507462699,43.83429718017578,0.33718690276145935,57.989112854003906
CSGS2,q4_2020,1,oracle_ramp_mondrian,irradiance_outage,down,126,0.8809523809523809,0.01904761904761909,51.33184814453125,0.3948603570461273,69.17887878417969
CSGS2,q4_2020,1,oracle_ramp_mondrian,irradiance_outage,up,134,0.917910447761194,0.0,46.337738037109375,0.3564441502094269,62.2572135925293
CSGS2,q4_2020,1,oracle_ramp_mondrian,recent_power_outage,down,126,0.8412698412698413,0.058730158730158744,49.323848724365234,0.37941423058509827,79.59648132324219
CSGS2,q4_2020,1,oracle_ramp_mondrian,recent_power_outage,up,134,0.8955223880597015,0.004477611940298498,43.19227981567383,0.3322483003139496,56.53382110595703
CSGS2,q4_2020,1,oracle_ramp_mondrian,weather_outage,down,126,0.8333333333333334,0.06666666666666665,48.09874725341797,0.36999034881591797,65.74539947509766
CSGS2,q4_2020,1,oracle_ramp_mondrian,weather_outage,up,134,0.9104477611940298,0.0,45.49330139160156,0.3499484658241272,64.46991729736328
CSGS2,q4_2020,1,persistence_condition_cqr,clean,down,126,0.0,0.9,15.827460289001465,0.12174969166517258,258.0384216308594
CSGS2,q4_2020,1,persistence_condition_cqr,clean,up,134,0.0,0.9,15.752943992614746,0.12117648869752884,254.37704467773438
CSGS2,q4_2020,1,persistence_condition_cqr,combined_outage,down,126,0.6507936507936508,0.2492063492063492,79.38743591308594,0.6106725931167603,186.56727600097656
CSGS2,q4_2020,1,persistence_condition_cqr,combined_outage,up,134,0.5970149253731343,0.30298507462686575,58.40910720825195,0.4493008255958557,173.55264282226562
CSGS2,q4_2020,1,persistence_condition_cqr,irradiance_outage,down,126,0.0,0.9,15.827460289001465,0.12174969166517258,258.0384216308594
CSGS2,q4_2020,1,persistence_condition_cqr,irradiance_outage,up,134,0.0,0.9,15.752943992614746,0.12117648869752884,254.37704467773438
CSGS2,q4_2020,1,persistence_condition_cqr,recent_power_outage,down,126,0.6507936507936508,0.2492063492063492,79.38743591308594,0.6106725931167603,186.56727600097656
CSGS2,q4_2020,1,persistence_condition_cqr,recent_power_outage,up,134,0.5970149253731343,0.30298507462686575,58.40910720825195,0.4493008255958557,173.55264282226562
CSGS2,q4_2020,1,persistence_condition_cqr,weather_outage,down,126,0.0,0.9,15.827460289001465,0.12174969166517258,258.0384216308594
CSGS2,q4_2020,1,persistence_condition_cqr,weather_outage,up,134,0.0,0.9,15.752943992614746,0.12117648869752884,254.37704467773438
CSGS2,q4_2020,1,robust_condition_cqr,clean,down,126,0.3968253968253968,0.5031746031746032,27.6705265045166,0.2128501981496811,112.15534973144531
CSGS2,q4_2020,1,robust_condition_cqr,clean,up,134,0.4552238805970149,0.4447761194029851,25.5408878326416,0.19646836817264557,96.30950927734375
CSGS2,q4_2020,1,robust_condition_cqr,combined_outage,down,126,0.6190476190476191,0.28095238095238095,38.335636138916016,0.29488950967788696,110.00348663330078
CSGS2,q4_2020,1,robust_condition_cqr,combined_outage,up,134,0.5447761194029851,0.35522388059701493,28.775278091430664,0.22134828567504883,83.86669158935547
CSGS2,q4_2020,1,robust_condition_cqr,irradiance_outage,down,126,0.47619047619047616,0.42380952380952386,30.64303207397461,0.23571562767028809,107.80867767333984
CSGS2,q4_2020,1,robust_condition_cqr,irradiance_outage,up,134,0.4626865671641791,0.4373134328358209,25.71965789794922,0.1978435218334198,94.71360778808594
CSGS2,q4_2020,1,robust_condition_cqr,recent_power_outage,down,126,0.6587301587301587,0.2412698412698413,35.730224609375,0.2748478949069977,99.39701080322266
CSGS2,q4_2020,1,robust_condition_cqr,recent_power_outage,up,134,0.5298507462686567,0.37014925373134333,29.613637924194336,0.22779721021652222,82.75202941894531
CSGS2,q4_2020,1,robust_condition_cqr,weather_outage,down,126,0.40476190476190477,0.49523809523809526,27.848434448242188,0.21421872079372406,115.24281311035156
CSGS2,q4_2020,1,robust_condition_cqr,weather_outage,up,134,0.4552238805970149,0.4447761194029851,25.34188461303711,0.1949375718832016,99.56961059570312
CSGS2,q4_2020,1,robust_local_cqr,clean,down,126,0.6031746031746031,0.2968253968253969,34.58245086669922,0.2660188674926758,86.8973617553711
CSGS2,q4_2020,1,robust_local_cqr,clean,up,134,0.6567164179104478,0.24328358208955225,32.96084976196289,0.25354498624801636,78.39125061035156
CSGS2,q4_2020,1,robust_local_cqr,combined_outage,down,126,0.7698412698412699,0.13015873015873014,48.116363525390625,0.3701258599758148,96.89141845703125
CSGS2,q4_2020,1,robust_local_cqr,combined_outage,up,134,0.5970149253731343,0.30298507462686575,33.186073303222656,0.25527748465538025,76.04019927978516
CSGS2,q4_2020,1,robust_local_cqr,irradiance_outage,down,126,0.6349206349206349,0.26507936507936514,36.42426681518555,0.28018665313720703,88.97775268554688
CSGS2,q4_2020,1,robust_local_cqr,irradiance_outage,up,134,0.664179104477612,0.23582089552238805,32.553070068359375,0.25040823221206665,77.3014907836914
CSGS2,q4_2020,1,robust_local_cqr,recent_power_outage,down,126,0.746031746031746,0.15396825396825398,41.911643981933594,0.32239726185798645,87.88045501708984
CSGS2,q4_2020,1,robust_local_cqr,recent_power_outage,up,134,0.6492537313432836,0.25074626865671645,35.70219802856445,0.2746323049068451,68.20610046386719
CSGS2,q4_2020,1,robust_local_cqr,weather_outage,down,126,0.6031746031746031,0.2968253968253969,35.06132507324219,0.2697024941444397,89.29680633544922
CSGS2,q4_2020,1,robust_local_cqr,weather_outage,up,134,0.664179104477612,0.23582089552238805,32.46950912475586,0.24976545572280884,81.42350769042969
CSGS2,q4_2020,1,robust_risk_mondrian,clean,down,126,0.5,0.4,31.08885955810547,0.23914507031440735,96.94208526611328
CSGS2,q4_2020,1,robust_risk_mondrian,clean,up,134,0.5895522388059702,0.31044776119402984,28.93955421447754,0.2226119488477707,84.33028411865234
CSGS2,q4_2020,1,robust_risk_mondrian,combined_outage,down,126,0.6428571428571429,0.2571428571428571,39.3185920715332,0.3024507164955139,109.29832458496094
CSGS2,q4_2020,1,robust_risk_mondrian,combined_outage,up,134,0.6194029850746269,0.28059701492537314,29.893573760986328,0.22995056211948395,79.16252136230469
CSGS2,q4_2020,1,robust_risk_mondrian,irradiance_outage,down,126,0.5158730158730159,0.3841269841269841,31.92392349243164,0.24556864798069,102.56432342529297
CSGS2,q4_2020,1,robust_risk_mondrian,irradiance_outage,up,134,0.5298507462686567,0.37014925373134333,27.00242042541504,0.20771092176437378,89.577392578125
CSGS2,q4_2020,1,robust_risk_mondrian,recent_power_outage,down,126,0.6984126984126984,0.20158730158730165,37.08296203613281,0.2852535545825958,94.25662994384766
CSGS2,q4_2020,1,robust_risk_mondrian,recent_power_outage,up,134,0.5895522388059702,0.31044776119402984,32.824607849121094,0.25249698758125305,73.5538101196289
CSGS2,q4_2020,1,robust_risk_mondrian,weather_outage,down,126,0.47619047619047616,0.42380952380952386,30.967397689819336,0.2382107526063919,101.32865905761719
CSGS2,q4_2020,1,robust_risk_mondrian,weather_outage,up,134,0.5522388059701493,0.34776119402985073,28.25301742553711,0.2173309028148651,89.22563171386719
CSGS2,q4_2020,1,robust_rolling_cqr,clean,down,126,0.3968253968253968,0.5031746031746032,27.724435806274414,0.21326489746570587,111.91012573242188
CSGS2,q4_2020,1,robust_rolling_cqr,clean,up,134,0.4552238805970149,0.4447761194029851,25.580129623413086,0.19677022099494934,96.20137786865234
CSGS2,q4_2020,1,robust_rolling_cqr,combined_outage,down,126,0.6111111111111112,0.28888888888888886,38.27845764160156,0.29444968700408936,111.84834289550781
CSGS2,q4_2020,1,robust_rolling_cqr,combined_outage,up,134,0.5447761194029851,0.35522388059701493,28.49314308166504,0.21917802095413208,85.59294891357422
CSGS2,q4_2020,1,robust_rolling_cqr,irradiance_outage,down,126,0.47619047619047616,0.42380952380952386,30.70524024963379,0.23619414865970612,107.53236389160156
CSGS2,q4_2020,1,robust_rolling_cqr,irradiance_outage,up,134,0.4626865671641791,0.4373134328358209,25.773008346557617,0.19825391471385956,94.51642608642578
CSGS2,q4_2020,1,robust_rolling_cqr,recent_power_outage,down,126,0.6746031746031746,0.22539682539682537,36.3915901184082,0.2799353003501892,97.92617797851562
CSGS2,q4_2020,1,robust_rolling_cqr,recent_power_outage,up,134,0.5298507462686567,0.37014925373134333,30.1369571685791,0.23182274401187897,80.91465759277344
CSGS2,q4_2020,1,robust_rolling_cqr,weather_outage,down,126,0.42063492063492064,0.4793650793650794,28.018112182617188,0.21552394330501556,114.50055694580078
CSGS2,q4_2020,1,robust_rolling_cqr,weather_outage,up,134,0.4552238805970149,0.4447761194029851,25.45451545715332,0.19580397009849548,99.15324401855469
CSGS2,q4_2020,4,clean_condition_cqr,clean,down,361,0.7174515235457064,0.18254847645429362,28.733503341674805,0.2210269421339035,80.48587799072266
CSGS2,q4_2020,4,clean_condition_cqr,clean,up,409,0.5819070904645477,0.31809290953545233,28.4920711517334,0.21916978061199188,101.70096588134766
CSGS2,q4_2020,4,clean_condition_cqr,combined_outage,down,361,0.997229916897507,0.0,53.9804801940918,0.4152344763278961,54.101253509521484
CSGS2,q4_2020,4,clean_condition_cqr,combined_outage,up,409,0.8508557457212714,0.049144254278728594,76.49861145019531,0.5884508490562439,108.44966888427734
CSGS2,q4_2020,4,clean_condition_cqr,irradiance_outage,down,361,0.8088642659279779,0.09113573407202213,33.72987747192383,0.25946059823036194,72.48795318603516
CSGS2,q4_2020,4,clean_condition_cqr,irradiance_outage,up,409,0.6185819070904646,0.28141809290953546,33.31128692626953,0.2562406659126282,102.73897552490234
CSGS2,q4_2020,4,clean_condition_cqr,recent_power_outage,down,361,1.0,0.0,51.654151916503906,0.3973396420478821,51.654151916503906
CSGS2,q4_2020,4,clean_condition_cqr,recent_power_outage,up,409,0.7481662591687042,0.15183374083129586,63.53643035888672,0.48874178528785706,119.91217041015625
CSGS2,q4_2020,4,clean_condition_cqr,weather_outage,down,361,0.703601108033241,0.19639889196675897,29.760690689086914,0.22892838716506958,86.60723114013672
CSGS2,q4_2020,4,clean_condition_cqr,weather_outage,up,409,0.4792176039119804,0.4207823960880196,28.50492286682129,0.21926863491535187,123.96113586425781
CSGS2,q4_2020,4,lgbm_condition_cqr,clean,down,361,0.6980609418282548,0.20193905817174518,33.76423645019531,0.259724885225296,64.48421478271484
CSGS2,q4_2020,4,lgbm_condition_cqr,clean,up,409,0.5916870415647921,0.3083129584352079,39.25432205200195,0.30195632576942444,93.93883514404297
CSGS2,q4_2020,4,lgbm_condition_cqr,combined_outage,down,361,1.0,0.0,53.41069793701172,0.41085150837898254,53.41069793701172
CSGS2,q4_2020,4,lgbm_condition_cqr,combined_outage,up,409,0.8753056234718827,0.024694376528117346,70.57693481445312,0.542899489402771,91.50314331054688
CSGS2,q4_2020,4,lgbm_condition_cqr,irradiance_outage,down,361,0.8337950138504155,0.06620498614958448,39.227012634277344,0.3017462491989136,53.11088943481445
CSGS2,q4_2020,4,lgbm_condition_cqr,irradiance_outage,up,409,0.6772616136919315,0.22273838630806853,41.63756561279297,0.3202889561653137,83.70025634765625
CSGS2,q4_2020,4,lgbm_condition_cqr,recent_power_outage,down,361,1.0,0.0,49.49665832519531,0.38074353337287903,49.49665832519531
CSGS2,q4_2020,4,lgbm_condition_cqr,recent_power_outage,up,409,0.8264058679706602,0.07359413202933984,64.99915313720703,0.4999934732913971,93.53023529052734
CSGS2,q4_2020,4,lgbm_condition_cqr,weather_outage,down,361,0.6897506925207756,0.21024930747922443,33.74406051635742,0.2595697045326233,65.66458892822266
CSGS2,q4_2020,4,lgbm_condition_cqr,weather_outage,up,409,0.5330073349633252,0.3669926650366748,38.941776275634766,0.2995521128177643,99.17157745361328
CSGS2,q4_2020,4,oracle_ramp_mondrian,clean,down,361,0.9002770083102493,0.0,41.010162353515625,0.31546279788017273,56.96742630004883
CSGS2,q4_2020,4,oracle_ramp_mondrian,clean,up,409,0.8606356968215159,0.03936430317848416,41.56298828125,0.319715291261673,68.32154083251953
CSGS2,q4_2020,4,oracle_ramp_mondrian,combined_outage,down,361,0.8919667590027701,0.008033240997229907,47.98114013671875,0.3690856993198395,66.39614868164062
CSGS2,q4_2020,4,oracle_ramp_mondrian,combined_outage,up,409,0.8459657701711492,0.054034229828850866,43.9273796081543,0.3379029333591461,64.12023162841797
CSGS2,q4_2020,4,oracle_ramp_mondrian,irradiance_outage,down,361,0.9196675900277008,0.0,44.711666107177734,0.34393590688705444,59.61932373046875
CSGS2,q4_2020,4,oracle_ramp_mondrian,irradiance_outage,up,409,0.8386308068459658,0.06136919315403422,42.63749313354492,0.32798072695732117,70.94270324707031
CSGS2,q4_2020,4,oracle_ramp_mondrian,recent_power_outage,down,361,0.9418282548476454,0.0,45.7110710144043,0.35162362456321716,52.35942459106445
CSGS2,q4_2020,4,oracle_ramp_mondrian,recent_power_outage,up,409,0.8777506112469438,0.022249388753056265,48.06509780883789,0.36973151564598083,66.00981903076172
CSGS2,q4_2020,4,oracle_ramp_mondrian,weather_outage,down,361,0.889196675900277,0.010803324099723066,41.729339599609375,0.32099491357803345,60.86882781982422
CSGS2,q4_2020,4,oracle_ramp_mondrian,weather_outage,up,409,0.8141809290953546,0.08581907090464547,40.75069808959961,0.3134669065475464,70.90188598632812
CSGS2,q4_2020,4,persistence_condition_cqr,clean,down,361,0.0,0.9,48.87445831298828,0.3759573698043823,264.9561462402344
CSGS2,q4_2020,4,persistence_condition_cqr,clean,up,409,0.0,0.9,40.960899353027344,0.3150838315486908,261.2480773925781
CSGS2,q4_2020,4,persistence_condition_cqr,combined_outage,down,361,0.5734072022160664,0.3265927977839336,99.35469055175781,0.764266848564148,232.66697692871094
CSGS2,q4_2020,4,persistence_condition_cqr,combined_outage,up,409,0.4718826405867971,0.42811735941320295,57.7319450378418,0.44409188628196716,197.00531005859375
CSGS2,q4_2020,4,persistence_condition_cqr,irradiance_outage,down,361,0.0,0.9,48.87445831298828,0.3759573698043823,264.9561462402344
CSGS2,q4_2020,4,persistence_condition_cqr,irradiance_outage,up,409,0.0,0.9,40.960899353027344,0.3150838315486908,261.2480773925781
CSGS2,q4_2020,4,persistence_condition_cqr,recent_power_outage,down,361,0.5734072022160664,0.3265927977839336,99.35469055175781,0.764266848564148,232.66697692871094
CSGS2,q4_2020,4,persistence_condition_cqr,recent_power_outage,up,409,0.4718826405867971,0.42811735941320295,57.7319450378418,0.44409188628196716,197.00531005859375
CSGS2,q4_2020,4,persistence_condition_cqr,weather_outage,down,361,0.0,0.9,48.87445831298828,0.3759573698043823,264.9561462402344
CSGS2,q4_2020,4,persistence_condition_cqr,weather_outage,up,409,0.0,0.9,40.960899353027344,0.3150838315486908,261.2480773925781
CSGS2,q4_2020,4,robust_condition_cqr,clean,down,361,0.7977839335180056,0.10221606648199444,28.712976455688477,0.2208690494298935,63.296897888183594
CSGS2,q4_2020,4,robust_condition_cqr,clean,up,409,0.6577017114914425,0.2422982885085575,28.507192611694336,0.21928609907627106,85.87605285644531
CSGS2,q4_2020,4,robust_condition_cqr,combined_outage,down,361,0.7894736842105263,0.1105263157894737,38.07952117919922,0.292919397354126,73.58126068115234
CSGS2,q4_2020,4,robust_condition_cqr,combined_outage,up,409,0.6479217603911981,0.25207823960880194,33.08074188232422,0.254467248916626,80.4699935913086
CSGS2,q4_2020,4,robust_condition_cqr,irradiance_outage,down,361,0.814404432132964,0.08559556786703604,34.1022834777832,0.262325257062912,63.25834274291992
CSGS2,q4_2020,4,robust_condition_cqr,irradiance_outage,up,409,0.6772616136919315,0.22273838630806853,31.42705535888672,0.24174657464027405,86.19417572021484
CSGS2,q4_2020,4,robust_condition_cqr,recent_power_outage,down,361,0.817174515235457,0.08282548476454299,31.205486297607422,0.24004220962524414,56.30364990234375
CSGS2,q4_2020,4,robust_condition_cqr,recent_power_outage,up,409,0.6552567237163814,0.24474327628361858,32.17241287231445,0.2474800944328308,85.78438568115234
CSGS2,q4_2020,4,robust_condition_cqr,weather_outage,down,361,0.7423822714681441,0.15761772853185596,29.23450469970703,0.22488079965114594,70.7852554321289
CSGS2,q4_2020,4,robust_condition_cqr,weather_outage,up,409,0.5696821515892421,0.33031784841075795,27.52139663696289,0.21170304715633392,98.40865325927734
CSGS2,q4_2020,4,robust_local_cqr,clean,down,361,0.8448753462603878,0.05512465373961217,33.8818359375,0.2606295049190521,57.764522552490234
CSGS2,q4_2020,4,robust_local_cqr,clean,up,409,0.8288508557457213,0.07114914425427876,42.325008392333984,0.3255769908428192,76.21044921875
CSGS2,q4_2020,4,robust_local_cqr,combined_outage,down,361,0.850415512465374,0.049584487534626076,42.34115219116211,0.32570117712020874,71.5472640991211
CSGS2,q4_2020,4,robust_local_cqr,combined_outage,up,409,0.7628361858190709,0.13716381418092916,40.336605072021484,0.31028157472610474,72.4123306274414
CSGS2,q4_2020,4,robust_local_cqr,irradiance_outage,down,361,0.8698060941828255,0.030193905817174516,39.60758590698242,0.3046737313270569,58.921024322509766
CSGS2,q4_2020,4,robust_local_cqr,irradiance_outage,up,409,0.8312958435207825,0.06870415647921757,44.620845794677734,0.3432372808456421,76.91040802001953
CSGS2,q4_2020,4,robust_local_cqr,recent_power_outage,down,361,0.8587257617728532,0.04127423822714682,34.41923522949219,0.26476335525512695,54.10200119018555
CSGS2,q4_2020,4,robust_local_cqr,recent_power_outage,up,409,0.8019559902200489,0.09804400977995109,43.410396575927734,0.33392614126205444,75.2242431640625
CSGS2,q4_2020,4,robust_local_cqr,weather_outage,down,361,0.8199445983379502,0.08005540166204983,34.970298767089844,0.2690022885799408,63.50022888183594
CSGS2,q4_2020,4,robust_local_cqr,weather_outage,up,409,0.7579462102689487,0.14205378973105132,40.99568176269531,0.3153513967990875,80.35618591308594
CSGS2,q4_2020,4,robust_risk_mondrian,clean,down,361,0.853185595567867,0.04681440443213303,35.58680725097656,0.27374467253685,60.46550750732422
CSGS2,q4_2020,4,robust_risk_mondrian,clean,up,409,0.7603911980440098,0.13960880195599024,35.348934173583984,0.27191486954689026,77.4286117553711
CSGS2,q4_2020,4,robust_risk_mondrian,combined_outage,down,361,0.778393351800554,0.121606648199446,38.640689849853516,0.2972360849380493,74.70539093017578
CSGS2,q4_2020,4,robust_risk_mondrian,combined_outage,up,409,0.7799511002444988,0.12004889975550126,40.143795013427734,0.3087984323501587,69.91653442382812
CSGS2,q4_2020,4,robust_risk_mondrian,irradiance_outage,down,361,0.8753462603878116,0.02465373961218842,39.81830978393555,0.30629467964172363,61.39431381225586
CSGS2,q4_2020,4,robust_risk_mondrian,irradiance_outage,up,409,0.7457212713936431,0.15427872860635694,37.058834075927734,0.28506794571876526,80.01563262939453
CSGS2,q4_2020,4,robust_risk_mondrian,recent_power_outage,down,361,0.8310249307479224,0.06897506925207764,33.696868896484375,0.2592066824436188,57.80129623413086
CSGS2,q4_2020,4,robust_risk_mondrian,recent_power_outage,up,409,0.7481662591687042,0.15183374083129586,38.808345794677734,0.29852575063705444,74.58206176757812
CSGS2,q4_2020,4,robust_risk_mondrian,weather_outage,down,361,0.8365650969529086,0.06343490304709143,36.44462966918945,0.28034329414367676,65.75879669189453
CSGS2,q4_2020,4,robust_risk_mondrian,weather_outage,up,409,0.6919315403422983,0.2080684596577017,34.644317626953125,0.2664947509765625,83.46179962158203
CSGS2,q4_2020,4,robust_rolling_cqr,clean,down,361,0.7950138504155124,0.1049861495844876,29.037622451782227,0.22336632013320923,62.21080780029297
CSGS2,q4_2020,4,robust_rolling_cqr,clean,up,409,0.6699266503667481,0.23007334963325188,28.72189712524414,0.22093766927719116,85.04818725585938
CSGS2,q4_2020,4,robust_rolling_cqr,combined_outage,down,361,0.7977839335180056,0.10221606648199444,38.00620651245117,0.2923554480075836,72.3824691772461
CSGS2,q4_2020,4,robust_rolling_cqr,combined_outage,up,409,0.6161369193154034,0.28386308068459665,32.80724334716797,0.2523634135723114,77.57686614990234
CSGS2,q4_2020,4,robust_rolling_cqr,irradiance_outage,down,361,0.817174515235457,0.08282548476454299,34.1707878112793,0.2628522217273712,62.20219039916992
CSGS2,q4_2020,4,robust_rolling_cqr,irradiance_outage,up,409,0.6748166259168704,0.2251833740831296,31.37198257446289,0.24132294952869415,86.74778747558594
CSGS2,q4_2020,4,robust_rolling_cqr,recent_power_outage,down,361,0.814404432132964,0.08559556786703604,31.96963119506836,0.24592024087905884,55.482017517089844
CSGS2,q4_2020,4,robust_rolling_cqr,recent_power_outage,up,409,0.6601466992665037,0.2398533007334963,32.798545837402344,0.252296507358551,82.0306396484375
CSGS2,q4_2020,4,robust_rolling_cqr,weather_outage,down,361,0.778393351800554,0.121606648199446,30.78308868408203,0.23679299652576447,68.3199462890625
CSGS2,q4_2020,4,robust_rolling_cqr,weather_outage,up,409,0.5965770171149144,0.3034229828850856,28.944517135620117,0.22265012562274933,92.64854431152344
CSGS5,q1_2020,1,clean_condition_cqr,clean,down,161,0.37267080745341613,0.527329192546584,26.279277801513672,0.2389025241136551,120.03640747070312
CSGS5,q1_2020,1,clean_condition_cqr,clean,up,173,0.2832369942196532,0.6167630057803468,23.107746124267578,0.2100704163312912,145.8568878173828
CSGS5,q1_2020,1,clean_condition_cqr,combined_outage,down,161,0.9254658385093167,0.0,62.47861099243164,0.5679873824119568,72.32231903076172
CSGS5,q1_2020,1,clean_condition_cqr,combined_outage,up,173,0.6994219653179191,0.2005780346820809,64.43669891357422,0.5857881903648376,140.17088317871094
CSGS5,q1_2020,1,clean_condition_cqr,irradiance_outage,down,161,0.968944099378882,0.0,49.365081787109375,0.44877347350120544,50.70901870727539
CSGS5,q1_2020,1,clean_condition_cqr,irradiance_outage,up,173,0.19653179190751446,0.7034682080924856,34.94972229003906,0.31772473454475403,183.98936462402344
CSGS5,q1_2020,1,clean_condition_cqr,recent_power_outage,down,161,0.968944099378882,0.0,57.17491912841797,0.5197719931602478,59.939537048339844
CSGS5,q1_2020,1,clean_condition_cqr,recent_power_outage,up,173,0.3988439306358382,0.5011560693641619,48.96711349487305,0.4451555907726288,185.47068786621094
CSGS5,q1_2020,1,clean_condition_cqr,weather_outage,down,161,0.35403726708074534,0.5459627329192547,26.05074119567871,0.2368249148130417,117.19628143310547
CSGS5,q1_2020,1,clean_condition_cqr,weather_outage,up,173,0.28901734104046245,0.6109826589595375,23.25993537902832,0.21145395934581757,144.48782348632812
CSGS5,q1_2020,1,lgbm_condition_cqr,clean,down,161,0.5527950310559007,0.34720496894409936,32.00095748901367,0.2909177839756012,82.65292358398438
CSGS5,q1_2020,1,lgbm_condition_cqr,clean,up,173,0.4624277456647399,0.43757225433526015,29.80057716369629,0.27091434597969055,108.65726470947266
CSGS5,q1_2020,1,lgbm_condition_cqr,combined_outage,down,161,0.9192546583850931,0.0,61.87263870239258,0.5624785423278809,70.81752014160156
CSGS5,q1_2020,1,lgbm_condition_cqr,combined_outage,up,173,0.6936416184971098,0.2063583815028902,62.89475631713867,0.5717704892158508,138.9950714111328
CSGS5,q1_2020,1,lgbm_condition_cqr,irradiance_outage,down,161,0.9006211180124224,0.0,38.58583068847656,0.35078027844429016,47.67771911621094
CSGS5,q1_2020,1,lgbm_condition_cqr,irradiance_outage,up,173,0.4277456647398844,0.4722543352601156,34.66782760620117,0.3151620626449585,124.131591796875
CSGS5,q1_2020,1,lgbm_condition_cqr,recent_power_outage,down,161,0.937888198757764,0.0,61.65839767456055,0.5605309009552002,67.76323699951172
CSGS5,q1_2020,1,lgbm_condition_cqr,recent_power_outage,up,173,0.6820809248554913,0.2179190751445087,61.37803649902344,0.5579821467399597,137.34092712402344
CSGS5,q1_2020,1,lgbm_condition_cqr,weather_outage,down,161,0.546583850931677,0.35341614906832297,32.465904235839844,0.29514458775520325,81.93122863769531
CSGS5,q1_2020,1,lgbm_condition_cqr,weather_outage,up,173,0.47398843930635837,0.42601156069364166,30.088415145874023,0.273531049489975,104.98303985595703
CSGS5,q1_2020,1,oracle_ramp_mondrian,clean,down,161,0.906832298136646,0.0,52.402950286865234,0.47639045119285583,63.93343734741211
CSGS5,q1_2020,1,oracle_ramp_mondrian,clean,up,173,0.8439306358381503,0.05606936416184971,51.49757385253906,0.4681597650051117,67.73017883300781
CSGS5,q1_2020,1,oracle_ramp_mondrian,combined_outage,down,161,0.8881987577639752,0.011801242236024856,55.91509246826172,0.5083190202713013,81.81073760986328
CSGS5,q1_2020,1,oracle_ramp_mondrian,combined_outage,up,173,0.861271676300578,0.03872832369942203,54.144683837890625,0.49222439527511597,70.74297332763672
CSGS5,q1_2020,1,oracle_ramp_mondrian,irradiance_outage,down,161,0.9254658385093167,0.0,52.18730163574219,0.47443002462387085,62.49930953979492
CSGS5,q1_2020,1,oracle_ramp_mondrian,irradiance_outage,up,173,0.861271676300578,0.03872832369942203,51.48023223876953,0.4680021107196808,70.76526641845703
CSGS5,q1_2020,1,oracle_ramp_mondrian,recent_power_outage,down,161,0.9006211180124224,0.0,53.73384094238281,0.48848944902420044,67.62179565429688
CSGS5,q1_2020,1,oracle_ramp_mondrian,recent_power_outage,up,173,0.8901734104046243,0.009826589595375745,54.666900634765625,0.49697181582450867,70.20530700683594
CSGS5,q1_2020,1,oracle_ramp_mondrian,weather_outage,down,161,0.9192546583850931,0.0,51.32059097290039,0.4665508270263672,61.65863800048828
CSGS5,q1_2020,1,oracle_ramp_mondrian,weather_outage,up,173,0.8554913294797688,0.04450867052023122,51.23735427856445,0.4657941162586212,67.23188018798828
CSGS5,q1_2020,1,persistence_condition_cqr,clean,down,161,0.0,0.9,14.280000686645508,0.12981818616390228,257.5011291503906
CSGS5,q1_2020,1,persistence_condition_cqr,clean,up,173,0.0,0.9,14.184972763061523,0.12895429134368896,243.825439453125
CSGS5,q1_2020,1,persistence_condition_cqr,combined_outage,down,161,0.8074534161490683,0.09254658385093173,70.33484649658203,0.6394076943397522,
CSGS5,q1_2020,1,persistence_condition_cqr,combined_outage,up,173,0.5549132947976878,0.3450867052023122,63.7113037109375,0.579193651676178,
CSGS5,q1_2020,1,persistence_condition_cqr,irradiance_outage,down,161,0.0,0.9,14.280000686645508,0.12981818616390228,257.5011291503906
CSGS5,q1_2020,1,persistence_condition_cqr,irradiance_outage,up,173,0.0,0.9,14.184972763061523,0.12895429134368896,243.825439453125
CSGS5,q1_2020,1,persistence_condition_cqr,recent_power_outage,down,161,0.8074534161490683,0.09254658385093173,70.33484649658203,0.6394076943397522,
CSGS5,q1_2020,1,persistence_condition_cqr,recent_power_outage,up,173,0.5549132947976878,0.3450867052023122,63.7113037109375,0.579193651676178,
CSGS5,q1_2020,1,persistence_condition_cqr,weather_outage,down,161,0.0,0.9,14.280000686645508,0.12981818616390228,257.5011291503906
CSGS5,q1_2020,1,persistence_condition_cqr,weather_outage,up,173,0.0,0.9,14.184972763061523,0.12895429134368896,243.825439453125
CSGS5,q1_2020,1,robust_condition_cqr,clean,down,161,0.6086956521739131,0.29130434782608694,32.1854248046875,0.2925947606563568,87.67134094238281
CSGS5,q1_2020,1,robust_condition_cqr,clean,up,173,0.5260115606936416,0.3739884393063584,31.803306579589844,0.28912097215652466,107.0684814453125
CSGS5,q1_2020,1,robust_condition_cqr,combined_outage,down,161,0.7515527950310559,0.14844720496894415,36.669960021972656,0.33336326479911804,96.35528564453125
CSGS5,q1_2020,1,robust_condition_cqr,combined_outage,up,173,0.6069364161849711,0.29306358381502895,34.827510833740234,0.31661373376846313,101.22527313232422
CSGS5,q1_2020,1,robust_condition_cqr,irradiance_outage,down,161,0.6956521739130435,0.20434782608695656,34.66794967651367,0.31516316533088684,74.67620849609375
CSGS5,q1_2020,1,robust_condition_cqr,irradiance_outage,up,173,0.5606936416184971,0.3393063583815029,34.27390670776367,0.31158095598220825,100.4427261352539
CSGS5,q1_2020,1,robust_condition_cqr,recent_power_outage,down,161,0.7080745341614907,0.19192546583850933,36.044158935546875,0.32767418026924133,81.72389221191406
CSGS5,q1_2020,1,robust_condition_cqr,recent_power_outage,up,173,0.6242774566473989,0.27572254335260116,37.1928596496582,0.33811691403388977,92.61146545410156
CSGS5,q1_2020,1,robust_condition_cqr,weather_outage,down,161,0.6086956521739131,0.29130434782608694,31.70903205871582,0.2882639169692993,85.24333190917969
CSGS5,q1_2020,1,robust_condition_cqr,weather_outage,up,173,0.5144508670520231,0.3855491329479769,32.10662841796875,0.29187843203544617,105.14425659179688
CSGS5,q1_2020,1,robust_local_cqr,clean,down,161,0.7142857142857143,0.18571428571428572,38.91447448730469,0.3537679612636566,72.04381561279297
CSGS5,q1_2020,1,robust_local_cqr,clean,up,173,0.630057803468208,0.26994219653179197,37.860206604003906,0.34418368339538574,91.3528060913086
CSGS5,q1_2020,1,robust_local_cqr,combined_outage,down,161,0.7950310559006211,0.10496894409937896,42.859947204589844,0.3896358907222748,90.58688354492188
CSGS5,q1_2020,1,robust_local_cqr,combined_outage,up,173,0.6820809248554913,0.2179190751445087,39.3654899597168,0.35786810517311096,86.2011947631836
CSGS5,q1_2020,1,robust_local_cqr,irradiance_outage,down,161,0.7453416149068323,0.15465838509316776,38.95823287963867,0.3541657626628876,68.12122344970703
CSGS5,q1_2020,1,robust_local_cqr,irradiance_outage,up,173,0.6589595375722543,0.24104046242774568,38.34691619873047,0.3486083149909973,89.710205078125
CSGS5,q1_2020,1,robust_local_cqr,recent_power_outage,down,161,0.7515527950310559,0.14844720496894415,38.816829681396484,0.3528802692890167,76.85318756103516
CSGS5,q1_2020,1,robust_local_cqr,recent_power_outage,up,173,0.6763005780346821,0.2236994219653179,40.46397018432617,0.3678542673587799,85.3501205444336
CSGS5,q1_2020,1,robust_local_cqr,weather_outage,down,161,0.7204968944099379,0.1795031055900621,38.473087310791016,0.34975534677505493,69.00596618652344
CSGS5,q1_2020,1,robust_local_cqr,weather_outage,up,173,0.6416184971098265,0.2583815028901735,38.33549118041992,0.3485044538974762,87.44636535644531
CSGS5,q1_2020,1,robust_risk_mondrian,clean,down,161,0.6521739130434783,0.24782608695652175,34.51591110229492,0.3137810230255127,81.63573455810547
CSGS5,q1_2020,1,robust_risk_mondrian,clean,up,173,0.5838150289017341,0.31618497109826593,33.93608856201172,0.308509886264801,99.8719482421875
CSGS5,q1_2020,1,robust_risk_mondrian,combined_outage,down,161,0.7577639751552795,0.14223602484472053,37.43899154663086,0.34035447239875793,94.74327087402344
CSGS5,q1_2020,1,robust_risk_mondrian,combined_outage,up,173,0.6069364161849711,0.29306358381502895,35.59907150268555,0.32362791895866394,98.03111267089844
CSGS5,q1_2020,1,robust_risk_mondrian,irradiance_outage,down,161,0.6956521739130435,0.20434782608695656,35.00447463989258,0.3182224929332733,74.03211975097656
CSGS5,q1_2020,1,robust_risk_mondrian,irradiance_outage,up,173,0.5664739884393064,0.3335260115606936,34.56012725830078,0.31418296694755554,99.45345306396484
CSGS5,q1_2020,1,robust_risk_mondrian,recent_power_outage,down,161,0.7080745341614907,0.19192546583850933,36.044158935546875,0.32767418026924133,81.72389221191406
CSGS5,q1_2020,1,robust_risk_mondrian,recent_power_outage,up,173,0.6242774566473989,0.27572254335260116,37.1928596496582,0.33811691403388977,92.61146545410156
CSGS5,q1_2020,1,robust_risk_mondrian,weather_outage,down,161,0.6273291925465838,0.2726708074534162,32.93180465698242,0.29938003420829773,81.84349822998047
CSGS5,q1_2020,1,robust_risk_mondrian,weather_outage,up,173,0.5491329479768786,0.3508670520231214,33.22228240966797,0.30202075839042664,101.07542419433594
CSGS5,q1_2020,1,robust_rolling_cqr,clean,down,161,0.6149068322981367,0.2850931677018633,32.67403793334961,0.29703670740127563,86.29097747802734
CSGS5,q1_2020,1,robust_rolling_cqr,clean,up,173,0.5375722543352601,0.3624277456647399,32.26431655883789,0.2933119833469391,105.58796691894531
CSGS5,q1_2020,1,robust_rolling_cqr,combined_outage,down,161,0.8695652173913043,0.0304347826086957,56.019264221191406,0.5092660188674927,81.33908081054688
CSGS5,q1_2020,1,robust_rolling_cqr,combined_outage,up,173,0.8439306358381503,0.05606936416184971,54.51121139526367,0.49555647373199463,72.12606048583984
CSGS5,q1_2020,1,robust_rolling_cqr,irradiance_outage,down,161,0.7018633540372671,0.19813664596273295,35.005489349365234,0.3182317316532135,74.18966674804688
CSGS5,q1_2020,1,robust_rolling_cqr,irradiance_outage,up,173,0.5664739884393064,0.3335260115606936,34.581459045410156,0.3143768906593323,99.63445281982422
CSGS5,q1_2020,1,robust_rolling_cqr,recent_power_outage,down,161,0.7267080745341615,0.1732919254658385,37.30155944824219,0.33910509943962097,79.86805725097656
CSGS5,q1_2020,1,robust_rolling_cqr,recent_power_outage,up,173,0.653179190751445,0.24682080924855498,38.44878005981445,0.34953436255455017,89.45576477050781
CSGS5,q1_2020,1,robust_rolling_cqr,weather_outage,down,161,0.6149068322981367,0.2850931677018633,32.133785247802734,0.29212531447410583,84.15342712402344
CSGS5,q1_2020,1,robust_rolling_cqr,weather_outage,up,173,0.5260115606936416,0.3739884393063584,32.47215270996094,0.2952013909816742,103.77865600585938
CSGS5,q1_2020,4,clean_condition_cqr,clean,down,266,0.6954887218045113,0.20451127819548875,29.854198455810547,0.2714017927646637,82.08189392089844
CSGS5,q1_2020,4,clean_condition_cqr,clean,up,277,0.5631768953068592,0.3368231046931408,39.26373291015625,0.3569430410861969,147.60511779785156
CSGS5,q1_2020,4,clean_condition_cqr,combined_outage,down,266,0.9887218045112782,0.0,51.97471618652344,0.47249743342399597,53.231201171875
CSGS5,q1_2020,4,clean_condition_cqr,combined_outage,up,277,0.7220216606498195,0.17797833935018048,68.0655746459961,0.6187779307365417,133.88885498046875
CSGS5,q1_2020,4,clean_condition_cqr,irradiance_outage,down,266,0.9624060150375939,0.0,39.65017318725586,0.36045610904693604,41.514156341552734
CSGS5,q1_2020,4,clean_condition_cqr,irradiance_outage,up,277,0.4981949458483754,0.4018050541516246,44.23225402832031,0.4021114110946655,185.3973388671875
CSGS5,q1_2020,4,clean_condition_cqr,recent_power_outage,down,266,0.9699248120300752,0.0,41.949825286865234,0.38136205077171326,43.19813919067383
CSGS5,q1_2020,4,clean_condition_cqr,recent_power_outage,up,277,0.4151624548736462,0.4848375451263538,45.13134002685547,0.4102849066257477,230.8799285888672
CSGS5,q1_2020,4,clean_condition_cqr,weather_outage,down,266,0.6954887218045113,0.20451127819548875,30.825834274291992,0.28023484349250793,77.54627227783203
CSGS5,q1_2020,4,clean_condition_cqr,weather_outage,up,277,0.5487364620938628,0.3512635379061372,39.16444396972656,0.3560403883457184,143.1218719482422
CSGS5,q1_2020,4,lgbm_condition_cqr,clean,down,266,0.7556390977443609,0.14436090225563913,31.583261489868164,0.2871205508708954,56.847877502441406
CSGS5,q1_2020,4,lgbm_condition_cqr,clean,up,277,0.3862815884476534,0.5137184115523465,39.07368850708008,0.3552153408527374,152.6159210205078
CSGS5,q1_2020,4,lgbm_condition_cqr,combined_outage,down,266,0.9924812030075187,0.0,47.7114372253418,0.4337403476238251,48.144920349121094
CSGS5,q1_2020,4,lgbm_condition_cqr,combined_outage,up,277,0.6642599277978339,0.23574007220216608,61.29547119140625,0.5572315454483032,132.7914276123047
CSGS5,q1_2020,4,lgbm_condition_cqr,irradiance_outage,down,266,0.9473684210526315,0.0,34.953006744384766,0.3177545964717865,39.431453704833984
CSGS5,q1_2020,4,lgbm_condition_cqr,irradiance_outage,up,277,0.3285198555956679,0.5714801444043321,41.87286376953125,0.3806624114513397,159.97091674804688
CSGS5,q1_2020,4,lgbm_condition_cqr,recent_power_outage,down,266,0.9924812030075187,0.0,46.98442840576172,0.42713117599487305,47.49330139160156
CSGS5,q1_2020,4,lgbm_condition_cqr,recent_power_outage,up,277,0.6389891696750902,0.2610108303249098,59.3682861328125,0.5397117137908936,135.3670196533203
CSGS5,q1_2020,4,lgbm_condition_cqr,weather_outage,down,266,0.7631578947368421,0.13684210526315788,31.935773849487305,0.29032522439956665,56.19871139526367
CSGS5,q1_2020,4,lgbm_condition_cqr,weather_outage,up,277,0.3140794223826715,0.5859205776173285,38.135108947753906,0.3466828167438507,163.76531982421875
CSGS5,q1_2020,4,oracle_ramp_mondrian,clean,down,266,0.9210526315789473,0.0,47.13714599609375,0.42851951718330383,54.56538391113281
CSGS5,q1_2020,4,oracle_ramp_mondrian,clean,up,277,0.8844765342960289,0.015523465703971118,65.8909683227539,0.5990087985992432,89.60741424560547
CSGS5,q1_2020,4,oracle_ramp_mondrian,combined_outage,down,266,0.9511278195488722,0.0,52.503761291503906,0.47730693221092224,60.89311981201172
CSGS5,q1_2020,4,oracle_ramp_mondrian,combined_outage,up,277,0.8736462093862816,0.026353790613718453,65.01336669921875,0.5910305976867676,94.57574462890625
CSGS5,q1_2020,4,oracle_ramp_mondrian,irradiance_outage,down,266,0.9511278195488722,0.0,51.439414978027344,0.4676310420036316,55.10316467285156
CSGS5,q1_2020,4,oracle_ramp_mondrian,irradiance_outage,up,277,0.8736462093862816,0.026353790613718453,68.05867004394531,0.6187151670455933,92.07052612304688
CSGS5,q1_2020,4,oracle_ramp_mondrian,recent_power_outage,down,266,0.9210526315789473,0.0,46.538761138916016,0.42307963967323303,58.35287094116211
CSGS5,q1_2020,4,oracle_ramp_mondrian,recent_power_outage,up,277,0.8592057761732852,0.040794223826714826,60.15949249267578,0.5469045042991638,87.87244415283203
CSGS5,q1_2020,4,oracle_ramp_mondrian,weather_outage,down,266,0.9172932330827067,0.0,46.95321273803711,0.4268473982810974,55.235984802246094
CSGS5,q1_2020,4,oracle_ramp_mondrian,weather_outage,up,277,0.8736462093862816,0.026353790613718453,64.84188079833984,0.5894716382026672,90.36927795410156
CSGS5,q1_2020,4,persistence_condition_cqr,clean,down,266,0.0,0.9,42.417823791503906,0.38561657071113586,201.84939575195312
CSGS5,q1_2020,4,persistence_condition_cqr,clean,up,277,0.0,0.9,37.92104721069336,0.344736784696579,223.04379272460938
CSGS5,q1_2020,4,persistence_condition_cqr,combined_outage,down,266,0.6240601503759399,0.27593984962406015,83.55439758300781,0.759585440158844,156.32357788085938
CSGS5,q1_2020,4,persistence_condition_cqr,combined_outage,up,277,0.20577617328519857,0.6942238267148014,66.12825775146484,0.6011659502983093,
CSGS5,q1_2020,4,persistence_condition_cqr,irradiance_outage,down,266,0.0,0.9,42.417823791503906,0.38561657071113586,201.84939575195312
CSGS5,q1_2020,4,persistence_condition_cqr,irradiance_outage,up,277,0.0,0.9,37.92104721069336,0.344736784696579,223.04379272460938
CSGS5,q1_2020,4,persistence_condition_cqr,recent_power_outage,down,266,0.6240601503759399,0.27593984962406015,83.55439758300781,0.759585440158844,156.32357788085938
CSGS5,q1_2020,4,persistence_condition_cqr,recent_power_outage,up,277,0.20577617328519857,0.6942238267148014,66.12825775146484,0.6011659502983093,
CSGS5,q1_2020,4,persistence_condition_cqr,weather_outage,down,266,0.0,0.9,42.417823791503906,0.38561657071113586,201.84939575195312
CSGS5,q1_2020,4,persistence_condition_cqr,weather_outage,up,277,0.0,0.9,37.92104721069336,0.344736784696579,223.04379272460938
CSGS5,q1_2020,4,robust_condition_cqr,clean,down,266,0.7819548872180451,0.11804511278195495,30.732877731323242,0.27938979864120483,62.17211151123047
CSGS5,q1_2020,4,robust_condition_cqr,clean,up,277,0.740072202166065,0.15992779783393507,48.82543182373047,0.443867564201355,104.55435180664062
CSGS5,q1_2020,4,robust_condition_cqr,combined_outage,down,266,0.8270676691729323,0.07293233082706774,35.7208137512207,0.3247346580028534,65.49961853027344
CSGS5,q1_2020,4,robust_condition_cqr,combined_outage,up,277,0.703971119133574,0.196028880866426,45.44087219238281,0.41309884190559387,113.45558166503906
CSGS5,q1_2020,4,robust_condition_cqr,irradiance_outage,down,266,0.8157894736842105,0.08421052631578951,34.83505630493164,0.3166823387145996,57.89114761352539
CSGS5,q1_2020,4,robust_condition_cqr,irradiance_outage,up,277,0.7328519855595668,0.16714801444043326,50.271934509277344,0.45701760053634644,109.6637191772461
CSGS5,q1_2020,4,robust_condition_cqr,recent_power_outage,down,266,0.8270676691729323,0.07293233082706774,33.1698112487793,0.3015437424182892,63.86941146850586
CSGS5,q1_2020,4,robust_condition_cqr,recent_power_outage,up,277,0.7111913357400722,0.18880866425992782,45.38752746582031,0.4126138985157013,104.683349609375
CSGS5,q1_2020,4,robust_condition_cqr,weather_outage,down,266,0.7631578947368421,0.13684210526315788,31.528518676757812,0.28662291169166565,62.70585632324219
CSGS5,q1_2020,4,robust_condition_cqr,weather_outage,up,277,0.7256317689530686,0.17436823104693144,49.060489654541016,0.4460044503211975,104.98124694824219
CSGS5,q1_2020,4,robust_local_cqr,clean,down,266,0.8421052631578947,0.05789473684210533,34.2829475402832,0.3116631507873535,53.59417724609375
CSGS5,q1_2020,4,robust_local_cqr,clean,up,277,0.8086642599277978,0.09133574007220224,54.870094299316406,0.4988190531730652,99.3099365234375
CSGS5,q1_2020,4,robust_local_cqr,combined_outage,down,266,0.868421052631579,0.03157894736842104,39.49972152709961,0.35908839106559753,58.234920501708984
CSGS5,q1_2020,4,robust_local_cqr,combined_outage,up,277,0.7942238267148014,0.10577617328519862,49.64830017089844,0.4513481855392456,104.52838134765625
CSGS5,q1_2020,4,robust_local_cqr,irradiance_outage,down,266,0.8721804511278195,0.027819548872180522,38.39189529418945,0.3490172326564789,50.88981628417969
CSGS5,q1_2020,4,robust_local_cqr,irradiance_outage,up,277,0.8050541516245487,0.09494584837545128,56.91767120361328,0.5174333453178406,104.33108520507812
CSGS5,q1_2020,4,robust_local_cqr,recent_power_outage,down,266,0.8571428571428571,0.04285714285714293,36.18489456176758,0.3289535939693451,57.49956130981445
CSGS5,q1_2020,4,robust_local_cqr,recent_power_outage,up,277,0.7870036101083032,0.1129963898916968,51.63432312011719,0.469402939081192,95.55120086669922
CSGS5,q1_2020,4,robust_local_cqr,weather_outage,down,266,0.8233082706766918,0.07669172932330826,34.31761169433594,0.311978280544281,55.38200378417969
CSGS5,q1_2020,4,robust_local_cqr,weather_outage,up,277,0.7978339350180506,0.10216606498194947,54.44575119018555,0.49496138095855713,98.97898864746094
CSGS5,q1_2020,4,robust_risk_mondrian,clean,down,266,0.8383458646616542,0.06165413533834585,35.93973159790039,0.3267248272895813,57.640602111816406
CSGS5,q1_2020,4,robust_risk_mondrian,clean,up,277,0.7870036101083032,0.1129963898916968,53.41969680786133,0.48563361167907715,100.30509948730469
CSGS5,q1_2020,4,robust_risk_mondrian,combined_outage,down,266,0.8345864661654135,0.06541353383458648,36.169342041015625,0.32881221175193787,61.26124572753906
CSGS5,q1_2020,4,robust_risk_mondrian,combined_outage,up,277,0.7617328519855595,0.1382671480144405,47.52643585205078,0.43205851316452026,106.77120971679688
CSGS5,q1_2020,4,robust_risk_mondrian,irradiance_outage,down,266,0.8796992481203008,0.020300751879699264,40.871910095214844,0.37156280875205994,54.44291687011719
CSGS5,q1_2020,4,robust_risk_mondrian,irradiance_outage,up,277,0.776173285198556,0.12382671480144403,55.806148529052734,0.5073286294937134,106.89311218261719
CSGS5,q1_2020,4,robust_risk_mondrian,recent_power_outage,down,266,0.8308270676691729,0.06917293233082711,33.673622131347656,0.306123822927475,62.88164520263672
CSGS5,q1_2020,4,robust_risk_mondrian,recent_power_outage,up,277,0.7256317689530686,0.17436823104693144,47.24732208251953,0.4295211136341095,104.88304138183594
CSGS5,q1_2020,4,robust_risk_mondrian,weather_outage,down,266,0.8421052631578947,0.05789473684210533,37.87776184082031,0.34434327483177185,56.820438385009766
CSGS5,q1_2020,4,robust_risk_mondrian,weather_outage,up,277,0.8086642599277978,0.09133574007220224,54.46815872192383,0.495165079832077,99.464111328125
CSGS5,q1_2020,4,robust_rolling_cqr,clean,down,266,0.8007518796992481,0.09924812030075192,31.96462631225586,0.29058751463890076,61.371376037597656
CSGS5,q1_2020,4,robust_rolling_cqr,clean,up,277,0.7545126353790613,0.1454873646209387,50.007965087890625,0.45461785793304443,102.90985870361328
CSGS5,q1_2020,4,robust_rolling_cqr,combined_outage,down,266,0.9511278195488722,0.0,52.98391342163086,0.48167192935943604,63.227054595947266
CSGS5,q1_2020,4,robust_rolling_cqr,combined_outage,up,277,0.8808664259927798,0.019133574007220266,65.90011596679688,0.5990919470787048,94.52762603759766
CSGS5,q1_2020,4,robust_rolling_cqr,irradiance_outage,down,266,0.8421052631578947,0.05789473684210533,36.110836029052734,0.32828032970428467,57.38060760498047
CSGS5,q1_2020,4,robust_rolling_cqr,irradiance_outage,up,277,0.7509025270758123,0.14909747292418774,51.516544342041016,0.4683322310447693,107.9875717163086
CSGS5,q1_2020,4,robust_rolling_cqr,recent_power_outage,down,266,0.8533834586466166,0.046616541353383445,36.39932632446289,0.33090296387672424,62.254302978515625
CSGS5,q1_2020,4,robust_rolling_cqr,recent_power_outage,up,277,0.7545126353790613,0.1454873646209387,48.75081253051758,0.44318920373916626,98.90618133544922
CSGS5,q1_2020,4,robust_rolling_cqr,weather_outage,down,266,0.7593984962406015,0.1406015037593985,32.10645294189453,0.2918768525123596,62.872135162353516
CSGS5,q1_2020,4,robust_rolling_cqr,weather_outage,up,277,0.7328519855595668,0.16714801444043326,49.54297637939453,0.45039069652557373,103.7974853515625
CSGS5,q2_2020,1,clean_condition_cqr,clean,down,332,0.3855421686746988,0.5144578313253012,27.440570831298828,0.24945972859859467,122.08125305175781
CSGS5,q2_2020,1,clean_condition_cqr,clean,up,326,0.4539877300613497,0.44601226993865034,28.22942352294922,0.25663113594055176,110.36821746826172
CSGS5,q2_2020,1,clean_condition_cqr,combined_outage,down,332,0.9728915662650602,0.0,69.62794494628906,0.6329813003540039,71.8748550415039
CSGS5,q2_2020,1,clean_condition_cqr,combined_outage,up,326,0.7177914110429447,0.18220858895705527,70.77136993408203,0.6433761119842529,123.59854125976562
CSGS5,q2_2020,1,clean_condition_cqr,irradiance_outage,down,332,0.9819277108433735,0.0,51.949546813964844,0.47226861119270325,52.798744201660156
CSGS5,q2_2020,1,clean_condition_cqr,irradiance_outage,up,326,0.3159509202453988,0.5840490797546012,42.85619354248047,0.38960176706314087,154.87301635742188
CSGS5,q2_2020,1,clean_condition_cqr,recent_power_outage,down,332,0.9909638554216867,0.0,67.0951156616211,0.6099556088447571,67.6160659790039
CSGS5,q2_2020,1,clean_condition_cqr,recent_power_outage,up,326,0.5368098159509203,0.36319018404907977,59.29092025756836,0.539008378982544,141.107666015625
CSGS5,q2_2020,1,clean_condition_cqr,weather_outage,down,332,0.37349397590361444,0.5265060240963856,27.62974739074707,0.2511795163154602,123.623046875
CSGS5,q2_2020,1,clean_condition_cqr,weather_outage,up,326,0.4294478527607362,0.4705521472392638,28.146148681640625,0.25587406754493713,112.98941040039062
CSGS5,q2_2020,1,lgbm_condition_cqr,clean,down,332,0.5843373493975904,0.3156626506024096,33.55317687988281,0.30502888560295105,79.677490234375
CSGS5,q2_2020,1,lgbm_condition_cqr,clean,up,326,0.5552147239263804,0.34478527607361964,35.321197509765625,0.3211017847061157,91.5947265625
CSGS5,q2_2020,1,lgbm_condition_cqr,combined_outage,down,332,0.9819277108433735,0.0,68.90996551513672,0.62645423412323,70.14973449707031
CSGS5,q2_2020,1,lgbm_condition_cqr,combined_outage,up,326,0.7147239263803681,0.18527607361963194,69.95459747314453,0.6359508633613586,117.65131378173828
CSGS5,q2_2020,1,lgbm_condition_cqr,irradiance_outage,down,332,0.9307228915662651,0.0,42.59434127807617,0.3872212767601013,48.09320831298828
CSGS5,q2_2020,1,lgbm_condition_cqr,irradiance_outage,up,326,0.5766871165644172,0.32331288343558284,43.84490203857422,0.3985900282859802,97.02295684814453
CSGS5,q2_2020,1,lgbm_condition_cqr,recent_power_outage,down,332,0.9969879518072289,0.0,73.03843688964844,0.6639857888221741,73.3255844116211
CSGS5,q2_2020,1,lgbm_condition_cqr,recent_power_outage,up,326,0.754601226993865,0.14539877300613502,70.06010437011719,0.6369100213050842,103.6102523803711
CSGS5,q2_2020,1,lgbm_condition_cqr,weather_outage,down,332,0.5813253012048193,0.31867469879518073,33.383888244628906,0.30348989367485046,81.93029022216797
CSGS5,q2_2020,1,lgbm_condition_cqr,weather_outage,up,326,0.5644171779141104,0.33558282208588963,35.1655387878418,0.3196867108345032,90.8155517578125
CSGS5,q2_2020,1,oracle_ramp_mondrian,clean,down,332,0.8855421686746988,0.014457831325301207,52.69574737548828,0.47905224561691284,63.0546760559082
CSGS5,q2_2020,1,oracle_ramp_mondrian,clean,up,326,0.9233128834355828,0.0,54.29331588745117,0.4935756027698517,61.66895294189453
CSGS5,q2_2020,1,oracle_ramp_mondrian,combined_outage,down,332,0.9246987951807228,0.0,57.039146423339844,0.518537700176239,64.31073760986328
CSGS5,q2_2020,1,oracle_ramp_mondrian,combined_outage,up,326,0.911042944785276,0.0,56.746891021728516,0.515880823135376,64.89476013183594
CSGS5,q2_2020,1,oracle_ramp_mondrian,irradiance_outage,down,332,0.8704819277108434,0.029518072289156594,51.22057342529297,0.465641587972641,65.4278335571289
CSGS5,q2_2020,1,oracle_ramp_mondrian,irradiance_outage,up,326,0.9294478527607362,0.0,53.41853332519531,0.4856230318546295,60.60586929321289
CSGS5,q2_2020,1,oracle_ramp_mondrian,recent_power_outage,down,332,0.9096385542168675,0.0,54.1036262512207,0.49185115098953247,62.044898986816406
CSGS5,q2_2020,1,oracle_ramp_mondrian,recent_power_outage,up,326,0.9202453987730062,0.0,54.976707458496094,0.4997882544994354,62.593990325927734
CSGS5,q2_2020,1,oracle_ramp_mondrian,weather_outage,down,332,0.8855421686746988,0.014457831325301207,52.40516662597656,0.4764105975627899,63.0317497253418
CSGS5,q2_2020,1,oracle_ramp_mondrian,weather_outage,up,326,0.9202453987730062,0.0,53.6998405456543,0.48818036913871765,62.610591888427734
CSGS5,q2_2020,1,persistence_condition_cqr,clean,down,332,0.0,0.9,20.520002365112305,0.1865454763174057,219.50733947753906
CSGS5,q2_2020,1,persistence_condition_cqr,clean,up,326,0.0,0.9,20.457979202270508,0.1859816312789917,210.02056884765625
CSGS5,q2_2020,1,persistence_condition_cqr,combined_outage,down,332,0.9216867469879518,0.0,81.79327392578125,0.7435752153396606,
CSGS5,q2_2020,1,persistence_condition_cqr,combined_outage,up,326,0.843558282208589,0.05644171779141105,76.39171600341797,0.6944701671600342,
CSGS5,q2_2020,1,persistence_condition_cqr,irradiance_outage,down,332,0.0,0.9,20.520002365112305,0.1865454763174057,219.50733947753906
CSGS5,q2_2020,1,persistence_condition_cqr,irradiance_outage,up,326,0.0,0.9,20.457979202270508,0.1859816312789917,210.02056884765625
CSGS5,q2_2020,1,persistence_condition_cqr,recent_power_outage,down,332,0.9216867469879518,0.0,81.79327392578125,0.7435752153396606,
CSGS5,q2_2020,1,persistence_condition_cqr,recent_power_outage,up,326,0.843558282208589,0.05644171779141105,76.39171600341797,0.6944701671600342,
CSGS5,q2_2020,1,persistence_condition_cqr,weather_outage,down,332,0.0,0.9,20.520002365112305,0.1865454763174057,219.50733947753906
CSGS5,q2_2020,1,persistence_condition_cqr,weather_outage,up,326,0.0,0.9,20.457979202270508,0.1859816312789917,210.02056884765625
CSGS5,q2_2020,1,robust_condition_cqr,clean,down,332,0.49698795180722893,0.4030120481927711,30.846073150634766,0.28041884303092957,99.21736145019531
CSGS5,q2_2020,1,robust_condition_cqr,clean,up,326,0.6042944785276073,0.2957055214723927,32.89973831176758,0.2990885376930237,86.29702758789062
CSGS5,q2_2020,1,robust_condition_cqr,combined_outage,down,332,0.8945783132530121,0.005421686746987953,49.58739471435547,0.4507944881916046,63.43178176879883
CSGS5,q2_2020,1,robust_condition_cqr,combined_outage,up,326,0.843558282208589,0.05644171779141105,49.30052947998047,0.44818663597106934,66.8052749633789
CSGS5,q2_2020,1,robust_condition_cqr,irradiance_outage,down,332,0.5542168674698795,0.3457831325301205,32.16947937011719,0.29244980216026306,98.27921295166016
CSGS5,q2_2020,1,robust_condition_cqr,irradiance_outage,up,326,0.6380368098159509,0.2619631901840491,34.54573440551758,0.31405213475227356,81.41798400878906
CSGS5,q2_2020,1,robust_condition_cqr,recent_power_outage,down,332,0.608433734939759,0.29156626506024097,35.25492858886719,0.32049936056137085,84.47586822509766
CSGS5,q2_2020,1,robust_condition_cqr,recent_power_outage,up,326,0.6380368098159509,0.2619631901840491,36.46815872192383,0.3315287232398987,82.61236572265625
CSGS5,q2_2020,1,robust_condition_cqr,weather_outage,down,332,0.4939759036144578,0.4060240963855422,30.804134368896484,0.2800375819206238,99.57593536376953
CSGS5,q2_2020,1,robust_condition_cqr,weather_outage,up,326,0.5674846625766872,0.33251533742331285,32.54121780395508,0.29582926630973816,91.3062973022461
CSGS5,q2_2020,1,robust_local_cqr,clean,down,332,0.6596385542168675,0.24036144578313257,39.546016693115234,0.3595092296600342,79.67072296142578
CSGS5,q2_2020,1,robust_local_cqr,clean,up,326,0.745398773006135,0.15460122699386503,41.54346466064453,0.3776678740978241,73.5186538696289
CSGS5,q2_2020,1,robust_local_cqr,combined_outage,down,332,0.8463855421686747,0.053614457831325346,47.573917388916016,0.43249017000198364,65.34400939941406
CSGS5,q2_2020,1,robust_local_cqr,combined_outage,up,326,0.8190184049079755,0.08098159509202452,49.200809478759766,0.44728007912635803,74.306640625
CSGS5,q2_2020,1,robust_local_cqr,irradiance_outage,down,332,0.6927710843373494,0.20722891566265067,39.5970344543457,0.3599730432033539,79.84261322021484
CSGS5,q2_2020,1,robust_local_cqr,irradiance_outage,up,326,0.7638036809815951,0.1361963190184049,42.43132781982422,0.38573935627937317,72.29739379882812
CSGS5,q2_2020,1,robust_local_cqr,recent_power_outage,down,332,0.6987951807228916,0.20120481927710843,40.061859130859375,0.3641987144947052,75.00189208984375
CSGS5,q2_2020,1,robust_local_cqr,recent_power_outage,up,326,0.7392638036809815,0.16073619631901848,42.394622802734375,0.38540565967559814,74.11453247070312
CSGS5,q2_2020,1,robust_local_cqr,weather_outage,down,332,0.6897590361445783,0.21024096385542168,39.957584381103516,0.3632507622241974,77.83950805664062
CSGS5,q2_2020,1,robust_local_cqr,weather_outage,up,326,0.7331288343558282,0.16687116564417181,41.2211799621582,0.37473800778388977,75.8639907836914
CSGS5,q2_2020,1,robust_risk_mondrian,clean,down,332,0.5903614457831325,0.3096385542168675,34.041744232177734,0.30947041511535645,88.35338592529297
CSGS5,q2_2020,1,robust_risk_mondrian,clean,up,326,0.6687116564417178,0.2312883435582822,35.86982345581055,0.3260892927646637,78.82382202148438
CSGS5,q2_2020,1,robust_risk_mondrian,combined_outage,down,332,0.9036144578313253,0.0,50.77063751220703,0.4615512490272522,62.07680130004883
CSGS5,q2_2020,1,robust_risk_mondrian,combined_outage,up,326,0.8588957055214724,0.04110429447852759,52.38801193237305,0.4762546420097351,67.98975372314453
CSGS5,q2_2020,1,robust_risk_mondrian,irradiance_outage,down,332,0.6114457831325302,0.28855421686746985,35.497406005859375,0.32270368933677673,87.94080352783203
CSGS5,q2_2020,1,robust_risk_mondrian,irradiance_outage,up,326,0.6809815950920245,0.21901840490797553,37.750648498535156,0.34318771958351135,74.45576477050781
CSGS5,q2_2020,1,robust_risk_mondrian,recent_power_outage,down,332,0.641566265060241,0.2584337349397591,37.56547164916992,0.3415042757987976,77.6721420288086
CSGS5,q2_2020,1,robust_risk_mondrian,recent_power_outage,up,326,0.6932515337423313,0.20674846625766874,39.11481475830078,0.35558921098709106,76.86274719238281
CSGS5,q2_2020,1,robust_risk_mondrian,weather_outage,down,332,0.5572289156626506,0.3427710843373494,33.48399353027344,0.30439993739128113,89.81086730957031
CSGS5,q2_2020,1,robust_risk_mondrian,weather_outage,up,326,0.6257668711656442,0.2742331288343558,34.96342086791992,0.3178492784500122,84.17952728271484
CSGS5,q2_2020,1,robust_rolling_cqr,clean,down,332,0.5481927710843374,0.35180722891566263,32.33127975463867,0.29392072558403015,94.3880386352539
CSGS5,q2_2020,1,robust_rolling_cqr,clean,up,326,0.6288343558282209,0.27116564417177913,34.299171447753906,0.3118106424808502,82.92655181884766
CSGS5,q2_2020,1,robust_rolling_cqr,combined_outage,down,332,0.8283132530120482,0.07168674698795185,43.541873931884766,0.3958352208137512,66.65026092529297
CSGS5,q2_2020,1,robust_rolling_cqr,combined_outage,up,326,0.7361963190184049,0.16380368098159515,43.125858306884766,0.3920532464981079,73.15210723876953
CSGS5,q2_2020,1,robust_rolling_cqr,irradiance_outage,down,332,0.5632530120481928,0.33674698795180724,33.057254791259766,0.30052050948143005,95.86312103271484
CSGS5,q2_2020,1,robust_rolling_cqr,irradiance_outage,up,326,0.6503067484662577,0.24969325153374233,35.36979293823242,0.3215435743331909,79.32540130615234
CSGS5,q2_2020,1,robust_rolling_cqr,recent_power_outage,down,332,0.6234939759036144,0.2765060240963856,36.231510162353516,0.32937735319137573,81.71865844726562
CSGS5,q2_2020,1,robust_rolling_cqr,recent_power_outage,up,326,0.6349693251533742,0.2650306748466258,37.35513687133789,0.3395921587944031,80.44808197021484
CSGS5,q2_2020,1,robust_rolling_cqr,weather_outage,down,332,0.5421686746987951,0.3578313253012049,32.35673522949219,0.2941521406173706,94.81587982177734
CSGS5,q2_2020,1,robust_rolling_cqr,weather_outage,up,326,0.6104294478527608,0.28957055214723926,34.00159454345703,0.30910539627075195,86.86638641357422
CSGS5,q2_2020,4,clean_condition_cqr,clean,down,326,0.6073619631901841,0.2926380368098159,33.678043365478516,0.306164026260376,116.78438568115234
CSGS5,q2_2020,4,clean_condition_cqr,clean,up,333,0.5645645645645646,0.3354354354354354,40.62935256958008,0.36935776472091675,128.5785369873047
CSGS5,q2_2020,4,clean_condition_cqr,combined_outage,down,326,0.9969325153374233,0.0,63.546730041503906,0.5776975750923157,63.65203094482422
CSGS5,q2_2020,4,clean_condition_cqr,combined_outage,up,333,0.7927927927927928,0.10720720720720722,77.13097381591797,0.7011906504631042,110.57203674316406
CSGS5,q2_2020,4,clean_condition_cqr,irradiance_outage,down,326,0.9631901840490797,0.0,50.653438568115234,0.4604858160018921,52.552391052246094
CSGS5,q2_2020,4,clean_condition_cqr,irradiance_outage,up,333,0.38738738738738737,0.5126126126126127,45.339515686035156,0.4121774137020111,185.23057556152344
CSGS5,q2_2020,4,clean_condition_cqr,recent_power_outage,down,326,1.0,0.0,64.02351379394531,0.5820319652557373,64.02351379394531
CSGS5,q2_2020,4,clean_condition_cqr,recent_power_outage,up,333,0.6426426426426426,0.25735735735735743,61.99258041381836,0.5635688900947571,130.27493286132812
CSGS5,q2_2020,4,clean_condition_cqr,weather_outage,down,326,0.6226993865030674,0.2773006134969326,33.86430740356445,0.30785733461380005,116.23880767822266
CSGS5,q2_2020,4,clean_condition_cqr,weather_outage,up,333,0.5675675675675675,0.3324324324324325,40.23287582397461,0.3657534122467041,134.63735961914062
CSGS5,q2_2020,4,lgbm_condition_cqr,clean,down,326,0.7668711656441718,0.13312883435582823,39.7492561340332,0.3613568842411041,72.05619812011719
CSGS5,q2_2020,4,lgbm_condition_cqr,clean,up,333,0.6546546546546547,0.24534534534534536,44.69269561767578,0.4062972366809845,107.07756042480469
CSGS5,q2_2020,4,lgbm_condition_cqr,combined_outage,down,326,1.0,0.0,63.96998596191406,0.581545352935791,63.96998596191406
CSGS5,q2_2020,4,lgbm_condition_cqr,combined_outage,up,333,0.7927927927927928,0.10720720720720722,72.56734466552734,0.6597031354904175,100.8094253540039
CSGS5,q2_2020,4,lgbm_condition_cqr,irradiance_outage,down,326,0.9631901840490797,0.0,50.11579132080078,0.4555981159210205,52.47749710083008
CSGS5,q2_2020,4,lgbm_condition_cqr,irradiance_outage,up,333,0.5615615615615616,0.33843843843843846,53.240509033203125,0.4840046167373657,123.64313507080078
CSGS5,q2_2020,4,lgbm_condition_cqr,recent_power_outage,down,326,1.0,0.0,64.62448120117188,0.5874952673912048,64.62448120117188
CSGS5,q2_2020,4,lgbm_condition_cqr,recent_power_outage,up,333,0.7567567567567568,0.14324324324324322,67.73319244384766,0.6157562732696533,107.6112060546875
CSGS5,q2_2020,4,lgbm_condition_cqr,weather_outage,down,326,0.7760736196319018,0.12392638036809822,40.32994842529297,0.36663588881492615,70.84029388427734
CSGS5,q2_2020,4,lgbm_condition_cqr,weather_outage,up,333,0.6726726726726727,0.2273273273273273,45.490020751953125,0.4135456383228302,105.47628021240234
CSGS5,q2_2020,4,oracle_ramp_mondrian,clean,down,326,0.8588957055214724,0.04110429447852759,53.84457778930664,0.4894961714744568,73.27378845214844
CSGS5,q2_2020,4,oracle_ramp_mondrian,clean,up,333,0.8828828828828829,0.017117117117117164,63.40349197387695,0.5763953924179077,83.07740020751953
CSGS5,q2_2020,4,oracle_ramp_mondrian,combined_outage,down,326,0.911042944785276,0.0,58.612464904785156,0.5328406095504761,72.49301147460938
CSGS5,q2_2020,4,oracle_ramp_mondrian,combined_outage,up,333,0.9279279279279279,0.0,65.3353500366211,0.5939577221870422,76.94161987304688
CSGS5,q2_2020,4,oracle_ramp_mondrian,irradiance_outage,down,326,0.8803680981595092,0.019631901840490795,55.444610595703125,0.5040419101715088,69.58936309814453
CSGS5,q2_2020,4,oracle_ramp_mondrian,irradiance_outage,up,333,0.8948948948948949,0.00510510510510509,62.835880279541016,0.5712352991104126,81.30110168457031
CSGS5,q2_2020,4,oracle_ramp_mondrian,recent_power_outage,down,326,0.8466257668711656,0.05337423312883438,54.6246337890625,0.4965875744819641,76.45932006835938
CSGS5,q2_2020,4,oracle_ramp_mondrian,recent_power_outage,up,333,0.9039039039039038,0.0,64.19154357910156,0.583559513092041,77.7802734375
CSGS5,q2_2020,4,oracle_ramp_mondrian,weather_outage,down,326,0.8773006134969326,0.022699386503067465,55.0274772644043,0.5002498030662537,72.09513854980469
CSGS5,q2_2020,4,oracle_ramp_mondrian,weather_outage,up,333,0.8708708708708709,0.029129129129129128,63.9405632019043,0.5812778472900391,85.31259155273438
CSGS5,q2_2020,4,persistence_condition_cqr,clean,down,326,0.29141104294478526,0.6085889570552148,49.839359283447266,0.4530850946903229,187.5454864501953
CSGS5,q2_2020,4,persistence_condition_cqr,clean,up,333,0.35135135135135137,0.5486486486486486,45.392520904541016,0.41265928745269775,178.4003448486328
CSGS5,q2_2020,4,persistence_condition_cqr,combined_outage,down,326,0.8895705521472392,0.010429447852760787,93.77432250976562,0.8524938225746155,106.08352661132812
CSGS5,q2_2020,4,persistence_condition_cqr,combined_outage,up,333,0.6486486486486487,0.25135135135135134,77.20577239990234,0.7018706798553467,
CSGS5,q2_2020,4,persistence_condition_cqr,irradiance_outage,down,326,0.29141104294478526,0.6085889570552148,49.839359283447266,0.4530850946903229,187.5454864501953
CSGS5,q2_2020,4,persistence_condition_cqr,irradiance_outage,up,333,0.35135135135135137,0.5486486486486486,45.392520904541016,0.41265928745269775,178.4003448486328
CSGS5,q2_2020,4,persistence_condition_cqr,recent_power_outage,down,326,0.8895705521472392,0.010429447852760787,93.77432250976562,0.8524938225746155,106.08352661132812
CSGS5,q2_2020,4,persistence_condition_cqr,recent_power_outage,up,333,0.6486486486486487,0.25135135135135134,77.20577239990234,0.7018706798553467,
CSGS5,q2_2020,4,persistence_condition_cqr,weather_outage,down,326,0.29141104294478526,0.6085889570552148,49.839359283447266,0.4530850946903229,187.5454864501953
CSGS5,q2_2020,4,persistence_condition_cqr,weather_outage,up,333,0.35135135135135137,0.5486486486486486,45.392520904541016,0.41265928745269775,178.4003448486328
CSGS5,q2_2020,4,robust_condition_cqr,clean,down,326,0.6779141104294478,0.2220858895705522,34.66553497314453,0.3151412308216095,97.10294342041016
CSGS5,q2_2020,4,robust_condition_cqr,clean,up,333,0.7087087087087087,0.1912912912912913,44.324623107910156,0.40295112133026123,99.94081115722656
CSGS5,q2_2020,4,robust_condition_cqr,combined_outage,down,326,0.9447852760736196,0.0,64.4560546875,0.5859641432762146,73.09017944335938
CSGS5,q2_2020,4,robust_condition_cqr,combined_outage,up,333,0.963963963963964,0.0,72.04456329345703,0.6549505591392517,79.89725494384766
CSGS5,q2_2020,4,robust_condition_cqr,irradiance_outage,down,326,0.7392638036809815,0.16073619631901848,38.332359313964844,0.34847599267959595,86.53977966308594
CSGS5,q2_2020,4,robust_condition_cqr,irradiance_outage,up,333,0.7387387387387387,0.16126126126126128,45.39686965942383,0.41269880533218384,94.37872314453125
CSGS5,q2_2020,4,robust_condition_cqr,recent_power_outage,down,326,0.7055214723926381,0.19447852760736195,37.445289611816406,0.3404117226600647,97.91629028320312
CSGS5,q2_2020,4,robust_condition_cqr,recent_power_outage,up,333,0.7207207207207207,0.17927927927927934,46.699668884277344,0.42454245686531067,92.03012084960938
CSGS5,q2_2020,4,robust_condition_cqr,weather_outage,down,326,0.6840490797546013,0.21595092024539875,35.14863967895508,0.3195330798625946,95.02098083496094
CSGS5,q2_2020,4,robust_condition_cqr,weather_outage,up,333,0.7027027027027027,0.19729729729729728,44.13671112060547,0.40124282240867615,103.59818267822266
CSGS5,q2_2020,4,robust_local_cqr,clean,down,326,0.7085889570552147,0.19141104294478528,37.48843765258789,0.34080398082733154,89.30573272705078
CSGS5,q2_2020,4,robust_local_cqr,clean,up,333,0.7747747747747747,0.12522522522522528,48.46000671386719,0.44054552912712097,89.97797393798828
CSGS5,q2_2020,4,robust_local_cqr,combined_outage,down,326,0.8006134969325154,0.09938650306748464,44.92911148071289,0.40844646096229553,80.4270248413086
CSGS5,q2_2020,4,robust_local_cqr,combined_outage,up,333,0.8678678678678678,0.032132132132132174,67.80767059326172,0.6164333820343018,86.0546875
CSGS5,q2_2020,4,robust_local_cqr,irradiance_outage,down,326,0.7638036809815951,0.1361963190184049,40.63018798828125,0.3693653345108032,81.49002838134766
CSGS5,q2_2020,4,robust_local_cqr,irradiance_outage,up,333,0.7807807807807807,0.1192192192192193,48.973182678222656,0.4452107548713684,87.92208862304688
CSGS5,q2_2020,4,robust_local_cqr,recent_power_outage,down,326,0.7208588957055214,0.1791411042944786,38.446380615234375,0.3495125472545624,94.7068099975586
CSGS5,q2_2020,4,robust_local_cqr,recent_power_outage,up,333,0.7807807807807807,0.1192192192192193,50.19453811645508,0.45631399750709534,84.43621826171875
CSGS5,q2_2020,4,robust_local_cqr,weather_outage,down,326,0.7331288343558282,0.16687116564417181,38.5587043762207,0.350533664226532,86.1391372680664
CSGS5,q2_2020,4,robust_local_cqr,weather_outage,up,333,0.7717717717717718,0.1282282282282282,48.846431732177734,0.44405847787857056,92.54737854003906
CSGS5,q2_2020,4,robust_risk_mondrian,clean,down,326,0.7300613496932515,0.16993865030674848,39.74258804321289,0.36129626631736755,89.80917358398438
CSGS5,q2_2020,4,robust_risk_mondrian,clean,up,333,0.7627627627627628,0.13723723723723724,48.934810638427734,0.44486191868782043,95.57025146484375
CSGS5,q2_2020,4,robust_risk_mondrian,combined_outage,down,326,0.8650306748466258,0.03496932515337425,46.31183624267578,0.4210166931152344,67.23439025878906
CSGS5,q2_2020,4,robust_risk_mondrian,combined_outage,up,333,0.9219219219219219,0.0,74.8232421875,0.6802113056182861,85.37931823730469
CSGS5,q2_2020,4,robust_risk_mondrian,irradiance_outage,down,326,0.7607361963190185,0.13926380368098157,41.27100372314453,0.37519094347953796,82.39468383789062
CSGS5,q2_2020,4,robust_risk_mondrian,irradiance_outage,up,333,0.7687687687687688,0.13123123123123126,48.56831741333008,0.44153016805648804,91.85507202148438
CSGS5,q2_2020,4,robust_risk_mondrian,recent_power_outage,down,326,0.7208588957055214,0.1791411042944786,38.68397903442383,0.35167253017425537,92.67296600341797
CSGS5,q2_2020,4,robust_risk_mondrian,recent_power_outage,up,333,0.7477477477477478,0.15225225225225225,48.01774978637695,0.43652498722076416,86.89568328857422
CSGS5,q2_2020,4,robust_risk_mondrian,weather_outage,down,326,0.7423312883435583,0.1576687116564417,40.386348724365234,0.36714863777160645,87.20034790039062
CSGS5,q2_2020,4,robust_risk_mondrian,weather_outage,up,333,0.7657657657657657,0.1342342342342343,48.85771942138672,0.4441610872745514,98.42283630371094
CSGS5,q2_2020,4,robust_rolling_cqr,clean,down,326,0.6871165644171779,0.21288343558282208,35.90254592895508,0.32638677954673767,96.41527557373047
CSGS5,q2_2020,4,robust_rolling_cqr,clean,up,333,0.7447447447447447,0.1552552552552553,45.65560531616211,0.4150509536266327,96.32926177978516
CSGS5,q2_2020,4,robust_rolling_cqr,combined_outage,down,326,0.8588957055214724,0.04110429447852759,50.40696716308594,0.4582451581954956,76.22389221191406
CSGS5,q2_2020,4,robust_rolling_cqr,combined_outage,up,333,0.8798798798798799,0.0201201201201201,56.83551025390625,0.5166864395141602,78.10494232177734
CSGS5,q2_2020,4,robust_rolling_cqr,irradiance_outage,down,326,0.7423312883435583,0.1576687116564417,39.1810417175293,0.3561912775039673,86.87926483154297
CSGS5,q2_2020,4,robust_rolling_cqr,irradiance_outage,up,333,0.7507507507507507,0.14924924924924932,46.3690299987793,0.4215366244316101,92.22773742675781
CSGS5,q2_2020,4,robust_rolling_cqr,recent_power_outage,down,326,0.7116564417177914,0.1883435582822086,38.64484405517578,0.35131675004959106,97.35235595703125
CSGS5,q2_2020,4,robust_rolling_cqr,recent_power_outage,up,333,0.7327327327327328,0.16726726726726726,47.88785171508789,0.4353440999984741,89.22501373291016
CSGS5,q2_2020,4,robust_rolling_cqr,weather_outage,down,326,0.6901840490797546,0.2098159509202454,36.671504974365234,0.33337733149528503,93.61732482910156
CSGS5,q2_2020,4,robust_rolling_cqr,weather_outage,up,333,0.7417417417417418,0.15825825825825823,45.75684356689453,0.4159713089466095,99.7091293334961
CSGS5,q3_2020,1,clean_condition_cqr,clean,down,288,0.4513888888888889,0.4486111111111111,29.199419021606445,0.26544925570487976,106.03876495361328
CSGS5,q3_2020,1,clean_condition_cqr,clean,up,300,0.5766666666666667,0.32333333333333336,30.4152889251709,0.2765026390552521,83.61210632324219
CSGS5,q3_2020,1,clean_condition_cqr,combined_outage,down,288,1.0,0.0,73.05123901367188,0.6641021966934204,73.05123901367188
CSGS5,q3_2020,1,clean_condition_cqr,combined_outage,up,300,0.7733333333333333,0.1266666666666667,74.26756286621094,0.6751596331596375,102.25945281982422
CSGS5,q3_2020,1,clean_condition_cqr,irradiance_outage,down,288,0.9826388888888888,0.0,55.11286544799805,0.5010260343551636,56.31673812866211
CSGS5,q3_2020,1,clean_condition_cqr,irradiance_outage,up,300,0.30333333333333334,0.5966666666666667,44.285614013671875,0.40259650349617004,153.49742126464844
CSGS5,q3_2020,1,clean_condition_cqr,recent_power_outage,down,288,0.9930555555555556,0.0,68.34848022460938,0.6213498115539551,68.99506378173828
CSGS5,q3_2020,1,clean_condition_cqr,recent_power_outage,up,300,0.69,0.21000000000000008,63.54063034057617,0.5776420831680298,112.12953186035156
CSGS5,q3_2020,1,clean_condition_cqr,weather_outage,down,288,0.4513888888888889,0.4486111111111111,29.925615310668945,0.27205103635787964,105.70247650146484
CSGS5,q3_2020,1,clean_condition_cqr,weather_outage,up,300,0.58,0.32000000000000006,30.492826461791992,0.27720752358436584,84.25631713867188
CSGS5,q3_2020,1,lgbm_condition_cqr,clean,down,288,0.6111111111111112,0.28888888888888886,32.77603530883789,0.297963947057724,81.60308074951172
CSGS5,q3_2020,1,lgbm_condition_cqr,clean,up,300,0.6133333333333333,0.28666666666666674,35.693790435791016,0.3244889974594116,78.05219268798828
CSGS5,q3_2020,1,lgbm_condition_cqr,combined_outage,down,288,1.0,0.0,73.37676239013672,0.667061448097229,73.37676239013672
CSGS5,q3_2020,1,lgbm_condition_cqr,combined_outage,up,300,0.81,0.08999999999999997,74.73031616210938,0.6793665289878845,95.0405502319336
CSGS5,q3_2020,1,lgbm_condition_cqr,irradiance_outage,down,288,0.8472222222222222,0.05277777777777781,36.51108932495117,0.33191898465156555,54.127113342285156
CSGS5,q3_2020,1,lgbm_condition_cqr,irradiance_outage,up,300,0.41333333333333333,0.4866666666666667,36.590702056884766,0.33264273405075073,112.7273178100586
CSGS5,q3_2020,1,lgbm_condition_cqr,recent_power_outage,down,288,1.0,0.0,70.4345703125,0.6403142809867859,70.4345703125
CSGS5,q3_2020,1,lgbm_condition_cqr,recent_power_outage,up,300,0.74,0.16000000000000003,69.54002380371094,0.6321820616722107,100.17500305175781
CSGS5,q3_2020,1,lgbm_condition_cqr,weather_outage,down,288,0.6111111111111112,0.28888888888888886,33.06795883178711,0.3006178140640259,82.39268493652344
CSGS5,q3_2020,1,lgbm_condition_cqr,weather_outage,up,300,0.6366666666666667,0.2633333333333333,35.7663459777832,0.3251486122608185,76.9487533569336
CSGS5,q3_2020,1,oracle_ramp_mondrian,clean,down,288,0.8923611111111112,0.007638888888888862,50.11842727661133,0.4556220769882202,63.53596496582031
CSGS5,q3_2020,1,oracle_ramp_mondrian,clean,up,300,0.9433333333333334,0.0,52.165828704833984,0.47423481941223145,60.05241012573242
CSGS5,q3_2020,1,oracle_ramp_mondrian,combined_outage,down,288,0.9131944444444444,0.0,49.436729431152344,0.4494248032569885,63.15806198120117
CSGS5,q3_2020,1,oracle_ramp_mondrian,combined_outage,up,300,0.9033333333333333,0.0,50.08888244628906,0.4553534686565399,62.46867752075195
CSGS5,q3_2020,1,oracle_ramp_mondrian,irradiance_outage,down,288,0.9201388888888888,0.0,51.84144592285156,0.471285879611969,61.44949722290039
CSGS5,q3_2020,1,oracle_ramp_mondrian,irradiance_outage,up,300,0.9266666666666666,0.0,53.83211898803711,0.48938289284706116,62.966365814208984
CSGS5,q3_2020,1,oracle_ramp_mondrian,recent_power_outage,down,288,0.8888888888888888,0.011111111111111183,51.47602844238281,0.46796390414237976,66.93234252929688
CSGS5,q3_2020,1,oracle_ramp_mondrian,recent_power_outage,up,300,0.9433333333333334,0.0,53.908451080322266,0.49007683992385864,61.520896911621094
CSGS5,q3_2020,1,oracle_ramp_mondrian,weather_outage,down,288,0.8888888888888888,0.011111111111111183,50.81584167480469,0.46196219325065613,64.21949005126953
CSGS5,q3_2020,1,oracle_ramp_mondrian,weather_outage,up,300,0.9433333333333334,0.0,52.624080657958984,0.47840073704719543,60.080509185791016
CSGS5,q3_2020,1,persistence_condition_cqr,clean,down,288,0.2743055555555556,0.6256944444444444,28.360000610351562,0.25781819224357605,165.53778076171875
CSGS5,q3_2020,1,persistence_condition_cqr,clean,up,300,0.27666666666666667,0.6233333333333333,28.01667022705078,0.2546969950199127,137.51600646972656
CSGS5,q3_2020,1,persistence_condition_cqr,combined_outage,down,288,0.8888888888888888,0.011111111111111183,78.05786895751953,0.709617018699646,
CSGS5,q3_2020,1,persistence_condition_cqr,combined_outage,up,300,0.8033333333333333,0.09666666666666668,72.87332153320312,0.6624847650527954,
CSGS5,q3_2020,1,persistence_condition_cqr,irradiance_outage,down,288,0.2743055555555556,0.6256944444444444,28.360000610351562,0.25781819224357605,165.53778076171875
CSGS5,q3_2020,1,persistence_condition_cqr,irradiance_outage,up,300,0.27666666666666667,0.6233333333333333,28.01667022705078,0.2546969950199127,137.51600646972656
CSGS5,q3_2020,1,persistence_condition_cqr,recent_power_outage,down,288,0.8888888888888888,0.011111111111111183,78.05786895751953,0.709617018699646,
CSGS5,q3_2020,1,persistence_condition_cqr,recent_power_outage,up,300,0.8033333333333333,0.09666666666666668,72.87332153320312,0.6624847650527954,
CSGS5,q3_2020,1,persistence_condition_cqr,weather_outage,down,288,0.2743055555555556,0.6256944444444444,28.360000610351562,0.25781819224357605,165.53778076171875
CSGS5,q3_2020,1,persistence_condition_cqr,weather_outage,up,300,0.27666666666666667,0.6233333333333333,28.01667022705078,0.2546969950199127,137.51600646972656
CSGS5,q3_2020,1,robust_condition_cqr,clean,down,288,0.5486111111111112,0.35138888888888886,31.41002655029297,0.2855457067489624,93.26239013671875
CSGS5,q3_2020,1,robust_condition_cqr,clean,up,300,0.6933333333333334,0.20666666666666667,33.69297790527344,0.3062998056411743,69.39348602294922
CSGS5,q3_2020,1,robust_condition_cqr,combined_outage,down,288,0.8368055555555556,0.06319444444444444,39.32773208618164,0.3575248420238495,65.78115844726562
CSGS5,q3_2020,1,robust_condition_cqr,combined_outage,up,300,0.74,0.16000000000000003,40.09714889526367,0.36451953649520874,70.7101821899414
CSGS5,q3_2020,1,robust_condition_cqr,irradiance_outage,down,288,0.6458333333333334,0.25416666666666665,32.22554016113281,0.29295945167541504,78.90089416503906
CSGS5,q3_2020,1,robust_condition_cqr,irradiance_outage,up,300,0.5933333333333334,0.30666666666666664,34.528968811035156,0.3138997256755829,81.17292022705078
CSGS5,q3_2020,1,robust_condition_cqr,recent_power_outage,down,288,0.5798611111111112,0.32013888888888886,32.25581741333008,0.2932347059249878,92.31815338134766
CSGS5,q3_2020,1,robust_condition_cqr,recent_power_outage,up,300,0.7266666666666667,0.17333333333333334,34.92661666870117,0.31751468777656555,70.61753845214844
CSGS5,q3_2020,1,robust_condition_cqr,weather_outage,down,288,0.5451388888888888,0.3548611111111112,31.94538688659668,0.2904126048088074,91.47608947753906
CSGS5,q3_2020,1,robust_condition_cqr,weather_outage,up,300,0.71,0.19000000000000006,33.99755859375,0.3090687096118927,69.0354232788086
CSGS5,q3_2020,1,robust_local_cqr,clean,down,288,0.6527777777777778,0.24722222222222223,36.30667495727539,0.3300606906414032,81.59969329833984
CSGS5,q3_2020,1,robust_local_cqr,clean,up,300,0.8,0.09999999999999998,39.344581604003906,0.35767802596092224,63.46568298339844
CSGS5,q3_2020,1,robust_local_cqr,combined_outage,down,288,0.8402777777777778,0.05972222222222223,42.1627197265625,0.3832974433898926,63.86040496826172
CSGS5,q3_2020,1,robust_local_cqr,combined_outage,up,300,0.79,0.10999999999999999,43.22705078125,0.3929731845855713,67.8287124633789
CSGS5,q3_2020,1,robust_local_cqr,irradiance_outage,down,288,0.7395833333333334,0.16041666666666665,37.83265686035156,0.34393325448036194,69.19783782958984
CSGS5,q3_2020,1,robust_local_cqr,irradiance_outage,up,300,0.7633333333333333,0.13666666666666671,41.16851043701172,0.37425917387008667,68.95166015625
CSGS5,q3_2020,1,robust_local_cqr,recent_power_outage,down,288,0.6944444444444444,0.2055555555555556,36.76958465576172,0.3342689573764801,81.99533081054688
CSGS5,q3_2020,1,robust_local_cqr,recent_power_outage,up,300,0.8133333333333334,0.08666666666666667,40.33437728881836,0.3666761517524719,63.995819091796875
CSGS5,q3_2020,1,robust_local_cqr,weather_outage,down,288,0.6493055555555556,0.25069444444444444,36.89601135253906,0.3354182839393616,79.33921813964844
CSGS5,q3_2020,1,robust_local_cqr,weather_outage,up,300,0.8166666666666667,0.08333333333333337,39.66106033325195,0.36055508255958557,63.60845184326172
CSGS5,q3_2020,1,robust_risk_mondrian,clean,down,288,0.6423611111111112,0.25763888888888886,35.644168853759766,0.32403790950775146,81.87020874023438
CSGS5,q3_2020,1,robust_risk_mondrian,clean,up,300,0.7733333333333333,0.1266666666666667,37.865684509277344,0.3442334830760956,63.25996780395508
CSGS5,q3_2020,1,robust_risk_mondrian,combined_outage,down,288,0.8368055555555556,0.06319444444444444,39.89071273803711,0.3626428544521332,65.3634033203125
CSGS5,q3_2020,1,robust_risk_mondrian,combined_outage,up,300,0.75,0.15000000000000002,40.568424224853516,0.36880385875701904,69.9063949584961
CSGS5,q3_2020,1,robust_risk_mondrian,irradiance_outage,down,288,0.7222222222222222,0.1777777777777778,36.68680953979492,0.3335164487361908,71.73792266845703
CSGS5,q3_2020,1,robust_risk_mondrian,irradiance_outage,up,300,0.6933333333333334,0.20666666666666667,38.794952392578125,0.35268139839172363,72.0740737915039
CSGS5,q3_2020,1,robust_risk_mondrian,recent_power_outage,down,288,0.6458333333333334,0.25416666666666665,34.97664260864258,0.3179694712162018,84.37135314941406
CSGS5,q3_2020,1,robust_risk_mondrian,recent_power_outage,up,300,0.7666666666666667,0.1333333333333333,37.59189987182617,0.3417445421218872,66.44877624511719
CSGS5,q3_2020,1,robust_risk_mondrian,weather_outage,down,288,0.6423611111111112,0.25763888888888886,35.98799514770508,0.32716360688209534,80.75391387939453
CSGS5,q3_2020,1,robust_risk_mondrian,weather_outage,up,300,0.7866666666666666,0.1133333333333334,38.045188903808594,0.3458653390407562,63.53240966796875
CSGS5,q3_2020,1,robust_rolling_cqr,clean,down,288,0.5381944444444444,0.3618055555555556,30.99972915649414,0.28181570768356323,94.45282745361328
CSGS5,q3_2020,1,robust_rolling_cqr,clean,up,300,0.6666666666666666,0.2333333333333334,33.37332534790039,0.3033938705921173,70.75159454345703
CSGS5,q3_2020,1,robust_rolling_cqr,combined_outage,down,288,0.7951388888888888,0.10486111111111118,37.50164031982422,0.3409239947795868,68.49879455566406
CSGS5,q3_2020,1,robust_rolling_cqr,combined_outage,up,300,0.7066666666666667,0.19333333333333336,38.48054504394531,0.34982314705848694,73.71700286865234
CSGS5,q3_2020,1,robust_rolling_cqr,irradiance_outage,down,288,0.6458333333333334,0.25416666666666665,32.544349670410156,0.2958577275276184,78.18202209472656
CSGS5,q3_2020,1,robust_rolling_cqr,irradiance_outage,up,300,0.5933333333333334,0.30666666666666664,34.887691497802734,0.31716084480285645,80.20872497558594
CSGS5,q3_2020,1,robust_rolling_cqr,recent_power_outage,down,288,0.5798611111111112,0.32013888888888886,31.73392677307129,0.2884902358055115,94.27436065673828
CSGS5,q3_2020,1,robust_rolling_cqr,recent_power_outage,up,300,0.7233333333333334,0.17666666666666664,34.46263885498047,0.31329670548439026,71.58726501464844
CSGS5,q3_2020,1,robust_rolling_cqr,weather_outage,down,288,0.5381944444444444,0.3618055555555556,31.72899627685547,0.2884454131126404,92.06095123291016
CSGS5,q3_2020,1,robust_rolling_cqr,weather_outage,up,300,0.7133333333333334,0.18666666666666665,33.88059616088867,0.3080054223537445,69.55339813232422
CSGS5,q3_2020,4,clean_condition_cqr,clean,down,277,0.6859205776173285,0.21407942238267152,33.22732925415039,0.3020666241645813,91.75109100341797
CSGS5,q3_2020,4,clean_condition_cqr,clean,up,250,0.604,0.29600000000000004,39.31903839111328,0.3574458062648773,100.55207824707031
CSGS5,q3_2020,4,clean_condition_cqr,combined_outage,down,277,1.0,0.0,64.69982147216797,0.5881801843643188,64.69982147216797
CSGS5,q3_2020,4,clean_condition_cqr,combined_outage,up,250,0.848,0.052000000000000046,82.35728454589844,0.7487025856971741,96.9600601196289
CSGS5,q3_2020,4,clean_condition_cqr,irradiance_outage,down,277,0.9891696750902527,0.0,46.172340393066406,0.41974854469299316,46.44896697998047
CSGS5,q3_2020,4,clean_condition_cqr,irradiance_outage,up,250,0.448,0.452,47.61177062988281,0.432834267616272,142.41844177246094
CSGS5,q3_2020,4,clean_condition_cqr,recent_power_outage,down,277,1.0,0.0,56.122833251953125,0.5102075934410095,56.122833251953125
CSGS5,q3_2020,4,clean_condition_cqr,recent_power_outage,up,250,0.592,0.30800000000000005,60.3604621887207,0.5487314462661743,131.40069580078125
CSGS5,q3_2020,4,clean_condition_cqr,weather_outage,down,277,0.7184115523465704,0.18158844765342963,34.49332046508789,0.3135756552219391,88.42092895507812
CSGS5,q3_2020,4,clean_condition_cqr,weather_outage,up,250,0.604,0.29600000000000004,40.34849166870117,0.36680448055267334,102.02548217773438
CSGS5,q3_2020,4,lgbm_condition_cqr,clean,down,277,0.7328519855595668,0.16714801444043326,32.775848388671875,0.2979622483253479,64.04671478271484
CSGS5,q3_2020,4,lgbm_condition_cqr,clean,up,250,0.624,0.276,45.781009674072266,0.4161910116672516,95.46363830566406
CSGS5,q3_2020,4,lgbm_condition_cqr,combined_outage,down,277,1.0,0.0,61.01506805419922,0.5546824336051941,61.01506805419922
CSGS5,q3_2020,4,lgbm_condition_cqr,combined_outage,up,250,0.824,0.07600000000000007,75.76972198486328,0.6888156533241272,92.55166625976562
CSGS5,q3_2020,4,lgbm_condition_cqr,irradiance_outage,down,277,0.9422382671480144,0.0,41.4059944152832,0.3764181435108185,47.78519058227539
CSGS5,q3_2020,4,lgbm_condition_cqr,irradiance_outage,up,250,0.696,0.20400000000000007,52.13154602050781,0.4739231467247009,87.91343688964844
CSGS5,q3_2020,4,lgbm_condition_cqr,recent_power_outage,down,277,1.0,0.0,60.69721603393555,0.5517928600311279,60.69721603393555
CSGS5,q3_2020,4,lgbm_condition_cqr,recent_power_outage,up,250,0.788,0.11199999999999999,71.90319061279297,0.6536653637886047,95.9288330078125
CSGS5,q3_2020,4,lgbm_condition_cqr,weather_outage,down,277,0.7509025270758123,0.14909747292418774,32.98027801513672,0.2998207211494446,61.87114334106445
CSGS5,q3_2020,4,lgbm_condition_cqr,weather_outage,up,250,0.628,0.272,46.0722541809082,0.4188386797904968,99.04016876220703
CSGS5,q3_2020,4,oracle_ramp_mondrian,clean,down,277,0.9169675090252708,0.0,53.09355163574219,0.4826686382293701,67.51554107666016
CSGS5,q3_2020,4,oracle_ramp_mondrian,clean,up,250,0.94,0.0,62.15797805786133,0.5650725364685059,68.96870422363281
CSGS5,q3_2020,4,oracle_ramp_mondrian,combined_outage,down,277,0.9025270758122743,0.0,49.7986946105957,0.4527153968811035,67.94784545898438
CSGS5,q3_2020,4,oracle_ramp_mondrian,combined_outage,up,250,0.936,0.0,63.695411682128906,0.5790491700172424,72.07221984863281
CSGS5,q3_2020,4,oracle_ramp_mondrian,irradiance_outage,down,277,0.924187725631769,0.0,51.7052116394043,0.47004738450050354,63.48798370361328
CSGS5,q3_2020,4,oracle_ramp_mondrian,irradiance_outage,up,250,0.904,0.0,63.999969482421875,0.5818179249763489,73.24111938476562
CSGS5,q3_2020,4,oracle_ramp_mondrian,recent_power_outage,down,277,0.8772563176895307,0.022743682310469304,52.632755279541016,0.4784795939922333,72.56666564941406
CSGS5,q3_2020,4,oracle_ramp_mondrian,recent_power_outage,up,250,0.952,0.0,62.41123962402344,0.5673748850822449,66.24937438964844
CSGS5,q3_2020,4,oracle_ramp_mondrian,weather_outage,down,277,0.9205776173285198,0.0,53.3234977722168,0.48475906252861023,65.25166320800781
CSGS5,q3_2020,4,oracle_ramp_mondrian,weather_outage,up,250,0.94,0.0,63.23714828491211,0.5748831629753113,68.572021484375
CSGS5,q3_2020,4,persistence_condition_cqr,clean,down,277,0.33212996389891697,0.5678700361010831,50.30003356933594,0.45727303624153137,176.66970825195312
CSGS5,q3_2020,4,persistence_condition_cqr,clean,up,250,0.304,0.5960000000000001,45.89896011352539,0.4172632694244385,173.3445587158203
CSGS5,q3_2020,4,persistence_condition_cqr,combined_outage,down,277,0.8086642599277978,0.09133574007220224,93.72310638427734,0.8520282506942749,
CSGS5,q3_2020,4,persistence_condition_cqr,combined_outage,up,250,0.596,0.30400000000000005,74.54989624023438,0.6777263283729553,
CSGS5,q3_2020,4,persistence_condition_cqr,irradiance_outage,down,277,0.33212996389891697,0.5678700361010831,50.30003356933594,0.45727303624153137,176.66970825195312
CSGS5,q3_2020,4,persistence_condition_cqr,irradiance_outage,up,250,0.304,0.5960000000000001,45.89896011352539,0.4172632694244385,173.3445587158203
CSGS5,q3_2020,4,persistence_condition_cqr,recent_power_outage,down,277,0.8086642599277978,0.09133574007220224,93.72310638427734,0.8520282506942749,
CSGS5,q3_2020,4,persistence_condition_cqr,recent_power_outage,up,250,0.596,0.30400000000000005,74.54989624023438,0.6777263283729553,
CSGS5,q3_2020,4,persistence_condition_cqr,weather_outage,down,277,0.33212996389891697,0.5678700361010831,50.30003356933594,0.45727303624153137,176.66970825195312
CSGS5,q3_2020,4,persistence_condition_cqr,weather_outage,up,250,0.304,0.5960000000000001,45.89896011352539,0.4172632694244385,173.3445587158203
CSGS5,q3_2020,4,robust_condition_cqr,clean,down,277,0.7364620938628159,0.1635379061371841,33.35555648803711,0.303232342004776,76.80429077148438
CSGS5,q3_2020,4,robust_condition_cqr,clean,up,250,0.708,0.19200000000000006,42.08495330810547,0.38259047269821167,80.70172882080078
CSGS5,q3_2020,4,robust_condition_cqr,combined_outage,down,277,0.8303249097472925,0.06967509025270757,36.72212600708008,0.33383750915527344,76.8105697631836
CSGS5,q3_2020,4,robust_condition_cqr,combined_outage,up,250,0.82,0.08000000000000007,49.820674896240234,0.452915221452713,75.13817596435547
CSGS5,q3_2020,4,robust_condition_cqr,irradiance_outage,down,277,0.8086642599277978,0.09133574007220224,34.496456146240234,0.3136041462421417,68.91554260253906
CSGS5,q3_2020,4,robust_condition_cqr,irradiance_outage,up,250,0.732,0.16800000000000004,46.08399200439453,0.4189453721046448,83.95364379882812
CSGS5,q3_2020,4,robust_condition_cqr,recent_power_outage,down,277,0.7617328519855595,0.1382671480144405,35.04582214355469,0.3185983896255493,84.60114288330078
CSGS5,q3_2020,4,robust_condition_cqr,recent_power_outage,up,250,0.76,0.14,44.09291458129883,0.40084466338157654,71.68314361572266
CSGS5,q3_2020,4,robust_condition_cqr,weather_outage,down,277,0.740072202166065,0.15992779783393507,33.68082809448242,0.3061893582344055,75.41386413574219
CSGS5,q3_2020,4,robust_condition_cqr,weather_outage,up,250,0.716,0.18400000000000005,43.26519012451172,0.39331990480422974,79.8565444946289
CSGS5,q3_2020,4,robust_local_cqr,clean,down,277,0.7689530685920578,0.1310469314079422,35.82030487060547,0.32563912868499756,71.9994888305664
CSGS5,q3_2020,4,robust_local_cqr,clean,up,250,0.8,0.09999999999999998,48.46809005737305,0.44061899185180664,71.93498992919922
CSGS5,q3_2020,4,robust_local_cqr,combined_outage,down,277,0.8194945848375451,0.08050541516245491,37.758113861083984,0.34325557947158813,72.5303955078125
CSGS5,q3_2020,4,robust_local_cqr,combined_outage,up,250,0.876,0.02400000000000002,53.401023864746094,0.48546385765075684,68.73191833496094
CSGS5,q3_2020,4,robust_local_cqr,irradiance_outage,down,277,0.8483754512635379,0.05162454873646216,36.7100715637207,0.3337279260158539,63.073917388916016
CSGS5,q3_2020,4,robust_local_cqr,irradiance_outage,up,250,0.82,0.08000000000000007,52.07937240600586,0.47344884276390076,75.8758316040039
CSGS5,q3_2020,4,robust_local_cqr,recent_power_outage,down,277,0.7725631768953068,0.12743682310469318,36.71751022338867,0.33379554748535156,79.26397705078125
CSGS5,q3_2020,4,robust_local_cqr,recent_power_outage,up,250,0.832,0.06800000000000006,49.617469787597656,0.45106789469718933,66.17825317382812
CSGS5,q3_2020,4,robust_local_cqr,weather_outage,down,277,0.776173285198556,0.12382671480144403,36.56129837036133,0.3323754370212555,69.90003204345703
CSGS5,q3_2020,4,robust_local_cqr,weather_outage,up,250,0.808,0.09199999999999997,49.65348815917969,0.45139533281326294,71.470703125
CSGS5,q3_2020,4,robust_risk_mondrian,clean,down,277,0.7870036101083032,0.1129963898916968,35.69792556762695,0.3245266079902649,74.53578186035156
CSGS5,q3_2020,4,robust_risk_mondrian,clean,up,250,0.732,0.16800000000000004,44.3957633972168,0.4035978615283966,76.7949447631836
CSGS5,q3_2020,4,robust_risk_mondrian,combined_outage,down,277,0.8194945848375451,0.08050541516245491,35.86998748779297,0.3260907828807831,71.16462707519531
CSGS5,q3_2020,4,robust_risk_mondrian,combined_outage,up,250,0.836,0.06400000000000006,51.47395324707031,0.46794503927230835,73.71918487548828
CSGS5,q3_2020,4,robust_risk_mondrian,irradiance_outage,down,277,0.8339350180505415,0.06606498194945853,36.15958023071289,0.3287234604358673,67.32319641113281
CSGS5,q3_2020,4,robust_risk_mondrian,irradiance_outage,up,250,0.776,0.124,47.546260833740234,0.43223872780799866,81.45571899414062
CSGS5,q3_2020,4,robust_risk_mondrian,recent_power_outage,down,277,0.776173285198556,0.12382671480144403,36.30189514160156,0.33001723885536194,82.2990493774414
CSGS5,q3_2020,4,robust_risk_mondrian,recent_power_outage,up,250,0.788,0.11199999999999999,45.72859191894531,0.41571447253227234,70.15367889404297
CSGS5,q3_2020,4,robust_risk_mondrian,weather_outage,down,277,0.7870036101083032,0.1129963898916968,35.954044342041016,0.326854944229126,73.0860366821289
CSGS5,q3_2020,4,robust_risk_mondrian,weather_outage,up,250,0.752,0.14800000000000002,45.45721435546875,0.41324740648269653,76.76265716552734
CSGS5,q3_2020,4,robust_rolling_cqr,clean,down,277,0.7220216606498195,0.17797833935018048,31.96900749206543,0.2906273305416107,79.42889404296875
CSGS5,q3_2020,4,robust_rolling_cqr,clean,up,250,0.692,0.20800000000000007,40.913230895996094,0.37193846702575684,83.3194580078125
CSGS5,q3_2020,4,robust_rolling_cqr,combined_outage,down,277,0.8158844765342961,0.08411552346570395,34.00456619262695,0.3091324269771576,80.2906723022461
CSGS5,q3_2020,4,robust_rolling_cqr,combined_outage,up,250,0.788,0.11199999999999999,46.88157272338867,0.4261961281299591,77.76102447509766
CSGS5,q3_2020,4,robust_rolling_cqr,irradiance_outage,down,277,0.8122743682310469,0.0877256317689531,33.31367874145508,0.3028516173362732,70.43849182128906
CSGS5,q3_2020,4,robust_rolling_cqr,irradiance_outage,up,250,0.708,0.19200000000000006,44.79702377319336,0.4072456657886505,86.64964294433594
CSGS5,q3_2020,4,robust_rolling_cqr,recent_power_outage,down,277,0.7509025270758123,0.14909747292418774,33.16780090332031,0.3015254735946655,87.71732330322266
CSGS5,q3_2020,4,robust_rolling_cqr,recent_power_outage,up,250,0.716,0.18400000000000005,42.39752960205078,0.38543209433555603,74.66940307617188
CSGS5,q3_2020,4,robust_rolling_cqr,weather_outage,down,277,0.7256317689530686,0.17436823104693144,32.15608596801758,0.2923280596733093,77.80619812011719
CSGS5,q3_2020,4,robust_rolling_cqr,weather_outage,up,250,0.684,0.21599999999999997,41.93245315551758,0.38120412826538086,82.23157501220703
CSGS5,q4_2020,1,clean_condition_cqr,clean,down,149,0.31543624161073824,0.5845637583892618,28.350614547729492,0.2577328681945801,123.3614730834961
CSGS5,q4_2020,1,clean_condition_cqr,clean,up,148,0.4864864864864865,0.4135135135135135,26.167510986328125,0.2378864586353302,97.7668685913086
CSGS5,q4_2020,1,clean_condition_cqr,combined_outage,down,149,0.9798657718120806,0.0,70.87737274169922,0.6443397402763367,72.28424072265625
CSGS5,q4_2020,1,clean_condition_cqr,combined_outage,up,148,0.8581081081081081,0.04189189189189191,73.03865051269531,0.6639877557754517,100.4267349243164
CSGS5,q4_2020,1,clean_condition_cqr,irradiance_outage,down,149,0.9261744966442953,0.0,46.06031036376953,0.41873008012771606,50.057464599609375
CSGS5,q4_2020,1,clean_condition_cqr,irradiance_outage,up,148,0.32432432432432434,0.5756756756756757,34.39166259765625,0.31265148520469666,134.47723388671875
CSGS5,q4_2020,1,clean_condition_cqr,recent_power_outage,down,149,0.9798657718120806,0.0,58.26409149169922,0.5296735763549805,60.53517532348633
CSGS5,q4_2020,1,clean_condition_cqr,recent_power_outage,up,148,0.5675675675675675,0.3324324324324325,51.68415451049805,0.4698559641838074,142.83718872070312
CSGS5,q4_2020,1,clean_condition_cqr,weather_outage,down,149,0.2751677852348993,0.6248322147651006,28.227949142456055,0.2566177248954773,123.7773208618164
CSGS5,q4_2020,1,clean_condition_cqr,weather_outage,up,148,0.47297297297297297,0.42702702702702705,26.09959602355957,0.2372690588235855,100.76311492919922
CSGS5,q4_2020,1,lgbm_condition_cqr,clean,down,149,0.5033557046979866,0.3966442953020134,32.49825668334961,0.2954387068748474,89.42561340332031
CSGS5,q4_2020,1,lgbm_condition_cqr,clean,up,148,0.581081081081081,0.318918918918919,31.197843551635742,0.2836167514324188,85.37351989746094
CSGS5,q4_2020,1,lgbm_condition_cqr,combined_outage,down,149,0.9865771812080537,0.0,69.94947814941406,0.6359043717384338,70.8509292602539
CSGS5,q4_2020,1,lgbm_condition_cqr,combined_outage,up,148,0.8445945945945946,0.055405405405405395,71.27410125732422,0.6479463577270508,94.2000732421875
CSGS5,q4_2020,1,lgbm_condition_cqr,irradiance_outage,down,149,0.8322147651006712,0.06778523489932886,35.83070373535156,0.32573366165161133,56.30116653442383
CSGS5,q4_2020,1,lgbm_condition_cqr,irradiance_outage,up,148,0.4189189189189189,0.4810810810810811,32.40339279174805,0.2945762872695923,105.02589416503906
CSGS5,q4_2020,1,lgbm_condition_cqr,recent_power_outage,down,149,0.9932885906040269,0.0,64.58594512939453,0.5871449708938599,65.04269409179688
CSGS5,q4_2020,1,lgbm_condition_cqr,recent_power_outage,up,148,0.7837837837837838,0.11621621621621625,63.39463806152344,0.5763148665428162,104.54238891601562
CSGS5,q4_2020,1,lgbm_condition_cqr,weather_outage,down,149,0.4966442953020134,0.4033557046979866,32.393646240234375,0.29448768496513367,88.72944641113281
CSGS5,q4_2020,1,lgbm_condition_cqr,weather_outage,up,148,0.581081081081081,0.318918918918919,31.068042755126953,0.2824367582798004,86.45431518554688
CSGS5,q4_2020,1,oracle_ramp_mondrian,clean,down,149,0.8859060402684564,0.014093959731543593,48.36504364013672,0.4396822154521942,62.81776428222656
CSGS5,q4_2020,1,oracle_ramp_mondrian,clean,up,148,0.8783783783783784,0.021621621621621623,45.76713562011719,0.4160648584365845,63.52949523925781
CSGS5,q4_2020,1,oracle_ramp_mondrian,combined_outage,down,149,0.912751677852349,0.0,50.65458679199219,0.4604962468147278,67.0271987915039
CSGS5,q4_2020,1,oracle_ramp_mondrian,combined_outage,up,148,0.8783783783783784,0.021621621621621623,49.13745880126953,0.4467041790485382,67.91381072998047
CSGS5,q4_2020,1,oracle_ramp_mondrian,irradiance_outage,down,149,0.9328859060402684,0.0,50.76237487792969,0.4614761471748352,62.759254455566406
CSGS5,q4_2020,1,oracle_ramp_mondrian,irradiance_outage,up,148,0.8986486486486487,0.0013513513513513375,47.66143798828125,0.43328580260276794,63.16623306274414
CSGS5,q4_2020,1,oracle_ramp_mondrian,recent_power_outage,down,149,0.87248322147651,0.027516778523489993,52.723388671875,0.4793035387992859,67.98221588134766
CSGS5,q4_2020,1,oracle_ramp_mondrian,recent_power_outage,up,148,0.9324324324324325,0.0,52.03903579711914,0.47308215498924255,60.806396484375
CSGS5,q4_2020,1,oracle_ramp_mondrian,weather_outage,down,149,0.8859060402684564,0.014093959731543593,49.282997131347656,0.44802725315093994,63.41362380981445
CSGS5,q4_2020,1,oracle_ramp_mondrian,weather_outage,up,148,0.8986486486486487,0.0013513513513513375,47.07673263549805,0.427970290184021,62.343353271484375
CSGS5,q4_2020,1,persistence_condition_cqr,clean,down,149,0.2953020134228188,0.6046979865771812,27.280000686645508,0.24800001084804535,147.0464630126953
CSGS5,q4_2020,1,persistence_condition_cqr,clean,up,148,0.27702702702702703,0.6229729729729729,26.826486587524414,0.24387715756893158,133.87783813476562
CSGS5,q4_2020,1,persistence_condition_cqr,combined_outage,down,149,0.8187919463087249,0.08120805369127515,74.0944595336914,0.6735860109329224,
CSGS5,q4_2020,1,persistence_condition_cqr,combined_outage,up,148,0.6756756756756757,0.22432432432432436,65.00387573242188,0.5909443497657776,
CSGS5,q4_2020,1,persistence_condition_cqr,irradiance_outage,down,149,0.2953020134228188,0.6046979865771812,27.280000686645508,0.24800001084804535,147.0464630126953
CSGS5,q4_2020,1,persistence_condition_cqr,irradiance_outage,up,148,0.27702702702702703,0.6229729729729729,26.826486587524414,0.24387715756893158,133.87783813476562
CSGS5,q4_2020,1,persistence_condition_cqr,recent_power_outage,down,149,0.8187919463087249,0.08120805369127515,74.0944595336914,0.6735860109329224,
CSGS5,q4_2020,1,persistence_condition_cqr,recent_power_outage,up,148,0.6756756756756757,0.22432432432432436,65.00387573242188,0.5909443497657776,
CSGS5,q4_2020,1,persistence_condition_cqr,weather_outage,down,149,0.2953020134228188,0.6046979865771812,27.280000686645508,0.24800001084804535,147.0464630126953
CSGS5,q4_2020,1,persistence_condition_cqr,weather_outage,up,148,0.27702702702702703,0.6229729729729729,26.826486587524414,0.24387715756893158,133.87783813476562
CSGS5,q4_2020,1,robust_condition_cqr,clean,down,149,0.48322147651006714,0.4167785234899329,32.26816940307617,0.29334700107574463,91.7073745727539
CSGS5,q4_2020,1,robust_condition_cqr,clean,up,148,0.6148648648648649,0.2851351351351351,29.866233825683594,0.2715112268924713,83.99397277832031
CSGS5,q4_2020,1,robust_condition_cqr,combined_outage,down,149,0.8053691275167785,0.09463087248322155,40.99390411376953,0.37267184257507324,69.60042572021484
CSGS5,q4_2020,1,robust_condition_cqr,combined_outage,up,148,0.7094594594594594,0.1905405405405406,39.75911331176758,0.36144647002220154,77.54666137695312
CSGS5,q4_2020,1,robust_condition_cqr,irradiance_outage,down,149,0.5973154362416108,0.30268456375838926,32.406795501708984,0.2946072220802307,80.18682861328125
CSGS5,q4_2020,1,robust_condition_cqr,irradiance_outage,up,148,0.5540540540540541,0.34594594594594597,29.565858840942383,0.26878052949905396,87.35404968261719
CSGS5,q4_2020,1,robust_condition_cqr,recent_power_outage,down,149,0.610738255033557,0.28926174496644297,35.70642852783203,0.3246038854122162,88.35723876953125
CSGS5,q4_2020,1,robust_condition_cqr,recent_power_outage,up,148,0.6959459459459459,0.20405405405405408,35.26871871948242,0.3206247091293335,71.22728729248047
CSGS5,q4_2020,1,robust_condition_cqr,weather_outage,down,149,0.48322147651006714,0.4167785234899329,32.757537841796875,0.2977958023548126,92.91001892089844
CSGS5,q4_2020,1,robust_condition_cqr,weather_outage,up,148,0.581081081081081,0.318918918918919,30.767446517944336,0.2797040641307831,81.13682556152344
CSGS5,q4_2020,1,robust_local_cqr,clean,down,149,0.5973154362416108,0.30268456375838926,36.519622802734375,0.3319965600967407,77.90677642822266
CSGS5,q4_2020,1,robust_local_cqr,clean,up,148,0.6959459459459459,0.20405405405405408,33.69634246826172,0.3063303828239441,77.9601058959961
CSGS5,q4_2020,1,robust_local_cqr,combined_outage,down,149,0.825503355704698,0.074496644295302,42.354736328125,0.38504305481910706,69.15193176269531
CSGS5,q4_2020,1,robust_local_cqr,combined_outage,up,148,0.722972972972973,0.177027027027027,41.13290786743164,0.3739355206489563,75.51363372802734
CSGS5,q4_2020,1,robust_local_cqr,irradiance_outage,down,149,0.7315436241610739,0.16845637583892614,36.7064208984375,0.333694726228714,69.9278793334961
CSGS5,q4_2020,1,robust_local_cqr,irradiance_outage,up,148,0.6554054054054054,0.24459459459459465,33.08005905151367,0.30072781443595886,78.79135131835938
CSGS5,q4_2020,1,robust_local_cqr,recent_power_outage,down,149,0.7114093959731543,0.1885906040268457,38.60283279418945,0.35093483328819275,80.00404357910156
CSGS5,q4_2020,1,robust_local_cqr,recent_power_outage,up,148,0.7297297297297297,0.1702702702702703,38.354835510253906,0.348680317401886,66.7831802368164
CSGS5,q4_2020,1,robust_local_cqr,weather_outage,down,149,0.610738255033557,0.28926174496644297,37.38031005859375,0.3398210108280182,77.06013488769531
CSGS5,q4_2020,1,robust_local_cqr,weather_outage,up,148,0.6959459459459459,0.20405405405405408,34.951847076416016,0.31774407625198364,72.83821868896484
CSGS5,q4_2020,1,robust_risk_mondrian,clean,down,149,0.5838926174496645,0.31610738255033555,35.58553695678711,0.32350489497184753,80.84516906738281
CSGS5,q4_2020,1,robust_risk_mondrian,clean,up,148,0.6824324324324325,0.21756756756756757,32.94758987426758,0.2995235323905945,79.30194091796875
CSGS5,q4_2020,1,robust_risk_mondrian,combined_outage,down,149,0.8120805369127517,0.0879194630872483,41.57271194458008,0.3779337406158447,69.7159423828125
CSGS5,q4_2020,1,robust_risk_mondrian,combined_outage,up,148,0.7297297297297297,0.1702702702702703,40.97218704223633,0.37247443199157715,75.34497833251953
CSGS5,q4_2020,1,robust_risk_mondrian,irradiance_outage,down,149,0.7114093959731543,0.1885906040268457,36.280914306640625,0.3298265039920807,71.56429290771484
CSGS5,q4_2020,1,robust_risk_mondrian,irradiance_outage,up,148,0.6418918918918919,0.25810810810810814,33.08541488647461,0.30077651143074036,81.763671875
CSGS5,q4_2020,1,robust_risk_mondrian,recent_power_outage,down,149,0.6308724832214765,0.26912751677852353,36.379032135009766,0.3307184875011444,86.38435363769531
CSGS5,q4_2020,1,robust_risk_mondrian,recent_power_outage,up,148,0.7094594594594594,0.1905405405405406,36.43696212768555,0.3312451243400574,70.17243957519531
CSGS5,q4_2020,1,robust_risk_mondrian,weather_outage,down,149,0.5838926174496645,0.31610738255033555,36.07421875,0.3279474377632141,81.81807708740234
CSGS5,q4_2020,1,robust_risk_mondrian,weather_outage,up,148,0.6756756756756757,0.22432432432432436,33.90397262573242,0.30821794271469116,74.84354400634766
CSGS5,q4_2020,1,robust_rolling_cqr,clean,down,149,0.4899328859060403,0.41006711409395974,32.277462005615234,0.29343146085739136,92.14986419677734
CSGS5,q4_2020,1,robust_rolling_cqr,clean,up,148,0.6216216216216216,0.2783783783783784,29.937929153442383,0.2721630036830902,83.03678894042969
CSGS5,q4_2020,1,robust_rolling_cqr,combined_outage,down,149,0.8187919463087249,0.08120805369127515,41.6698112487793,0.3788164556026459,68.53211212158203
CSGS5,q4_2020,1,robust_rolling_cqr,combined_outage,up,148,0.7297297297297297,0.1702702702702703,40.391666412353516,0.3671969771385193,75.95184326171875
CSGS5,q4_2020,1,robust_rolling_cqr,irradiance_outage,down,149,0.5838926174496645,0.31610738255033555,32.31350326538086,0.2937591075897217,80.4803237915039
CSGS5,q4_2020,1,robust_rolling_cqr,irradiance_outage,up,148,0.5540540540540541,0.34594594594594597,29.486347198486328,0.2680577039718628,87.72634887695312
CSGS5,q4_2020,1,robust_rolling_cqr,recent_power_outage,down,149,0.6040268456375839,0.2959731543624161,35.48789978027344,0.3226172626018524,88.88067626953125
CSGS5,q4_2020,1,robust_rolling_cqr,recent_power_outage,up,148,0.6959459459459459,0.20405405405405408,35.08866882324219,0.3189879059791565,71.60047912597656
CSGS5,q4_2020,1,robust_rolling_cqr,weather_outage,down,149,0.47651006711409394,0.4234899328859061,32.830848693847656,0.29846227169036865,93.23152160644531
CSGS5,q4_2020,1,robust_rolling_cqr,weather_outage,up,148,0.5878378378378378,0.3121621621621622,30.891096115112305,0.2808281481266022,80.31547546386719
CSGS5,q4_2020,4,clean_condition_cqr,clean,down,240,0.6041666666666666,0.2958333333333334,32.822330474853516,0.29838481545448303,103.21170043945312
CSGS5,q4_2020,4,clean_condition_cqr,clean,up,242,0.71900826446281,0.18099173553719006,34.60248565673828,0.31456804275512695,75.3660659790039
CSGS5,q4_2020,4,clean_condition_cqr,combined_outage,down,240,1.0,0.0,61.50204849243164,0.5591095089912415,61.50204849243164
CSGS5,q4_2020,4,clean_condition_cqr,combined_outage,up,242,0.9297520661157025,0.0,80.88710021972656,0.7353372573852539,88.53273010253906
CSGS5,q4_2020,4,clean_condition_cqr,irradiance_outage,down,240,0.9833333333333333,0.0,44.81163024902344,0.4073784649372101,46.13621139526367
CSGS5,q4_2020,4,clean_condition_cqr,irradiance_outage,up,242,0.6900826446280992,0.20991735537190082,39.8763542175293,0.3625123202800751,96.76514434814453
CSGS5,q4_2020,4,clean_condition_cqr,recent_power_outage,down,240,0.9916666666666667,0.0,46.70111083984375,0.42455554008483887,46.83395004272461
CSGS5,q4_2020,4,clean_condition_cqr,recent_power_outage,up,242,0.6818181818181818,0.21818181818181825,46.1684455871582,0.4197131395339966,108.85427856445312
CSGS5,q4_2020,4,clean_condition_cqr,weather_outage,down,240,0.5916666666666667,0.30833333333333335,33.621986389160156,0.3056544363498688,104.68283081054688
CSGS5,q4_2020,4,clean_condition_cqr,weather_outage,up,242,0.6611570247933884,0.23884297520661157,33.95822525024414,0.30871114134788513,82.49050903320312
CSGS5,q4_2020,4,lgbm_condition_cqr,clean,down,240,0.6291666666666667,0.27083333333333337,33.89404296875,0.30812767148017883,75.46768951416016
CSGS5,q4_2020,4,lgbm_condition_cqr,clean,up,242,0.7066115702479339,0.19338842975206616,41.35551452636719,0.37595921754837036,72.76941680908203
CSGS5,q4_2020,4,lgbm_condition_cqr,combined_outage,down,240,1.0,0.0,56.273746490478516,0.5115795135498047,56.273746490478516
CSGS5,q4_2020,4,lgbm_condition_cqr,combined_outage,up,242,0.8801652892561983,0.01983471074380172,68.37735748291016,0.6216123700141907,81.03507232666016
CSGS5,q4_2020,4,lgbm_condition_cqr,irradiance_outage,down,240,0.9208333333333333,0.0,38.49583435058594,0.34996214509010315,48.148502349853516
CSGS5,q4_2020,4,lgbm_condition_cqr,irradiance_outage,up,242,0.768595041322314,0.13140495867768598,45.34554672241211,0.41223224997520447,71.20109558105469
CSGS5,q4_2020,4,lgbm_condition_cqr,recent_power_outage,down,240,1.0,0.0,52.878944396972656,0.4807176887989044,52.878944396972656
CSGS5,q4_2020,4,lgbm_condition_cqr,recent_power_outage,up,242,0.8181818181818182,0.08181818181818179,62.47507858276367,0.5679552555084229,84.30281829833984
CSGS5,q4_2020,4,lgbm_condition_cqr,weather_outage,down,240,0.6041666666666666,0.2958333333333334,34.01741027832031,0.3092491924762726,76.76428985595703
CSGS5,q4_2020,4,lgbm_condition_cqr,weather_outage,up,242,0.640495867768595,0.259504132231405,40.425018310546875,0.3675001561641693,76.51707458496094
CSGS5,q4_2020,4,oracle_ramp_mondrian,clean,down,240,0.8958333333333334,0.004166666666666652,47.83644104003906,0.4348767399787903,67.00914764404297
CSGS5,q4_2020,4,oracle_ramp_mondrian,clean,up,242,0.9545454545454546,0.0,54.517826080322266,0.495616614818573,57.311134338378906
CSGS5,q4_2020,4,oracle_ramp_mondrian,combined_outage,down,240,0.9375,0.0,51.50788497924805,0.468253493309021,62.38660430908203
CSGS5,q4_2020,4,oracle_ramp_mondrian,combined_outage,up,242,0.7975206611570248,0.10247933884297522,49.244876861572266,0.4476807117462158,68.67395782470703
CSGS5,q4_2020,4,oracle_ramp_mondrian,irradiance_outage,down,240,0.9125,0.0,49.09690856933594,0.4463355243206024,66.51182556152344
CSGS5,q4_2020,4,oracle_ramp_mondrian,irradiance_outage,up,242,0.9504132231404959,0.0,55.0893669128418,0.5008124113082886,60.60192108154297
CSGS5,q4_2020,4,oracle_ramp_mondrian,recent_power_outage,down,240,0.8833333333333333,0.01666666666666672,52.00027847290039,0.47272980213165283,68.48455047607422
CSGS5,q4_2020,4,oracle_ramp_mondrian,recent_power_outage,up,242,0.9628099173553719,0.0,58.406822204589844,0.530971109867096,61.135921478271484
CSGS5,q4_2020,4,oracle_ramp_mondrian,weather_outage,down,240,0.9166666666666666,0.0,48.6069221496582,0.44188112020492554,63.86989212036133
CSGS5,q4_2020,4,oracle_ramp_mondrian,weather_outage,up,242,0.9545454545454546,0.0,54.72600555419922,0.4975091516971588,57.39583206176758
CSGS5,q4_2020,4,persistence_condition_cqr,clean,down,240,0.175,0.7250000000000001,46.538719177246094,0.423079252243042,199.47288513183594
CSGS5,q4_2020,4,persistence_condition_cqr,clean,up,242,0.17768595041322313,0.7223140495867769,39.210453033447266,0.3564586639404297,164.779052734375
CSGS5,q4_2020,4,persistence_condition_cqr,combined_outage,down,240,0.6375,0.26250000000000007,91.86329650878906,0.8351208567619324,136.20079040527344
CSGS5,q4_2020,4,persistence_condition_cqr,combined_outage,up,242,0.24380165289256198,0.6561983471074381,69.10271453857422,0.6282064914703369,
CSGS5,q4_2020,4,persistence_condition_cqr,irradiance_outage,down,240,0.175,0.7250000000000001,46.538719177246094,0.423079252243042,199.47288513183594
CSGS5,q4_2020,4,persistence_condition_cqr,irradiance_outage,up,242,0.17768595041322313,0.7223140495867769,39.210453033447266,0.3564586639404297,164.779052734375
CSGS5,q4_2020,4,persistence_condition_cqr,recent_power_outage,down,240,0.6375,0.26250000000000007,91.86329650878906,0.8351208567619324,136.20079040527344
CSGS5,q4_2020,4,persistence_condition_cqr,recent_power_outage,up,242,0.24380165289256198,0.6561983471074381,69.10271453857422,0.6282064914703369,
CSGS5,q4_2020,4,persistence_condition_cqr,weather_outage,down,240,0.175,0.7250000000000001,46.538719177246094,0.423079252243042,199.47288513183594
CSGS5,q4_2020,4,persistence_condition_cqr,weather_outage,up,242,0.17768595041322313,0.7223140495867769,39.210453033447266,0.3564586639404297,164.779052734375
CSGS5,q4_2020,4,robust_condition_cqr,clean,down,240,0.6625,0.23750000000000004,32.14992141723633,0.29227200150489807,84.49315643310547
CSGS5,q4_2020,4,robust_condition_cqr,clean,up,242,0.8347107438016529,0.06528925619834713,37.885955810546875,0.3444177806377411,58.0014762878418
CSGS5,q4_2020,4,robust_condition_cqr,combined_outage,down,240,0.8666666666666667,0.033333333333333326,44.51410675048828,0.40467369556427,63.8956298828125
CSGS5,q4_2020,4,robust_condition_cqr,combined_outage,up,242,0.6652892561983471,0.2347107438016529,40.76709747314453,0.37060996890068054,82.53622436523438
CSGS5,q4_2020,4,robust_condition_cqr,irradiance_outage,down,240,0.7625,0.13750000000000007,33.95648193359375,0.3086952865123749,75.19470977783203
CSGS5,q4_2020,4,robust_condition_cqr,irradiance_outage,up,242,0.8264462809917356,0.07355371900826446,38.78739547729492,0.3526126742362976,63.05868148803711
CSGS5,q4_2020,4,robust_condition_cqr,recent_power_outage,down,240,0.7208333333333333,0.1791666666666667,35.96377944946289,0.32694345712661743,85.96834564208984
CSGS5,q4_2020,4,robust_condition_cqr,recent_power_outage,up,242,0.8429752066115702,0.057024793388429806,41.03213119506836,0.37301936745643616,61.49213790893555
CSGS5,q4_2020,4,robust_condition_cqr,weather_outage,down,240,0.65,0.25,32.78419494628906,0.298038125038147,81.5475082397461
CSGS5,q4_2020,4,robust_condition_cqr,weather_outage,up,242,0.8057851239669421,0.09421487603305789,38.02800369262695,0.3457091152667999,59.9686393737793
CSGS5,q4_2020,4,robust_local_cqr,clean,down,240,0.7583333333333333,0.14166666666666672,36.2645378112793,0.32967761158943176,77.93881225585938
CSGS5,q4_2020,4,robust_local_cqr,clean,up,242,0.8553719008264463,0.044628099173553704,42.297794342041016,0.3845253884792328,54.965553283691406
CSGS5,q4_2020,4,robust_local_cqr,combined_outage,down,240,0.8625,0.03749999999999998,43.4090461730957,0.3946276903152466,64.97208404541016
CSGS5,q4_2020,4,robust_local_cqr,combined_outage,up,242,0.768595041322314,0.13140495867768598,46.860191345214844,0.42600172758102417,72.06585693359375
CSGS5,q4_2020,4,robust_local_cqr,irradiance_outage,down,240,0.825,0.07500000000000007,36.430419921875,0.33118563890457153,71.29253387451172
CSGS5,q4_2020,4,robust_local_cqr,irradiance_outage,up,242,0.8512396694214877,0.04876033057851237,43.635684967041016,0.3966880440711975,58.78788375854492
CSGS5,q4_2020,4,robust_local_cqr,recent_power_outage,down,240,0.7625,0.13750000000000007,38.23465347290039,0.3475877642631531,80.29862976074219
CSGS5,q4_2020,4,robust_local_cqr,recent_power_outage,up,242,0.8677685950413223,0.03223140495867771,44.77116012573242,0.407010555267334,58.029361724853516
CSGS5,q4_2020,4,robust_local_cqr,weather_outage,down,240,0.7208333333333333,0.1791666666666667,37.06880187988281,0.3369891047477722,74.4131851196289
CSGS5,q4_2020,4,robust_local_cqr,weather_outage,up,242,0.8471074380165289,0.05289256198347114,41.95258331298828,0.3813871145248413,55.60821533203125
CSGS5,q4_2020,4,robust_risk_mondrian,clean,down,240,0.725,0.17500000000000004,35.34956741333008,0.32135969400405884,79.54542541503906
CSGS5,q4_2020,4,robust_risk_mondrian,clean,up,242,0.8512396694214877,0.04876033057851237,40.92648696899414,0.3720589578151703,57.82658004760742
CSGS5,q4_2020,4,robust_risk_mondrian,combined_outage,down,240,0.8208333333333333,0.07916666666666672,40.11563491821289,0.36468759179115295,65.90624237060547
CSGS5,q4_2020,4,robust_risk_mondrian,combined_outage,up,242,0.7396694214876033,0.16033057851239674,44.325218200683594,0.4029565155506134,78.47759246826172
CSGS5,q4_2020,4,robust_risk_mondrian,irradiance_outage,down,240,0.7875,0.11250000000000004,36.16377639770508,0.32876160740852356,74.02751922607422
CSGS5,q4_2020,4,robust_risk_mondrian,irradiance_outage,up,242,0.8471074380165289,0.05289256198347114,41.3258171081543,0.37568923830986023,62.379173278808594
CSGS5,q4_2020,4,robust_risk_mondrian,recent_power_outage,down,240,0.725,0.17500000000000004,36.47024917602539,0.33154770731925964,85.035888671875
CSGS5,q4_2020,4,robust_risk_mondrian,recent_power_outage,up,242,0.859504132231405,0.04049586776859504,43.593929290771484,0.39630845189094543,61.60255432128906
CSGS5,q4_2020,4,robust_risk_mondrian,weather_outage,down,240,0.7125,0.1875,35.57414245605469,0.3234013020992279,77.04720306396484
CSGS5,q4_2020,4,robust_risk_mondrian,weather_outage,up,242,0.8264462809917356,0.07355371900826446,40.10555648803711,0.3645959794521332,59.26911544799805
CSGS5,q4_2020,4,robust_rolling_cqr,clean,down,240,0.6291666666666667,0.27083333333333337,31.360355377197266,0.28509414196014404,86.65886688232422
CSGS5,q4_2020,4,robust_rolling_cqr,clean,up,242,0.8347107438016529,0.06528925619834713,37.153202056884766,0.3377563953399658,58.15264892578125
CSGS5,q4_2020,4,robust_rolling_cqr,combined_outage,down,240,0.8916666666666667,0.008333333333333304,47.72382736206055,0.4338529706001282,62.979026794433594
CSGS5,q4_2020,4,robust_rolling_cqr,combined_outage,up,242,0.7396694214876033,0.16033057851239674,44.72684097290039,0.40660765767097473,73.87336730957031
CSGS5,q4_2020,4,robust_rolling_cqr,irradiance_outage,down,240,0.7291666666666666,0.1708333333333334,32.45732498168945,0.29506659507751465,76.98676300048828
CSGS5,q4_2020,4,robust_rolling_cqr,irradiance_outage,up,242,0.7933884297520661,0.10661157024793388,37.287254333496094,0.33897504210472107,64.30487823486328
CSGS5,q4_2020,4,robust_rolling_cqr,recent_power_outage,down,240,0.675,0.22499999999999998,34.47346115112305,0.31339511275291443,88.8328628540039
CSGS5,q4_2020,4,robust_rolling_cqr,recent_power_outage,up,242,0.8305785123966942,0.0694214876033058,39.549686431884766,0.3595426082611084,62.026973724365234
CSGS5,q4_2020,4,robust_rolling_cqr,weather_outage,down,240,0.6125,0.2875,32.257408142089844,0.2932491600513458,83.24959564208984
CSGS5,q4_2020,4,robust_rolling_cqr,weather_outage,up,242,0.8057851239669421,0.09421487603305789,37.577884674072266,0.3416171371936798,59.91460418701172
CSGS6,q1_2020,1,clean_condition_cqr,clean,down,203,0.28078817733990147,0.6192118226600986,6.943986415863037,0.198399618268013,48.57532501220703
CSGS6,q1_2020,1,clean_condition_cqr,clean,up,163,0.31901840490797545,0.5809815950920245,7.72072696685791,0.220592200756073,38.019256591796875
CSGS6,q1_2020,1,clean_condition_cqr,combined_outage,down,203,0.9901477832512315,0.0,23.999042510986328,0.6856869459152222,24.1513671875
CSGS6,q1_2020,1,clean_condition_cqr,combined_outage,up,163,0.7791411042944786,0.12085889570552144,24.666913986206055,0.70476895570755,34.01679992675781
CSGS6,q1_2020,1,clean_condition_cqr,irradiance_outage,down,203,0.7142857142857143,0.18571428571428572,11.41084098815918,0.32602402567863464,23.470935821533203
CSGS6,q1_2020,1,clean_condition_cqr,irradiance_outage,up,163,0.34355828220858897,0.556441717791411,9.775178909301758,0.2792908251285553,39.813724517822266
CSGS6,q1_2020,1,clean_condition_cqr,recent_power_outage,down,203,0.9556650246305419,0.0,23.480876922607422,0.6708822250366211,24.603153228759766
CSGS6,q1_2020,1,clean_condition_cqr,recent_power_outage,up,163,0.8282208588957055,0.07177914110429451,23.268728256225586,0.6648207902908325,33.29397964477539
CSGS6,q1_2020,1,clean_condition_cqr,weather_outage,down,203,0.32019704433497537,0.5798029556650246,7.056739807128906,0.2016211301088333,45.823997497558594
CSGS6,q1_2020,1,clean_condition_cqr,weather_outage,up,163,0.31901840490797545,0.5809815950920245,7.628320693969727,0.21795201301574707,40.45512771606445
CSGS6,q1_2020,1,lgbm_condition_cqr,clean,down,203,0.5320197044334976,0.36798029556650247,9.748499870300293,0.2785285711288452,31.520187377929688
CSGS6,q1_2020,1,lgbm_condition_cqr,clean,up,163,0.5337423312883436,0.36625766871165644,10.497472763061523,0.29992780089378357,29.175260543823242
CSGS6,q1_2020,1,lgbm_condition_cqr,combined_outage,down,203,1.0,0.0,24.217222213745117,0.6919206380844116,24.217222213745117
CSGS6,q1_2020,1,lgbm_condition_cqr,combined_outage,up,163,0.8650306748466258,0.03496932515337425,24.91835594177246,0.7119530439376831,28.577579498291016
CSGS6,q1_2020,1,lgbm_condition_cqr,irradiance_outage,down,203,0.8078817733990148,0.09211822660098523,14.475510597229004,0.4135860204696655,20.501245498657227
CSGS6,q1_2020,1,lgbm_condition_cqr,irradiance_outage,up,163,0.8159509202453987,0.0840490797546013,14.016885757446289,0.4004824459552765,21.087705612182617
CSGS6,q1_2020,1,lgbm_condition_cqr,recent_power_outage,down,203,1.0,0.0,23.779512405395508,0.6794146299362183,23.779512405395508
CSGS6,q1_2020,1,lgbm_condition_cqr,recent_power_outage,up,163,0.8404907975460123,0.05950920245398772,24.19068145751953,0.6911623477935791,29.644779205322266
CSGS6,q1_2020,1,lgbm_condition_cqr,weather_outage,down,203,0.5221674876847291,0.37783251231527093,9.6483793258667,0.2756679952144623,31.313762664794922
CSGS6,q1_2020,1,lgbm_condition_cqr,weather_outage,up,163,0.5214723926380368,0.3785276073619632,10.33356761932373,0.2952447831630707,30.47378921508789
CSGS6,q1_2020,1,oracle_ramp_mondrian,clean,down,203,0.7931034482758621,0.10689655172413792,14.981325149536133,0.4280378520488739,23.679658889770508
CSGS6,q1_2020,1,oracle_ramp_mondrian,clean,up,163,0.9325153374233128,0.0,16.176294326782227,0.46217983961105347,19.40390396118164
CSGS6,q1_2020,1,oracle_ramp_mondrian,combined_outage,down,203,0.7832512315270936,0.11674876847290638,16.322948455810547,0.46636995673179626,27.605375289916992
CSGS6,q1_2020,1,oracle_ramp_mondrian,combined_outage,up,163,0.9447852760736196,0.0,16.515920639038086,0.4718834459781647,19.059316635131836
CSGS6,q1_2020,1,oracle_ramp_mondrian,irradiance_outage,down,203,0.7931034482758621,0.10689655172413792,14.917020797729492,0.42620059847831726,22.371782302856445
CSGS6,q1_2020,1,oracle_ramp_mondrian,irradiance_outage,up,163,0.8957055214723927,0.004294478527607337,16.003873825073242,0.4572535455226898,19.756168365478516
CSGS6,q1_2020,1,oracle_ramp_mondrian,recent_power_outage,down,203,0.7980295566502463,0.10197044334975369,15.589810371398926,0.4454231560230255,24.279151916503906
CSGS6,q1_2020,1,oracle_ramp_mondrian,recent_power_outage,up,163,0.9141104294478528,0.0,16.668088912963867,0.47623109817504883,20.07213020324707
CSGS6,q1_2020,1,oracle_ramp_mondrian,weather_outage,down,203,0.7783251231527094,0.12167487684729061,14.942695617675781,0.426934152841568,23.82701301574707
CSGS6,q1_2020,1,oracle_ramp_mondrian,weather_outage,up,163,0.9325153374233128,0.0,16.318973541259766,0.46625638008117676,19.644630432128906
CSGS6,q1_2020,1,persistence_condition_cqr,clean,down,203,0.0,0.9,5.009332180023193,0.1431237757205963,80.67670440673828
CSGS6,q1_2020,1,persistence_condition_cqr,clean,up,163,0.0,0.9,4.9240946769714355,0.14068841934204102,77.96321105957031
CSGS6,q1_2020,1,persistence_condition_cqr,combined_outage,down,203,0.7635467980295566,0.13645320197044342,26.238962173461914,0.7496846318244934,41.47187042236328
CSGS6,q1_2020,1,persistence_condition_cqr,combined_outage,up,163,0.8343558282208589,0.06564417177914117,23.201702117919922,0.662905752658844,31.72599983215332
CSGS6,q1_2020,1,persistence_condition_cqr,irradiance_outage,down,203,0.0,0.9,5.009332180023193,0.1431237757205963,80.67670440673828
CSGS6,q1_2020,1,persistence_condition_cqr,irradiance_outage,up,163,0.0,0.9,4.9240946769714355,0.14068841934204102,77.96321105957031
CSGS6,q1_2020,1,persistence_condition_cqr,recent_power_outage,down,203,0.7635467980295566,0.13645320197044342,26.238962173461914,0.7496846318244934,41.47187042236328
CSGS6,q1_2020,1,persistence_condition_cqr,recent_power_outage,up,163,0.8343558282208589,0.06564417177914117,23.201702117919922,0.662905752658844,31.72599983215332
CSGS6,q1_2020,1,persistence_condition_cqr,weather_outage,down,203,0.0,0.9,5.009332180023193,0.1431237757205963,80.67670440673828
CSGS6,q1_2020,1,persistence_condition_cqr,weather_outage,up,163,0.0,0.9,4.9240946769714355,0.14068841934204102,77.96321105957031
CSGS6,q1_2020,1,robust_condition_cqr,clean,down,203,0.4827586206896552,0.41724137931034483,8.914040565490723,0.2546868622303009,38.660709381103516
CSGS6,q1_2020,1,robust_condition_cqr,clean,up,163,0.5828220858895705,0.3171779141104295,10.253750801086426,0.29296430945396423,26.012060165405273
CSGS6,q1_2020,1,robust_condition_cqr,combined_outage,down,203,0.5172413793103449,0.38275862068965516,9.913000106811523,0.2832285761833191,43.43877029418945
CSGS6,q1_2020,1,robust_condition_cqr,combined_outage,up,163,0.6625766871165644,0.23742331288343566,10.158879280090332,0.2902536988258362,23.74791145324707
CSGS6,q1_2020,1,robust_condition_cqr,irradiance_outage,down,203,0.5467980295566502,0.3532019704433498,9.77440071105957,0.2792685925960541,33.07206726074219
CSGS6,q1_2020,1,robust_condition_cqr,irradiance_outage,up,163,0.6441717791411042,0.2558282208588958,10.950220108032227,0.31286343932151794,25.14586067199707
CSGS6,q1_2020,1,robust_condition_cqr,recent_power_outage,down,203,0.5615763546798029,0.3384236453201971,10.462504386901855,0.29892870783805847,34.83774948120117
CSGS6,q1_2020,1,robust_condition_cqr,recent_power_outage,up,163,0.6809815950920245,0.21901840490797553,11.64544677734375,0.3327270448207855,24.07098960876465
CSGS6,q1_2020,1,robust_condition_cqr,weather_outage,down,203,0.45320197044334976,0.44679802955665027,8.874589920043945,0.2535597085952759,39.46421432495117
CSGS6,q1_2020,1,robust_condition_cqr,weather_outage,up,163,0.6134969325153374,0.2865030674846626,10.393757820129395,0.29696449637413025,25.295063018798828
CSGS6,q1_2020,1,robust_local_cqr,clean,down,203,0.5221674876847291,0.37783251231527093,9.51909351348877,0.2719740867614746,35.84659194946289
CSGS6,q1_2020,1,robust_local_cqr,clean,up,163,0.7177914110429447,0.18220858895705527,11.810221672058105,0.33743491768836975,22.859798431396484
CSGS6,q1_2020,1,robust_local_cqr,combined_outage,down,203,0.5862068965517241,0.31379310344827593,11.479482650756836,0.3279852271080017,39.89134979248047
CSGS6,q1_2020,1,robust_local_cqr,combined_outage,up,163,0.7791411042944786,0.12085889570552144,12.66769027709961,0.36193400621414185,20.20569610595703
CSGS6,q1_2020,1,robust_local_cqr,irradiance_outage,down,203,0.5714285714285714,0.3285714285714286,10.273740768432617,0.293535441160202,31.2176456451416
CSGS6,q1_2020,1,robust_local_cqr,irradiance_outage,up,163,0.7668711656441718,0.13312883435582823,12.55971908569336,0.35884910821914673,22.65659523010254
CSGS6,q1_2020,1,robust_local_cqr,recent_power_outage,down,203,0.5714285714285714,0.3285714285714286,11.027406692504883,0.3150687515735626,32.842350006103516
CSGS6,q1_2020,1,robust_local_cqr,recent_power_outage,up,163,0.7791411042944786,0.12085889570552144,13.364350318908691,0.3818385899066925,21.859577178955078
CSGS6,q1_2020,1,robust_local_cqr,weather_outage,down,203,0.5172413793103449,0.38275862068965516,9.515568733215332,0.2718733847141266,36.56306838989258
CSGS6,q1_2020,1,robust_local_cqr,weather_outage,up,163,0.7055214723926381,0.19447852760736195,11.944632530212402,0.3412752151489258,22.57183837890625
CSGS6,q1_2020,1,robust_risk_mondrian,clean,down,203,0.541871921182266,0.358128078817734,9.790923118591309,0.27974066138267517,35.76628112792969
CSGS6,q1_2020,1,robust_risk_mondrian,clean,up,163,0.6687116564417178,0.2312883435582822,11.196953773498535,0.31991297006607056,23.735401153564453
CSGS6,q1_2020,1,robust_risk_mondrian,combined_outage,down,203,0.5369458128078818,0.36305418719211824,10.409337997436523,0.29740965366363525,41.49924850463867
CSGS6,q1_2020,1,robust_risk_mondrian,combined_outage,up,163,0.6809815950920245,0.21901840490797553,10.69611644744873,0.3056033253669739,22.559202194213867
CSGS6,q1_2020,1,robust_risk_mondrian,irradiance_outage,down,203,0.5566502463054187,0.3433497536945813,9.815564155578613,0.2804446816444397,32.934574127197266
CSGS6,q1_2020,1,robust_risk_mondrian,irradiance_outage,up,163,0.6503067484662577,0.24969325153374233,10.988884925842285,0.31396815180778503,25.058490753173828
CSGS6,q1_2020,1,robust_risk_mondrian,recent_power_outage,down,203,0.5862068965517241,0.31379310344827593,11.008997917175293,0.3145428001880646,33.09885787963867
CSGS6,q1_2020,1,robust_risk_mondrian,recent_power_outage,up,163,0.7300613496932515,0.16993865030674848,12.421332359313965,0.3548952043056488,22.774303436279297
CSGS6,q1_2020,1,robust_risk_mondrian,weather_outage,down,203,0.5369458128078818,0.36305418719211824,9.79812240600586,0.27994635701179504,36.130699157714844
CSGS6,q1_2020,1,robust_risk_mondrian,weather_outage,up,163,0.6993865030674846,0.2006134969325154,11.351003646850586,0.3243143856525421,23.27228355407715
CSGS6,q1_2020,1,robust_rolling_cqr,clean,down,203,0.4876847290640394,0.4123152709359606,8.972902297973633,0.25636863708496094,38.41642379760742
CSGS6,q1_2020,1,robust_rolling_cqr,clean,up,163,0.5828220858895705,0.3171779141104295,10.297061920166016,0.2942017614841461,25.820438385009766
CSGS6,q1_2020,1,robust_rolling_cqr,combined_outage,down,203,0.5270935960591133,0.3729064039408867,10.48764419555664,0.2996469736099243,41.698150634765625
CSGS6,q1_2020,1,robust_rolling_cqr,combined_outage,up,163,0.6809815950920245,0.21901840490797553,10.675577163696289,0.30501648783683777,22.352096557617188
CSGS6,q1_2020,1,robust_rolling_cqr,irradiance_outage,down,203,0.5566502463054187,0.3433497536945813,9.86007022857666,0.2817162871360779,32.77668380737305
CSGS6,q1_2020,1,robust_rolling_cqr,irradiance_outage,up,163,0.6441717791411042,0.2558282208588958,11.011702537536621,0.31462007761001587,24.850860595703125
CSGS6,q1_2020,1,robust_rolling_cqr,recent_power_outage,down,203,0.5714285714285714,0.3285714285714286,10.60526180267334,0.30300748348236084,34.356876373291016
CSGS6,q1_2020,1,robust_rolling_cqr,recent_power_outage,up,163,0.6932515337423313,0.20674846625766874,11.747159957885742,0.33563312888145447,23.739944458007812
CSGS6,q1_2020,1,robust_rolling_cqr,weather_outage,down,203,0.46798029556650245,0.4320197044334976,8.93352222442627,0.2552434802055359,39.20381164550781
CSGS6,q1_2020,1,robust_rolling_cqr,weather_outage,up,163,0.6134969325153374,0.2865030674846626,10.43591022491455,0.2981688678264618,25.11871910095215
CSGS6,q1_2020,4,clean_condition_cqr,clean,down,603,0.7263681592039801,0.1736318407960199,6.3883538246154785,0.1825243979692459,28.573833465576172
CSGS6,q1_2020,4,clean_condition_cqr,clean,up,607,0.8813838550247117,0.018616144975288296,7.32791805267334,0.20936909317970276,12.241952896118164
CSGS6,q1_2020,4,clean_condition_cqr,combined_outage,down,603,0.9834162520729685,0.0,12.934317588806152,0.3695519268512726,13.208992004394531
CSGS6,q1_2020,4,clean_condition_cqr,combined_outage,up,607,0.8896210873146623,0.010378912685337749,17.532487869262695,0.5009282231330872,22.837514877319336
CSGS6,q1_2020,4,clean_condition_cqr,irradiance_outage,down,603,0.8756218905472637,0.02437810945273633,9.51173210144043,0.27176377177238464,14.581449508666992
CSGS6,q1_2020,4,clean_condition_cqr,irradiance_outage,up,607,0.8649093904448105,0.0350906095551895,9.211821556091309,0.26319488883018494,14.6359224319458
CSGS6,q1_2020,4,clean_condition_cqr,recent_power_outage,down,603,0.9038142620232172,0.0,10.279748916625977,0.29370710253715515,12.287348747253418
CSGS6,q1_2020,4,clean_condition_cqr,recent_power_outage,up,607,0.8451400329489291,0.05485996705107088,12.965265274047852,0.3704361617565155,20.1701602935791
CSGS6,q1_2020,4,clean_condition_cqr,weather_outage,down,603,0.724709784411277,0.17529021558872304,6.302914619445801,0.1800832748413086,26.704456329345703
CSGS6,q1_2020,4,clean_condition_cqr,weather_outage,up,607,0.8682042833607908,0.031795716639209215,8.687280654907227,0.24820801615715027,13.939287185668945
CSGS6,q1_2020,4,lgbm_condition_cqr,clean,down,603,0.7810945273631841,0.11890547263681595,7.520036697387695,0.21485818922519684,19.065595626831055
CSGS6,q1_2020,4,lgbm_condition_cqr,clean,up,607,0.8912685337726524,0.008731466227347662,11.195457458496094,0.3198702037334442,13.80765438079834
CSGS6,q1_2020,4,lgbm_condition_cqr,combined_outage,down,603,0.9983416252072969,0.0,16.393495559692383,0.46838557720184326,16.401378631591797
CSGS6,q1_2020,4,lgbm_condition_cqr,combined_outage,up,607,0.9917627677100495,0.0,20.204814910888672,0.5772804021835327,20.34293556213379
CSGS6,q1_2020,4,lgbm_condition_cqr,irradiance_outage,down,603,0.9203980099502488,0.0,11.659195899963379,0.33311986923217773,15.077872276306152
CSGS6,q1_2020,4,lgbm_condition_cqr,irradiance_outage,up,607,0.9785831960461285,0.0,14.531900405883789,0.4151971638202667,15.123749732971191
CSGS6,q1_2020,4,lgbm_condition_cqr,recent_power_outage,down,603,0.966832504145937,0.0,11.579748153686523,0.33084994554519653,12.344893455505371
CSGS6,q1_2020,4,lgbm_condition_cqr,recent_power_outage,up,607,0.9242174629324547,0.0,14.212855339050293,0.40608158707618713,16.321414947509766
CSGS6,q1_2020,4,lgbm_condition_cqr,weather_outage,down,603,0.7877280265339967,0.11227197346600337,7.582219123840332,0.2166348248720169,18.79952049255371
CSGS6,q1_2020,4,lgbm_condition_cqr,weather_outage,up,607,0.8616144975288303,0.038385502471169675,11.196914672851562,0.3199118375778198,14.051244735717773
CSGS6,q1_2020,4,oracle_ramp_mondrian,clean,down,603,0.8474295190713101,0.05257048092868988,9.17918586730957,0.2622624635696411,20.123878479003906
CSGS6,q1_2020,4,oracle_ramp_mondrian,clean,up,607,0.9703459637561779,0.0,9.153059005737305,0.2615159749984741,10.335700988769531
CSGS6,q1_2020,4,oracle_ramp_mondrian,combined_outage,down,603,0.8374792703150912,0.06252072968490885,9.786908149719238,0.27962595224380493,22.363555908203125
CSGS6,q1_2020,4,oracle_ramp_mondrian,combined_outage,up,607,0.9736408566721582,0.0,10.339412689208984,0.2954117953777313,11.64985179901123
CSGS6,q1_2020,4,oracle_ramp_mondrian,irradiance_outage,down,603,0.8374792703150912,0.06252072968490885,9.043952941894531,0.2583986520767212,20.154890060424805
CSGS6,q1_2020,4,oracle_ramp_mondrian,irradiance_outage,up,607,0.9637561779242174,0.0,9.241582870483398,0.26404523849487305,10.464746475219727
CSGS6,q1_2020,4,oracle_ramp_mondrian,recent_power_outage,down,603,0.835820895522388,0.06417910447761199,9.14151382446289,0.2611861228942871,20.638092041015625
CSGS6,q1_2020,4,oracle_ramp_mondrian,recent_power_outage,up,607,0.9686985172981878,0.0,10.077338218688965,0.2879239618778229,11.342057228088379
CSGS6,q1_2020,4,oracle_ramp_mondrian,weather_outage,down,603,0.8424543946932007,0.05754560530679931,9.471673011779785,0.2706192433834076,20.255794525146484
CSGS6,q1_2020,4,oracle_ramp_mondrian,weather_outage,up,607,0.9621087314662273,0.0,10.058481216430664,0.28738516569137573,11.436749458312988
CSGS6,q1_2020,4,persistence_condition_cqr,clean,down,603,0.472636815920398,0.427363184079602,16.731107711791992,0.47803163528442383,49.1187858581543
CSGS6,q1_2020,4,persistence_condition_cqr,clean,up,607,0.5090609555189456,0.39093904448105443,14.03868579864502,0.4011053144931793,31.93865203857422
CSGS6,q1_2020,4,persistence_condition_cqr,combined_outage,down,603,0.6434494195688225,0.2565505804311775,29.685453414916992,0.8481557965278625,44.632843017578125
CSGS6,q1_2020,4,persistence_condition_cqr,combined_outage,up,607,0.8517298187808896,0.04827018121911042,21.17945671081543,0.6051273345947266,26.217327117919922
CSGS6,q1_2020,4,persistence_condition_cqr,irradiance_outage,down,603,0.472636815920398,0.427363184079602,16.731107711791992,0.47803163528442383,49.1187858581543
CSGS6,q1_2020,4,persistence_condition_cqr,irradiance_outage,up,607,0.5090609555189456,0.39093904448105443,14.03868579864502,0.4011053144931793,31.93865203857422
CSGS6,q1_2020,4,persistence_condition_cqr,recent_power_outage,down,603,0.6434494195688225,0.2565505804311775,29.685453414916992,0.8481557965278625,44.632843017578125
CSGS6,q1_2020,4,persistence_condition_cqr,recent_power_outage,up,607,0.8517298187808896,0.04827018121911042,21.17945671081543,0.6051273345947266,26.217327117919922
CSGS6,q1_2020,4,persistence_condition_cqr,weather_outage,down,603,0.472636815920398,0.427363184079602,16.731107711791992,0.47803163528442383,49.1187858581543
CSGS6,q1_2020,4,persistence_condition_cqr,weather_outage,up,607,0.5090609555189456,0.39093904448105443,14.03868579864502,0.4011053144931793,31.93865203857422
CSGS6,q1_2020,4,robust_condition_cqr,clean,down,603,0.7678275290215588,0.1321724709784412,6.557118892669678,0.18734624981880188,22.7887020111084
CSGS6,q1_2020,4,robust_condition_cqr,clean,up,607,0.9225700164744646,0.0,6.315577507019043,0.18044507503509521,8.970743179321289
CSGS6,q1_2020,4,robust_condition_cqr,combined_outage,down,603,0.75787728026534,0.14212271973466006,7.2996296882629395,0.20856085419654846,25.30997085571289
CSGS6,q1_2020,4,robust_condition_cqr,combined_outage,up,607,0.9308072487644151,0.0,7.5827317237854,0.21664947271347046,10.061065673828125
CSGS6,q1_2020,4,robust_condition_cqr,irradiance_outage,down,603,0.7794361525704809,0.12056384742951909,7.030757904052734,0.2008787989616394,22.295806884765625
CSGS6,q1_2020,4,robust_condition_cqr,irradiance_outage,up,607,0.9357495881383855,0.0,7.061718940734863,0.20176339149475098,9.331782341003418
CSGS6,q1_2020,4,robust_condition_cqr,recent_power_outage,down,603,0.7562189054726368,0.1437810945273632,6.832767486572266,0.1952219307422638,23.287532806396484
CSGS6,q1_2020,4,robust_condition_cqr,recent_power_outage,up,607,0.9192751235584844,0.0,7.560405254364014,0.21601158380508423,10.062826156616211
CSGS6,q1_2020,4,robust_condition_cqr,weather_outage,down,603,0.7694859038142621,0.13051409618573795,6.756864070892334,0.1930532604455948,23.056285858154297
CSGS6,q1_2020,4,robust_condition_cqr,weather_outage,up,607,0.9192751235584844,0.0,7.103527069091797,0.2029579132795334,10.216439247131348
CSGS6,q1_2020,4,robust_local_cqr,clean,down,603,0.7777777777777778,0.12222222222222223,6.991071701049805,0.19974491000175476,21.123878479003906
CSGS6,q1_2020,4,robust_local_cqr,clean,up,607,0.9703459637561779,0.0,8.819546699523926,0.2519870400428772,9.790513038635254
CSGS6,q1_2020,4,robust_local_cqr,combined_outage,down,603,0.7744610281923715,0.12553897180762852,7.790160655975342,0.22257602214813232,23.842391967773438
CSGS6,q1_2020,4,robust_local_cqr,combined_outage,up,607,0.9637561779242174,0.0,9.702120780944824,0.27720344066619873,10.767985343933105
CSGS6,q1_2020,4,robust_local_cqr,irradiance_outage,down,603,0.8175787728026535,0.08242122719734657,7.841645240783691,0.2240470051765442,19.738351821899414
CSGS6,q1_2020,4,robust_local_cqr,irradiance_outage,up,607,0.9818780889621087,0.0,9.665928840637207,0.27616938948631287,10.471283912658691
CSGS6,q1_2020,4,robust_local_cqr,recent_power_outage,down,603,0.7910447761194029,0.10895522388059709,7.682448863983154,0.21949854493141174,21.219810485839844
CSGS6,q1_2020,4,robust_local_cqr,recent_power_outage,up,607,0.9719934102141681,0.0,10.406970024108887,0.2973420023918152,11.385589599609375
CSGS6,q1_2020,4,robust_local_cqr,weather_outage,down,603,0.7794361525704809,0.12056384742951909,7.0485148429870605,0.20138613879680634,21.21739959716797
CSGS6,q1_2020,4,robust_local_cqr,weather_outage,up,607,0.9703459637561779,0.0,9.699755668640137,0.2771358788013458,10.793525695800781
CSGS6,q1_2020,4,robust_risk_mondrian,clean,down,603,0.8192371475953566,0.08076285240464343,8.042657852172852,0.22979022562503815,21.689456939697266
CSGS6,q1_2020,4,robust_risk_mondrian,clean,up,607,0.9522240527182867,0.0,8.028854370117188,0.22939583659172058,9.688410758972168
CSGS6,q1_2020,4,robust_risk_mondrian,combined_outage,down,603,0.7810945273631841,0.11890547263681595,7.823679447174072,0.22353370487689972,25.19740104675293
CSGS6,q1_2020,4,robust_risk_mondrian,combined_outage,up,607,0.9373970345963756,0.0,8.104623794555664,0.23156067728996277,10.318406105041504
CSGS6,q1_2020,4,robust_risk_mondrian,irradiance_outage,down,603,0.8126036484245439,0.08739635157545611,8.255321502685547,0.23586632311344147,21.536455154418945
CSGS6,q1_2020,4,robust_risk_mondrian,irradiance_outage,up,607,0.9588138385502472,0.0,8.78018856048584,0.2508625388145447,10.218613624572754
CSGS6,q1_2020,4,robust_risk_mondrian,recent_power_outage,down,603,0.7960199004975125,0.10398009950248754,7.720937728881836,0.2205982208251953,22.477231979370117
CSGS6,q1_2020,4,robust_risk_mondrian,recent_power_outage,up,607,0.9456342668863262,0.0,8.541511535644531,0.24404318630695343,10.44913387298584
CSGS6,q1_2020,4,robust_risk_mondrian,weather_outage,down,603,0.824212271973466,0.075787728026534,8.643524169921875,0.24695783853530884,21.924793243408203
CSGS6,q1_2020,4,robust_risk_mondrian,weather_outage,up,607,0.9456342668863262,0.0,9.072637557983398,0.2592182159423828,10.951920509338379
CSGS6,q1_2020,4,robust_rolling_cqr,clean,down,603,0.7678275290215588,0.1321724709784412,6.665874481201172,0.19045355916023254,22.848228454589844
CSGS6,q1_2020,4,robust_rolling_cqr,clean,up,607,0.9192751235584844,0.0,6.397221565246582,0.1827777624130249,8.8627347946167
CSGS6,q1_2020,4,robust_rolling_cqr,combined_outage,down,603,0.7678275290215588,0.1321724709784412,7.513941287994385,0.21468403935432434,24.8433780670166
CSGS6,q1_2020,4,robust_rolling_cqr,combined_outage,up,607,0.9225700164744646,0.0,7.838917255401611,0.22396905720233917,10.017215728759766
CSGS6,q1_2020,4,robust_rolling_cqr,irradiance_outage,down,603,0.7711442786069652,0.1288557213930348,7.093818664550781,0.2026805281639099,22.31698226928711
CSGS6,q1_2020,4,robust_rolling_cqr,irradiance_outage,up,607,0.9406919275123559,0.0,7.110836029052734,0.20316673815250397,9.233609199523926
CSGS6,q1_2020,4,robust_rolling_cqr,recent_power_outage,down,603,0.7794361525704809,0.12056384742951909,7.294484615325928,0.20841383934020996,22.651947021484375
CSGS6,q1_2020,4,robust_rolling_cqr,recent_power_outage,up,607,0.9324546952224053,0.0,8.034599304199219,0.2295599728822708,10.090789794921875
CSGS6,q1_2020,4,robust_rolling_cqr,weather_outage,down,603,0.7761194029850746,0.12388059701492538,6.847702503204346,0.19564864039421082,23.0653133392334
CSGS6,q1_2020,4,robust_rolling_cqr,weather_outage,up,607,0.914332784184514,0.0,7.1776604652404785,0.20507600903511047,10.10403823852539
CSGS6,q2_2020,1,clean_condition_cqr,clean,down,258,0.3333333333333333,0.5666666666666667,6.433908462524414,0.18382595479488373,38.09749221801758
CSGS6,q2_2020,1,clean_condition_cqr,clean,up,229,0.33624454148471616,0.5637554585152839,7.33740758895874,0.20964021980762482,36.803565979003906
CSGS6,q2_2020,1,clean_condition_cqr,combined_outage,down,258,1.0,0.0,26.653743743896484,0.7615355253219604,26.653743743896484
CSGS6,q2_2020,1,clean_condition_cqr,combined_outage,up,229,0.9694323144104804,0.0,27.215543746948242,0.7775869369506836,27.726469039916992
CSGS6,q2_2020,1,clean_condition_cqr,irradiance_outage,down,258,0.8643410852713178,0.03565891472868221,14.13070011138916,0.4037342965602875,16.73903465270996
CSGS6,q2_2020,1,clean_condition_cqr,irradiance_outage,up,229,0.29694323144104806,0.603056768558952,11.114726066589355,0.31756359338760376,42.695064544677734
CSGS6,q2_2020,1,clean_condition_cqr,recent_power_outage,down,258,0.9961240310077519,0.0,24.299970626831055,0.6942848563194275,24.319108963012695
CSGS6,q2_2020,1,clean_condition_cqr,recent_power_outage,up,229,0.9519650655021834,0.0,24.188764572143555,0.6911075711250305,25.778263092041016
CSGS6,q2_2020,1,clean_condition_cqr,weather_outage,down,258,0.34108527131782945,0.5589147286821705,6.548072814941406,0.1870877891778946,37.0692253112793
CSGS6,q2_2020,1,clean_condition_cqr,weather_outage,up,229,0.3318777292576419,0.5681222707423581,7.377106666564941,0.2107744812965393,36.08802032470703
CSGS6,q2_2020,1,lgbm_condition_cqr,clean,down,258,0.5232558139534884,0.3767441860465116,8.198446273803711,0.23424132168293,26.386816024780273
CSGS6,q2_2020,1,lgbm_condition_cqr,clean,up,229,0.4759825327510917,0.4240174672489083,9.717484474182129,0.2776423990726471,30.687496185302734
CSGS6,q2_2020,1,lgbm_condition_cqr,combined_outage,down,258,0.9961240310077519,0.0,22.88140296936035,0.6537543535232544,22.918323516845703
CSGS6,q2_2020,1,lgbm_condition_cqr,combined_outage,up,229,0.8471615720524017,0.0528384279475983,23.53080177307129,0.672308623790741,27.979745864868164
CSGS6,q2_2020,1,lgbm_condition_cqr,irradiance_outage,down,258,0.7093023255813954,0.19069767441860463,10.40091323852539,0.29716894030570984,18.22907066345215
CSGS6,q2_2020,1,lgbm_condition_cqr,irradiance_outage,up,229,0.5633187772925764,0.3366812227074236,10.5488920211792,0.301396906375885,27.406604766845703
CSGS6,q2_2020,1,lgbm_condition_cqr,recent_power_outage,down,258,1.0,0.0,22.82048988342285,0.6520140171051025,22.82048988342285
CSGS6,q2_2020,1,lgbm_condition_cqr,recent_power_outage,up,229,0.8471615720524017,0.0528384279475983,23.31499481201172,0.6661427021026611,27.9656925201416
CSGS6,q2_2020,1,lgbm_condition_cqr,weather_outage,down,258,0.5348837209302325,0.3651162790697675,8.25230598449707,0.23578016459941864,26.38568115234375
CSGS6,q2_2020,1,lgbm_condition_cqr,weather_outage,up,229,0.4978165938864629,0.40218340611353715,9.700119972229004,0.27714627981185913,30.65336799621582
CSGS6,q2_2020,1,oracle_ramp_mondrian,clean,down,258,0.9496124031007752,0.0,16.406505584716797,0.468757301568985,18.23038101196289
CSGS6,q2_2020,1,oracle_ramp_mondrian,clean,up,229,0.9519650655021834,0.0,17.479957580566406,0.49942734837532043,19.662757873535156
CSGS6,q2_2020,1,oracle_ramp_mondrian,combined_outage,down,258,0.9186046511627907,0.0,17.194984436035156,0.4912852644920349,20.16575050354004
CSGS6,q2_2020,1,oracle_ramp_mondrian,combined_outage,up,229,0.9344978165938864,0.0,16.811176300048828,0.4803193211555481,19.45237922668457
CSGS6,q2_2020,1,oracle_ramp_mondrian,irradiance_outage,down,258,0.9457364341085271,0.0,16.62322425842285,0.47494927048683167,18.079866409301758
CSGS6,q2_2020,1,oracle_ramp_mondrian,irradiance_outage,up,229,0.9475982532751092,0.0,17.885663986206055,0.5110189914703369,20.03093910217285
CSGS6,q2_2020,1,oracle_ramp_mondrian,recent_power_outage,down,258,0.937984496124031,0.0,16.616743087768555,0.4747640788555145,19.11640167236328
CSGS6,q2_2020,1,oracle_ramp_mondrian,recent_power_outage,up,229,0.9388646288209607,0.0,17.237878799438477,0.4925108253955841,19.672916412353516
CSGS6,q2_2020,1,oracle_ramp_mondrian,weather_outage,down,258,0.9457364341085271,0.0,16.147705078125,0.4613629877567291,18.094053268432617
CSGS6,q2_2020,1,oracle_ramp_mondrian,weather_outage,up,229,0.9519650655021834,0.0,17.182077407836914,0.49091649055480957,19.517419815063477
CSGS6,q2_2020,1,persistence_condition_cqr,clean,down,258,0.0,0.9,5.007999897003174,0.14308571815490723,68.39632415771484
CSGS6,q2_2020,1,persistence_condition_cqr,clean,up,229,0.0,0.9,4.99706506729126,0.14277328550815582,66.59275817871094
CSGS6,q2_2020,1,persistence_condition_cqr,combined_outage,down,258,0.9108527131782945,0.0,28.26534652709961,0.8075813055038452,31.74286651611328
CSGS6,q2_2020,1,persistence_condition_cqr,combined_outage,up,229,0.9388646288209607,0.0,25.246973037719727,0.7213420867919922,26.950843811035156
CSGS6,q2_2020,1,persistence_condition_cqr,irradiance_outage,down,258,0.0,0.9,5.007999897003174,0.14308571815490723,68.39632415771484
CSGS6,q2_2020,1,persistence_condition_cqr,irradiance_outage,up,229,0.0,0.9,4.99706506729126,0.14277328550815582,66.59275817871094
CSGS6,q2_2020,1,persistence_condition_cqr,recent_power_outage,down,258,0.9108527131782945,0.0,28.26534652709961,0.8075813055038452,31.74286651611328
CSGS6,q2_2020,1,persistence_condition_cqr,recent_power_outage,up,229,0.9388646288209607,0.0,25.246973037719727,0.7213420867919922,26.950843811035156
CSGS6,q2_2020,1,persistence_condition_cqr,weather_outage,down,258,0.0,0.9,5.007999897003174,0.14308571815490723,68.39632415771484
CSGS6,q2_2020,1,persistence_condition_cqr,weather_outage,up,229,0.0,0.9,4.99706506729126,0.14277328550815582,66.59275817871094
CSGS6,q2_2020,1,robust_condition_cqr,clean,down,258,0.5348837209302325,0.3651162790697675,8.296075820922852,0.2370307445526123,26.947473526000977
CSGS6,q2_2020,1,robust_condition_cqr,clean,up,229,0.5152838427947598,0.3847161572052402,9.44102954864502,0.2697437107563019,27.765214920043945
CSGS6,q2_2020,1,robust_condition_cqr,combined_outage,down,258,0.7209302325581395,0.17906976744186054,10.195446968078613,0.2912984788417816,24.39004898071289
CSGS6,q2_2020,1,robust_condition_cqr,combined_outage,up,229,0.6375545851528385,0.26244541484716155,9.748603820800781,0.278531551361084,22.82130241394043
CSGS6,q2_2020,1,robust_condition_cqr,irradiance_outage,down,258,0.562015503875969,0.33798449612403103,8.599021911621094,0.245686337351799,26.5971736907959
CSGS6,q2_2020,1,robust_condition_cqr,irradiance_outage,up,229,0.5720524017467249,0.32794759825327513,9.878236770629883,0.282235324382782,26.222797393798828
CSGS6,q2_2020,1,robust_condition_cqr,recent_power_outage,down,258,0.6589147286821705,0.24108527131782953,9.599063873291016,0.27425897121429443,24.02385711669922
CSGS6,q2_2020,1,robust_condition_cqr,recent_power_outage,up,229,0.5982532751091703,0.30174672489082977,10.242195129394531,0.29263415932655334,24.558202743530273
CSGS6,q2_2020,1,robust_condition_cqr,weather_outage,down,258,0.5813953488372093,0.3186046511627907,8.43670654296875,0.24104875326156616,25.791534423828125
CSGS6,q2_2020,1,robust_condition_cqr,weather_outage,up,229,0.5283842794759825,0.3716157205240175,9.519603729248047,0.2719886898994446,27.797380447387695
CSGS6,q2_2020,1,robust_local_cqr,clean,down,258,0.6511627906976745,0.24883720930232556,9.980568885803223,0.2851591110229492,23.564502716064453
CSGS6,q2_2020,1,robust_local_cqr,clean,up,229,0.6855895196506551,0.21441048034934496,11.973600387573242,0.34210285544395447,23.75113868713379
CSGS6,q2_2020,1,robust_local_cqr,combined_outage,down,258,0.748062015503876,0.15193798449612406,11.684243202209473,0.33383551239967346,23.48660659790039
CSGS6,q2_2020,1,robust_local_cqr,combined_outage,up,229,0.7510917030567685,0.1489082969432315,11.39240550994873,0.3254972994327545,20.573673248291016
CSGS6,q2_2020,1,robust_local_cqr,irradiance_outage,down,258,0.6434108527131783,0.2565891472868217,9.93804931640625,0.2839442789554596,23.739410400390625
CSGS6,q2_2020,1,robust_local_cqr,irradiance_outage,up,229,0.7161572052401747,0.18384279475982535,11.827743530273438,0.33793553709983826,23.51074981689453
CSGS6,q2_2020,1,robust_local_cqr,recent_power_outage,down,258,0.7131782945736435,0.18682170542635657,10.968024253845215,0.3133721351623535,21.466838836669922
CSGS6,q2_2020,1,robust_local_cqr,recent_power_outage,up,229,0.7729257641921398,0.12707423580786026,12.491912841796875,0.3569118082523346,21.366151809692383
CSGS6,q2_2020,1,robust_local_cqr,weather_outage,down,258,0.6782945736434108,0.22170542635658919,10.190486907958984,0.2911567687988281,22.584514617919922
CSGS6,q2_2020,1,robust_local_cqr,weather_outage,up,229,0.6943231441048034,0.20567685589519658,12.090849876403809,0.34545284509658813,23.541275024414062
CSGS6,q2_2020,1,robust_risk_mondrian,clean,down,258,0.6666666666666666,0.2333333333333334,10.18862247467041,0.2911035120487213,22.97210693359375
CSGS6,q2_2020,1,robust_risk_mondrian,clean,up,229,0.6943231441048034,0.20567685589519658,11.480984687805176,0.32802814245224,23.64455223083496
CSGS6,q2_2020,1,robust_risk_mondrian,combined_outage,down,258,0.7286821705426356,0.1713178294573644,10.517375946044922,0.3004964590072632,23.456504821777344
CSGS6,q2_2020,1,robust_risk_mondrian,combined_outage,up,229,0.6943231441048034,0.20567685589519658,10.393524169921875,0.2969578206539154,21.86956214904785
CSGS6,q2_2020,1,robust_risk_mondrian,irradiance_outage,down,258,0.5968992248062015,0.3031007751937985,9.097519874572754,0.2599291503429413,25.35193634033203
CSGS6,q2_2020,1,robust_risk_mondrian,irradiance_outage,up,229,0.611353711790393,0.288646288209607,10.388806343078613,0.29682302474975586,24.97719955444336
CSGS6,q2_2020,1,robust_risk_mondrian,recent_power_outage,down,258,0.7170542635658915,0.1829457364341085,10.887456893920898,0.31107020378112793,21.753000259399414
CSGS6,q2_2020,1,robust_risk_mondrian,recent_power_outage,up,229,0.7510917030567685,0.1489082969432315,12.13134765625,0.3466099202632904,21.55027961730957
CSGS6,q2_2020,1,robust_risk_mondrian,weather_outage,down,258,0.7093023255813954,0.19069767441860463,10.470654487609863,0.29916155338287354,21.829557418823242
CSGS6,q2_2020,1,robust_risk_mondrian,weather_outage,up,229,0.6986899563318777,0.20131004366812233,11.643708229064941,0.33267736434936523,23.029193878173828
CSGS6,q2_2020,1,robust_rolling_cqr,clean,down,258,0.5465116279069767,0.3534883720930233,8.430074691772461,0.2408592700958252,26.56320571899414
CSGS6,q2_2020,1,robust_rolling_cqr,clean,up,229,0.519650655021834,0.38034934497816597,9.571355819702148,0.2734673023223877,27.197248458862305
CSGS6,q2_2020,1,robust_rolling_cqr,combined_outage,down,258,0.7248062015503876,0.17519379844961247,10.262518882751465,0.2932148277759552,24.444721221923828
CSGS6,q2_2020,1,robust_rolling_cqr,combined_outage,up,229,0.6462882096069869,0.25371179039301317,9.832143783569336,0.2809183895587921,22.66732406616211
CSGS6,q2_2020,1,robust_rolling_cqr,irradiance_outage,down,258,0.5775193798449613,0.32248062015503876,8.691073417663574,0.24831637740135193,26.306549072265625
CSGS6,q2_2020,1,robust_rolling_cqr,irradiance_outage,up,229,0.5851528384279476,0.3148471615720524,9.969918251037598,0.28485479950904846,25.873184204101562
CSGS6,q2_2020,1,robust_rolling_cqr,recent_power_outage,down,258,0.6627906976744186,0.23720930232558146,9.654779434204102,0.2758508324623108,23.931652069091797
CSGS6,q2_2020,1,robust_rolling_cqr,recent_power_outage,up,229,0.6069868995633187,0.2930131004366813,10.298141479492188,0.2942326068878174,24.40728187561035
CSGS6,q2_2020,1,robust_rolling_cqr,weather_outage,down,258,0.5930232558139535,0.3069767441860465,8.533576011657715,0.24381645023822784,25.5886287689209
CSGS6,q2_2020,1,robust_rolling_cqr,weather_outage,up,229,0.5327510917030568,0.36724890829694323,9.6159086227417,0.2747402489185333,27.371973037719727
CSGS6,q2_2020,4,clean_condition_cqr,clean,down,400,0.61,0.29000000000000004,7.251443386077881,0.2071840912103653,34.918758392333984
CSGS6,q2_2020,4,clean_condition_cqr,clean,up,328,0.6310975609756098,0.26890243902439026,8.61672592163086,0.24619217216968536,24.124984741210938
CSGS6,q2_2020,4,clean_condition_cqr,combined_outage,down,400,1.0,0.0,18.12079429626465,0.5177369713783264,18.12079429626465
CSGS6,q2_2020,4,clean_condition_cqr,combined_outage,up,328,0.948170731707317,0.0,22.522106170654297,0.6434887647628784,23.812143325805664
CSGS6,q2_2020,4,clean_condition_cqr,irradiance_outage,down,400,0.9325,0.0,12.670701026916504,0.36202001571655273,15.224596977233887
CSGS6,q2_2020,4,clean_condition_cqr,irradiance_outage,up,328,0.7652439024390244,0.13475609756097562,11.662690162658691,0.3332197070121765,19.38152503967285
CSGS6,q2_2020,4,clean_condition_cqr,recent_power_outage,down,400,0.9675,0.0,13.181113243103027,0.37660324573516846,13.815215110778809
CSGS6,q2_2020,4,clean_condition_cqr,recent_power_outage,up,328,0.7073170731707317,0.19268292682926835,13.806524276733398,0.3944721221923828,25.880571365356445
CSGS6,q2_2020,4,clean_condition_cqr,weather_outage,down,400,0.67,0.22999999999999998,7.639782905578613,0.21827951073646545,31.678010940551758
CSGS6,q2_2020,4,clean_condition_cqr,weather_outage,up,328,0.6829268292682927,0.2170731707317073,8.777637481689453,0.2507896423339844,20.0116024017334
CSGS6,q2_2020,4,lgbm_condition_cqr,clean,down,400,0.7575,0.14250000000000007,8.79798698425293,0.2513710558414459,22.776386260986328
CSGS6,q2_2020,4,lgbm_condition_cqr,clean,up,328,0.7225609756097561,0.17743902439024395,12.062028884887695,0.3446294069290161,18.971261978149414
CSGS6,q2_2020,4,lgbm_condition_cqr,combined_outage,down,400,1.0,0.0,18.291173934936523,0.5226049423217773,18.291173934936523
CSGS6,q2_2020,4,lgbm_condition_cqr,combined_outage,up,328,0.9786585365853658,0.0,20.9477481842041,0.5985071063041687,21.306013107299805
CSGS6,q2_2020,4,lgbm_condition_cqr,irradiance_outage,down,400,0.8375,0.0625,10.695293426513672,0.30557981133461,18.743379592895508
CSGS6,q2_2020,4,lgbm_condition_cqr,irradiance_outage,up,328,0.8719512195121951,0.028048780487804903,13.6851806640625,0.39100515842437744,17.302034378051758
CSGS6,q2_2020,4,lgbm_condition_cqr,recent_power_outage,down,400,1.0,0.0,16.72179412841797,0.4777655601501465,16.72179412841797
CSGS6,q2_2020,4,lgbm_condition_cqr,recent_power_outage,up,328,0.9542682926829268,0.0,18.444169998168945,0.5269762873649597,19.639137268066406
CSGS6,q2_2020,4,lgbm_condition_cqr,weather_outage,down,400,0.765,0.135,8.7620849609375,0.25034528970718384,22.630327224731445
CSGS6,q2_2020,4,lgbm_condition_cqr,weather_outage,up,328,0.7225609756097561,0.17743902439024395,12.103245735168457,0.3458070158958435,18.680294036865234
CSGS6,q2_2020,4,oracle_ramp_mondrian,clean,down,400,0.805,0.09499999999999997,11.230803489685059,0.32088008522987366,23.712018966674805
CSGS6,q2_2020,4,oracle_ramp_mondrian,clean,up,328,0.9085365853658537,0.0,12.248579025268555,0.3499594032764435,17.253684997558594
CSGS6,q2_2020,4,oracle_ramp_mondrian,combined_outage,down,400,0.83,0.07000000000000006,11.260427474975586,0.3217265009880066,23.368144989013672
CSGS6,q2_2020,4,oracle_ramp_mondrian,combined_outage,up,328,0.899390243902439,0.0006097560975609762,11.776067733764648,0.33645907044410706,15.39345932006836
CSGS6,q2_2020,4,oracle_ramp_mondrian,irradiance_outage,down,400,0.8025,0.09750000000000003,10.63708782196045,0.3039167821407318,23.512845993041992
CSGS6,q2_2020,4,oracle_ramp_mondrian,irradiance_outage,up,328,0.8841463414634146,0.01585365853658538,11.443155288696289,0.32694730162620544,16.572555541992188
CSGS6,q2_2020,4,oracle_ramp_mondrian,recent_power_outage,down,400,0.8175,0.08250000000000002,10.81832504272461,0.30909499526023865,22.670944213867188
CSGS6,q2_2020,4,oracle_ramp_mondrian,recent_power_outage,up,328,0.8871951219512195,0.0128048780487805,11.50204086303711,0.328629732131958,16.661170959472656
CSGS6,q2_2020,4,oracle_ramp_mondrian,weather_outage,down,400,0.835,0.06500000000000006,11.785910606384277,0.33674031496047974,22.898723602294922
CSGS6,q2_2020,4,oracle_ramp_mondrian,weather_outage,up,328,0.899390243902439,0.0006097560975609762,12.726288795471191,0.3636082410812378,17.083276748657227
CSGS6,q2_2020,4,persistence_condition_cqr,clean,down,400,0.42,0.48000000000000004,17.033246994018555,0.48666420578956604,50.216182708740234
CSGS6,q2_2020,4,persistence_condition_cqr,clean,up,328,0.6310975609756098,0.26890243902439026,15.270834922790527,0.4363095760345459,34.80611801147461
CSGS6,q2_2020,4,persistence_condition_cqr,combined_outage,down,400,0.925,0.0,31.859729766845703,0.9102780222892761,34.057064056396484
CSGS6,q2_2020,4,persistence_condition_cqr,combined_outage,up,328,0.9725609756097561,0.0,23.996604919433594,0.6856172680854797,24.60205078125
CSGS6,q2_2020,4,persistence_condition_cqr,irradiance_outage,down,400,0.42,0.48000000000000004,17.033246994018555,0.48666420578956604,50.216182708740234
CSGS6,q2_2020,4,persistence_condition_cqr,irradiance_outage,up,328,0.6310975609756098,0.26890243902439026,15.270834922790527,0.4363095760345459,34.80611801147461
CSGS6,q2_2020,4,persistence_condition_cqr,recent_power_outage,down,400,0.925,0.0,31.859729766845703,0.9102780222892761,34.057064056396484
CSGS6,q2_2020,4,persistence_condition_cqr,recent_power_outage,up,328,0.9725609756097561,0.0,23.996604919433594,0.6856172680854797,24.60205078125
CSGS6,q2_2020,4,persistence_condition_cqr,weather_outage,down,400,0.42,0.48000000000000004,17.033246994018555,0.48666420578956604,50.216182708740234
CSGS6,q2_2020,4,persistence_condition_cqr,weather_outage,up,328,0.6310975609756098,0.26890243902439026,15.270834922790527,0.4363095760345459,34.80611801147461
CSGS6,q2_2020,4,robust_condition_cqr,clean,down,400,0.6725,0.22750000000000004,7.877788543701172,0.22507967054843903,28.99630355834961
CSGS6,q2_2020,4,robust_condition_cqr,clean,up,328,0.7073170731707317,0.19268292682926835,8.845325469970703,0.2527235746383667,19.90159034729004
CSGS6,q2_2020,4,robust_condition_cqr,combined_outage,down,400,0.755,0.14500000000000002,8.986966133117676,0.25677046179771423,26.01776123046875
CSGS6,q2_2020,4,robust_condition_cqr,combined_outage,up,328,0.7957317073170732,0.10426829268292681,9.373424530029297,0.2678121328353882,16.641510009765625
CSGS6,q2_2020,4,robust_condition_cqr,irradiance_outage,down,400,0.7125,0.1875,8.287686347961426,0.23679104447364807,26.956445693969727
CSGS6,q2_2020,4,robust_condition_cqr,irradiance_outage,up,328,0.7469512195121951,0.1530487804878049,9.046055793762207,0.2584587335586548,18.176908493041992
CSGS6,q2_2020,4,robust_condition_cqr,recent_power_outage,down,400,0.7275,0.1725,8.6420316696167,0.24691519141197205,25.4479923248291
CSGS6,q2_2020,4,robust_condition_cqr,recent_power_outage,up,328,0.7286585365853658,0.1713414634146342,9.298612594604492,0.2656746506690979,18.268545150756836
CSGS6,q2_2020,4,robust_condition_cqr,weather_outage,down,400,0.715,0.18500000000000005,8.160813331604004,0.23316609859466553,27.51132583618164
CSGS6,q2_2020,4,robust_condition_cqr,weather_outage,up,328,0.7042682926829268,0.19573170731707323,9.027802467346191,0.2579372227191925,19.500347137451172
CSGS6,q2_2020,4,robust_local_cqr,clean,down,400,0.71,0.19000000000000006,9.341909408569336,0.26691168546676636,27.095277786254883
CSGS6,q2_2020,4,robust_local_cqr,clean,up,328,0.8597560975609756,0.040243902439024426,11.537775993347168,0.32965072989463806,16.889860153198242
CSGS6,q2_2020,4,robust_local_cqr,combined_outage,down,400,0.7925,0.10750000000000004,10.033376693725586,0.28666791319847107,24.725191116333008
CSGS6,q2_2020,4,robust_local_cqr,combined_outage,up,328,0.875,0.025000000000000022,11.380093574523926,0.32514554262161255,15.048491477966309
CSGS6,q2_2020,4,robust_local_cqr,irradiance_outage,down,400,0.7525,0.14750000000000008,9.7462739944458,0.2784649729728699,24.860219955444336
CSGS6,q2_2020,4,robust_local_cqr,irradiance_outage,up,328,0.9024390243902439,0.0,11.753335952758789,0.335809588432312,16.31647491455078
CSGS6,q2_2020,4,robust_local_cqr,recent_power_outage,down,400,0.775,0.125,9.963410377502441,0.28466886281967163,23.839889526367188
CSGS6,q2_2020,4,robust_local_cqr,recent_power_outage,up,328,0.8810975609756098,0.01890243902439026,11.873604774475098,0.33924585580825806,16.572662353515625
CSGS6,q2_2020,4,robust_local_cqr,weather_outage,down,400,0.75,0.15000000000000002,9.718944549560547,0.27768412232398987,25.61309051513672
CSGS6,q2_2020,4,robust_local_cqr,weather_outage,up,328,0.875,0.025000000000000022,11.765782356262207,0.3361652195453644,16.516719818115234
CSGS6,q2_2020,4,robust_risk_mondrian,clean,down,400,0.745,0.15500000000000003,9.654850006103516,0.27585285902023315,26.80611801147461
CSGS6,q2_2020,4,robust_risk_mondrian,clean,up,328,0.8292682926829268,0.07073170731707323,10.766780853271484,0.3076223134994507,18.512123107910156
CSGS6,q2_2020,4,robust_risk_mondrian,combined_outage,down,400,0.71,0.19000000000000006,8.686668395996094,0.2481905221939087,25.777048110961914
CSGS6,q2_2020,4,robust_risk_mondrian,combined_outage,up,328,0.8079268292682927,0.09207317073170729,9.763874053955078,0.27896782755851746,16.400840759277344
CSGS6,q2_2020,4,robust_risk_mondrian,irradiance_outage,down,400,0.7325,0.16749999999999998,8.898526191711426,0.2542436122894287,26.427806854248047
CSGS6,q2_2020,4,robust_risk_mondrian,irradiance_outage,up,328,0.8140243902439024,0.08597560975609764,9.95379638671875,0.28439417481422424,17.93011474609375
CSGS6,q2_2020,4,robust_risk_mondrian,recent_power_outage,down,400,0.7475,0.15249999999999997,9.25610637664795,0.26446017622947693,25.319120407104492
CSGS6,q2_2020,4,robust_risk_mondrian,recent_power_outage,up,328,0.8048780487804879,0.09512195121951217,10.152547836303711,0.29007279872894287,17.744144439697266
CSGS6,q2_2020,4,robust_risk_mondrian,weather_outage,down,400,0.77,0.13,9.766820907592773,0.2790520191192627,25.949338912963867
CSGS6,q2_2020,4,robust_risk_mondrian,weather_outage,up,328,0.8353658536585366,0.06463414634146347,10.758814811706543,0.30739471316337585,18.273698806762695
CSGS6,q2_2020,4,robust_rolling_cqr,clean,down,400,0.6875,0.21250000000000002,8.180069923400879,0.23371627926826477,28.530790328979492
CSGS6,q2_2020,4,robust_rolling_cqr,clean,up,328,0.7530487804878049,0.14695121951219514,9.186346054077148,0.26246702671051025,18.889291763305664
CSGS6,q2_2020,4,robust_rolling_cqr,combined_outage,down,400,0.7425,0.15749999999999997,8.838837623596191,0.25253820419311523,26.411235809326172
CSGS6,q2_2020,4,robust_rolling_cqr,combined_outage,up,328,0.7957317073170732,0.10426829268292681,9.24091625213623,0.2640261650085449,16.5181884765625
CSGS6,q2_2020,4,robust_rolling_cqr,irradiance_outage,down,400,0.72,0.18000000000000005,8.598286628723145,0.24566532671451569,26.576135635375977
CSGS6,q2_2020,4,robust_rolling_cqr,irradiance_outage,up,328,0.7652439024390244,0.13475609756097562,9.354331016540527,0.2672666013240814,17.351701736450195
CSGS6,q2_2020,4,robust_rolling_cqr,recent_power_outage,down,400,0.7375,0.16249999999999998,8.825054168701172,0.25214439630508423,25.488544464111328
CSGS6,q2_2020,4,robust_rolling_cqr,recent_power_outage,up,328,0.7530487804878049,0.14695121951219514,9.482054710388184,0.27091583609580994,17.757726669311523
CSGS6,q2_2020,4,robust_rolling_cqr,weather_outage,down,400,0.715,0.18500000000000005,8.341832160949707,0.23833806812763214,27.472673416137695
CSGS6,q2_2020,4,robust_rolling_cqr,weather_outage,up,328,0.7621951219512195,0.1378048780487805,9.219369888305664,0.2634105682373047,18.72088623046875
CSGS6,q3_2020,1,clean_condition_cqr,clean,down,292,0.3835616438356164,0.5164383561643836,7.931069374084473,0.2266019880771637,34.28590774536133
CSGS6,q3_2020,1,clean_condition_cqr,clean,up,305,0.35081967213114756,0.5491803278688525,7.8906569480896,0.22544734179973602,40.792789459228516
CSGS6,q3_2020,1,clean_condition_cqr,combined_outage,down,292,0.9931506849315068,0.0,23.206953048706055,0.6630557775497437,23.342214584350586
CSGS6,q3_2020,1,clean_condition_cqr,combined_outage,up,305,0.8032786885245902,0.09672131147540985,23.593061447143555,0.6740874648094177,31.378204345703125
CSGS6,q3_2020,1,clean_condition_cqr,irradiance_outage,down,292,0.815068493150685,0.08493150684931505,11.32614517211914,0.32360413670539856,16.993459701538086
CSGS6,q3_2020,1,clean_condition_cqr,irradiance_outage,up,305,0.34098360655737703,0.559016393442623,9.111848831176758,0.26033854484558105,46.35245132446289
CSGS6,q3_2020,1,clean_condition_cqr,recent_power_outage,down,292,0.9931506849315068,0.0,21.03836441040039,0.6010961532592773,21.186323165893555
CSGS6,q3_2020,1,clean_condition_cqr,recent_power_outage,up,305,0.6196721311475409,0.2803278688524591,19.19375228881836,0.5483929514884949,40.318214416503906
CSGS6,q3_2020,1,clean_condition_cqr,weather_outage,down,292,0.3904109589041096,0.5095890410958904,7.940729141235352,0.22687797248363495,35.035804748535156
CSGS6,q3_2020,1,clean_condition_cqr,weather_outage,up,305,0.3836065573770492,0.5163934426229508,8.036688804626465,0.22961968183517456,38.94391632080078
CSGS6,q3_2020,1,lgbm_condition_cqr,clean,down,292,0.6095890410958904,0.2904109589041096,9.405000686645508,0.2687143087387085,23.162757873535156
CSGS6,q3_2020,1,lgbm_condition_cqr,clean,up,305,0.5180327868852459,0.3819672131147541,10.173349380493164,0.2906671166419983,29.944482803344727
CSGS6,q3_2020,1,lgbm_condition_cqr,combined_outage,down,292,0.9965753424657534,0.0,22.92109489440918,0.6548884510993958,23.01674461364746
CSGS6,q3_2020,1,lgbm_condition_cqr,combined_outage,up,305,0.8163934426229508,0.08360655737704925,23.478092193603516,0.670802652835846,29.991853713989258
CSGS6,q3_2020,1,lgbm_condition_cqr,irradiance_outage,down,292,0.797945205479452,0.102054794520548,11.64252758026123,0.33264365792274475,17.15863800048828
CSGS6,q3_2020,1,lgbm_condition_cqr,irradiance_outage,up,305,0.5770491803278689,0.32295081967213113,11.233238220214844,0.3209496736526489,27.48175621032715
CSGS6,q3_2020,1,lgbm_condition_cqr,recent_power_outage,down,292,0.9965753424657534,0.0,22.844255447387695,0.6526930332183838,22.90046501159668
CSGS6,q3_2020,1,lgbm_condition_cqr,recent_power_outage,up,305,0.8131147540983606,0.08688524590163937,23.25625228881836,0.6644643545150757,29.56709098815918
CSGS6,q3_2020,1,lgbm_condition_cqr,weather_outage,down,292,0.5958904109589042,0.30410958904109586,9.251298904418945,0.26432281732559204,23.98153305053711
CSGS6,q3_2020,1,lgbm_condition_cqr,weather_outage,up,305,0.5147540983606558,0.38524590163934425,10.063943862915039,0.2875412404537201,30.107196807861328
CSGS6,q3_2020,1,oracle_ramp_mondrian,clean,down,292,0.9143835616438356,0.0,15.79152774810791,0.45118650794029236,17.653608322143555
CSGS6,q3_2020,1,oracle_ramp_mondrian,clean,up,305,0.8721311475409836,0.02786885245901638,15.929281234741211,0.45512232184410095,20.383485794067383
CSGS6,q3_2020,1,oracle_ramp_mondrian,combined_outage,down,292,0.9041095890410958,0.0,15.907604217529297,0.45450296998023987,19.02381134033203
CSGS6,q3_2020,1,oracle_ramp_mondrian,combined_outage,up,305,0.8688524590163934,0.031147540983606614,15.326664924621582,0.4379047155380249,20.130210876464844
CSGS6,q3_2020,1,oracle_ramp_mondrian,irradiance_outage,down,292,0.934931506849315,0.0,15.914992332458496,0.4547140598297119,17.59508514404297
CSGS6,q3_2020,1,oracle_ramp_mondrian,irradiance_outage,up,305,0.8590163934426229,0.040983606557377095,15.733078002929688,0.44951650500297546,20.468162536621094
CSGS6,q3_2020,1,oracle_ramp_mondrian,recent_power_outage,down,292,0.9075342465753424,0.0,15.867755889892578,0.45336446166038513,18.489395141601562
CSGS6,q3_2020,1,oracle_ramp_mondrian,recent_power_outage,up,305,0.8655737704918033,0.03442622950819674,15.943929672241211,0.45554083585739136,20.893592834472656
CSGS6,q3_2020,1,oracle_ramp_mondrian,weather_outage,down,292,0.9075342465753424,0.0,15.663034439086914,0.4475152790546417,17.753753662109375
CSGS6,q3_2020,1,oracle_ramp_mondrian,weather_outage,up,305,0.9016393442622951,0.0,16.0351505279541,0.45814716815948486,19.700387954711914
CSGS6,q3_2020,1,persistence_condition_cqr,clean,down,292,0.0,0.9,6.246666431427002,0.17847618460655212,60.357784271240234
CSGS6,q3_2020,1,persistence_condition_cqr,clean,up,305,0.0,0.9,6.233788967132568,0.17810826003551483,60.2799186706543
CSGS6,q3_2020,1,persistence_condition_cqr,combined_outage,down,292,0.8732876712328768,0.02671232876712326,24.956384658813477,0.7130395770072937,32.0234375
CSGS6,q3_2020,1,persistence_condition_cqr,combined_outage,up,305,0.7901639344262295,0.10983606557377057,22.287090301513672,0.6367740035057068,33.337039947509766
CSGS6,q3_2020,1,persistence_condition_cqr,irradiance_outage,down,292,0.0,0.9,6.246666431427002,0.17847618460655212,60.357784271240234
CSGS6,q3_2020,1,persistence_condition_cqr,irradiance_outage,up,305,0.0,0.9,6.233788967132568,0.17810826003551483,60.2799186706543
CSGS6,q3_2020,1,persistence_condition_cqr,recent_power_outage,down,292,0.8732876712328768,0.02671232876712326,24.956384658813477,0.7130395770072937,32.0234375
CSGS6,q3_2020,1,persistence_condition_cqr,recent_power_outage,up,305,0.7901639344262295,0.10983606557377057,22.287090301513672,0.6367740035057068,33.337039947509766
CSGS6,q3_2020,1,persistence_condition_cqr,weather_outage,down,292,0.0,0.9,6.246666431427002,0.17847618460655212,60.357784271240234
CSGS6,q3_2020,1,persistence_condition_cqr,weather_outage,up,305,0.0,0.9,6.233788967132568,0.17810826003551483,60.2799186706543
CSGS6,q3_2020,1,robust_condition_cqr,clean,down,292,0.5958904109589042,0.30410958904109586,9.476724624633789,0.2707635462284088,24.453155517578125
CSGS6,q3_2020,1,robust_condition_cqr,clean,up,305,0.45901639344262296,0.44098360655737706,9.627164840698242,0.27506184577941895,33.58250427246094
CSGS6,q3_2020,1,robust_condition_cqr,combined_outage,down,292,0.7226027397260274,0.17739726027397262,10.863567352294922,0.31038764119148254,23.44740867614746
CSGS6,q3_2020,1,robust_condition_cqr,combined_outage,up,305,0.5737704918032787,0.32622950819672136,10.211284637451172,0.2917509973049164,27.375179290771484
CSGS6,q3_2020,1,robust_condition_cqr,irradiance_outage,down,292,0.6438356164383562,0.25616438356164384,9.960371017456055,0.2845820188522339,22.694913864135742
CSGS6,q3_2020,1,robust_condition_cqr,irradiance_outage,up,305,0.4459016393442623,0.4540983606557377,9.763195037841797,0.27894842624664307,32.930809020996094
CSGS6,q3_2020,1,robust_condition_cqr,recent_power_outage,down,292,0.6404109589041096,0.2595890410958904,10.204026222229004,0.2915436029434204,24.36193084716797
CSGS6,q3_2020,1,robust_condition_cqr,recent_power_outage,up,305,0.4918032786885246,0.40819672131147544,10.266401290893555,0.2933257520198822,32.138145446777344
CSGS6,q3_2020,1,robust_condition_cqr,weather_outage,down,292,0.5342465753424658,0.36575342465753424,9.299113273620605,0.265688955783844,25.96567726135254
CSGS6,q3_2020,1,robust_condition_cqr,weather_outage,up,305,0.4721311475409836,0.4278688524590164,9.687509536743164,0.2767859995365143,31.37616539001465
CSGS6,q3_2020,1,robust_local_cqr,clean,down,292,0.7705479452054794,0.1294520547945206,11.587120056152344,0.3310605585575104,20.628894805908203
CSGS6,q3_2020,1,robust_local_cqr,clean,up,305,0.6098360655737705,0.29016393442622956,11.731843948364258,0.33519554138183594,27.42598533630371
CSGS6,q3_2020,1,robust_local_cqr,combined_outage,down,292,0.797945205479452,0.102054794520548,13.265264511108398,0.3790075480937958,20.7497615814209
CSGS6,q3_2020,1,robust_local_cqr,combined_outage,up,305,0.7147540983606557,0.1852459016393443,12.766797065734863,0.36476564407348633,23.502954483032227
CSGS6,q3_2020,1,robust_local_cqr,irradiance_outage,down,292,0.7773972602739726,0.12260273972602742,12.022638320922852,0.3435039520263672,19.186660766601562
CSGS6,q3_2020,1,robust_local_cqr,irradiance_outage,up,305,0.6229508196721312,0.27704918032786885,11.814854621887207,0.3375672698020935,26.411605834960938
CSGS6,q3_2020,1,robust_local_cqr,recent_power_outage,down,292,0.7123287671232876,0.1876712328767124,11.590087890625,0.33114537596702576,21.606346130371094
CSGS6,q3_2020,1,robust_local_cqr,recent_power_outage,up,305,0.6327868852459017,0.26721311475409837,12.01033878326416,0.3431525230407715,27.381114959716797
CSGS6,q3_2020,1,robust_local_cqr,weather_outage,down,292,0.7294520547945206,0.17054794520547945,11.453919410705566,0.3272548317909241,21.143775939941406
CSGS6,q3_2020,1,robust_local_cqr,weather_outage,up,305,0.639344262295082,0.260655737704918,11.83111572265625,0.3380318880081177,25.520267486572266
CSGS6,q3_2020,1,robust_risk_mondrian,clean,down,292,0.7054794520547946,0.19452054794520546,10.85976505279541,0.3102790117263794,21.303863525390625
CSGS6,q3_2020,1,robust_risk_mondrian,clean,up,305,0.5704918032786885,0.3295081967213115,10.931957244873047,0.3123416304588318,29.032882690429688
CSGS6,q3_2020,1,robust_risk_mondrian,combined_outage,down,292,0.7602739726027398,0.13972602739726026,11.814535140991211,0.33755815029144287,21.666000366210938
CSGS6,q3_2020,1,robust_risk_mondrian,combined_outage,up,305,0.6786885245901639,0.2213114754098361,11.424818992614746,0.32642340660095215,24.66807746887207
CSGS6,q3_2020,1,robust_risk_mondrian,irradiance_outage,down,292,0.7328767123287672,0.16712328767123286,11.263248443603516,0.3218070864677429,20.241046905517578
CSGS6,q3_2020,1,robust_risk_mondrian,irradiance_outage,up,305,0.5311475409836065,0.3688524590163935,10.887224197387695,0.3110635578632355,28.702573776245117
CSGS6,q3_2020,1,robust_risk_mondrian,recent_power_outage,down,292,0.6917808219178082,0.2082191780821918,10.965534210205078,0.3133009672164917,22.501049041748047
CSGS6,q3_2020,1,robust_risk_mondrian,recent_power_outage,up,305,0.6098360655737705,0.29016393442622956,11.441611289978027,0.32690319418907166,28.8145751953125
CSGS6,q3_2020,1,robust_risk_mondrian,weather_outage,down,292,0.6506849315068494,0.24931506849315066,10.572994232177734,0.3020855486392975,22.238117218017578
CSGS6,q3_2020,1,robust_risk_mondrian,weather_outage,up,305,0.5967213114754099,0.30327868852459017,10.881016731262207,0.3108862042427063,27.436098098754883
CSGS6,q3_2020,1,robust_rolling_cqr,clean,down,292,0.6164383561643836,0.28356164383561644,9.695858001708984,0.277024507522583,23.820161819458008
CSGS6,q3_2020,1,robust_rolling_cqr,clean,up,305,0.4786885245901639,0.4213114754098361,9.835015296936035,0.28100043535232544,32.73191452026367
CSGS6,q3_2020,1,robust_rolling_cqr,combined_outage,down,292,0.7602739726027398,0.13972602739726026,11.728663444519043,0.33510467410087585,22.20166778564453
CSGS6,q3_2020,1,robust_rolling_cqr,combined_outage,up,305,0.659016393442623,0.24098360655737705,11.109553337097168,0.3174158036708832,25.098304748535156
CSGS6,q3_2020,1,robust_rolling_cqr,irradiance_outage,down,292,0.660958904109589,0.239041095890411,10.140923500061035,0.2897406816482544,22.29723358154297
CSGS6,q3_2020,1,robust_rolling_cqr,irradiance_outage,up,305,0.45901639344262296,0.44098360655737706,9.934459686279297,0.28384169936180115,32.1579475402832
CSGS6,q3_2020,1,robust_rolling_cqr,recent_power_outage,down,292,0.684931506849315,0.215068493150685,10.809148788452148,0.3088328242301941,23.363792419433594
CSGS6,q3_2020,1,robust_rolling_cqr,recent_power_outage,up,305,0.5475409836065573,0.3524590163934427,10.880168914794922,0.3108619749546051,29.859817504882812
CSGS6,q3_2020,1,robust_rolling_cqr,weather_outage,down,292,0.5582191780821918,0.34178082191780823,9.56467056274414,0.27327629923820496,25.09124183654785
CSGS6,q3_2020,1,robust_rolling_cqr,weather_outage,up,305,0.49836065573770494,0.4016393442622951,9.934593200683594,0.2838455140590668,30.273347854614258
CSGS6,q3_2020,4,clean_condition_cqr,clean,down,375,0.6346666666666667,0.2653333333333333,9.555781364440918,0.273022323846817,28.22332763671875
CSGS6,q3_2020,4,clean_condition_cqr,clean,up,341,0.4046920821114369,0.4953079178885631,10.972116470336914,0.31348904967308044,38.77569580078125
CSGS6,q3_2020,4,clean_condition_cqr,combined_outage,down,375,1.0,0.0,17.331819534301758,0.49519485235214233,17.331819534301758
CSGS6,q3_2020,4,clean_condition_cqr,combined_outage,up,341,0.7096774193548387,0.19032258064516128,20.899749755859375,0.5971357226371765,34.02030563354492
CSGS6,q3_2020,4,clean_condition_cqr,irradiance_outage,down,375,0.8666666666666667,0.033333333333333326,11.785238265991211,0.3367210924625397,16.138214111328125
CSGS6,q3_2020,4,clean_condition_cqr,irradiance_outage,up,341,0.5043988269794721,0.3956011730205279,12.837913513183594,0.366797536611557,35.63544845581055
CSGS6,q3_2020,4,clean_condition_cqr,recent_power_outage,down,375,0.9573333333333334,0.0,13.742347717285156,0.39263850450515747,14.557700157165527
CSGS6,q3_2020,4,clean_condition_cqr,recent_power_outage,up,341,0.5073313782991202,0.3926686217008798,14.099711418151855,0.40284889936447144,41.84334182739258
CSGS6,q3_2020,4,clean_condition_cqr,weather_outage,down,375,0.6666666666666666,0.2333333333333334,9.802657127380371,0.28007590770721436,28.474956512451172
CSGS6,q3_2020,4,clean_condition_cqr,weather_outage,up,341,0.5483870967741935,0.3516129032258065,11.580986976623535,0.3308853507041931,30.976545333862305
CSGS6,q3_2020,4,lgbm_condition_cqr,clean,down,375,0.7493333333333333,0.15066666666666673,10.756186485290527,0.30731961131095886,19.903505325317383
CSGS6,q3_2020,4,lgbm_condition_cqr,clean,up,341,0.7038123167155426,0.19618768328445746,14.553109169006348,0.41580310463905334,22.5716609954834
CSGS6,q3_2020,4,lgbm_condition_cqr,combined_outage,down,375,0.9946666666666667,0.0,16.98065948486328,0.485161691904068,17.028379440307617
CSGS6,q3_2020,4,lgbm_condition_cqr,combined_outage,up,341,0.9149560117302052,0.0,20.147682189941406,0.5756480693817139,21.872852325439453
CSGS6,q3_2020,4,lgbm_condition_cqr,irradiance_outage,down,375,0.832,0.06800000000000006,11.699556350708008,0.3342730402946472,17.847455978393555
CSGS6,q3_2020,4,lgbm_condition_cqr,irradiance_outage,up,341,0.7800586510263929,0.11994134897360709,15.173964500427246,0.43354183435440063,20.692672729492188
CSGS6,q3_2020,4,lgbm_condition_cqr,recent_power_outage,down,375,0.992,0.0,15.909713745117188,0.4545632600784302,16.060714721679688
CSGS6,q3_2020,4,lgbm_condition_cqr,recent_power_outage,up,341,0.8152492668621701,0.08475073313782988,18.394481658935547,0.5255566239356995,22.790863037109375
CSGS6,q3_2020,4,lgbm_condition_cqr,weather_outage,down,375,0.7573333333333333,0.14266666666666672,10.723309516906738,0.3063802719116211,20.048900604248047
CSGS6,q3_2020,4,lgbm_condition_cqr,weather_outage,up,341,0.7243401759530792,0.17565982404692082,14.5101318359375,0.4145751893520355,21.5289306640625
CSGS6,q3_2020,4,oracle_ramp_mondrian,clean,down,375,0.92,0.0,16.111726760864258,0.46033504605293274,18.99354362487793
CSGS6,q3_2020,4,oracle_ramp_mondrian,clean,up,341,0.8914956011730205,0.008504398826979509,17.84882164001465,0.5099663138389587,21.36651611328125
CSGS6,q3_2020,4,oracle_ramp_mondrian,combined_outage,down,375,0.8986666666666666,0.0013333333333334085,14.948651313781738,0.42710432410240173,20.24901580810547
CSGS6,q3_2020,4,oracle_ramp_mondrian,combined_outage,up,341,0.8592375366568915,0.04076246334310851,16.39179039001465,0.46833688020706177,19.976823806762695
CSGS6,q3_2020,4,oracle_ramp_mondrian,irradiance_outage,down,375,0.9306666666666666,0.0,15.790716171264648,0.45116332173347473,19.025497436523438
CSGS6,q3_2020,4,oracle_ramp_mondrian,irradiance_outage,up,341,0.9032258064516129,0.0,17.342592239379883,0.49550262093544006,19.87958335876465
CSGS6,q3_2020,4,oracle_ramp_mondrian,recent_power_outage,down,375,0.9253333333333333,0.0,15.544438362121582,0.44412681460380554,19.578094482421875
CSGS6,q3_2020,4,oracle_ramp_mondrian,recent_power_outage,up,341,0.8944281524926686,0.005571847507331418,17.603412628173828,0.5029546618461609,20.881858825683594
CSGS6,q3_2020,4,oracle_ramp_mondrian,weather_outage,down,375,0.9146666666666666,0.0,15.23395824432373,0.4352559447288513,18.926376342773438
CSGS6,q3_2020,4,oracle_ramp_mondrian,weather_outage,up,341,0.8856304985337243,0.014369501466275691,16.906085968017578,0.4830310344696045,20.877573013305664
CSGS6,q3_2020,4,persistence_condition_cqr,clean,down,375,0.11466666666666667,0.7853333333333333,14.71323299407959,0.42037808895111084,68.30731964111328
CSGS6,q3_2020,4,persistence_condition_cqr,clean,up,341,0.09970674486803519,0.8002932551319648,13.564204216003418,0.38754868507385254,64.8416748046875
CSGS6,q3_2020,4,persistence_condition_cqr,combined_outage,down,375,0.808,0.09199999999999997,29.138933181762695,0.8325409293174744,37.964996337890625
CSGS6,q3_2020,4,persistence_condition_cqr,combined_outage,up,341,0.7360703812316716,0.16392961876832846,22.402454376220703,0.6400701403617859,35.0804443359375
CSGS6,q3_2020,4,persistence_condition_cqr,irradiance_outage,down,375,0.11466666666666667,0.7853333333333333,14.71323299407959,0.42037808895111084,68.30731964111328
CSGS6,q3_2020,4,persistence_condition_cqr,irradiance_outage,up,341,0.09970674486803519,0.8002932551319648,13.564204216003418,0.38754868507385254,64.8416748046875
CSGS6,q3_2020,4,persistence_condition_cqr,recent_power_outage,down,375,0.808,0.09199999999999997,29.138933181762695,0.8325409293174744,37.964996337890625
CSGS6,q3_2020,4,persistence_condition_cqr,recent_power_outage,up,341,0.7360703812316716,0.16392961876832846,22.402454376220703,0.6400701403617859,35.0804443359375
CSGS6,q3_2020,4,persistence_condition_cqr,weather_outage,down,375,0.11466666666666667,0.7853333333333333,14.71323299407959,0.42037808895111084,68.30731964111328
CSGS6,q3_2020,4,persistence_condition_cqr,weather_outage,up,341,0.09970674486803519,0.8002932551319648,13.564204216003418,0.38754868507385254,64.8416748046875
CSGS6,q3_2020,4,robust_condition_cqr,clean,down,375,0.704,0.19600000000000006,10.330689430236816,0.295162558555603,22.184051513671875
CSGS6,q3_2020,4,robust_condition_cqr,clean,up,341,0.5571847507331378,0.34281524926686224,11.763345718383789,0.3360956013202667,30.093801498413086
CSGS6,q3_2020,4,robust_condition_cqr,combined_outage,down,375,0.7706666666666667,0.1293333333333333,10.635252952575684,0.30386435985565186,23.622926712036133
CSGS6,q3_2020,4,robust_condition_cqr,combined_outage,up,341,0.5865102639296188,0.3134897360703812,11.609037399291992,0.331686794757843,27.471946716308594
CSGS6,q3_2020,4,robust_condition_cqr,irradiance_outage,down,375,0.768,0.132,10.538819313049316,0.3011091351509094,20.942190170288086
CSGS6,q3_2020,4,robust_condition_cqr,irradiance_outage,up,341,0.5659824046920822,0.33401759530791786,11.724390029907227,0.33498257398605347,27.683931350708008
CSGS6,q3_2020,4,robust_condition_cqr,recent_power_outage,down,375,0.7413333333333333,0.15866666666666673,10.439762115478516,0.29827892780303955,22.530385971069336
CSGS6,q3_2020,4,robust_condition_cqr,recent_power_outage,up,341,0.5982404692082112,0.30175953079178885,12.117485046386719,0.34621384739875793,28.27300453186035
CSGS6,q3_2020,4,robust_condition_cqr,weather_outage,down,375,0.7493333333333333,0.15066666666666673,10.518223762512207,0.3005206882953644,21.508787155151367
CSGS6,q3_2020,4,robust_condition_cqr,weather_outage,up,341,0.5953079178885631,0.30469208211143695,11.948969841003418,0.3413991332054138,27.69533348083496
CSGS6,q3_2020,4,robust_local_cqr,clean,down,375,0.7973333333333333,0.10266666666666668,11.944828033447266,0.3412807881832123,19.424821853637695
CSGS6,q3_2020,4,robust_local_cqr,clean,up,341,0.7478005865102639,0.1521994134897361,14.64008617401123,0.4182881712913513,24.277822494506836
CSGS6,q3_2020,4,robust_local_cqr,combined_outage,down,375,0.7973333333333333,0.10266666666666668,11.53647518157959,0.3296135663986206,21.827985763549805
CSGS6,q3_2020,4,robust_local_cqr,combined_outage,up,341,0.7243401759530792,0.17565982404692082,13.805079460144043,0.39443084597587585,22.730045318603516
CSGS6,q3_2020,4,robust_local_cqr,irradiance_outage,down,375,0.8373333333333334,0.06266666666666665,12.330670356750488,0.3523048758506775,18.311861038208008
CSGS6,q3_2020,4,robust_local_cqr,irradiance_outage,up,341,0.7683284457478006,0.13167155425219945,14.737821578979492,0.421080619096756,21.936050415039062
CSGS6,q3_2020,4,robust_local_cqr,recent_power_outage,down,375,0.8106666666666666,0.08933333333333338,11.856815338134766,0.3387661576271057,19.9796085357666
CSGS6,q3_2020,4,robust_local_cqr,recent_power_outage,up,341,0.7653958944281525,0.13460410557184754,14.799421310424805,0.42284059524536133,22.867198944091797
CSGS6,q3_2020,4,robust_local_cqr,weather_outage,down,375,0.8053333333333333,0.09466666666666668,12.048778533935547,0.3442508280277252,19.19840431213379
CSGS6,q3_2020,4,robust_local_cqr,weather_outage,up,341,0.7741935483870968,0.12580645161290327,14.926650047302246,0.4264757037162781,22.881488800048828
CSGS6,q3_2020,4,robust_risk_mondrian,clean,down,375,0.7893333333333333,0.11066666666666669,11.57044792175293,0.33058422803878784,20.438444137573242
CSGS6,q3_2020,4,robust_risk_mondrian,clean,up,341,0.6598240469208211,0.24017595307917894,12.952284812927246,0.37006527185440063,27.0990047454834
CSGS6,q3_2020,4,robust_risk_mondrian,combined_outage,down,375,0.7653333333333333,0.1346666666666667,10.711396217346191,0.3060398995876312,22.786109924316406
CSGS6,q3_2020,4,robust_risk_mondrian,combined_outage,up,341,0.6187683284457478,0.2812316715542522,12.148457527160645,0.34709879755973816,25.916330337524414
CSGS6,q3_2020,4,robust_risk_mondrian,irradiance_outage,down,375,0.8293333333333334,0.07066666666666666,11.691534042358398,0.33404383063316345,19.761077880859375
CSGS6,q3_2020,4,robust_risk_mondrian,irradiance_outage,up,341,0.656891495601173,0.24310850439882703,12.874516487121582,0.3678433299064636,24.794218063354492
CSGS6,q3_2020,4,robust_risk_mondrian,recent_power_outage,down,375,0.7786666666666666,0.1213333333333334,11.311851501464844,0.32319575548171997,21.415678024291992
CSGS6,q3_2020,4,robust_risk_mondrian,recent_power_outage,up,341,0.6363636363636364,0.26363636363636367,13.040581703186035,0.37258803844451904,25.798175811767578
CSGS6,q3_2020,4,robust_risk_mondrian,weather_outage,down,375,0.8186666666666667,0.08133333333333337,11.623393058776855,0.3320969343185425,20.20138931274414
CSGS6,q3_2020,4,robust_risk_mondrian,weather_outage,up,341,0.6686217008797654,0.23137829912023467,13.070301055908203,0.37343716621398926,24.928123474121094
CSGS6,q3_2020,4,robust_rolling_cqr,clean,down,375,0.7653333333333333,0.1346666666666667,11.148128509521484,0.3185179531574249,21.02654457092285
CSGS6,q3_2020,4,robust_rolling_cqr,clean,up,341,0.6334310850439883,0.26656891495601176,12.567826271057129,0.3590807616710663,27.73125648498535
CSGS6,q3_2020,4,robust_rolling_cqr,combined_outage,down,375,0.8026666666666666,0.09733333333333338,11.84117603302002,0.3383193016052246,22.49776268005371
CSGS6,q3_2020,4,robust_rolling_cqr,combined_outage,up,341,0.6744868035190615,0.22551319648093848,12.882597923278809,0.3680742383003235,24.180065155029297
CSGS6,q3_2020,4,robust_rolling_cqr,irradiance_outage,down,375,0.8186666666666667,0.08133333333333337,11.432535171508789,0.32664385437965393,20.263648986816406
CSGS6,q3_2020,4,robust_rolling_cqr,irradiance_outage,up,341,0.6451612903225806,0.2548387096774194,12.616605758666992,0.36047443747520447,25.26764678955078
CSGS6,q3_2020,4,robust_rolling_cqr,recent_power_outage,down,375,0.792,0.10799999999999998,11.665614128112793,0.3333032727241516,21.43503189086914
CSGS6,q3_2020,4,robust_rolling_cqr,recent_power_outage,up,341,0.6744868035190615,0.22551319648093848,13.383058547973633,0.3823730945587158,25.295642852783203
CSGS6,q3_2020,4,robust_rolling_cqr,weather_outage,down,375,0.8026666666666666,0.09733333333333338,11.428783416748047,0.3265366554260254,20.589933395385742
CSGS6,q3_2020,4,robust_rolling_cqr,weather_outage,up,341,0.6715542521994134,0.22844574780058657,12.852453231811523,0.3672129511833191,25.28584861755371
CSGS6,q4_2020,1,clean_condition_cqr,clean,down,148,0.3108108108108108,0.5891891891891892,7.915837287902832,0.22616678476333618,42.6166877746582
CSGS6,q4_2020,1,clean_condition_cqr,clean,up,156,0.41025641025641024,0.4897435897435898,8.396974563598633,0.23991355299949646,35.83802795410156
CSGS6,q4_2020,1,clean_condition_cqr,combined_outage,down,148,0.9797297297297297,0.0,20.595355987548828,0.5884387493133545,20.73139190673828
CSGS6,q4_2020,1,clean_condition_cqr,combined_outage,up,156,0.7243589743589743,0.17564102564102568,21.103017807006836,0.6029433608055115,34.6664924621582
CSGS6,q4_2020,1,clean_condition_cqr,irradiance_outage,down,148,0.7162162162162162,0.1837837837837838,11.109029769897461,0.31740084290504456,21.1965274810791
CSGS6,q4_2020,1,clean_condition_cqr,irradiance_outage,up,156,0.3717948717948718,0.5282051282051282,9.565324783325195,0.27329498529434204,37.78269577026367
CSGS6,q4_2020,1,clean_condition_cqr,recent_power_outage,down,148,0.9662162162162162,0.0,19.922101974487305,0.5692028999328613,20.967063903808594
CSGS6,q4_2020,1,clean_condition_cqr,recent_power_outage,up,156,0.6666666666666666,0.2333333333333334,19.26542091369629,0.5504406094551086,38.19742965698242
CSGS6,q4_2020,1,clean_condition_cqr,weather_outage,down,148,0.31756756756756754,0.5824324324324325,7.898515224456787,0.22567185759544373,44.5888786315918
CSGS6,q4_2020,1,clean_condition_cqr,weather_outage,up,156,0.42948717948717946,0.47051282051282056,8.428483963012695,0.24081382155418396,32.941673278808594
CSGS6,q4_2020,1,lgbm_condition_cqr,clean,down,148,0.49324324324324326,0.40675675675675677,8.804951667785645,0.25157004594802856,33.225379943847656
CSGS6,q4_2020,1,lgbm_condition_cqr,clean,up,156,0.5256410256410257,0.37435897435897436,10.146818161010742,0.28990909457206726,29.31255340576172
CSGS6,q4_2020,1,lgbm_condition_cqr,combined_outage,down,148,0.9932432432432432,0.0,20.47951889038086,0.5851290822029114,20.494972229003906
CSGS6,q4_2020,1,lgbm_condition_cqr,combined_outage,up,156,0.6987179487179487,0.20128205128205134,21.036582946777344,0.6010452508926392,34.02496337890625
CSGS6,q4_2020,1,lgbm_condition_cqr,irradiance_outage,down,148,0.7297297297297297,0.1702702702702703,11.03989315032959,0.3154255151748657,20.91713523864746
CSGS6,q4_2020,1,lgbm_condition_cqr,irradiance_outage,up,156,0.5512820512820513,0.3487179487179487,10.9180269241333,0.3119436204433441,28.07315444946289
CSGS6,q4_2020,1,lgbm_condition_cqr,recent_power_outage,down,148,0.9932432432432432,0.0,20.4754638671875,0.5850132703781128,20.48758888244629
CSGS6,q4_2020,1,lgbm_condition_cqr,recent_power_outage,up,156,0.7051282051282052,0.19487179487179485,20.998945236206055,0.5999698638916016,33.90856170654297
CSGS6,q4_2020,1,lgbm_condition_cqr,weather_outage,down,148,0.4864864864864865,0.4135135135135135,8.821248054504395,0.25203564763069153,33.49872589111328
CSGS6,q4_2020,1,lgbm_condition_cqr,weather_outage,up,156,0.5192307692307693,0.38076923076923075,10.180678367614746,0.2908765375614166,28.91251564025879
CSGS6,q4_2020,1,oracle_ramp_mondrian,clean,down,148,0.831081081081081,0.06891891891891899,15.180623054504395,0.4337320923805237,21.241609573364258
CSGS6,q4_2020,1,oracle_ramp_mondrian,clean,up,156,0.9102564102564102,0.0,16.063480377197266,0.4589565694332123,19.293031692504883
CSGS6,q4_2020,1,oracle_ramp_mondrian,combined_outage,down,148,0.8986486486486487,0.0013513513513513375,16.66951560974121,0.4762718677520752,22.837440490722656
CSGS6,q4_2020,1,oracle_ramp_mondrian,combined_outage,up,156,0.8974358974358975,0.002564102564102555,15.965299606323242,0.45615142583847046,18.68793487548828
CSGS6,q4_2020,1,oracle_ramp_mondrian,irradiance_outage,down,148,0.8986486486486487,0.0013513513513513375,15.678116798400879,0.4479461908340454,20.6903133392334
CSGS6,q4_2020,1,oracle_ramp_mondrian,irradiance_outage,up,156,0.8782051282051282,0.02179487179487183,15.941428184509277,0.45546936988830566,19.69189453125
CSGS6,q4_2020,1,oracle_ramp_mondrian,recent_power_outage,down,148,0.8783783783783784,0.021621621621621623,15.922191619873047,0.4549197554588318,22.89610481262207
CSGS6,q4_2020,1,oracle_ramp_mondrian,recent_power_outage,up,156,0.9166666666666666,0.0,16.550830841064453,0.47288087010383606,20.048219680786133
CSGS6,q4_2020,1,oracle_ramp_mondrian,weather_outage,down,148,0.7972972972972973,0.10270270270270276,14.827280044555664,0.4236365854740143,22.800884246826172
CSGS6,q4_2020,1,oracle_ramp_mondrian,weather_outage,up,156,0.8974358974358975,0.002564102564102555,15.755646705627441,0.450161337852478,18.685775756835938
CSGS6,q4_2020,1,persistence_condition_cqr,clean,down,148,0.013513513513513514,0.8864864864864865,7.1166672706604,0.20333334803581238,54.497474670410156
CSGS6,q4_2020,1,persistence_condition_cqr,clean,up,156,0.038461538461538464,0.8615384615384616,7.070085525512695,0.20200245082378387,58.682090759277344
CSGS6,q4_2020,1,persistence_condition_cqr,combined_outage,down,148,0.6756756756756757,0.22432432432432436,22.388879776000977,0.6396822929382324,46.391807556152344
CSGS6,q4_2020,1,persistence_condition_cqr,combined_outage,up,156,0.5833333333333334,0.31666666666666665,19.321773529052734,0.5520506501197815,45.48472595214844
CSGS6,q4_2020,1,persistence_condition_cqr,irradiance_outage,down,148,0.013513513513513514,0.8864864864864865,7.1166672706604,0.20333334803581238,54.497474670410156
CSGS6,q4_2020,1,persistence_condition_cqr,irradiance_outage,up,156,0.038461538461538464,0.8615384615384616,7.070085525512695,0.20200245082378387,58.682090759277344
CSGS6,q4_2020,1,persistence_condition_cqr,recent_power_outage,down,148,0.6756756756756757,0.22432432432432436,22.388879776000977,0.6396822929382324,46.391807556152344
CSGS6,q4_2020,1,persistence_condition_cqr,recent_power_outage,up,156,0.5833333333333334,0.31666666666666665,19.321773529052734,0.5520506501197815,45.48472595214844
CSGS6,q4_2020,1,persistence_condition_cqr,weather_outage,down,148,0.013513513513513514,0.8864864864864865,7.1166672706604,0.20333334803581238,54.497474670410156
CSGS6,q4_2020,1,persistence_condition_cqr,weather_outage,up,156,0.038461538461538464,0.8615384615384616,7.070085525512695,0.20200245082378387,58.682090759277344
CSGS6,q4_2020,1,robust_condition_cqr,clean,down,148,0.49324324324324326,0.40675675675675677,9.242177963256836,0.26406222581863403,34.32478332519531
CSGS6,q4_2020,1,robust_condition_cqr,clean,up,156,0.5576923076923077,0.3423076923076923,10.129475593566895,0.28941360116004944,26.737943649291992
CSGS6,q4_2020,1,robust_condition_cqr,combined_outage,down,148,0.6216216216216216,0.2783783783783784,11.207826614379883,0.3202236294746399,29.723615646362305
CSGS6,q4_2020,1,robust_condition_cqr,combined_outage,up,156,0.6987179487179487,0.20128205128205134,10.50012493133545,0.3000035583972931,24.371850967407227
CSGS6,q4_2020,1,robust_condition_cqr,irradiance_outage,down,148,0.6013513513513513,0.2986486486486487,10.084249496459961,0.28812140226364136,28.302846908569336
CSGS6,q4_2020,1,robust_condition_cqr,irradiance_outage,up,156,0.5576923076923077,0.3423076923076923,10.355916976928711,0.29588332772254944,27.785737991333008
CSGS6,q4_2020,1,robust_condition_cqr,recent_power_outage,down,148,0.49324324324324326,0.40675675675675677,10.328190803527832,0.2950911521911621,34.62289810180664
CSGS6,q4_2020,1,robust_condition_cqr,recent_power_outage,up,156,0.6346153846153846,0.26538461538461544,10.967551231384277,0.3133586049079895,25.0889892578125
CSGS6,q4_2020,1,robust_condition_cqr,weather_outage,down,148,0.4864864864864865,0.4135135135135135,9.137856483459473,0.26108160614967346,35.81789016723633
CSGS6,q4_2020,1,robust_condition_cqr,weather_outage,up,156,0.6410256410256411,0.25897435897435894,10.072881698608398,0.28779661655426025,25.220766067504883
CSGS6,q4_2020,1,robust_local_cqr,clean,down,148,0.5743243243243243,0.3256756756756757,10.668841361999512,0.30482402443885803,31.34427833557129
CSGS6,q4_2020,1,robust_local_cqr,clean,up,156,0.6666666666666666,0.2333333333333334,11.760496139526367,0.33601418137550354,23.539371490478516
CSGS6,q4_2020,1,robust_local_cqr,combined_outage,down,148,0.7094594594594594,0.1905405405405406,12.968040466308594,0.3705154359340668,26.720563888549805
CSGS6,q4_2020,1,robust_local_cqr,combined_outage,up,156,0.7115384615384616,0.18846153846153846,11.761595726013184,0.33604559302330017,22.68556022644043
CSGS6,q4_2020,1,robust_local_cqr,irradiance_outage,down,148,0.6621621621621622,0.23783783783783785,11.433564186096191,0.3266732692718506,25.867116928100586
CSGS6,q4_2020,1,robust_local_cqr,irradiance_outage,up,156,0.6474358974358975,0.25256410256410255,11.728376388549805,0.33509647846221924,24.639902114868164
CSGS6,q4_2020,1,robust_local_cqr,recent_power_outage,down,148,0.527027027027027,0.37297297297297305,10.784687042236328,0.30813392996788025,34.037479400634766
CSGS6,q4_2020,1,robust_local_cqr,recent_power_outage,up,156,0.6730769230769231,0.2269230769230769,11.534037590026855,0.32954391837120056,23.96407127380371
CSGS6,q4_2020,1,robust_local_cqr,weather_outage,down,148,0.5743243243243243,0.3256756756756757,10.514927864074707,0.30042651295661926,32.837745666503906
CSGS6,q4_2020,1,robust_local_cqr,weather_outage,up,156,0.6923076923076923,0.20769230769230773,11.735430717468262,0.3352980315685272,22.367773056030273
CSGS6,q4_2020,1,robust_risk_mondrian,clean,down,148,0.5878378378378378,0.3121621621621622,10.668245315551758,0.30480700731277466,30.627071380615234
CSGS6,q4_2020,1,robust_risk_mondrian,clean,up,156,0.6730769230769231,0.2269230769230769,11.665080070495605,0.3332880139350891,23.45024871826172
CSGS6,q4_2020,1,robust_risk_mondrian,combined_outage,down,148,0.722972972972973,0.177027027027027,13.297232627868652,0.37992092967033386,25.687267303466797
CSGS6,q4_2020,1,robust_risk_mondrian,combined_outage,up,156,0.75,0.15000000000000002,12.29024887084961,0.3511499762535095,21.919544219970703
CSGS6,q4_2020,1,robust_risk_mondrian,irradiance_outage,down,148,0.668918918918919,0.23108108108108105,11.564932823181152,0.3304266631603241,25.883602142333984
CSGS6,q4_2020,1,robust_risk_mondrian,irradiance_outage,up,156,0.6666666666666666,0.2333333333333334,11.723878860473633,0.3349679708480835,24.66921043395996
CSGS6,q4_2020,1,robust_risk_mondrian,recent_power_outage,down,148,0.5472972972972973,0.35270270270270276,11.25393009185791,0.32154086232185364,31.535123825073242
CSGS6,q4_2020,1,robust_risk_mondrian,recent_power_outage,up,156,0.7307692307692307,0.1692307692307693,11.950431823730469,0.34144091606140137,23.06033706665039
CSGS6,q4_2020,1,robust_risk_mondrian,weather_outage,down,148,0.581081081081081,0.318918918918919,10.333043098449707,0.29522979259490967,32.38648223876953
CSGS6,q4_2020,1,robust_risk_mondrian,weather_outage,up,156,0.7051282051282052,0.19487179487179485,11.424701690673828,0.32642003893852234,22.479045867919922
CSGS6,q4_2020,1,robust_rolling_cqr,clean,down,148,0.5,0.4,9.18931770324707,0.2625519335269928,34.679039001464844
CSGS6,q4_2020,1,robust_rolling_cqr,clean,up,156,0.5512820512820513,0.3487179487179487,10.057514190673828,0.28735753893852234,26.920406341552734
CSGS6,q4_2020,1,robust_rolling_cqr,combined_outage,down,148,0.5540540540540541,0.34594594594594597,10.445144653320312,0.29843270778656006,33.8521614074707
CSGS6,q4_2020,1,robust_rolling_cqr,combined_outage,up,156,0.6602564102564102,0.23974358974358978,9.719902038574219,0.2777114808559418,25.34645652770996
CSGS6,q4_2020,1,robust_rolling_cqr,irradiance_outage,down,148,0.6013513513513513,0.2986486486486487,10.043092727661133,0.28694549202919006,28.518577575683594
CSGS6,q4_2020,1,robust_rolling_cqr,irradiance_outage,up,156,0.5576923076923077,0.3423076923076923,10.31112003326416,0.2946034371852875,27.891265869140625
CSGS6,q4_2020,1,robust_rolling_cqr,recent_power_outage,down,148,0.4797297297297297,0.4202702702702703,10.072011947631836,0.2877717614173889,36.027244567871094
CSGS6,q4_2020,1,robust_rolling_cqr,recent_power_outage,up,156,0.6089743589743589,0.2910256410256411,10.691777229309082,0.30547934770584106,25.676557540893555
CSGS6,q4_2020,1,robust_rolling_cqr,weather_outage,down,148,0.46621621621621623,0.4337837837837838,9.018321990966797,0.25766634941101074,36.4560546875
CSGS6,q4_2020,1,robust_rolling_cqr,weather_outage,up,156,0.6089743589743589,0.2910256410256411,9.93801498413086,0.2839432954788208,25.57328987121582
CSGS6,q4_2020,4,clean_condition_cqr,clean,down,475,0.8273684210526315,0.07263157894736849,7.793858051300049,0.2226816564798355,21.088001251220703
CSGS6,q4_2020,4,clean_condition_cqr,clean,up,465,0.8193548387096774,0.08064516129032262,9.951749801635742,0.2843357026576996,18.386934280395508
CSGS6,q4_2020,4,clean_condition_cqr,combined_outage,down,475,1.0,0.0,14.469547271728516,0.4134156405925751,14.469549179077148
CSGS6,q4_2020,4,clean_condition_cqr,combined_outage,up,465,0.8602150537634409,0.03978494623655915,19.50254249572754,0.5572155117988586,24.802125930786133
CSGS6,q4_2020,4,clean_condition_cqr,irradiance_outage,down,475,0.96,0.0,10.749523162841797,0.30712923407554626,11.727682113647461
CSGS6,q4_2020,4,clean_condition_cqr,irradiance_outage,up,465,0.832258064516129,0.06774193548387097,12.494034767150879,0.35697242617607117,19.594846725463867
CSGS6,q4_2020,4,clean_condition_cqr,recent_power_outage,down,475,0.9936842105263158,0.0,11.932819366455078,0.34093770384788513,12.007820129394531
CSGS6,q4_2020,4,clean_condition_cqr,recent_power_outage,up,465,0.8129032258064516,0.08709677419354844,15.006935119628906,0.428769588470459,23.428497314453125
CSGS6,q4_2020,4,clean_condition_cqr,weather_outage,down,475,0.8294736842105264,0.07052631578947366,7.797346115112305,0.22278131544589996,20.984037399291992
CSGS6,q4_2020,4,clean_condition_cqr,weather_outage,up,465,0.8473118279569892,0.052688172043010795,10.7449369430542,0.30699819326400757,16.28003692626953
CSGS6,q4_2020,4,lgbm_condition_cqr,clean,down,475,0.7852631578947369,0.11473684210526314,7.822976589202881,0.2235136181116104,18.615894317626953
CSGS6,q4_2020,4,lgbm_condition_cqr,clean,up,465,0.8193548387096774,0.08064516129032262,12.127422332763672,0.3464977741241455,15.435904502868652
CSGS6,q4_2020,4,lgbm_condition_cqr,combined_outage,down,475,1.0,0.0,16.357696533203125,0.46736276149749756,16.357696533203125
CSGS6,q4_2020,4,lgbm_condition_cqr,combined_outage,up,465,0.9956989247311828,0.0,20.026552200317383,0.5721871852874756,20.049631118774414
CSGS6,q4_2020,4,lgbm_condition_cqr,irradiance_outage,down,475,0.8968421052631579,0.0031578947368421373,10.168489456176758,0.290528267621994,14.623724937438965
CSGS6,q4_2020,4,lgbm_condition_cqr,irradiance_outage,up,465,0.9505376344086022,0.0,13.909499168395996,0.39741426706314087,14.95207691192627
CSGS6,q4_2020,4,lgbm_condition_cqr,recent_power_outage,down,475,0.9957894736842106,0.0,13.209349632263184,0.37740999460220337,13.252141952514648
CSGS6,q4_2020,4,lgbm_condition_cqr,recent_power_outage,up,465,0.9548387096774194,0.0,16.141145706176758,0.4611755907535553,17.28658676147461
CSGS6,q4_2020,4,lgbm_condition_cqr,weather_outage,down,475,0.8505263157894737,0.049473684210526336,8.59188175201416,0.24548234045505524,18.060319900512695
CSGS6,q4_2020,4,lgbm_condition_cqr,weather_outage,up,465,0.8774193548387097,0.022580645161290325,12.330110549926758,0.3522888720035553,14.347328186035156
CSGS6,q4_2020,4,oracle_ramp_mondrian,clean,down,475,0.9284210526315789,0.0,11.685598373413086,0.3338742256164551,18.165578842163086
CSGS6,q4_2020,4,oracle_ramp_mondrian,clean,up,465,0.9483870967741935,0.0,14.31393814086914,0.4089696705341339,16.052776336669922
CSGS6,q4_2020,4,oracle_ramp_mondrian,combined_outage,down,475,0.9452631578947368,0.0,13.016130447387695,0.3718894422054291,17.8233585357666
CSGS6,q4_2020,4,oracle_ramp_mondrian,combined_outage,up,465,0.9763440860215054,0.0,14.679378509521484,0.4194108247756958,15.282881736755371
CSGS6,q4_2020,4,oracle_ramp_mondrian,irradiance_outage,down,475,0.9347368421052632,0.0,11.879253387451172,0.3394072353839874,17.879560470581055
CSGS6,q4_2020,4,oracle_ramp_mondrian,irradiance_outage,up,465,0.9591397849462365,0.0,13.99678897857666,0.39990824460983276,15.083356857299805
CSGS6,q4_2020,4,oracle_ramp_mondrian,recent_power_outage,down,475,0.9368421052631579,0.0,12.057884216308594,0.3445109724998474,17.599802017211914
CSGS6,q4_2020,4,oracle_ramp_mondrian,recent_power_outage,up,465,0.9440860215053763,0.0,14.744311332702637,0.4212660491466522,16.23940658569336
CSGS6,q4_2020,4,oracle_ramp_mondrian,weather_outage,down,475,0.9305263157894736,0.0,11.407173156738281,0.3259192407131195,18.392601013183594
CSGS6,q4_2020,4,oracle_ramp_mondrian,weather_outage,up,465,0.9634408602150538,0.0,13.798742294311523,0.3942497670650482,14.96838665008545
CSGS6,q4_2020,4,persistence_condition_cqr,clean,down,475,0.25684210526315787,0.6431578947368422,15.200474739074707,0.4342992901802063,45.51017379760742
CSGS6,q4_2020,4,persistence_condition_cqr,clean,up,465,0.1935483870967742,0.7064516129032259,13.022305488586426,0.37206587195396423,46.550689697265625
CSGS6,q4_2020,4,persistence_condition_cqr,combined_outage,down,475,0.3684210526315789,0.5315789473684212,27.275699615478516,0.7793056964874268,70.2753677368164
CSGS6,q4_2020,4,persistence_condition_cqr,combined_outage,up,465,0.5935483870967742,0.30645161290322587,17.61195945739746,0.5031988620758057,39.935237884521484
CSGS6,q4_2020,4,persistence_condition_cqr,irradiance_outage,down,475,0.25684210526315787,0.6431578947368422,15.200474739074707,0.4342992901802063,45.51017379760742
CSGS6,q4_2020,4,persistence_condition_cqr,irradiance_outage,up,465,0.1935483870967742,0.7064516129032259,13.022305488586426,0.37206587195396423,46.550689697265625
CSGS6,q4_2020,4,persistence_condition_cqr,recent_power_outage,down,475,0.3684210526315789,0.5315789473684212,27.275699615478516,0.7793056964874268,70.2753677368164
CSGS6,q4_2020,4,persistence_condition_cqr,recent_power_outage,up,465,0.5935483870967742,0.30645161290322587,17.61195945739746,0.5031988620758057,39.935237884521484
CSGS6,q4_2020,4,persistence_condition_cqr,weather_outage,down,475,0.25684210526315787,0.6431578947368422,15.200474739074707,0.4342992901802063,45.51017379760742
CSGS6,q4_2020,4,persistence_condition_cqr,weather_outage,up,465,0.1935483870967742,0.7064516129032259,13.022305488586426,0.37206587195396423,46.550689697265625
CSGS6,q4_2020,4,robust_condition_cqr,clean,down,475,0.8589473684210527,0.04105263157894734,7.5197038650512695,0.21484868228435516,18.910707473754883
CSGS6,q4_2020,4,robust_condition_cqr,clean,up,465,0.853763440860215,0.04623655913978497,9.539887428283691,0.2725682258605957,15.362281799316406
CSGS6,q4_2020,4,robust_condition_cqr,combined_outage,down,475,0.9052631578947369,0.0,9.838581085205078,0.28110232949256897,17.52119255065918
CSGS6,q4_2020,4,robust_condition_cqr,combined_outage,up,465,0.9204301075268817,0.0,10.9470853805542,0.31277385354042053,13.362210273742676
CSGS6,q4_2020,4,robust_condition_cqr,irradiance_outage,down,475,0.8757894736842106,0.02421052631578946,8.42631721496582,0.24075192213058472,17.946500778198242
CSGS6,q4_2020,4,robust_condition_cqr,irradiance_outage,up,465,0.896774193548387,0.003225806451612967,10.073638916015625,0.2878182530403137,13.999495506286621
CSGS6,q4_2020,4,robust_condition_cqr,recent_power_outage,down,475,0.8863157894736842,0.013684210526315854,8.942276954650879,0.2554936408996582,17.74922752380371
CSGS6,q4_2020,4,robust_condition_cqr,recent_power_outage,up,465,0.8795698924731182,0.02043010752688179,11.109002113342285,0.3174000680446625,15.46069049835205
CSGS6,q4_2020,4,robust_condition_cqr,weather_outage,down,475,0.8652631578947368,0.03473684210526318,7.67464542388916,0.2192755788564682,19.054637908935547
CSGS6,q4_2020,4,robust_condition_cqr,weather_outage,up,465,0.8731182795698925,0.026881720430107503,9.528550148010254,0.27224430441856384,14.04128360748291
CSGS6,q4_2020,4,robust_local_cqr,clean,down,475,0.8821052631578947,0.017894736842105297,8.61066722869873,0.24601906538009644,18.805139541625977
CSGS6,q4_2020,4,robust_local_cqr,clean,up,465,0.9075268817204301,0.0,12.148696899414062,0.34710562229156494,15.918417930603027
CSGS6,q4_2020,4,robust_local_cqr,combined_outage,down,475,0.9157894736842105,0.0,10.248363494873047,0.2928103804588318,16.673633575439453
CSGS6,q4_2020,4,robust_local_cqr,combined_outage,up,465,0.9440860215053763,0.0,12.643771171569824,0.3612506091594696,14.221214294433594
CSGS6,q4_2020,4,robust_local_cqr,irradiance_outage,down,475,0.8989473684210526,0.001052631578947416,9.401253700256348,0.2686072587966919,17.99371337890625
CSGS6,q4_2020,4,robust_local_cqr,irradiance_outage,up,465,0.9225806451612903,0.0,12.579386711120605,0.3594110608100891,15.037245750427246
CSGS6,q4_2020,4,robust_local_cqr,recent_power_outage,down,475,0.9010526315789473,0.0,10.07562255859375,0.2878749370574951,18.228227615356445
CSGS6,q4_2020,4,robust_local_cqr,recent_power_outage,up,465,0.9225806451612903,0.0,13.350871086120605,0.3814534544944763,16.103836059570312
CSGS6,q4_2020,4,robust_local_cqr,weather_outage,down,475,0.8842105263157894,0.015789473684210575,8.710220336914062,0.24886344373226166,18.945024490356445
CSGS6,q4_2020,4,robust_local_cqr,weather_outage,up,465,0.9118279569892473,0.0,12.095097541809082,0.3455742299556732,14.799569129943848
CSGS6,q4_2020,4,robust_risk_mondrian,clean,down,475,0.888421052631579,0.011578947368421022,8.935909271240234,0.2553116977214813,19.05951499938965
CSGS6,q4_2020,4,robust_risk_mondrian,clean,up,465,0.9075268817204301,0.0,11.186762809753418,0.3196218013763428,15.21778392791748
CSGS6,q4_2020,4,robust_risk_mondrian,combined_outage,down,475,0.9094736842105263,0.0,10.423039436340332,0.29780113697052,17.87645149230957
CSGS6,q4_2020,4,robust_risk_mondrian,combined_outage,up,465,0.9419354838709677,0.0,12.227253913879395,0.34935012459754944,13.872223854064941
CSGS6,q4_2020,4,robust_risk_mondrian,irradiance_outage,down,475,0.9073684210526316,0.0,9.788240432739258,0.279664009809494,18.09111785888672
CSGS6,q4_2020,4,robust_risk_mondrian,irradiance_outage,up,465,0.9225806451612903,0.0,11.748701095581055,0.3356771767139435,14.145075798034668
CSGS6,q4_2020,4,robust_risk_mondrian,recent_power_outage,down,475,0.9052631578947369,0.0,10.379969596862793,0.2965705692768097,18.280996322631836
CSGS6,q4_2020,4,robust_risk_mondrian,recent_power_outage,up,465,0.9225806451612903,0.0,12.90053939819336,0.36858683824539185,15.577232360839844
CSGS6,q4_2020,4,robust_risk_mondrian,weather_outage,down,475,0.8821052631578947,0.017894736842105297,8.712080955505371,0.2489165961742401,19.15741729736328
CSGS6,q4_2020,4,robust_risk_mondrian,weather_outage,up,465,0.8989247311827957,0.0010752688172043223,10.73311710357666,0.3066605031490326,13.999401092529297
CSGS6,q4_2020,4,robust_rolling_cqr,clean,down,475,0.8378947368421052,0.062105263157894774,6.480362892150879,0.18515323102474213,19.525022506713867
CSGS6,q4_2020,4,robust_rolling_cqr,clean,up,465,0.7784946236559139,0.12150537634408609,8.419381141662598,0.24055375158786774,16.027957916259766
CSGS6,q4_2020,4,robust_rolling_cqr,combined_outage,down,475,0.8084210526315789,0.0915789473684211,7.922262668609619,0.22635036706924438,18.514551162719727
CSGS6,q4_2020,4,robust_rolling_cqr,combined_outage,up,465,0.853763440860215,0.04623655913978497,8.800821304321289,0.2514520287513733,12.942530632019043
CSGS6,q4_2020,4,robust_rolling_cqr,irradiance_outage,down,475,0.8126315789473684,0.08736842105263165,7.252677917480469,0.20721936225891113,18.596147537231445
CSGS6,q4_2020,4,robust_rolling_cqr,irradiance_outage,up,465,0.8236559139784946,0.07634408602150544,8.812729835510254,0.2517922818660736,14.185237884521484
CSGS6,q4_2020,4,robust_rolling_cqr,recent_power_outage,down,475,0.8463157894736842,0.05368421052631578,7.614728927612305,0.2175636887550354,18.34002113342285
CSGS6,q4_2020,4,robust_rolling_cqr,recent_power_outage,up,465,0.8150537634408602,0.0849462365591398,9.659563064575195,0.27598750591278076,15.78609848022461
CSGS6,q4_2020,4,robust_rolling_cqr,weather_outage,down,475,0.8378947368421052,0.062105263157894774,6.696467876434326,0.19132764637470245,19.73456382751465
CSGS6,q4_2020,4,robust_rolling_cqr,weather_outage,up,465,0.8193548387096774,0.08064516129032262,8.480372428894043,0.24229635298252106,14.140381813049316
CSGS7,q1_2020,1,clean_condition_cqr,clean,down,332,0.5301204819277109,0.36987951807228914,8.267356872558594,0.2755785584449768,33.20390319824219
CSGS7,q1_2020,1,clean_condition_cqr,clean,up,252,0.29365079365079366,0.6063492063492064,8.75394344329834,0.29179811477661133,50.05370330810547
CSGS7,q1_2020,1,clean_condition_cqr,combined_outage,down,332,0.9849397590361446,0.0,22.09735679626465,0.7365785837173462,22.286592483520508
CSGS7,q1_2020,1,clean_condition_cqr,combined_outage,up,252,0.7222222222222222,0.1777777777777778,22.447711944580078,0.748257040977478,33.94948196411133
CSGS7,q1_2020,1,clean_condition_cqr,irradiance_outage,down,332,0.8825301204819277,0.01746987951807233,14.293709754943848,0.47645699977874756,17.492704391479492
CSGS7,q1_2020,1,clean_condition_cqr,irradiance_outage,up,252,0.45634920634920634,0.4436507936507937,12.135700225830078,0.4045233428478241,45.55506134033203
CSGS7,q1_2020,1,clean_condition_cqr,recent_power_outage,down,332,0.9849397590361446,0.0,19.905675888061523,0.6635225415229797,20.0384464263916
CSGS7,q1_2020,1,clean_condition_cqr,recent_power_outage,up,252,0.503968253968254,0.39603174603174607,18.666851043701172,0.6222283840179443,49.077030181884766
CSGS7,q1_2020,1,clean_condition_cqr,weather_outage,down,332,0.5542168674698795,0.3457831325301205,8.365213394165039,0.27884045243263245,31.159587860107422
CSGS7,q1_2020,1,clean_condition_cqr,weather_outage,up,252,0.2698412698412698,0.6301587301587301,8.665658950805664,0.28885528445243835,53.3317756652832
CSGS7,q1_2020,1,lgbm_condition_cqr,clean,down,332,0.6807228915662651,0.21927710843373494,10.135316848754883,0.3378438949584961,26.039688110351562
CSGS7,q1_2020,1,lgbm_condition_cqr,clean,up,252,0.503968253968254,0.39603174603174607,11.887596130371094,0.39625319838523865,34.17355728149414
CSGS7,q1_2020,1,lgbm_condition_cqr,combined_outage,down,332,0.9909638554216867,0.0,21.329025268554688,0.710967481136322,21.36448097229004
CSGS7,q1_2020,1,lgbm_condition_cqr,combined_outage,up,252,0.7182539682539683,0.18174603174603177,22.18722152709961,0.7395740747451782,31.747407913208008
CSGS7,q1_2020,1,lgbm_condition_cqr,irradiance_outage,down,332,0.6807228915662651,0.21927710843373494,10.12782096862793,0.33759403228759766,24.588092803955078
CSGS7,q1_2020,1,lgbm_condition_cqr,irradiance_outage,up,252,0.5,0.4,11.79008960723877,0.393002986907959,32.04132080078125
CSGS7,q1_2020,1,lgbm_condition_cqr,recent_power_outage,down,332,0.9969879518072289,0.0,21.182729721069336,0.7060909867286682,21.186973571777344
CSGS7,q1_2020,1,lgbm_condition_cqr,recent_power_outage,up,252,0.6984126984126984,0.20158730158730165,21.67202377319336,0.7224007844924927,32.27596664428711
CSGS7,q1_2020,1,lgbm_condition_cqr,weather_outage,down,332,0.6746987951807228,0.22530120481927718,9.933180809020996,0.331106036901474,25.950159072875977
CSGS7,q1_2020,1,lgbm_condition_cqr,weather_outage,up,252,0.45634920634920634,0.4436507936507937,11.749238967895508,0.3916412889957428,37.00661849975586
CSGS7,q1_2020,1,oracle_ramp_mondrian,clean,down,332,0.8975903614457831,0.002409638554216942,15.75584888458252,0.5251949429512024,21.654979705810547
CSGS7,q1_2020,1,oracle_ramp_mondrian,clean,up,252,0.8174603174603174,0.08253968253968258,17.091947555541992,0.569731593132019,22.765047073364258
CSGS7,q1_2020,1,oracle_ramp_mondrian,combined_outage,down,332,0.8614457831325302,0.03855421686746985,16.431053161621094,0.5477017760276794,22.78773307800293
CSGS7,q1_2020,1,oracle_ramp_mondrian,combined_outage,up,252,0.8849206349206349,0.015079365079365137,17.181251525878906,0.5727083683013916,21.282129287719727
CSGS7,q1_2020,1,oracle_ramp_mondrian,irradiance_outage,down,332,0.8795180722891566,0.02048192771084345,15.56165599822998,0.518721878528595,22.766586303710938
CSGS7,q1_2020,1,oracle_ramp_mondrian,irradiance_outage,up,252,0.8452380952380952,0.05476190476190479,17.138540267944336,0.5712846517562866,21.468914031982422
CSGS7,q1_2020,1,oracle_ramp_mondrian,recent_power_outage,down,332,0.9066265060240963,0.0,16.0576114654541,0.5352537035942078,20.016117095947266
CSGS7,q1_2020,1,oracle_ramp_mondrian,recent_power_outage,up,252,0.8214285714285714,0.07857142857142863,17.599836349487305,0.5866612195968628,24.000558853149414
CSGS7,q1_2020,1,oracle_ramp_mondrian,weather_outage,down,332,0.9006024096385542,0.0,15.721729278564453,0.5240576267242432,20.771268844604492
CSGS7,q1_2020,1,oracle_ramp_mondrian,weather_outage,up,252,0.8015873015873016,0.0984126984126984,16.868995666503906,0.5622998476028442,23.390727996826172
CSGS7,q1_2020,1,persistence_condition_cqr,clean,down,332,0.09036144578313253,0.8096385542168675,6.334000587463379,0.21113334596157074,65.34928131103516
CSGS7,q1_2020,1,persistence_condition_cqr,clean,up,252,0.04365079365079365,0.8563492063492064,6.303102493286133,0.21010342240333557,67.72744750976562
CSGS7,q1_2020,1,persistence_condition_cqr,combined_outage,down,332,0.8343373493975904,0.06566265060240961,23.521913528442383,0.7840637564659119,31.47263526916504
CSGS7,q1_2020,1,persistence_condition_cqr,combined_outage,up,252,0.8928571428571429,0.0071428571428571175,22.269798278808594,0.7423266172409058,29.341278076171875
CSGS7,q1_2020,1,persistence_condition_cqr,irradiance_outage,down,332,0.09036144578313253,0.8096385542168675,6.334000587463379,0.21113334596157074,65.34928131103516
CSGS7,q1_2020,1,persistence_condition_cqr,irradiance_outage,up,252,0.04365079365079365,0.8563492063492064,6.303102493286133,0.21010342240333557,67.72744750976562
CSGS7,q1_2020,1,persistence_condition_cqr,recent_power_outage,down,332,0.8343373493975904,0.06566265060240961,23.521913528442383,0.7840637564659119,31.47263526916504
CSGS7,q1_2020,1,persistence_condition_cqr,recent_power_outage,up,252,0.8928571428571429,0.0071428571428571175,22.269798278808594,0.7423266172409058,29.341278076171875
CSGS7,q1_2020,1,persistence_condition_cqr,weather_outage,down,332,0.09036144578313253,0.8096385542168675,6.334000587463379,0.21113334596157074,65.34928131103516
CSGS7,q1_2020,1,persistence_condition_cqr,weather_outage,up,252,0.04365079365079365,0.8563492063492064,6.303102493286133,0.21010342240333557,67.72744750976562
CSGS7,q1_2020,1,robust_condition_cqr,clean,down,332,0.6385542168674698,0.2614457831325302,9.42273998260498,0.3140913248062134,28.50570297241211
CSGS7,q1_2020,1,robust_condition_cqr,clean,up,252,0.43253968253968256,0.46746031746031746,10.804442405700684,0.3601480722427368,38.413543701171875
CSGS7,q1_2020,1,robust_condition_cqr,combined_outage,down,332,0.6656626506024096,0.23433734939759043,10.780288696289062,0.3593429625034332,30.23079490661621
CSGS7,q1_2020,1,robust_condition_cqr,combined_outage,up,252,0.623015873015873,0.276984126984127,11.455227851867676,0.38184091448783875,28.887577056884766
CSGS7,q1_2020,1,robust_condition_cqr,irradiance_outage,down,332,0.6295180722891566,0.27048192771084345,9.895950317382812,0.3298650085926056,30.26983070373535
CSGS7,q1_2020,1,robust_condition_cqr,irradiance_outage,up,252,0.5079365079365079,0.3920634920634921,11.509252548217773,0.3836417496204376,33.23325729370117
CSGS7,q1_2020,1,robust_condition_cqr,recent_power_outage,down,332,0.7048192771084337,0.1951807228915663,10.39259147644043,0.34641972184181213,24.254451751708984
CSGS7,q1_2020,1,robust_condition_cqr,recent_power_outage,up,252,0.4801587301587302,0.41984126984126985,11.970352172851562,0.3990117311477661,37.36323165893555
CSGS7,q1_2020,1,robust_condition_cqr,weather_outage,down,332,0.6506024096385542,0.24939759036144582,9.345616340637207,0.3115205466747284,27.769254684448242
CSGS7,q1_2020,1,robust_condition_cqr,weather_outage,up,252,0.4087301587301587,0.4912698412698413,10.5513277053833,0.3517109155654907,41.06673049926758
CSGS7,q1_2020,1,robust_local_cqr,clean,down,332,0.7740963855421686,0.12590361445783138,11.705029487609863,0.3901676535606384,23.617055892944336
CSGS7,q1_2020,1,robust_local_cqr,clean,up,252,0.6309523809523809,0.2690476190476191,13.513782501220703,0.45045942068099976,29.211936950683594
CSGS7,q1_2020,1,robust_local_cqr,combined_outage,down,332,0.7560240963855421,0.1439759036144579,12.941184043884277,0.4313727915287018,26.559598922729492
CSGS7,q1_2020,1,robust_local_cqr,combined_outage,up,252,0.8134920634920635,0.08650793650793653,14.9260892868042,0.497536301612854,22.954830169677734
CSGS7,q1_2020,1,robust_local_cqr,irradiance_outage,down,332,0.7469879518072289,0.15301204819277114,11.72365665435791,0.39078855514526367,25.966890335083008
CSGS7,q1_2020,1,robust_local_cqr,irradiance_outage,up,252,0.6746031746031746,0.22539682539682537,14.0147123336792,0.4671570658683777,26.074665069580078
CSGS7,q1_2020,1,robust_local_cqr,recent_power_outage,down,332,0.7951807228915663,0.10481927710843375,12.53518295288086,0.4178394377231598,20.145038604736328
CSGS7,q1_2020,1,robust_local_cqr,recent_power_outage,up,252,0.6587301587301587,0.2412698412698413,14.503750801086426,0.48345836997032166,30.059232711791992
CSGS7,q1_2020,1,robust_local_cqr,weather_outage,down,332,0.7740963855421686,0.12590361445783138,11.70986270904541,0.3903287649154663,22.720773696899414
CSGS7,q1_2020,1,robust_local_cqr,weather_outage,up,252,0.6150793650793651,0.2849206349206349,13.450764656066895,0.44835883378982544,30.661779403686523
CSGS7,q1_2020,1,robust_risk_mondrian,clean,down,332,0.7259036144578314,0.17409638554216866,11.427278518676758,0.3809092938899994,25.22239112854004
CSGS7,q1_2020,1,robust_risk_mondrian,clean,up,252,0.5912698412698413,0.30873015873015874,12.854371070861816,0.42847904562950134,30.72306251525879
CSGS7,q1_2020,1,robust_risk_mondrian,combined_outage,down,332,0.7409638554216867,0.15903614457831328,13.105830192565918,0.4368610084056854,25.0241641998291
CSGS7,q1_2020,1,robust_risk_mondrian,combined_outage,up,252,0.7738095238095238,0.1261904761904762,14.473408699035645,0.48244696855545044,24.95604705810547
CSGS7,q1_2020,1,robust_risk_mondrian,irradiance_outage,down,332,0.7108433734939759,0.18915662650602416,11.337069511413574,0.3779023289680481,27.1879825592041
CSGS7,q1_2020,1,robust_risk_mondrian,irradiance_outage,up,252,0.6111111111111112,0.28888888888888886,12.925250053405762,0.4308416545391083,28.43675994873047
CSGS7,q1_2020,1,robust_risk_mondrian,recent_power_outage,down,332,0.7771084337349398,0.12289156626506026,12.010552406311035,0.40035173296928406,21.559738159179688
CSGS7,q1_2020,1,robust_risk_mondrian,recent_power_outage,up,252,0.5952380952380952,0.3047619047619048,13.735958099365234,0.45786526799201965,31.635486602783203
CSGS7,q1_2020,1,robust_risk_mondrian,weather_outage,down,332,0.75,0.15000000000000002,11.643267631530762,0.38810890913009644,23.8091983795166
CSGS7,q1_2020,1,robust_risk_mondrian,weather_outage,up,252,0.5753968253968254,0.32460317460317467,12.843708992004395,0.4281236231327057,31.703170776367188
CSGS7,q1_2020,1,robust_rolling_cqr,clean,down,332,0.641566265060241,0.2584337349397591,9.494006156921387,0.3164668679237366,28.311691284179688
CSGS7,q1_2020,1,robust_rolling_cqr,clean,up,252,0.4365079365079365,0.4634920634920635,10.870012283325195,0.362333744764328,38.11463928222656
CSGS7,q1_2020,1,robust_rolling_cqr,combined_outage,down,332,0.6927710843373494,0.20722891566265067,11.162851333618164,0.3720950484275818,29.594491958618164
CSGS7,q1_2020,1,robust_rolling_cqr,combined_outage,up,252,0.6428571428571429,0.2571428571428571,11.78598403930664,0.3928661346435547,27.684484481811523
CSGS7,q1_2020,1,robust_rolling_cqr,irradiance_outage,down,332,0.6295180722891566,0.27048192771084345,9.960409164428711,0.33201363682746887,30.126605987548828
CSGS7,q1_2020,1,robust_rolling_cqr,irradiance_outage,up,252,0.5079365079365079,0.3920634920634921,11.560877799987793,0.3853625953197479,32.97818374633789
CSGS7,q1_2020,1,robust_rolling_cqr,recent_power_outage,down,332,0.7228915662650602,0.17710843373493979,10.80410385131836,0.36013680696487427,23.56074333190918
CSGS7,q1_2020,1,robust_rolling_cqr,recent_power_outage,up,252,0.49603174603174605,0.403968253968254,12.341961860656738,0.4113987386226654,35.51528549194336
CSGS7,q1_2020,1,robust_rolling_cqr,weather_outage,down,332,0.6596385542168675,0.24036144578313257,9.454258918762207,0.3151419758796692,27.457143783569336
CSGS7,q1_2020,1,robust_rolling_cqr,weather_outage,up,252,0.4087301587301587,0.4912698412698413,10.647849082946777,0.35492831468582153,40.59183120727539
CSGS7,q1_2020,4,clean_condition_cqr,clean,down,739,0.7983761840324763,0.10162381596752368,8.444374084472656,0.281479150056839,19.92766571044922
CSGS7,q1_2020,4,clean_condition_cqr,clean,up,716,0.8379888268156425,0.06201117318435756,9.756525993347168,0.3252175450325012,17.753448486328125
CSGS7,q1_2020,4,clean_condition_cqr,combined_outage,down,739,1.0,0.0,15.986920356750488,0.5328973531723022,15.986920356750488
CSGS7,q1_2020,4,clean_condition_cqr,combined_outage,up,716,0.8938547486033519,0.0061452513966481215,21.24433135986328,0.7081443667411804,25.548593521118164
CSGS7,q1_2020,4,clean_condition_cqr,irradiance_outage,down,739,0.8673883626522327,0.032611637347767286,9.39572525024414,0.31319084763526917,13.274860382080078
CSGS7,q1_2020,4,clean_condition_cqr,irradiance_outage,up,716,0.8142458100558659,0.08575418994413408,10.44189453125,0.3480631411075592,20.13728141784668
CSGS7,q1_2020,4,clean_condition_cqr,recent_power_outage,down,739,0.979702300405954,0.0,12.892827987670898,0.4297609329223633,13.229988098144531
CSGS7,q1_2020,4,clean_condition_cqr,recent_power_outage,up,716,0.8086592178770949,0.09134078212290508,14.20272445678711,0.47342413663864136,24.182682037353516
CSGS7,q1_2020,4,clean_condition_cqr,weather_outage,down,739,0.8403247631935047,0.059675236806495335,8.879525184631348,0.2959841787815094,16.870498657226562
CSGS7,q1_2020,4,clean_condition_cqr,weather_outage,up,716,0.7849162011173184,0.11508379888268161,10.80911636352539,0.3603038787841797,22.597118377685547
CSGS7,q1_2020,4,lgbm_condition_cqr,clean,down,739,0.8944519621109608,0.005548037889039237,9.420533180236816,0.31401777267456055,12.663270950317383
CSGS7,q1_2020,4,lgbm_condition_cqr,clean,up,716,0.8477653631284916,0.05223463687150842,12.372844696044922,0.4124281704425812,15.889397621154785
CSGS7,q1_2020,4,lgbm_condition_cqr,combined_outage,down,739,0.9905277401894452,0.0,14.193833351135254,0.4731277823448181,14.246826171875
CSGS7,q1_2020,4,lgbm_condition_cqr,combined_outage,up,716,0.9385474860335196,0.0,18.245744705200195,0.6081914901733398,19.48185157775879
CSGS7,q1_2020,4,lgbm_condition_cqr,irradiance_outage,down,739,0.9282814614343707,0.0,10.037660598754883,0.3345886766910553,11.958800315856934
CSGS7,q1_2020,4,lgbm_condition_cqr,irradiance_outage,up,716,0.8729050279329609,0.027094972067039147,12.81072998046875,0.42702433466911316,15.818774223327637
CSGS7,q1_2020,4,lgbm_condition_cqr,recent_power_outage,down,739,0.9891745602165088,0.0,13.075592994689941,0.43585309386253357,13.252473831176758
CSGS7,q1_2020,4,lgbm_condition_cqr,recent_power_outage,up,716,0.9301675977653632,0.0,15.661041259765625,0.5220347046852112,17.453022003173828
CSGS7,q1_2020,4,lgbm_condition_cqr,weather_outage,down,739,0.8890392422192152,0.010960757780784869,9.216005325317383,0.307200163602829,12.465967178344727
CSGS7,q1_2020,4,lgbm_condition_cqr,weather_outage,up,716,0.7458100558659218,0.15418994413407827,12.623892784118652,0.4207964241504669,18.376115798950195
CSGS7,q1_2020,4,oracle_ramp_mondrian,clean,down,739,0.9309878213802436,0.0,12.277742385864258,0.40925806760787964,15.30795955657959
CSGS7,q1_2020,4,oracle_ramp_mondrian,clean,up,716,0.9511173184357542,0.0,12.822688102722168,0.4274229407310486,14.428269386291504
CSGS7,q1_2020,4,oracle_ramp_mondrian,combined_outage,down,739,0.9079837618403248,0.0,12.182984352111816,0.40609946846961975,19.201749801635742
CSGS7,q1_2020,4,oracle_ramp_mondrian,combined_outage,up,716,0.9567039106145251,0.0,12.670451164245605,0.42234838008880615,13.763617515563965
CSGS7,q1_2020,4,oracle_ramp_mondrian,irradiance_outage,down,739,0.9228687415426252,0.0,12.316657066345215,0.41055524349212646,15.6128568649292
CSGS7,q1_2020,4,oracle_ramp_mondrian,irradiance_outage,up,716,0.9539106145251397,0.0,13.105342864990234,0.43684476613998413,14.531634330749512
CSGS7,q1_2020,4,oracle_ramp_mondrian,recent_power_outage,down,739,0.9431664411366711,0.0,12.13478946685791,0.40449297428131104,14.479491233825684
CSGS7,q1_2020,4,oracle_ramp_mondrian,recent_power_outage,up,716,0.9483240223463687,0.0,13.356219291687012,0.44520729780197144,14.776141166687012
CSGS7,q1_2020,4,oracle_ramp_mondrian,weather_outage,down,739,0.93234100135318,0.0,12.180460929870605,0.4060153663158417,14.943571090698242
CSGS7,q1_2020,4,oracle_ramp_mondrian,weather_outage,up,716,0.9273743016759777,0.0,12.356096267700195,0.4118698835372925,14.672325134277344
CSGS7,q1_2020,4,persistence_condition_cqr,clean,down,739,0.6224627875507442,0.2775372124492558,17.334383010864258,0.5778127908706665,40.93411636352539
CSGS7,q1_2020,4,persistence_condition_cqr,clean,up,716,0.7136871508379888,0.18631284916201118,14.767267227172852,0.4922422468662262,28.924646377563477
CSGS7,q1_2020,4,persistence_condition_cqr,combined_outage,down,739,0.7550744248985115,0.1449255751014885,26.258237838745117,0.8752745985984802,36.17601776123047
CSGS7,q1_2020,4,persistence_condition_cqr,combined_outage,up,716,0.8687150837988827,0.031284916201117285,20.133758544921875,0.6711252927780151,24.000835418701172
CSGS7,q1_2020,4,persistence_condition_cqr,irradiance_outage,down,739,0.6224627875507442,0.2775372124492558,17.334383010864258,0.5778127908706665,40.93411636352539
CSGS7,q1_2020,4,persistence_condition_cqr,irradiance_outage,up,716,0.7136871508379888,0.18631284916201118,14.767267227172852,0.4922422468662262,28.924646377563477
CSGS7,q1_2020,4,persistence_condition_cqr,recent_power_outage,down,739,0.7550744248985115,0.1449255751014885,26.258237838745117,0.8752745985984802,36.17601776123047
CSGS7,q1_2020,4,persistence_condition_cqr,recent_power_outage,up,716,0.8687150837988827,0.031284916201117285,20.133758544921875,0.6711252927780151,24.000835418701172
CSGS7,q1_2020,4,persistence_condition_cqr,weather_outage,down,739,0.6224627875507442,0.2775372124492558,17.334383010864258,0.5778127908706665,40.93411636352539
CSGS7,q1_2020,4,persistence_condition_cqr,weather_outage,up,716,0.7136871508379888,0.18631284916201118,14.767267227172852,0.4922422468662262,28.924646377563477
CSGS7,q1_2020,4,robust_condition_cqr,clean,down,739,0.8200270635994588,0.07997293640054126,8.546525955200195,0.28488418459892273,16.320201873779297
CSGS7,q1_2020,4,robust_condition_cqr,clean,up,716,0.8589385474860335,0.041061452513966534,8.542306900024414,0.2847435772418976,13.88174057006836
CSGS7,q1_2020,4,robust_condition_cqr,combined_outage,down,739,0.7943166441136671,0.10568335588633293,8.775583267211914,0.2925194501876831,21.317075729370117
CSGS7,q1_2020,4,robust_condition_cqr,combined_outage,up,716,0.914804469273743,0.0,8.67773723602295,0.2892579138278961,12.398669242858887
CSGS7,q1_2020,4,robust_condition_cqr,irradiance_outage,down,739,0.8254397834912043,0.07456021650879574,8.430340766906738,0.2810113728046417,16.89312744140625
CSGS7,q1_2020,4,robust_condition_cqr,irradiance_outage,up,716,0.8687150837988827,0.031284916201117285,8.63467788696289,0.2878226041793823,13.665482521057129
CSGS7,q1_2020,4,robust_condition_cqr,recent_power_outage,down,739,0.8267929634641408,0.07320703653585925,9.01210880279541,0.3004036247730255,15.291014671325684
CSGS7,q1_2020,4,robust_condition_cqr,recent_power_outage,up,716,0.8770949720670391,0.022905027932960897,9.68753433227539,0.3229178190231323,13.77904987335205
CSGS7,q1_2020,4,robust_condition_cqr,weather_outage,down,739,0.8376184032476319,0.062381596752368096,8.57980728149414,0.2859935760498047,15.64638614654541
CSGS7,q1_2020,4,robust_condition_cqr,weather_outage,up,716,0.8519553072625698,0.04804469273743017,8.26363754272461,0.275454580783844,14.626001358032227
CSGS7,q1_2020,4,robust_local_cqr,clean,down,739,0.8213802435723951,0.07861975642760488,8.93646240234375,0.297882080078125,15.60420036315918
CSGS7,q1_2020,4,robust_local_cqr,clean,up,716,0.9203910614525139,0.0,11.20450496673584,0.3734835088253021,13.706070899963379
CSGS7,q1_2020,4,robust_local_cqr,combined_outage,down,739,0.8281461434370772,0.07185385656292287,9.292738914489746,0.3097579777240753,19.052980422973633
CSGS7,q1_2020,4,robust_local_cqr,combined_outage,up,716,0.9399441340782123,0.0,10.779141426086426,0.3593047261238098,12.39486312866211
CSGS7,q1_2020,4,robust_local_cqr,irradiance_outage,down,739,0.8376184032476319,0.062381596752368096,8.924205780029297,0.2974735200405121,15.675506591796875
CSGS7,q1_2020,4,robust_local_cqr,irradiance_outage,up,716,0.9245810055865922,0.0,11.377445220947266,0.37924817204475403,13.844223022460938
CSGS7,q1_2020,4,robust_local_cqr,recent_power_outage,down,739,0.8416779431664412,0.058322056833558844,9.500365257263184,0.31667885184288025,14.077899932861328
CSGS7,q1_2020,4,robust_local_cqr,recent_power_outage,up,716,0.9413407821229051,0.0,12.320207595825195,0.410673588514328,14.013182640075684
CSGS7,q1_2020,4,robust_local_cqr,weather_outage,down,739,0.8525033829499323,0.04749661705006769,8.979781150817871,0.2993260324001312,14.56253719329834
CSGS7,q1_2020,4,robust_local_cqr,weather_outage,up,716,0.9162011173184358,0.0,10.866323471069336,0.36221078038215637,13.967655181884766
CSGS7,q1_2020,4,robust_risk_mondrian,clean,down,739,0.871447902571042,0.028552097428958034,9.810364723205566,0.32701215147972107,16.01445198059082
CSGS7,q1_2020,4,robust_risk_mondrian,clean,up,716,0.9022346368715084,0.0,10.0540189743042,0.33513396978378296,13.711955070495605
CSGS7,q1_2020,4,robust_risk_mondrian,combined_outage,down,739,0.8064952638700947,0.09350473612990529,8.940316200256348,0.29801052808761597,20.99893569946289
CSGS7,q1_2020,4,robust_risk_mondrian,combined_outage,up,716,0.9203910614525139,0.0,9.322781562805176,0.31075939536094666,12.689208030700684
CSGS7,q1_2020,4,robust_risk_mondrian,irradiance_outage,down,739,0.878213802435724,0.021786197564276022,10.062795639038086,0.3354265093803406,16.75339698791504
CSGS7,q1_2020,4,robust_risk_mondrian,irradiance_outage,up,716,0.9162011173184358,0.0,10.670209884643555,0.3556736707687378,13.68160343170166
CSGS7,q1_2020,4,robust_risk_mondrian,recent_power_outage,down,739,0.8700947225981055,0.029905277401894526,9.951109886169434,0.33170366287231445,14.667552947998047
CSGS7,q1_2020,4,robust_risk_mondrian,recent_power_outage,up,716,0.9217877094972067,0.0,10.847691535949707,0.3615897297859192,13.916677474975586
CSGS7,q1_2020,4,robust_risk_mondrian,weather_outage,down,739,0.8930987821380244,0.006901217861975617,10.0905179977417,0.33635058999061584,15.327685356140137
CSGS7,q1_2020,4,robust_risk_mondrian,weather_outage,up,716,0.8854748603351955,0.01452513966480451,9.853534698486328,0.32845115661621094,14.347596168518066
CSGS7,q1_2020,4,robust_rolling_cqr,clean,down,739,0.8105548037889039,0.08944519621109615,8.456713676452637,0.2818904519081116,16.496292114257812
CSGS7,q1_2020,4,robust_rolling_cqr,clean,up,716,0.8491620111731844,0.05083798882681567,8.471365928649902,0.2823788523674011,13.953720092773438
CSGS7,q1_2020,4,robust_rolling_cqr,combined_outage,down,739,0.7861975642760487,0.11380243572395132,8.39537525177002,0.27984583377838135,21.94339370727539
CSGS7,q1_2020,4,robust_rolling_cqr,combined_outage,up,716,0.8854748603351955,0.01452513966480451,8.331174850463867,0.2777058184146881,12.38350772857666
CSGS7,q1_2020,4,robust_rolling_cqr,irradiance_outage,down,739,0.8294993234100135,0.07050067658998649,8.336695671081543,0.27788984775543213,17.127578735351562
CSGS7,q1_2020,4,robust_rolling_cqr,irradiance_outage,up,716,0.8645251396648045,0.035474860335195535,8.568333625793457,0.2856111228466034,13.681231498718262
CSGS7,q1_2020,4,robust_rolling_cqr,recent_power_outage,down,739,0.8213802435723951,0.07861975642760488,8.811569213867188,0.29371896386146545,15.434870719909668
CSGS7,q1_2020,4,robust_rolling_cqr,recent_power_outage,up,716,0.8756983240223464,0.024301675977653647,9.505233764648438,0.31684112548828125,13.735694885253906
CSGS7,q1_2020,4,robust_rolling_cqr,weather_outage,down,739,0.8267929634641408,0.07320703653585925,8.517398834228516,0.2839132845401764,15.7590970993042
CSGS7,q1_2020,4,robust_rolling_cqr,weather_outage,up,716,0.840782122905028,0.05921787709497206,8.223633766174316,0.27412113547325134,14.676557540893555
CSGS7,q2_2020,1,clean_condition_cqr,clean,down,453,0.44370860927152317,0.45629139072847685,8.069807052612305,0.2689935564994812,33.59943771362305
CSGS7,q2_2020,1,clean_condition_cqr,clean,up,351,0.43874643874643876,0.46125356125356126,8.043529510498047,0.26811763644218445,31.899717330932617
CSGS7,q2_2020,1,clean_condition_cqr,combined_outage,down,453,1.0,0.0,23.038476943969727,0.7679492235183716,23.038476943969727
CSGS7,q2_2020,1,clean_condition_cqr,combined_outage,up,351,0.9373219373219374,0.0,23.498750686645508,0.7832916975021362,25.275062561035156
CSGS7,q2_2020,1,clean_condition_cqr,irradiance_outage,down,453,0.8322295805739515,0.06777041942604856,11.900071144104004,0.39666903018951416,16.255035400390625
CSGS7,q2_2020,1,clean_condition_cqr,irradiance_outage,up,351,0.47863247863247865,0.42136752136752137,10.25757884979248,0.34191930294036865,31.79157257080078
CSGS7,q2_2020,1,clean_condition_cqr,recent_power_outage,down,453,1.0,0.0,20.92850685119629,0.6976168751716614,20.92850685119629
CSGS7,q2_2020,1,clean_condition_cqr,recent_power_outage,up,351,0.7236467236467237,0.17635327635327636,19.38530158996582,0.6461766958236694,31.613136291503906
CSGS7,q2_2020,1,clean_condition_cqr,weather_outage,down,453,0.44150110375275936,0.45849889624724066,8.194302558898926,0.2731434106826782,33.62668228149414
CSGS7,q2_2020,1,clean_condition_cqr,weather_outage,up,351,0.4415954415954416,0.4584045584045584,7.960930347442627,0.2653643488883972,32.56704330444336
CSGS7,q2_2020,1,lgbm_condition_cqr,clean,down,453,0.7019867549668874,0.19801324503311257,10.560400009155273,0.35201331973075867,20.02085304260254
CSGS7,q2_2020,1,lgbm_condition_cqr,clean,up,351,0.6353276353276354,0.26467236467236466,10.853470802307129,0.36178237199783325,23.74674415588379
CSGS7,q2_2020,1,lgbm_condition_cqr,combined_outage,down,453,1.0,0.0,22.236488342285156,0.7412163019180298,22.236488342285156
CSGS7,q2_2020,1,lgbm_condition_cqr,combined_outage,up,351,0.9202279202279202,0.0,22.72095489501953,0.7573651671409607,24.672609329223633
CSGS7,q2_2020,1,lgbm_condition_cqr,irradiance_outage,down,453,0.7505518763796909,0.14944812362030913,11.285820007324219,0.3761940002441406,18.71393394470215
CSGS7,q2_2020,1,lgbm_condition_cqr,irradiance_outage,up,351,0.7094017094017094,0.1905982905982906,11.60504150390625,0.3868347108364105,21.97330093383789
CSGS7,q2_2020,1,lgbm_condition_cqr,recent_power_outage,down,453,1.0,0.0,22.205060958862305,0.7401686906814575,22.205060958862305
CSGS7,q2_2020,1,lgbm_condition_cqr,recent_power_outage,up,351,0.9088319088319088,0.0,22.41764259338379,0.7472547292709351,24.580856323242188
CSGS7,q2_2020,1,lgbm_condition_cqr,weather_outage,down,453,0.7108167770419426,0.18918322295805745,10.652231216430664,0.35507437586784363,19.718564987182617
CSGS7,q2_2020,1,lgbm_condition_cqr,weather_outage,up,351,0.6381766381766382,0.26182336182336186,10.888315200805664,0.3629438281059265,24.21800422668457
CSGS7,q2_2020,1,oracle_ramp_mondrian,clean,down,453,0.9514348785871964,0.0,17.329994201660156,0.5776664614677429,18.577394485473633
CSGS7,q2_2020,1,oracle_ramp_mondrian,clean,up,351,0.9487179487179487,0.0,17.43698501586914,0.5812328457832336,19.292072296142578
CSGS7,q2_2020,1,oracle_ramp_mondrian,combined_outage,down,453,0.9315673289183223,0.0,17.441341400146484,0.5813780426979065,19.42341423034668
CSGS7,q2_2020,1,oracle_ramp_mondrian,combined_outage,up,351,0.9572649572649573,0.0,17.16592025756836,0.5721973180770874,18.04619789123535
CSGS7,q2_2020,1,oracle_ramp_mondrian,irradiance_outage,down,453,0.9602649006622517,0.0,16.784578323364258,0.5594859719276428,17.93296241760254
CSGS7,q2_2020,1,oracle_ramp_mondrian,irradiance_outage,up,351,0.9658119658119658,0.0,17.24427604675293,0.574809193611145,18.749698638916016
CSGS7,q2_2020,1,oracle_ramp_mondrian,recent_power_outage,down,453,0.9470198675496688,0.0,17.661245346069336,0.5887081623077393,19.15411949157715
CSGS7,q2_2020,1,oracle_ramp_mondrian,recent_power_outage,up,351,0.9601139601139601,0.0,17.605430603027344,0.5868476629257202,18.765405654907227
CSGS7,q2_2020,1,oracle_ramp_mondrian,weather_outage,down,453,0.9492273730684326,0.0,17.602222442626953,0.5867407321929932,18.786972045898438
CSGS7,q2_2020,1,oracle_ramp_mondrian,weather_outage,up,351,0.9658119658119658,0.0,17.659957885742188,0.588665246963501,19.270957946777344
CSGS7,q2_2020,1,persistence_condition_cqr,clean,down,453,0.008830022075055188,0.8911699779249448,6.013241767883301,0.2004413902759552,59.017356872558594
CSGS7,q2_2020,1,persistence_condition_cqr,clean,up,351,0.002849002849002849,0.8971509971509972,5.986660003662109,0.19955533742904663,59.40326690673828
CSGS7,q2_2020,1,persistence_condition_cqr,combined_outage,down,453,0.9116997792494481,0.0,25.19129753112793,0.8397099375724792,28.7553768157959
CSGS7,q2_2020,1,persistence_condition_cqr,combined_outage,up,351,0.9743589743589743,0.0,23.996511459350586,0.7998837232589722,24.71134376525879
CSGS7,q2_2020,1,persistence_condition_cqr,irradiance_outage,down,453,0.008830022075055188,0.8911699779249448,6.013241767883301,0.2004413902759552,59.017356872558594
CSGS7,q2_2020,1,persistence_condition_cqr,irradiance_outage,up,351,0.002849002849002849,0.8971509971509972,5.986660003662109,0.19955533742904663,59.40326690673828
CSGS7,q2_2020,1,persistence_condition_cqr,recent_power_outage,down,453,0.9116997792494481,0.0,25.19129753112793,0.8397099375724792,28.7553768157959
CSGS7,q2_2020,1,persistence_condition_cqr,recent_power_outage,up,351,0.9743589743589743,0.0,23.996511459350586,0.7998837232589722,24.71134376525879
CSGS7,q2_2020,1,persistence_condition_cqr,weather_outage,down,453,0.008830022075055188,0.8911699779249448,6.013241767883301,0.2004413902759552,59.017356872558594
CSGS7,q2_2020,1,persistence_condition_cqr,weather_outage,up,351,0.002849002849002849,0.8971509971509972,5.986660003662109,0.19955533742904663,59.40326690673828
CSGS7,q2_2020,1,robust_condition_cqr,clean,down,453,0.6158940397350994,0.28410596026490065,9.648439407348633,0.32161465287208557,24.52191162109375
CSGS7,q2_2020,1,robust_condition_cqr,clean,up,351,0.6210826210826211,0.2789173789173789,9.887492179870605,0.329583078622818,24.818876266479492
CSGS7,q2_2020,1,robust_condition_cqr,combined_outage,down,453,0.7328918322295805,0.16710816777041948,11.291403770446777,0.3763801157474518,22.141563415527344
CSGS7,q2_2020,1,robust_condition_cqr,combined_outage,up,351,0.717948717948718,0.18205128205128207,10.908991813659668,0.36363306641578674,20.575599670410156
CSGS7,q2_2020,1,robust_condition_cqr,irradiance_outage,down,453,0.6622516556291391,0.2377483443708609,9.962791442871094,0.3320930600166321,21.78490447998047
CSGS7,q2_2020,1,robust_condition_cqr,irradiance_outage,up,351,0.6153846153846154,0.2846153846153846,10.473464965820312,0.3491154909133911,23.44131088256836
CSGS7,q2_2020,1,robust_condition_cqr,recent_power_outage,down,453,0.6754966887417219,0.22450331125827816,11.075661659240723,0.36918872594833374,23.314151763916016
CSGS7,q2_2020,1,robust_condition_cqr,recent_power_outage,up,351,0.7094017094017094,0.1905982905982906,11.043818473815918,0.3681272864341736,20.954627990722656
CSGS7,q2_2020,1,robust_condition_cqr,weather_outage,down,453,0.58719646799117,0.31280353200883004,9.731219291687012,0.3243739902973175,24.860519409179688
CSGS7,q2_2020,1,robust_condition_cqr,weather_outage,up,351,0.6524216524216524,0.24757834757834762,9.912949562072754,0.33043164014816284,23.512826919555664
CSGS7,q2_2020,1,robust_local_cqr,clean,down,453,0.7748344370860927,0.12516556291390735,12.229135513305664,0.4076378643512726,20.259296417236328
CSGS7,q2_2020,1,robust_local_cqr,clean,up,351,0.7948717948717948,0.1051282051282052,12.697477340698242,0.4232492446899414,20.43243980407715
CSGS7,q2_2020,1,robust_local_cqr,combined_outage,down,453,0.8366445916114791,0.06335540838852094,13.568161010742188,0.4522720277309418,20.484079360961914
CSGS7,q2_2020,1,robust_local_cqr,combined_outage,up,351,0.8062678062678063,0.09373219373219377,13.053486824035645,0.4351162314414978,18.26671600341797
CSGS7,q2_2020,1,robust_local_cqr,irradiance_outage,down,453,0.7770419426048565,0.12295805739514354,11.935267448425293,0.39784225821495056,19.066434860229492
CSGS7,q2_2020,1,robust_local_cqr,irradiance_outage,up,351,0.7777777777777778,0.12222222222222223,12.758397102355957,0.4252799153327942,19.56488037109375
CSGS7,q2_2020,1,robust_local_cqr,recent_power_outage,down,453,0.7880794701986755,0.1119205298013245,13.170010566711426,0.43900033831596375,20.208486557006836
CSGS7,q2_2020,1,robust_local_cqr,recent_power_outage,up,351,0.8547008547008547,0.04529914529914536,13.49541187286377,0.4498470723628998,18.23784637451172
CSGS7,q2_2020,1,robust_local_cqr,weather_outage,down,453,0.7571743929359823,0.1428256070640177,12.313035011291504,0.4104345142841339,20.411928176879883
CSGS7,q2_2020,1,robust_local_cqr,weather_outage,up,351,0.8005698005698005,0.09943019943019948,12.705636978149414,0.4235212206840515,19.74583625793457
CSGS7,q2_2020,1,robust_risk_mondrian,clean,down,453,0.7704194260485652,0.12958057395143485,11.846611976623535,0.3948870599269867,20.219192504882812
CSGS7,q2_2020,1,robust_risk_mondrian,clean,up,351,0.7635327635327636,0.13646723646723646,12.02532958984375,0.4008443057537079,20.92812156677246
CSGS7,q2_2020,1,robust_risk_mondrian,combined_outage,down,453,0.7637969094922737,0.13620309050772628,11.814743995666504,0.3938247859477997,21.170772552490234
CSGS7,q2_2020,1,robust_risk_mondrian,combined_outage,up,351,0.7350427350427351,0.16495726495726493,11.34805965423584,0.37826865911483765,20.029457092285156
CSGS7,q2_2020,1,robust_risk_mondrian,irradiance_outage,down,453,0.7637969094922737,0.13620309050772628,11.583526611328125,0.386117547750473,19.081863403320312
CSGS7,q2_2020,1,robust_risk_mondrian,irradiance_outage,up,351,0.7549857549857549,0.1450142450142451,12.079610824584961,0.40265369415283203,20.17317771911621
CSGS7,q2_2020,1,robust_risk_mondrian,recent_power_outage,down,453,0.7836644591611479,0.11633554083885211,13.205418586730957,0.44018062949180603,19.969615936279297
CSGS7,q2_2020,1,robust_risk_mondrian,recent_power_outage,up,351,0.8376068376068376,0.062393162393162394,13.167404174804688,0.4389134645462036,18.581626892089844
CSGS7,q2_2020,1,robust_risk_mondrian,weather_outage,down,453,0.7726269315673289,0.12737306843267115,12.267326354980469,0.408910870552063,19.953462600708008
CSGS7,q2_2020,1,robust_risk_mondrian,weather_outage,up,351,0.7977207977207977,0.10227920227920229,12.37275505065918,0.41242516040802,19.876991271972656
CSGS7,q2_2020,1,robust_rolling_cqr,clean,down,453,0.6181015452538632,0.28189845474613684,9.71816349029541,0.32393878698349,24.361499786376953
CSGS7,q2_2020,1,robust_rolling_cqr,clean,up,351,0.6296296296296297,0.27037037037037037,9.956331253051758,0.3318777084350586,24.66629981994629
CSGS7,q2_2020,1,robust_rolling_cqr,combined_outage,down,453,0.7483443708609272,0.15165562913907282,11.414141654968262,0.3804713785648346,21.972213745117188
CSGS7,q2_2020,1,robust_rolling_cqr,combined_outage,up,351,0.7008547008547008,0.19914529914529921,11.040448188781738,0.368014931678772,20.53113555908203
CSGS7,q2_2020,1,robust_rolling_cqr,irradiance_outage,down,453,0.6644591611479028,0.2355408388520972,10.055047988891602,0.3351682722568512,21.585229873657227
CSGS7,q2_2020,1,robust_rolling_cqr,irradiance_outage,up,351,0.6210826210826211,0.2789173789173789,10.557938575744629,0.35193127393722534,23.280065536499023
CSGS7,q2_2020,1,robust_rolling_cqr,recent_power_outage,down,453,0.6688741721854304,0.23112582781456958,11.038782119750977,0.3679594099521637,23.388259887695312
CSGS7,q2_2020,1,robust_rolling_cqr,recent_power_outage,up,351,0.7094017094017094,0.1905982905982906,11.008605003356934,0.3669534921646118,21.03304672241211
CSGS7,q2_2020,1,robust_rolling_cqr,weather_outage,down,453,0.5938189845474614,0.3061810154525386,9.795122146606445,0.32650408148765564,24.68376350402832
CSGS7,q2_2020,1,robust_rolling_cqr,weather_outage,up,351,0.6638176638176638,0.2361823361823362,9.974764823913574,0.3324921727180481,23.38036346435547
CSGS7,q2_2020,4,clean_condition_cqr,clean,down,560,0.5785714285714286,0.3214285714285714,10.154507637023926,0.338483601808548,35.05438232421875
CSGS7,q2_2020,4,clean_condition_cqr,clean,up,501,0.7504990019960079,0.14950099800399208,9.739014625549316,0.32463380694389343,19.03124237060547
CSGS7,q2_2020,4,clean_condition_cqr,combined_outage,down,560,1.0,0.0,19.6054630279541,0.6535154581069946,19.6054630279541
CSGS7,q2_2020,4,clean_condition_cqr,combined_outage,up,501,0.936127744510978,0.0,21.333866119384766,0.7111288905143738,22.693132400512695
CSGS7,q2_2020,4,clean_condition_cqr,irradiance_outage,down,560,0.7446428571428572,0.15535714285714286,11.755221366882324,0.39184072613716125,21.585092544555664
CSGS7,q2_2020,4,clean_condition_cqr,irradiance_outage,up,501,0.7305389221556886,0.16946107784431141,10.651252746582031,0.3550417721271515,19.872953414916992
CSGS7,q2_2020,4,clean_condition_cqr,recent_power_outage,down,560,0.9839285714285714,0.0,16.90284538269043,0.5634281635284424,17.12430763244629
CSGS7,q2_2020,4,clean_condition_cqr,recent_power_outage,up,501,0.8323353293413174,0.06766467065868265,16.925405502319336,0.5641801953315735,23.173290252685547
CSGS7,q2_2020,4,clean_condition_cqr,weather_outage,down,560,0.6089285714285714,0.29107142857142865,10.580376625061035,0.35267922282218933,33.057456970214844
CSGS7,q2_2020,4,clean_condition_cqr,weather_outage,up,501,0.7504990019960079,0.14950099800399208,9.990506172180176,0.33301687240600586,19.943511962890625
CSGS7,q2_2020,4,lgbm_condition_cqr,clean,down,560,0.8053571428571429,0.09464285714285714,12.485925674438477,0.4161975085735321,19.788570404052734
CSGS7,q2_2020,4,lgbm_condition_cqr,clean,up,501,0.8642714570858283,0.03572854291417171,12.921847343444824,0.4307282567024231,15.814347267150879
CSGS7,q2_2020,4,lgbm_condition_cqr,combined_outage,down,560,1.0,0.0,18.014183044433594,0.6004727482795715,18.014183044433594
CSGS7,q2_2020,4,lgbm_condition_cqr,combined_outage,up,501,0.9740518962075848,0.0,18.85437774658203,0.6284792423248291,19.390329360961914
CSGS7,q2_2020,4,lgbm_condition_cqr,irradiance_outage,down,560,0.8910714285714286,0.008928571428571397,13.609808921813965,0.4536603093147278,17.45709228515625
CSGS7,q2_2020,4,lgbm_condition_cqr,irradiance_outage,up,501,0.9161676646706587,0.0,14.312139511108398,0.4770713150501251,16.275197982788086
CSGS7,q2_2020,4,lgbm_condition_cqr,recent_power_outage,down,560,0.9660714285714286,0.0,16.419227600097656,0.5473076105117798,16.801740646362305
CSGS7,q2_2020,4,lgbm_condition_cqr,recent_power_outage,up,501,0.9441117764471058,0.0,16.368200302124023,0.5456066727638245,17.450956344604492
CSGS7,q2_2020,4,lgbm_condition_cqr,weather_outage,down,560,0.8214285714285714,0.07857142857142863,12.602778434753418,0.4200926125049591,19.167539596557617
CSGS7,q2_2020,4,lgbm_condition_cqr,weather_outage,up,501,0.8602794411177644,0.03972055888223558,13.045561790466309,0.43485206365585327,16.146827697753906
CSGS7,q2_2020,4,oracle_ramp_mondrian,clean,down,560,0.8196428571428571,0.0803571428571429,13.613056182861328,0.4537685513496399,21.69242286682129
CSGS7,q2_2020,4,oracle_ramp_mondrian,clean,up,501,0.9021956087824351,0.0,12.094502449035645,0.4031500816345215,14.56404972076416
CSGS7,q2_2020,4,oracle_ramp_mondrian,combined_outage,down,560,0.8339285714285715,0.06607142857142856,13.578792572021484,0.45262640714645386,20.670516967773438
CSGS7,q2_2020,4,oracle_ramp_mondrian,combined_outage,up,501,0.8982035928143712,0.00179640718562879,12.050802230834961,0.4016934037208557,14.623777389526367
CSGS7,q2_2020,4,oracle_ramp_mondrian,irradiance_outage,down,560,0.8178571428571428,0.08214285714285718,13.001728057861328,0.43339094519615173,21.847219467163086
CSGS7,q2_2020,4,oracle_ramp_mondrian,irradiance_outage,up,501,0.8922155688622755,0.0077844311377245345,11.929930686950684,0.3976643681526184,14.840560913085938
CSGS7,q2_2020,4,oracle_ramp_mondrian,recent_power_outage,down,560,0.8017857142857143,0.0982142857142857,13.765897750854492,0.4588632583618164,21.138248443603516
CSGS7,q2_2020,4,oracle_ramp_mondrian,recent_power_outage,up,501,0.906187624750499,0.0,12.33289623260498,0.4110965430736542,14.670007705688477
CSGS7,q2_2020,4,oracle_ramp_mondrian,weather_outage,down,560,0.8375,0.0625,13.859272956848145,0.46197575330734253,21.27042579650879
CSGS7,q2_2020,4,oracle_ramp_mondrian,weather_outage,up,501,0.8902195608782435,0.009780439121756523,11.895369529724121,0.39651232957839966,15.032681465148926
CSGS7,q2_2020,4,persistence_condition_cqr,clean,down,560,0.48392857142857143,0.4160714285714286,16.847143173217773,0.5615714192390442,52.84099578857422
CSGS7,q2_2020,4,persistence_condition_cqr,clean,up,501,0.7385229540918163,0.16147704590818368,15.111620903015137,0.5037207007408142,28.243085861206055
CSGS7,q2_2020,4,persistence_condition_cqr,combined_outage,down,560,0.9107142857142857,0.0,27.7717227935791,0.9257240891456604,30.450532913208008
CSGS7,q2_2020,4,persistence_condition_cqr,combined_outage,up,501,0.9800399201596807,0.0,22.214885711669922,0.7404962182044983,22.554555892944336
CSGS7,q2_2020,4,persistence_condition_cqr,irradiance_outage,down,560,0.48392857142857143,0.4160714285714286,16.847143173217773,0.5615714192390442,52.84099578857422
CSGS7,q2_2020,4,persistence_condition_cqr,irradiance_outage,up,501,0.7385229540918163,0.16147704590818368,15.111620903015137,0.5037207007408142,28.243085861206055
CSGS7,q2_2020,4,persistence_condition_cqr,recent_power_outage,down,560,0.9107142857142857,0.0,27.7717227935791,0.9257240891456604,30.450532913208008
CSGS7,q2_2020,4,persistence_condition_cqr,recent_power_outage,up,501,0.9800399201596807,0.0,22.214885711669922,0.7404962182044983,22.554555892944336
CSGS7,q2_2020,4,persistence_condition_cqr,weather_outage,down,560,0.48392857142857143,0.4160714285714286,16.847143173217773,0.5615714192390442,52.84099578857422
CSGS7,q2_2020,4,persistence_condition_cqr,weather_outage,up,501,0.7385229540918163,0.16147704590818368,15.111620903015137,0.5037207007408142,28.243085861206055
CSGS7,q2_2020,4,robust_condition_cqr,clean,down,560,0.7196428571428571,0.18035714285714288,11.232952117919922,0.3744317293167114,25.024805068969727
CSGS7,q2_2020,4,robust_condition_cqr,clean,up,501,0.8043912175648703,0.09560878243512971,9.636162757873535,0.3212054371833801,15.577579498291016
CSGS7,q2_2020,4,robust_condition_cqr,combined_outage,down,560,0.7321428571428571,0.16785714285714293,11.480891227722168,0.38269636034965515,23.38324546813965
CSGS7,q2_2020,4,robust_condition_cqr,combined_outage,up,501,0.8043912175648703,0.09560878243512971,9.807475090026855,0.32691583037376404,15.478992462158203
CSGS7,q2_2020,4,robust_condition_cqr,irradiance_outage,down,560,0.7267857142857143,0.17321428571428577,10.961007118225098,0.3653669059276581,24.648996353149414
CSGS7,q2_2020,4,robust_condition_cqr,irradiance_outage,up,501,0.8163672654690619,0.08363273453093811,9.801055908203125,0.3267018496990204,15.69371509552002
CSGS7,q2_2020,4,robust_condition_cqr,recent_power_outage,down,560,0.7071428571428572,0.19285714285714284,11.805438995361328,0.39351463317871094,24.219125747680664
CSGS7,q2_2020,4,robust_condition_cqr,recent_power_outage,up,501,0.8283433133732535,0.07165668662674651,10.280937194824219,0.3426979184150696,15.304435729980469
CSGS7,q2_2020,4,robust_condition_cqr,weather_outage,down,560,0.7232142857142857,0.17678571428571432,11.610353469848633,0.3870117962360382,23.954843521118164
CSGS7,q2_2020,4,robust_condition_cqr,weather_outage,up,501,0.8003992015968064,0.09960079840319358,9.545598030090332,0.31818661093711853,16.355712890625
CSGS7,q2_2020,4,robust_local_cqr,clean,down,560,0.8107142857142857,0.0892857142857143,13.4225492477417,0.44741830229759216,21.64531707763672
CSGS7,q2_2020,4,robust_local_cqr,clean,up,501,0.9281437125748503,0.0,12.215346336364746,0.40717822313308716,14.192549705505371
CSGS7,q2_2020,4,robust_local_cqr,combined_outage,down,560,0.7839285714285714,0.1160714285714286,13.010723114013672,0.43369075655937195,20.98495101928711
CSGS7,q2_2020,4,robust_local_cqr,combined_outage,up,501,0.9161676646706587,0.0,11.483407974243164,0.3827802538871765,13.582873344421387
CSGS7,q2_2020,4,robust_local_cqr,irradiance_outage,down,560,0.8089285714285714,0.09107142857142858,12.88692855834961,0.42956429719924927,21.839019775390625
CSGS7,q2_2020,4,robust_local_cqr,irradiance_outage,up,501,0.9421157684630739,0.0,12.691792488098145,0.42305976152420044,14.681242942810059
CSGS7,q2_2020,4,robust_local_cqr,recent_power_outage,down,560,0.7982142857142858,0.10178571428571426,13.600998878479004,0.45336663722991943,21.06353187561035
CSGS7,q2_2020,4,robust_local_cqr,recent_power_outage,up,501,0.9421157684630739,0.0,12.512276649475098,0.41707590222358704,14.166688919067383
CSGS7,q2_2020,4,robust_local_cqr,weather_outage,down,560,0.8196428571428571,0.0803571428571429,13.562171936035156,0.452072411775589,21.28209114074707
CSGS7,q2_2020,4,robust_local_cqr,weather_outage,up,501,0.9181636726546906,0.0,11.78813362121582,0.3929377794265747,14.644570350646973
CSGS7,q2_2020,4,robust_risk_mondrian,clean,down,560,0.7857142857142857,0.11428571428571432,13.022974014282227,0.43409913778305054,23.017240524291992
CSGS7,q2_2020,4,robust_risk_mondrian,clean,up,501,0.8842315369261478,0.015768463073852268,11.556994438171387,0.3852331340312958,14.928472518920898
CSGS7,q2_2020,4,robust_risk_mondrian,combined_outage,down,560,0.7142857142857143,0.18571428571428572,11.255122184753418,0.3751707375049591,23.65587043762207
CSGS7,q2_2020,4,robust_risk_mondrian,combined_outage,up,501,0.8063872255489022,0.09361277445109784,10.216865539550781,0.34056219458580017,15.737244606018066
CSGS7,q2_2020,4,robust_risk_mondrian,irradiance_outage,down,560,0.8,0.09999999999999998,12.46008586883545,0.4153361916542053,22.85131072998047
CSGS7,q2_2020,4,robust_risk_mondrian,irradiance_outage,up,501,0.8802395209580839,0.019760479041916135,11.62590217590332,0.38753005862236023,15.08066177368164
CSGS7,q2_2020,4,robust_risk_mondrian,recent_power_outage,down,560,0.7321428571428571,0.16785714285714293,12.426844596862793,0.4142281413078308,23.404481887817383
CSGS7,q2_2020,4,robust_risk_mondrian,recent_power_outage,up,501,0.8522954091816367,0.04770459081836331,11.192412376403809,0.37308040261268616,15.28868293762207
CSGS7,q2_2020,4,robust_risk_mondrian,weather_outage,down,560,0.8178571428571428,0.08214285714285718,13.212934494018555,0.440431147813797,22.11572265625
CSGS7,q2_2020,4,robust_risk_mondrian,weather_outage,up,501,0.8622754491017964,0.03772455089820359,11.297228813171387,0.37657430768013,15.225971221923828
CSGS7,q2_2020,4,robust_rolling_cqr,clean,down,560,0.7053571428571429,0.19464285714285712,11.103705406188965,0.3701235055923462,25.47540855407715
CSGS7,q2_2020,4,robust_rolling_cqr,clean,up,501,0.8023952095808383,0.0976047904191617,9.52989387512207,0.31766313314437866,15.59691047668457
CSGS7,q2_2020,4,robust_rolling_cqr,combined_outage,down,560,0.7160714285714286,0.18392857142857144,11.234739303588867,0.37449130415916443,24.13326072692871
CSGS7,q2_2020,4,robust_rolling_cqr,combined_outage,up,501,0.7964071856287425,0.10359281437125756,9.609331130981445,0.320311039686203,15.61086368560791
CSGS7,q2_2020,4,robust_rolling_cqr,irradiance_outage,down,560,0.7178571428571429,0.18214285714285716,10.867536544799805,0.3622512221336365,25.014619827270508
CSGS7,q2_2020,4,robust_rolling_cqr,irradiance_outage,up,501,0.8003992015968064,0.09960079840319358,9.737065315246582,0.32456883788108826,15.814496994018555
CSGS7,q2_2020,4,robust_rolling_cqr,recent_power_outage,down,560,0.6875,0.21250000000000002,11.442761421203613,0.3814253807067871,25.082304000854492
CSGS7,q2_2020,4,robust_rolling_cqr,recent_power_outage,up,501,0.8083832335329342,0.09161676646706585,9.932695388793945,0.3310898542404175,15.639542579650879
CSGS7,q2_2020,4,robust_rolling_cqr,weather_outage,down,560,0.7125,0.1875,11.275626182556152,0.3758541941642761,24.765153884887695
CSGS7,q2_2020,4,robust_rolling_cqr,weather_outage,up,501,0.7844311377245509,0.11556886227544916,9.233841896057129,0.3077947199344635,16.667083740234375
CSGS7,q3_2020,1,clean_condition_cqr,clean,down,482,0.529045643153527,0.37095435684647304,8.911446571350098,0.2970482110977173,28.115991592407227
CSGS7,q3_2020,1,clean_condition_cqr,clean,up,446,0.40358744394618834,0.4964125560538117,8.147733688354492,0.2715911269187927,34.45038986206055
CSGS7,q3_2020,1,clean_condition_cqr,combined_outage,down,482,0.995850622406639,0.0,20.40380859375,0.680126965045929,20.475326538085938
CSGS7,q3_2020,1,clean_condition_cqr,combined_outage,up,446,0.7354260089686099,0.16457399103139014,20.43297576904297,0.6810991764068604,33.18077850341797
CSGS7,q3_2020,1,clean_condition_cqr,irradiance_outage,down,482,0.8049792531120332,0.0950207468879668,11.055984497070312,0.36853280663490295,16.421688079833984
CSGS7,q3_2020,1,clean_condition_cqr,irradiance_outage,up,446,0.36995515695067266,0.5300448430493274,9.179253578186035,0.3059751093387604,40.82431411743164
CSGS7,q3_2020,1,clean_condition_cqr,recent_power_outage,down,482,1.0,0.0,20.393108367919922,0.679770290851593,20.393108367919922
CSGS7,q3_2020,1,clean_condition_cqr,recent_power_outage,up,446,0.742152466367713,0.15784753363228698,19.158124923706055,0.6386041641235352,31.248584747314453
CSGS7,q3_2020,1,clean_condition_cqr,weather_outage,down,482,0.5269709543568465,0.37302904564315353,8.937390327453613,0.2979130148887634,28.985994338989258
CSGS7,q3_2020,1,clean_condition_cqr,weather_outage,up,446,0.4192825112107623,0.4807174887892377,8.199649810791016,0.27332165837287903,33.790138244628906
CSGS7,q3_2020,1,lgbm_condition_cqr,clean,down,482,0.7033195020746889,0.19668049792531117,11.206964492797852,0.3735654950141907,20.494749069213867
CSGS7,q3_2020,1,lgbm_condition_cqr,clean,up,446,0.6636771300448431,0.23632286995515694,11.277827262878418,0.37592756748199463,23.929597854614258
CSGS7,q3_2020,1,lgbm_condition_cqr,combined_outage,down,482,0.991701244813278,0.0,19.404516220092773,0.6468172073364258,19.597930908203125
CSGS7,q3_2020,1,lgbm_condition_cqr,combined_outage,up,446,0.7130044843049327,0.18699551569506734,19.889070510864258,0.6629689931869507,34.0278434753418
CSGS7,q3_2020,1,lgbm_condition_cqr,irradiance_outage,down,482,0.7199170124481328,0.18008298755186725,10.687923431396484,0.3562641143798828,19.202669143676758
CSGS7,q3_2020,1,lgbm_condition_cqr,irradiance_outage,up,446,0.5986547085201793,0.3013452914798207,10.809538841247559,0.36031797528266907,27.20685577392578
CSGS7,q3_2020,1,lgbm_condition_cqr,recent_power_outage,down,482,0.9937759336099585,0.0,19.73317527770996,0.6577724814414978,19.82047462463379
CSGS7,q3_2020,1,lgbm_condition_cqr,recent_power_outage,up,446,0.7443946188340808,0.15560538116591927,19.89658546447754,0.6632195115089417,32.16047668457031
CSGS7,q3_2020,1,lgbm_condition_cqr,weather_outage,down,482,0.7095435684647303,0.1904564315352697,11.021927833557129,0.36739760637283325,20.05782699584961
CSGS7,q3_2020,1,lgbm_condition_cqr,weather_outage,up,446,0.625560538116592,0.27443946188340806,11.057726860046387,0.3685908913612366,25.54127311706543
CSGS7,q3_2020,1,oracle_ramp_mondrian,clean,down,482,0.9336099585062241,0.0,15.173359870910645,0.5057786703109741,17.661346435546875
CSGS7,q3_2020,1,oracle_ramp_mondrian,clean,up,446,0.8497757847533632,0.05022421524663678,14.68878173828125,0.48962604999542236,20.267173767089844
CSGS7,q3_2020,1,oracle_ramp_mondrian,combined_outage,down,482,0.8941908713692946,0.0058091286307053736,15.113753318786621,0.5037917494773865,18.240018844604492
CSGS7,q3_2020,1,oracle_ramp_mondrian,combined_outage,up,446,0.8497757847533632,0.05022421524663678,14.578845024108887,0.4859614968299866,19.76749038696289
CSGS7,q3_2020,1,oracle_ramp_mondrian,irradiance_outage,down,482,0.9149377593360996,0.0,15.412227630615234,0.5137408971786499,17.840824127197266
CSGS7,q3_2020,1,oracle_ramp_mondrian,irradiance_outage,up,446,0.852017937219731,0.047982062780269064,14.817811965942383,0.4939270615577698,19.53196907043457
CSGS7,q3_2020,1,oracle_ramp_mondrian,recent_power_outage,down,482,0.9024896265560166,0.0,15.431215286254883,0.5143738389015198,18.30889320373535
CSGS7,q3_2020,1,oracle_ramp_mondrian,recent_power_outage,up,446,0.8139013452914798,0.08609865470852018,14.238038063049316,0.47460126876831055,20.791698455810547
CSGS7,q3_2020,1,oracle_ramp_mondrian,weather_outage,down,482,0.9087136929460581,0.0,15.182758331298828,0.5060919523239136,18.072690963745117
CSGS7,q3_2020,1,oracle_ramp_mondrian,weather_outage,up,446,0.8542600896860987,0.045739910313901344,14.752035140991211,0.49173450469970703,19.68254852294922
CSGS7,q3_2020,1,persistence_condition_cqr,clean,down,482,0.2821576763485477,0.6178423236514523,7.616806507110596,0.25389355421066284,47.695621490478516
CSGS7,q3_2020,1,persistence_condition_cqr,clean,up,446,0.23766816143497757,0.6623318385650224,7.5942864418029785,0.2531428933143616,48.38029861450195
CSGS7,q3_2020,1,persistence_condition_cqr,combined_outage,down,482,0.8775933609958506,0.02240663900414941,22.32982063293457,0.7443273663520813,29.056875228881836
CSGS7,q3_2020,1,persistence_condition_cqr,combined_outage,up,446,0.8139013452914798,0.08609865470852018,20.268402099609375,0.6756134033203125,31.01664161682129
CSGS7,q3_2020,1,persistence_condition_cqr,irradiance_outage,down,482,0.2821576763485477,0.6178423236514523,7.616806507110596,0.25389355421066284,47.695621490478516
CSGS7,q3_2020,1,persistence_condition_cqr,irradiance_outage,up,446,0.23766816143497757,0.6623318385650224,7.5942864418029785,0.2531428933143616,48.38029861450195
CSGS7,q3_2020,1,persistence_condition_cqr,recent_power_outage,down,482,0.8775933609958506,0.02240663900414941,22.32982063293457,0.7443273663520813,29.056875228881836
CSGS7,q3_2020,1,persistence_condition_cqr,recent_power_outage,up,446,0.8139013452914798,0.08609865470852018,20.268402099609375,0.6756134033203125,31.01664161682129
CSGS7,q3_2020,1,persistence_condition_cqr,weather_outage,down,482,0.2821576763485477,0.6178423236514523,7.616806507110596,0.25389355421066284,47.695621490478516
CSGS7,q3_2020,1,persistence_condition_cqr,weather_outage,up,446,0.23766816143497757,0.6623318385650224,7.5942864418029785,0.2531428933143616,48.38029861450195
CSGS7,q3_2020,1,robust_condition_cqr,clean,down,482,0.6659751037344398,0.23402489626556022,10.12913703918457,0.33763790130615234,21.857397079467773
CSGS7,q3_2020,1,robust_condition_cqr,clean,up,446,0.5403587443946188,0.3596412556053812,9.639273643493652,0.3213091194629669,29.887453079223633
CSGS7,q3_2020,1,robust_condition_cqr,combined_outage,down,482,0.7531120331950207,0.1468879668049793,11.01516342163086,0.36717212200164795,21.31549835205078
CSGS7,q3_2020,1,robust_condition_cqr,combined_outage,up,446,0.6098654708520179,0.2901345291479821,10.372456550598145,0.34574854373931885,26.20106315612793
CSGS7,q3_2020,1,robust_condition_cqr,irradiance_outage,down,482,0.7282157676348547,0.17178423236514528,10.731679916381836,0.357722669839859,20.68960189819336
CSGS7,q3_2020,1,robust_condition_cqr,irradiance_outage,up,446,0.5739910313901345,0.3260089686098655,10.107626914978027,0.3369208872318268,27.864728927612305
CSGS7,q3_2020,1,robust_condition_cqr,recent_power_outage,down,482,0.7302904564315352,0.1697095435684648,10.831757545471191,0.3610585927963257,22.0345516204834
CSGS7,q3_2020,1,robust_condition_cqr,recent_power_outage,up,446,0.515695067264574,0.384304932735426,9.609899520874023,0.3203299939632416,31.24027442932129
CSGS7,q3_2020,1,robust_condition_cqr,weather_outage,down,482,0.6784232365145229,0.22157676348547717,10.298493385314941,0.34328311681747437,22.408899307250977
CSGS7,q3_2020,1,robust_condition_cqr,weather_outage,up,446,0.57847533632287,0.32152466367713006,9.86221694946289,0.32874056696891785,28.29422378540039
CSGS7,q3_2020,1,robust_local_cqr,clean,down,482,0.7925311203319502,0.10746887966804985,12.17257308959961,0.4057524502277374,18.81399917602539
CSGS7,q3_2020,1,robust_local_cqr,clean,up,446,0.679372197309417,0.22062780269058302,11.738676071166992,0.39128920435905457,24.211368560791016
CSGS7,q3_2020,1,robust_local_cqr,combined_outage,down,482,0.8485477178423236,0.05145228215767639,13.582603454589844,0.4527534544467926,19.77643585205078
CSGS7,q3_2020,1,robust_local_cqr,combined_outage,up,446,0.7309417040358744,0.16905829596412558,12.733354568481445,0.42444515228271484,22.003494262695312
CSGS7,q3_2020,1,robust_local_cqr,irradiance_outage,down,482,0.8278008298755186,0.0721991701244814,12.581233024597168,0.4193744361400604,18.461809158325195
CSGS7,q3_2020,1,robust_local_cqr,irradiance_outage,up,446,0.6928251121076233,0.2071748878923767,12.070473670959473,0.4023491144180298,23.163883209228516
CSGS7,q3_2020,1,robust_local_cqr,recent_power_outage,down,482,0.8091286307053942,0.09087136929460582,12.749841690063477,0.42499473690986633,19.36246681213379
CSGS7,q3_2020,1,robust_local_cqr,recent_power_outage,up,446,0.6502242152466368,0.24977578475336326,11.671639442443848,0.38905465602874756,24.957271575927734
CSGS7,q3_2020,1,robust_local_cqr,weather_outage,down,482,0.7966804979253111,0.10331950207468887,12.421917915344238,0.4140639305114746,19.16399383544922
CSGS7,q3_2020,1,robust_local_cqr,weather_outage,up,446,0.6838565022421524,0.21614349775784758,11.98890495300293,0.3996301591396332,22.961652755737305
CSGS7,q3_2020,1,robust_risk_mondrian,clean,down,482,0.7842323651452282,0.11576763485477182,11.744279861450195,0.39147600531578064,19.257192611694336
CSGS7,q3_2020,1,robust_risk_mondrian,clean,up,446,0.6412556053811659,0.25874439461883414,11.191514015197754,0.3730504810810089,25.43899917602539
CSGS7,q3_2020,1,robust_risk_mondrian,combined_outage,down,482,0.8008298755186722,0.09917012448132778,12.359848976135254,0.41199496388435364,19.48651885986328
CSGS7,q3_2020,1,robust_risk_mondrian,combined_outage,up,446,0.7107623318385651,0.18923766816143495,11.76154613494873,0.3920515477657318,23.24412727355957
CSGS7,q3_2020,1,robust_risk_mondrian,irradiance_outage,down,482,0.7904564315352697,0.10954356846473035,12.173757553100586,0.40579190850257874,19.0703182220459
CSGS7,q3_2020,1,robust_risk_mondrian,irradiance_outage,up,446,0.6591928251121076,0.24080717488789238,11.548812866210938,0.38496044278144836,24.37119483947754
CSGS7,q3_2020,1,robust_risk_mondrian,recent_power_outage,down,482,0.7925311203319502,0.10746887966804985,12.206869125366211,0.40689563751220703,19.86574935913086
CSGS7,q3_2020,1,robust_risk_mondrian,recent_power_outage,up,446,0.6233183856502242,0.2766816143497758,11.129695892333984,0.3709898591041565,26.337596893310547
CSGS7,q3_2020,1,robust_risk_mondrian,weather_outage,down,482,0.7800829875518672,0.1199170124481328,11.86848258972168,0.3956160843372345,19.917457580566406
CSGS7,q3_2020,1,robust_risk_mondrian,weather_outage,up,446,0.6636771300448431,0.23632286995515694,11.350761413574219,0.37835872173309326,24.396093368530273
CSGS7,q3_2020,1,robust_rolling_cqr,clean,down,482,0.6887966804979253,0.21120331950207472,10.387420654296875,0.3462473452091217,21.369945526123047
CSGS7,q3_2020,1,robust_rolling_cqr,clean,up,446,0.5605381165919282,0.3394618834080718,9.889471054077148,0.32964903116226196,29.10646629333496
CSGS7,q3_2020,1,robust_rolling_cqr,combined_outage,down,482,0.7717842323651453,0.12821576763485476,11.739142417907715,0.39130476117134094,20.618162155151367
CSGS7,q3_2020,1,robust_rolling_cqr,combined_outage,up,446,0.6636771300448431,0.23632286995515694,11.092412948608398,0.3697471022605896,24.624107360839844
CSGS7,q3_2020,1,robust_rolling_cqr,irradiance_outage,down,482,0.7323651452282157,0.1676348547717843,10.916767120361328,0.36389222741127014,20.360328674316406
CSGS7,q3_2020,1,robust_rolling_cqr,irradiance_outage,up,446,0.5919282511210763,0.30807174887892375,10.281731605529785,0.34272438287734985,27.374048233032227
CSGS7,q3_2020,1,robust_rolling_cqr,recent_power_outage,down,482,0.7551867219917012,0.1448132780082988,11.241484642028809,0.3747161626815796,21.4952335357666
CSGS7,q3_2020,1,robust_rolling_cqr,recent_power_outage,up,446,0.5493273542600897,0.3506726457399103,10.005569458007812,0.33351898193359375,29.967376708984375
CSGS7,q3_2020,1,robust_rolling_cqr,weather_outage,down,482,0.6970954356846473,0.20290456431535275,10.500859260559082,0.3500286340713501,22.037992477416992
CSGS7,q3_2020,1,robust_rolling_cqr,weather_outage,up,446,0.5896860986547086,0.31031390134529147,10.056243896484375,0.33520811796188354,27.757423400878906
CSGS7,q3_2020,4,clean_condition_cqr,clean,down,533,0.724202626641651,0.175797373358349,10.58088207244873,0.3526960611343384,25.376075744628906
CSGS7,q3_2020,4,clean_condition_cqr,clean,up,478,0.5271966527196653,0.3728033472803347,11.191606521606445,0.37305355072021484,33.80508041381836
CSGS7,q3_2020,4,clean_condition_cqr,combined_outage,down,533,0.99812382739212,0.0,16.34792709350586,0.5449308753013611,16.353830337524414
CSGS7,q3_2020,4,clean_condition_cqr,combined_outage,up,478,0.7364016736401674,0.16359832635983262,20.172922134399414,0.6724307537078857,32.00336837768555
CSGS7,q3_2020,4,clean_condition_cqr,irradiance_outage,down,533,0.7579737335834896,0.1420262664165104,10.689905166625977,0.35633018612861633,21.02197265625
CSGS7,q3_2020,4,clean_condition_cqr,irradiance_outage,up,478,0.48326359832635984,0.4167364016736402,10.885163307189941,0.3628387749195099,34.27875900268555
CSGS7,q3_2020,4,clean_condition_cqr,recent_power_outage,down,533,0.9568480300187617,0.0,13.32459831237793,0.4441532790660858,14.210897445678711
CSGS7,q3_2020,4,clean_condition_cqr,recent_power_outage,up,478,0.47489539748953974,0.4251046025104603,12.985194206237793,0.4328398108482361,45.77275085449219
CSGS7,q3_2020,4,clean_condition_cqr,weather_outage,down,533,0.7335834896810507,0.16641651031894933,10.794949531555176,0.35983166098594666,24.881593704223633
CSGS7,q3_2020,4,clean_condition_cqr,weather_outage,up,478,0.5711297071129707,0.3288702928870293,11.491169929504395,0.3830389976501465,33.30576705932617
CSGS7,q3_2020,4,lgbm_condition_cqr,clean,down,533,0.8461538461538461,0.05384615384615388,12.328871726989746,0.41096240282058716,17.735034942626953
CSGS7,q3_2020,4,lgbm_condition_cqr,clean,up,478,0.7782426778242678,0.12175732217573221,15.072670936584473,0.5024223923683167,22.39271354675293
CSGS7,q3_2020,4,lgbm_condition_cqr,combined_outage,down,533,1.0,0.0,16.46712875366211,0.548904299736023,16.46712875366211
CSGS7,q3_2020,4,lgbm_condition_cqr,combined_outage,up,478,0.8807531380753139,0.019246861924686165,19.52399253845215,0.6507997512817383,22.40800666809082
CSGS7,q3_2020,4,lgbm_condition_cqr,irradiance_outage,down,533,0.8818011257035647,0.018198874296435297,12.969036102294922,0.43230119347572327,16.649988174438477
CSGS7,q3_2020,4,lgbm_condition_cqr,irradiance_outage,up,478,0.805439330543933,0.094560669456067,15.680316925048828,0.5226772427558899,21.34319496154785
CSGS7,q3_2020,4,lgbm_condition_cqr,recent_power_outage,down,533,0.9887429643527205,0.0,15.086565017700195,0.5028855204582214,15.238000869750977
CSGS7,q3_2020,4,lgbm_condition_cqr,recent_power_outage,up,478,0.8158995815899581,0.0841004184100419,17.582138061523438,0.586071252822876,22.816574096679688
CSGS7,q3_2020,4,lgbm_condition_cqr,weather_outage,down,533,0.8424015009380863,0.05759849906191372,12.09455680847168,0.40315189957618713,17.464275360107422
CSGS7,q3_2020,4,lgbm_condition_cqr,weather_outage,up,478,0.7510460251046025,0.14895397489539752,14.885990142822266,0.49619966745376587,23.200258255004883
CSGS7,q3_2020,4,oracle_ramp_mondrian,clean,down,533,0.8855534709193246,0.014446529080675452,14.954411506652832,0.4984803795814514,19.54681968688965
CSGS7,q3_2020,4,oracle_ramp_mondrian,clean,up,478,0.8514644351464435,0.04853556485355648,15.825606346130371,0.5275202393531799,21.063554763793945
CSGS7,q3_2020,4,oracle_ramp_mondrian,combined_outage,down,533,0.926829268292683,0.0,15.18409538269043,0.5061365365982056,17.7427921295166
CSGS7,q3_2020,4,oracle_ramp_mondrian,combined_outage,up,478,0.891213389121339,0.00878661087866106,17.12081527709961,0.570693850517273,21.152597427368164
CSGS7,q3_2020,4,oracle_ramp_mondrian,irradiance_outage,down,533,0.8949343339587242,0.005065666041275785,14.65954875946045,0.4886516332626343,19.046171188354492
CSGS7,q3_2020,4,oracle_ramp_mondrian,irradiance_outage,up,478,0.8347280334728033,0.06527196652719669,15.437690734863281,0.5145896673202515,21.31390380859375
CSGS7,q3_2020,4,oracle_ramp_mondrian,recent_power_outage,down,533,0.9118198874296435,0.0,15.109891891479492,0.5036630630493164,18.3470458984375
CSGS7,q3_2020,4,oracle_ramp_mondrian,recent_power_outage,up,478,0.8410041841004184,0.05899581589958158,16.07801628112793,0.5359338521957397,20.735620498657227
CSGS7,q3_2020,4,oracle_ramp_mondrian,weather_outage,down,533,0.8930581613508443,0.006941838649155763,14.69064998626709,0.48968833684921265,18.746715545654297
CSGS7,q3_2020,4,oracle_ramp_mondrian,weather_outage,up,478,0.8305439330543933,0.06945606694560669,15.674126625061035,0.5224708914756775,22.76089859008789
CSGS7,q3_2020,4,persistence_condition_cqr,clean,down,533,0.3921200750469043,0.5078799249530956,14.789798736572266,0.4929932951927185,56.21666717529297
CSGS7,q3_2020,4,persistence_condition_cqr,clean,up,478,0.40376569037656906,0.49623430962343096,13.594799995422363,0.45315998792648315,48.61941909790039
CSGS7,q3_2020,4,persistence_condition_cqr,combined_outage,down,533,0.8236397748592871,0.07636022514071295,25.72715187072754,0.8575717210769653,35.311546325683594
CSGS7,q3_2020,4,persistence_condition_cqr,combined_outage,up,478,0.797071129707113,0.102928870292887,20.79607391357422,0.6932024359703064,29.484386444091797
CSGS7,q3_2020,4,persistence_condition_cqr,irradiance_outage,down,533,0.3921200750469043,0.5078799249530956,14.789798736572266,0.4929932951927185,56.21666717529297
CSGS7,q3_2020,4,persistence_condition_cqr,irradiance_outage,up,478,0.40376569037656906,0.49623430962343096,13.594799995422363,0.45315998792648315,48.61941909790039
CSGS7,q3_2020,4,persistence_condition_cqr,recent_power_outage,down,533,0.8236397748592871,0.07636022514071295,25.72715187072754,0.8575717210769653,35.311546325683594
CSGS7,q3_2020,4,persistence_condition_cqr,recent_power_outage,up,478,0.797071129707113,0.102928870292887,20.79607391357422,0.6932024359703064,29.484386444091797
CSGS7,q3_2020,4,persistence_condition_cqr,weather_outage,down,533,0.3921200750469043,0.5078799249530956,14.789798736572266,0.4929932951927185,56.21666717529297
CSGS7,q3_2020,4,persistence_condition_cqr,weather_outage,up,478,0.40376569037656906,0.49623430962343096,13.594799995422363,0.45315998792648315,48.61941909790039
CSGS7,q3_2020,4,robust_condition_cqr,clean,down,533,0.7560975609756098,0.14390243902439026,11.064769744873047,0.36882564425468445,22.282176971435547
CSGS7,q3_2020,4,robust_condition_cqr,clean,up,478,0.6171548117154811,0.2828451882845189,11.636310577392578,0.3878770172595978,27.285152435302734
CSGS7,q3_2020,4,robust_condition_cqr,combined_outage,down,533,0.774859287054409,0.12514071294559104,10.837013244628906,0.36123377084732056,20.12716293334961
CSGS7,q3_2020,4,robust_condition_cqr,combined_outage,up,478,0.702928870292887,0.19707112970711305,12.205015182495117,0.40683382749557495,25.776649475097656
CSGS7,q3_2020,4,robust_condition_cqr,irradiance_outage,down,533,0.7879924953095685,0.11200750469043153,11.362040519714355,0.37873467803001404,21.07389259338379
CSGS7,q3_2020,4,robust_condition_cqr,irradiance_outage,up,478,0.6631799163179917,0.23682008368200835,11.872344017028809,0.39574480056762695,26.322147369384766
CSGS7,q3_2020,4,robust_condition_cqr,recent_power_outage,down,533,0.8030018761726079,0.09699812382739215,11.360889434814453,0.3786963224411011,20.458065032958984
CSGS7,q3_2020,4,robust_condition_cqr,recent_power_outage,up,478,0.6527196652719666,0.24728033472803346,11.969965934753418,0.39899885654449463,27.031204223632812
CSGS7,q3_2020,4,robust_condition_cqr,weather_outage,down,533,0.774859287054409,0.12514071294559104,11.083270072937012,0.369442343711853,21.320228576660156
CSGS7,q3_2020,4,robust_condition_cqr,weather_outage,up,478,0.6464435146443515,0.25355648535564856,11.750692367553711,0.3916897475719452,29.111276626586914
CSGS7,q3_2020,4,robust_local_cqr,clean,down,533,0.8386491557223265,0.061350844277673566,13.02151107788086,0.43405038118362427,19.36492919921875
CSGS7,q3_2020,4,robust_local_cqr,clean,up,478,0.7782426778242678,0.12175732217573221,14.297904014587402,0.47659680247306824,22.644338607788086
CSGS7,q3_2020,4,robust_local_cqr,combined_outage,down,533,0.8236397748592871,0.07636022514071295,12.23771858215332,0.40792396664619446,17.512210845947266
CSGS7,q3_2020,4,robust_local_cqr,combined_outage,up,478,0.8075313807531381,0.0924686192468619,14.388459205627441,0.47961530089378357,22.399049758911133
CSGS7,q3_2020,4,robust_local_cqr,irradiance_outage,down,533,0.8442776735459663,0.055722326454033744,13.109185218811035,0.43697282671928406,18.673410415649414
CSGS7,q3_2020,4,robust_local_cqr,irradiance_outage,up,478,0.7845188284518828,0.11548117154811721,14.375499725341797,0.4791833162307739,22.612918853759766
CSGS7,q3_2020,4,robust_local_cqr,recent_power_outage,down,533,0.8574108818011257,0.04258911819887434,13.309311866760254,0.443643718957901,17.68017578125
CSGS7,q3_2020,4,robust_local_cqr,recent_power_outage,up,478,0.7824267782426778,0.11757322175732221,14.690389633178711,0.4896796643733978,21.87864875793457
CSGS7,q3_2020,4,robust_local_cqr,weather_outage,down,533,0.8367729831144465,0.06322701688555354,12.902352333068848,0.4300784170627594,18.602373123168945
CSGS7,q3_2020,4,robust_local_cqr,weather_outage,up,478,0.7866108786610879,0.1133891213389121,14.371124267578125,0.47903746366500854,24.26052474975586
CSGS7,q3_2020,4,robust_risk_mondrian,clean,down,533,0.8367729831144465,0.06322701688555354,12.445332527160645,0.41484442353248596,20.835655212402344
CSGS7,q3_2020,4,robust_risk_mondrian,clean,up,478,0.7259414225941423,0.17405857740585773,13.199721336364746,0.43999069929122925,24.208433151245117
CSGS7,q3_2020,4,robust_risk_mondrian,combined_outage,down,533,0.7917448405253283,0.10825515947467168,11.280287742614746,0.37600958347320557,19.386701583862305
CSGS7,q3_2020,4,robust_risk_mondrian,combined_outage,up,478,0.7364016736401674,0.16359832635983262,12.709715843200684,0.42365720868110657,24.672304153442383
CSGS7,q3_2020,4,robust_risk_mondrian,irradiance_outage,down,533,0.8386491557223265,0.061350844277673566,12.780210494995117,0.4260070025920868,20.052270889282227
CSGS7,q3_2020,4,robust_risk_mondrian,irradiance_outage,up,478,0.7510460251046025,0.14895397489539752,13.302352905273438,0.44341176748275757,23.930713653564453
CSGS7,q3_2020,4,robust_risk_mondrian,recent_power_outage,down,533,0.8292682926829268,0.07073170731707323,12.327226638793945,0.4109075665473938,19.69839096069336
CSGS7,q3_2020,4,robust_risk_mondrian,recent_power_outage,up,478,0.7092050209205021,0.19079497907949794,13.11319351196289,0.4371064603328705,24.6070499420166
CSGS7,q3_2020,4,robust_risk_mondrian,weather_outage,down,533,0.8198874296435272,0.08011257035647279,12.38081169128418,0.41269370913505554,19.967317581176758
CSGS7,q3_2020,4,robust_risk_mondrian,weather_outage,up,478,0.7071129707112971,0.19288702928870294,13.090009689331055,0.43633365631103516,26.32560157775879
CSGS7,q3_2020,4,robust_rolling_cqr,clean,down,533,0.7879924953095685,0.11200750469043153,11.608145713806152,0.3869381844997406,21.777393341064453
CSGS7,q3_2020,4,robust_rolling_cqr,clean,up,478,0.6610878661087866,0.23891213389121346,12.179726600646973,0.4059908986091614,25.812028884887695
CSGS7,q3_2020,4,robust_rolling_cqr,combined_outage,down,533,0.7936210131332082,0.10637898686679181,11.15025520324707,0.37167516350746155,19.632118225097656
CSGS7,q3_2020,4,robust_rolling_cqr,combined_outage,up,478,0.7238493723849372,0.17615062761506284,12.605887413024902,0.4201962351799011,24.996463775634766
CSGS7,q3_2020,4,robust_rolling_cqr,irradiance_outage,down,533,0.801125703564728,0.09887429643527201,11.70853328704834,0.3902844488620758,20.714391708374023
CSGS7,q3_2020,4,robust_rolling_cqr,irradiance_outage,up,478,0.700836820083682,0.19916317991631804,12.224042892456055,0.40746811032295227,25.52433967590332
CSGS7,q3_2020,4,robust_rolling_cqr,recent_power_outage,down,533,0.8048780487804879,0.09512195121951217,11.630642890930176,0.3876881003379822,20.37102699279785
CSGS7,q3_2020,4,robust_rolling_cqr,recent_power_outage,up,478,0.6673640167364017,0.23263598326359836,12.23513412475586,0.40783780813217163,26.32785987854004
CSGS7,q3_2020,4,robust_rolling_cqr,weather_outage,down,533,0.797373358348968,0.10262664165103197,11.545934677124023,0.38486447930336,20.917335510253906
CSGS7,q3_2020,4,robust_rolling_cqr,weather_outage,up,478,0.6694560669456067,0.23054393305439336,12.252004623413086,0.40840014815330505,27.785892486572266
CSGS7,q4_2020,1,clean_condition_cqr,clean,down,283,0.38515901060070673,0.5148409893992933,9.05073070526123,0.3016910254955292,40.0476188659668
CSGS7,q4_2020,1,clean_condition_cqr,clean,up,285,0.5754385964912281,0.32456140350877194,9.469354629516602,0.31564515829086304,28.177106857299805
CSGS7,q4_2020,1,clean_condition_cqr,combined_outage,down,283,0.9363957597173145,0.0,18.579381942749023,0.6193127036094666,20.221559524536133
CSGS7,q4_2020,1,clean_condition_cqr,combined_outage,up,285,0.6526315789473685,0.24736842105263157,18.611309051513672,0.6203769445419312,41.02763748168945
CSGS7,q4_2020,1,clean_condition_cqr,irradiance_outage,down,283,0.6925795053003534,0.20742049469964663,12.024168014526367,0.40080559253692627,21.702341079711914
CSGS7,q4_2020,1,clean_condition_cqr,irradiance_outage,up,285,0.5614035087719298,0.33859649122807023,10.213891983032227,0.3404630720615387,29.395030975341797
CSGS7,q4_2020,1,clean_condition_cqr,recent_power_outage,down,283,0.9646643109540636,0.0,18.03994369506836,0.6013314723968506,18.788488388061523
CSGS7,q4_2020,1,clean_condition_cqr,recent_power_outage,up,285,0.5719298245614035,0.3280701754385965,16.844209671020508,0.5614736676216125,42.6856689453125
CSGS7,q4_2020,1,clean_condition_cqr,weather_outage,down,283,0.38515901060070673,0.5148409893992933,8.841678619384766,0.29472261667251587,42.06881332397461
CSGS7,q4_2020,1,clean_condition_cqr,weather_outage,up,285,0.5263157894736842,0.37368421052631584,9.154842376708984,0.30516141653060913,29.730680465698242
CSGS7,q4_2020,1,lgbm_condition_cqr,clean,down,283,0.5441696113074205,0.35583038869257955,10.532655715942383,0.3510885238647461,29.466707229614258
CSGS7,q4_2020,1,lgbm_condition_cqr,clean,up,285,0.6,0.30000000000000004,10.951778411865234,0.3650592863559723,25.393268585205078
CSGS7,q4_2020,1,lgbm_condition_cqr,combined_outage,down,283,0.9540636042402827,0.0,18.4929256439209,0.6164308786392212,19.18714141845703
CSGS7,q4_2020,1,lgbm_condition_cqr,combined_outage,up,285,0.712280701754386,0.18771929824561406,18.657852172851562,0.6219283938407898,35.57182693481445
CSGS7,q4_2020,1,lgbm_condition_cqr,irradiance_outage,down,283,0.5618374558303887,0.33816254416961133,11.470678329467773,0.3823559582233429,26.152996063232422
CSGS7,q4_2020,1,lgbm_condition_cqr,irradiance_outage,up,285,0.6596491228070176,0.24035087719298243,11.232708930969238,0.374423623085022,22.6975154876709
CSGS7,q4_2020,1,lgbm_condition_cqr,recent_power_outage,down,283,0.9575971731448764,0.0,18.268693923950195,0.6089564561843872,19.01753044128418
CSGS7,q4_2020,1,lgbm_condition_cqr,recent_power_outage,up,285,0.7087719298245614,0.19122807017543864,18.599123001098633,0.6199707388877869,34.85911560058594
CSGS7,q4_2020,1,lgbm_condition_cqr,weather_outage,down,283,0.5371024734982333,0.36289752650176677,10.449722290039062,0.34832409024238586,29.770883560180664
CSGS7,q4_2020,1,lgbm_condition_cqr,weather_outage,up,285,0.5964912280701754,0.3035087719298246,10.795945167541504,0.35986483097076416,26.108169555664062
CSGS7,q4_2020,1,oracle_ramp_mondrian,clean,down,283,0.8692579505300353,0.030742049469964727,15.610085487365723,0.5203362107276917,21.824953079223633
CSGS7,q4_2020,1,oracle_ramp_mondrian,clean,up,285,0.9087719298245615,0.0,15.730403900146484,0.5243467688560486,18.689132690429688
CSGS7,q4_2020,1,oracle_ramp_mondrian,combined_outage,down,283,0.8798586572438163,0.020141342756183733,16.609281539916992,0.5536426901817322,22.88319206237793
CSGS7,q4_2020,1,oracle_ramp_mondrian,combined_outage,up,285,0.9122807017543859,0.0,15.802833557128906,0.5267611145973206,18.036697387695312
CSGS7,q4_2020,1,oracle_ramp_mondrian,irradiance_outage,down,283,0.8657243816254417,0.03427561837455828,15.574384689331055,0.5191461443901062,21.624526977539062
CSGS7,q4_2020,1,oracle_ramp_mondrian,irradiance_outage,up,285,0.9052631578947369,0.0,15.769647598266602,0.5256549119949341,18.404542922973633
CSGS7,q4_2020,1,oracle_ramp_mondrian,recent_power_outage,down,283,0.872791519434629,0.027208480565371063,16.61444854736328,0.5538149476051331,22.0342960357666
CSGS7,q4_2020,1,oracle_ramp_mondrian,recent_power_outage,up,285,0.9333333333333333,0.0,16.57285499572754,0.5524284839630127,17.813425064086914
CSGS7,q4_2020,1,oracle_ramp_mondrian,weather_outage,down,283,0.8586572438162544,0.04134275618374561,15.472965240478516,0.5157654881477356,22.352611541748047
CSGS7,q4_2020,1,oracle_ramp_mondrian,weather_outage,up,285,0.8771929824561403,0.02280701754385972,15.52113151550293,0.5173710584640503,18.871063232421875
CSGS7,q4_2020,1,persistence_condition_cqr,clean,down,283,0.34275618374558303,0.557243816254417,8.525907516479492,0.2841969132423401,53.374855041503906
CSGS7,q4_2020,1,persistence_condition_cqr,clean,up,285,0.4245614035087719,0.4754385964912281,8.309224128723145,0.2769741415977478,44.04274368286133
CSGS7,q4_2020,1,persistence_condition_cqr,combined_outage,down,283,0.8480565371024735,0.05194346289752649,20.47063446044922,0.6823545098304749,32.63702392578125
CSGS7,q4_2020,1,persistence_condition_cqr,combined_outage,up,285,0.7473684210526316,0.15263157894736845,18.443153381347656,0.6147717833518982,32.701541900634766
CSGS7,q4_2020,1,persistence_condition_cqr,irradiance_outage,down,283,0.34275618374558303,0.557243816254417,8.525907516479492,0.2841969132423401,53.374855041503906
CSGS7,q4_2020,1,persistence_condition_cqr,irradiance_outage,up,285,0.4245614035087719,0.4754385964912281,8.309224128723145,0.2769741415977478,44.04274368286133
CSGS7,q4_2020,1,persistence_condition_cqr,recent_power_outage,down,283,0.8480565371024735,0.05194346289752649,20.47063446044922,0.6823545098304749,32.63702392578125
CSGS7,q4_2020,1,persistence_condition_cqr,recent_power_outage,up,285,0.7473684210526316,0.15263157894736845,18.443153381347656,0.6147717833518982,32.701541900634766
CSGS7,q4_2020,1,persistence_condition_cqr,weather_outage,down,283,0.34275618374558303,0.557243816254417,8.525907516479492,0.2841969132423401,53.374855041503906
CSGS7,q4_2020,1,persistence_condition_cqr,weather_outage,up,285,0.4245614035087719,0.4754385964912281,8.309224128723145,0.2769741415977478,44.04274368286133
CSGS7,q4_2020,1,robust_condition_cqr,clean,down,283,0.5229681978798587,0.3770318021201413,10.049455642700195,0.33498185873031616,31.56648826599121
CSGS7,q4_2020,1,robust_condition_cqr,clean,up,285,0.6035087719298246,0.29649122807017547,10.281133651733398,0.3427044451236725,25.33059310913086
CSGS7,q4_2020,1,robust_condition_cqr,combined_outage,down,283,0.696113074204947,0.20388692579505308,12.30811882019043,0.410270631313324,27.32155418395996
CSGS7,q4_2020,1,robust_condition_cqr,combined_outage,up,285,0.7894736842105263,0.1105263157894737,11.522552490234375,0.384085088968277,19.60128402709961
CSGS7,q4_2020,1,robust_condition_cqr,irradiance_outage,down,283,0.5830388692579506,0.31696113074204946,10.302369117736816,0.343412309885025,29.243160247802734
CSGS7,q4_2020,1,robust_condition_cqr,irradiance_outage,up,285,0.6210526315789474,0.2789473684210526,10.573006629943848,0.35243356227874756,24.494367599487305
CSGS7,q4_2020,1,robust_condition_cqr,recent_power_outage,down,283,0.5936395759717314,0.3063604240282686,10.799086570739746,0.3599695563316345,30.480199813842773
CSGS7,q4_2020,1,robust_condition_cqr,recent_power_outage,up,285,0.6736842105263158,0.22631578947368425,10.831748962402344,0.3610582947731018,22.250869750976562
CSGS7,q4_2020,1,robust_condition_cqr,weather_outage,down,283,0.5371024734982333,0.36289752650176677,10.02650260925293,0.33421674370765686,31.825326919555664
CSGS7,q4_2020,1,robust_condition_cqr,weather_outage,up,285,0.5789473684210527,0.32105263157894737,10.181034088134766,0.3393678069114685,26.540420532226562
CSGS7,q4_2020,1,robust_local_cqr,clean,down,283,0.6537102473498233,0.24628975265017672,11.465843200683594,0.38219478726387024,27.896484375
CSGS7,q4_2020,1,robust_local_cqr,clean,up,285,0.7017543859649122,0.19824561403508778,11.556564331054688,0.3852187991142273,23.368120193481445
CSGS7,q4_2020,1,robust_local_cqr,combined_outage,down,283,0.734982332155477,0.16501766784452299,13.328798294067383,0.4442932903766632,27.378681182861328
CSGS7,q4_2020,1,robust_local_cqr,combined_outage,up,285,0.8,0.09999999999999998,12.517334938049316,0.41724449396133423,18.715871810913086
CSGS7,q4_2020,1,robust_local_cqr,irradiance_outage,down,283,0.6996466431095406,0.2003533568904594,11.832085609436035,0.3944028615951538,26.037092208862305
CSGS7,q4_2020,1,robust_local_cqr,irradiance_outage,up,285,0.7052631578947368,0.1947368421052632,12.03498363494873,0.4011661112308502,21.764007568359375
CSGS7,q4_2020,1,robust_local_cqr,recent_power_outage,down,283,0.6784452296819788,0.22155477031802118,12.186722755432129,0.4062241017818451,26.80417251586914
CSGS7,q4_2020,1,robust_local_cqr,recent_power_outage,up,285,0.7543859649122807,0.1456140350877193,12.417283058166504,0.4139094352722168,19.490854263305664
CSGS7,q4_2020,1,robust_local_cqr,weather_outage,down,283,0.6537102473498233,0.24628975265017672,11.462061882019043,0.3820687234401703,28.147573471069336
CSGS7,q4_2020,1,robust_local_cqr,weather_outage,up,285,0.6771929824561403,0.22280701754385968,11.535161018371582,0.38450536131858826,24.156042098999023
CSGS7,q4_2020,1,robust_risk_mondrian,clean,down,283,0.6607773851590106,0.2392226148409894,11.741646766662598,0.3913882374763489,27.191356658935547
CSGS7,q4_2020,1,robust_risk_mondrian,clean,up,285,0.7228070175438597,0.17719298245614035,11.973018646240234,0.3991006314754486,22.322824478149414
CSGS7,q4_2020,1,robust_risk_mondrian,combined_outage,down,283,0.7809187279151943,0.11908127208480568,13.850225448608398,0.46167418360710144,24.673870086669922
CSGS7,q4_2020,1,robust_risk_mondrian,combined_outage,up,285,0.8245614035087719,0.07543859649122808,13.2129487991333,0.4404316246509552,18.74190902709961
CSGS7,q4_2020,1,robust_risk_mondrian,irradiance_outage,down,283,0.7173144876325088,0.1826855123674912,11.99807357788086,0.399935781955719,25.72185516357422
CSGS7,q4_2020,1,robust_risk_mondrian,irradiance_outage,up,285,0.7333333333333333,0.16666666666666674,12.209875106811523,0.40699583292007446,21.33401107788086
CSGS7,q4_2020,1,robust_risk_mondrian,recent_power_outage,down,283,0.6784452296819788,0.22155477031802118,12.319302558898926,0.41064342856407166,26.911109924316406
CSGS7,q4_2020,1,robust_risk_mondrian,recent_power_outage,up,285,0.7684210526315789,0.13157894736842113,12.579922676086426,0.41933074593544006,19.27932357788086
CSGS7,q4_2020,1,robust_risk_mondrian,weather_outage,down,283,0.6678445229681979,0.23215547703180217,11.767544746398926,0.39225149154663086,27.60172462463379
CSGS7,q4_2020,1,robust_risk_mondrian,weather_outage,up,285,0.7017543859649122,0.19824561403508778,11.863226890563965,0.3954409062862396,22.88067054748535
CSGS7,q4_2020,1,robust_rolling_cqr,clean,down,283,0.5335689045936396,0.36643109540636043,10.238150596618652,0.34127169847488403,31.34137535095215
CSGS7,q4_2020,1,robust_rolling_cqr,clean,up,285,0.624561403508772,0.27543859649122804,10.461970329284668,0.3487323522567749,24.799715042114258
CSGS7,q4_2020,1,robust_rolling_cqr,combined_outage,down,283,0.6501766784452296,0.24982332155477038,12.014703750610352,0.4004901349544525,29.322555541992188
CSGS7,q4_2020,1,robust_rolling_cqr,combined_outage,up,285,0.775438596491228,0.12456140350877198,11.22364616394043,0.3741215467453003,19.89620590209961
CSGS7,q4_2020,1,robust_rolling_cqr,irradiance_outage,down,283,0.6007067137809188,0.29929328621908124,10.536535263061523,0.3512178361415863,28.80146026611328
CSGS7,q4_2020,1,robust_rolling_cqr,irradiance_outage,up,285,0.6350877192982456,0.26491228070175443,10.799413681030273,0.3599804639816284,23.82282257080078
CSGS7,q4_2020,1,robust_rolling_cqr,recent_power_outage,down,283,0.6007067137809188,0.29929328621908124,11.1365385055542,0.3712179362773895,29.992881774902344
CSGS7,q4_2020,1,robust_rolling_cqr,recent_power_outage,up,285,0.6912280701754386,0.2087719298245614,11.152262687683105,0.3717420995235443,21.297346115112305
CSGS7,q4_2020,1,robust_rolling_cqr,weather_outage,down,283,0.5547703180212014,0.34522968197879866,10.16984748840332,0.33899492025375366,31.74998664855957
CSGS7,q4_2020,1,robust_rolling_cqr,weather_outage,up,285,0.5964912280701754,0.3035087719298246,10.3267822265625,0.34422606229782104,26.196247100830078
CSGS7,q4_2020,4,clean_condition_cqr,clean,down,514,0.7334630350194552,0.16653696498054482,9.347474098205566,0.31158247590065,24.53179359436035
CSGS7,q4_2020,4,clean_condition_cqr,clean,up,513,0.7563352826510721,0.14366471734892794,10.126252174377441,0.33754172921180725,19.384361267089844
CSGS7,q4_2020,4,clean_condition_cqr,combined_outage,down,514,0.9980544747081712,0.0,14.319561958312988,0.47731873393058777,14.32589054107666
CSGS7,q4_2020,4,clean_condition_cqr,combined_outage,up,513,0.8323586744639376,0.06764132553606239,17.929567337036133,0.5976522564888,27.544790267944336
CSGS7,q4_2020,4,clean_condition_cqr,irradiance_outage,down,514,0.8132295719844358,0.08677042801556423,10.327848434448242,0.34426161646842957,18.098615646362305
CSGS7,q4_2020,4,clean_condition_cqr,irradiance_outage,up,513,0.7641325536062378,0.13586744639376225,11.465563774108887,0.3821854591369629,19.95822525024414
CSGS7,q4_2020,4,clean_condition_cqr,recent_power_outage,down,514,0.9824902723735408,0.0,13.059708595275879,0.4353236258029938,13.243095397949219
CSGS7,q4_2020,4,clean_condition_cqr,recent_power_outage,up,513,0.7699805068226121,0.13001949317738792,14.383970260620117,0.47946566343307495,27.471891403198242
CSGS7,q4_2020,4,clean_condition_cqr,weather_outage,down,514,0.7334630350194552,0.16653696498054482,9.036813735961914,0.3012271225452423,24.9716739654541
CSGS7,q4_2020,4,clean_condition_cqr,weather_outage,up,513,0.7387914230019493,0.1612085769980507,10.94046401977539,0.364682137966156,20.760404586791992
CSGS7,q4_2020,4,lgbm_condition_cqr,clean,down,514,0.791828793774319,0.108171206225681,10.581282615661621,0.35270941257476807,16.774438858032227
CSGS7,q4_2020,4,lgbm_condition_cqr,clean,up,513,0.8245614035087719,0.07543859649122808,13.01287841796875,0.4337626099586487,16.427494049072266
CSGS7,q4_2020,4,lgbm_condition_cqr,combined_outage,down,514,1.0,0.0,15.852949142456055,0.5284316539764404,15.852949142456055
CSGS7,q4_2020,4,lgbm_condition_cqr,combined_outage,up,513,0.9688109161793372,0.0,17.122631072998047,0.57075434923172,17.700143814086914
CSGS7,q4_2020,4,lgbm_condition_cqr,irradiance_outage,down,514,0.8268482490272373,0.07315175097276272,11.386853218078613,0.37956178188323975,14.960052490234375
CSGS7,q4_2020,4,lgbm_condition_cqr,irradiance_outage,up,513,0.8538011695906432,0.046198830409356795,13.226495742797852,0.44088318943977356,15.627037048339844
CSGS7,q4_2020,4,lgbm_condition_cqr,recent_power_outage,down,514,0.9688715953307393,0.0,13.41899585723877,0.44729986786842346,13.8916654586792
CSGS7,q4_2020,4,lgbm_condition_cqr,recent_power_outage,up,513,0.9337231968810916,0.0,15.253726959228516,0.5084575414657593,16.507347106933594
CSGS7,q4_2020,4,lgbm_condition_cqr,weather_outage,down,514,0.8210116731517509,0.07898832684824908,10.530941009521484,0.3510313630104065,16.558353424072266
CSGS7,q4_2020,4,lgbm_condition_cqr,weather_outage,up,513,0.7582846003898636,0.14171539961013646,12.79248046875,0.4264160096645355,16.85563087463379
CSGS7,q4_2020,4,oracle_ramp_mondrian,clean,down,514,0.9182879377431906,0.0,13.724772453308105,0.4574924111366272,17.774309158325195
CSGS7,q4_2020,4,oracle_ramp_mondrian,clean,up,513,0.9707602339181286,0.0,14.799295425415039,0.4933098554611206,15.322966575622559
CSGS7,q4_2020,4,oracle_ramp_mondrian,combined_outage,down,514,0.8891050583657587,0.010894941634241317,13.894508361816406,0.463150292634964,19.247840881347656
CSGS7,q4_2020,4,oracle_ramp_mondrian,combined_outage,up,513,0.9766081871345029,0.0,14.953682899475098,0.49845609068870544,15.469563484191895
CSGS7,q4_2020,4,oracle_ramp_mondrian,irradiance_outage,down,514,0.9260700389105059,0.0,13.796268463134766,0.45987561345100403,16.522327423095703
CSGS7,q4_2020,4,oracle_ramp_mondrian,irradiance_outage,up,513,0.9668615984405458,0.0,14.602757453918457,0.48675858974456787,15.279881477355957
CSGS7,q4_2020,4,oracle_ramp_mondrian,recent_power_outage,down,514,0.9124513618677043,0.0,14.077581405639648,0.46925270557403564,18.480560302734375
CSGS7,q4_2020,4,oracle_ramp_mondrian,recent_power_outage,up,513,0.9785575048732943,0.0,15.580995559692383,0.5193665027618408,16.03910255432129
CSGS7,q4_2020,4,oracle_ramp_mondrian,weather_outage,down,514,0.9105058365758755,0.0,13.458366394042969,0.4486122131347656,18.09272003173828
CSGS7,q4_2020,4,oracle_ramp_mondrian,weather_outage,up,513,0.9688109161793372,0.0,14.290313720703125,0.4763437807559967,14.915250778198242
CSGS7,q4_2020,4,persistence_condition_cqr,clean,down,514,0.32684824902723736,0.5731517509727626,14.992158889770508,0.4997386336326599,55.4202880859375
CSGS7,q4_2020,4,persistence_condition_cqr,clean,up,513,0.32748538011695905,0.572514619883041,12.423931121826172,0.4141310453414917,44.54592514038086
CSGS7,q4_2020,4,persistence_condition_cqr,combined_outage,down,514,0.6089494163424124,0.2910505836575876,23.234594345092773,0.7744864821434021,49.876495361328125
CSGS7,q4_2020,4,persistence_condition_cqr,combined_outage,up,513,0.6237816764132553,0.2762183235867447,16.697771072387695,0.5565923452377319,37.561614990234375
CSGS7,q4_2020,4,persistence_condition_cqr,irradiance_outage,down,514,0.32684824902723736,0.5731517509727626,14.992158889770508,0.4997386336326599,55.4202880859375
CSGS7,q4_2020,4,persistence_condition_cqr,irradiance_outage,up,513,0.32748538011695905,0.572514619883041,12.423931121826172,0.4141310453414917,44.54592514038086
CSGS7,q4_2020,4,persistence_condition_cqr,recent_power_outage,down,514,0.6089494163424124,0.2910505836575876,23.234594345092773,0.7744864821434021,49.876495361328125
CSGS7,q4_2020,4,persistence_condition_cqr,recent_power_outage,up,513,0.6237816764132553,0.2762183235867447,16.697771072387695,0.5565923452377319,37.561614990234375
CSGS7,q4_2020,4,persistence_condition_cqr,weather_outage,down,514,0.32684824902723736,0.5731517509727626,14.992158889770508,0.4997386336326599,55.4202880859375
CSGS7,q4_2020,4,persistence_condition_cqr,weather_outage,up,513,0.32748538011695905,0.572514619883041,12.423931121826172,0.4141310453414917,44.54592514038086
CSGS7,q4_2020,4,robust_condition_cqr,clean,down,514,0.791828793774319,0.108171206225681,9.428537368774414,0.3142845928668976,20.66071891784668
CSGS7,q4_2020,4,robust_condition_cqr,clean,up,513,0.847953216374269,0.05204678362573101,9.944071769714355,0.3314690589904785,14.143095016479492
CSGS7,q4_2020,4,robust_condition_cqr,combined_outage,down,514,0.791828793774319,0.108171206225681,10.27407455444336,0.34246915578842163,22.0273494720459
CSGS7,q4_2020,4,robust_condition_cqr,combined_outage,up,513,0.8596491228070176,0.04035087719298247,10.802791595458984,0.36009305715560913,14.509428977966309
CSGS7,q4_2020,4,robust_condition_cqr,irradiance_outage,down,514,0.8249027237354085,0.0750972762645915,10.181973457336426,0.339399129152298,18.115955352783203
CSGS7,q4_2020,4,robust_condition_cqr,irradiance_outage,up,513,0.8421052631578947,0.05789473684210533,10.553482055664062,0.35178273916244507,14.587138175964355
CSGS7,q4_2020,4,robust_condition_cqr,recent_power_outage,down,514,0.7937743190661478,0.1062256809338522,9.965362548828125,0.3321787416934967,21.347366333007812
CSGS7,q4_2020,4,robust_condition_cqr,recent_power_outage,up,513,0.8538011695906432,0.046198830409356795,10.86782455444336,0.3622608184814453,14.720290184020996
CSGS7,q4_2020,4,robust_condition_cqr,weather_outage,down,514,0.7976653696498055,0.10233463035019452,9.316533088684082,0.31055110692977905,20.6671085357666
CSGS7,q4_2020,4,robust_condition_cqr,weather_outage,up,513,0.8362573099415205,0.06374269005847955,9.590616226196289,0.31968721747398376,14.045146942138672
CSGS7,q4_2020,4,robust_local_cqr,clean,down,514,0.8190661478599222,0.08093385214007787,10.442091941833496,0.3480697274208069,20.268020629882812
CSGS7,q4_2020,4,robust_local_cqr,clean,up,513,0.8362573099415205,0.06374269005847955,11.027326583862305,0.36757755279541016,15.292882919311523
CSGS7,q4_2020,4,robust_local_cqr,combined_outage,down,514,0.8249027237354085,0.0750972762645915,11.680930137634277,0.3893643319606781,22.818653106689453
CSGS7,q4_2020,4,robust_local_cqr,combined_outage,up,513,0.8187134502923976,0.0812865497076024,11.476347923278809,0.38254493474960327,16.081518173217773
CSGS7,q4_2020,4,robust_local_cqr,irradiance_outage,down,514,0.8540856031128404,0.04591439688715959,11.154180526733398,0.3718060255050659,18.178682327270508
CSGS7,q4_2020,4,robust_local_cqr,irradiance_outage,up,513,0.8070175438596491,0.09298245614035094,11.141264915466309,0.37137550115585327,15.73709774017334
CSGS7,q4_2020,4,robust_local_cqr,recent_power_outage,down,514,0.8326848249027238,0.06731517509727625,11.283600807189941,0.37612003087997437,21.122682571411133
CSGS7,q4_2020,4,robust_local_cqr,recent_power_outage,up,513,0.834307992202729,0.06569200779727102,11.292158126831055,0.376405268907547,15.241116523742676
CSGS7,q4_2020,4,robust_local_cqr,weather_outage,down,514,0.8326848249027238,0.06731517509727625,10.450246810913086,0.34834155440330505,20.136180877685547
CSGS7,q4_2020,4,robust_local_cqr,weather_outage,up,513,0.8460038986354775,0.053996101364522486,10.927766799926758,0.36425888538360596,14.95993423461914
CSGS7,q4_2020,4,robust_risk_mondrian,clean,down,514,0.8365758754863813,0.06342412451361867,10.826394081115723,0.3608798086643219,19.55075454711914
CSGS7,q4_2020,4,robust_risk_mondrian,clean,up,513,0.9083820662768031,0.0,11.54143238067627,0.38471442461013794,13.942591667175293
CSGS7,q4_2020,4,robust_risk_mondrian,combined_outage,down,514,0.8035019455252919,0.09649805447470816,10.725190162658691,0.35750633478164673,22.182785034179688
CSGS7,q4_2020,4,robust_risk_mondrian,combined_outage,up,513,0.8732943469785575,0.026705653021442566,11.1268892288208,0.3708963096141815,14.361644744873047
CSGS7,q4_2020,4,robust_risk_mondrian,irradiance_outage,down,514,0.8618677042801557,0.038132295719844334,11.554262161254883,0.385142058134079,17.74472999572754
CSGS7,q4_2020,4,robust_risk_mondrian,irradiance_outage,up,513,0.9103313840155945,0.0,12.251663208007812,0.40838876366615295,14.484124183654785
CSGS7,q4_2020,4,robust_risk_mondrian,recent_power_outage,down,514,0.8249027237354085,0.0750972762645915,10.801508903503418,0.3600502908229828,20.536556243896484
CSGS7,q4_2020,4,robust_risk_mondrian,recent_power_outage,up,513,0.8966861598440545,0.003313840155945491,11.849679946899414,0.39498934149742126,14.542635917663574
CSGS7,q4_2020,4,robust_risk_mondrian,weather_outage,down,514,0.8463035019455253,0.05369649805447474,10.764556884765625,0.35881856083869934,19.70088005065918
CSGS7,q4_2020,4,robust_risk_mondrian,weather_outage,up,513,0.9025341130604289,0.0,11.184000968933105,0.3728000223636627,13.841178894042969
CSGS7,q4_2020,4,robust_rolling_cqr,clean,down,514,0.7684824902723736,0.13151750972762644,9.030644416809082,0.3010214865207672,21.18645668029785
CSGS7,q4_2020,4,robust_rolling_cqr,clean,up,513,0.8362573099415205,0.06374269005847955,9.468511581420898,0.31561705470085144,14.146270751953125
CSGS7,q4_2020,4,robust_rolling_cqr,combined_outage,down,514,0.7704280155642024,0.12957198443579765,9.740316390991211,0.3246771991252899,22.401187896728516
CSGS7,q4_2020,4,robust_rolling_cqr,combined_outage,up,513,0.8187134502923976,0.0812865497076024,10.115288734436035,0.33717629313468933,14.360265731811523
CSGS7,q4_2020,4,robust_rolling_cqr,irradiance_outage,down,514,0.7976653696498055,0.10233463035019452,9.648272514343262,0.3216090798377991,18.382492065429688
CSGS7,q4_2020,4,robust_rolling_cqr,irradiance_outage,up,513,0.7992202729044834,0.10077972709551664,9.912358283996582,0.3304119408130646,14.728620529174805
CSGS7,q4_2020,4,robust_rolling_cqr,recent_power_outage,down,514,0.7801556420233463,0.11984435797665371,9.676082611083984,0.32253608107566833,21.429933547973633
CSGS7,q4_2020,4,robust_rolling_cqr,recent_power_outage,up,513,0.8460038986354775,0.053996101364522486,10.518303871154785,0.3506101369857788,14.543243408203125
CSGS7,q4_2020,4,robust_rolling_cqr,weather_outage,down,514,0.7859922178988327,0.11400778210116735,9.185823440551758,0.30619412660598755,20.80604362487793
CSGS7,q4_2020,4,robust_rolling_cqr,weather_outage,up,513,0.8382066276803118,0.06179337231968818,9.402033805847168,0.31340113282203674,13.877293586730957
CSGS8,q1_2020,1,clean_condition_cqr,clean,down,78,0.46153846153846156,0.43846153846153846,5.93788480758667,0.1979294866323471,16.692819595336914
CSGS8,q1_2020,1,clean_condition_cqr,clean,up,58,0.22413793103448276,0.6758620689655173,5.168917655944824,0.17229725420475006,24.17975616455078
CSGS8,q1_2020,1,clean_condition_cqr,combined_outage,down,78,0.9358974358974359,0.0,19.58045768737793,0.6526819467544556,20.31166648864746
CSGS8,q1_2020,1,clean_condition_cqr,combined_outage,up,58,0.6379310344827587,0.26206896551724135,20.12801742553711,0.6709339022636414,36.67469787597656
CSGS8,q1_2020,1,clean_condition_cqr,irradiance_outage,down,78,0.9871794871794872,0.0,13.481874465942383,0.4493958055973053,13.538057327270508
CSGS8,q1_2020,1,clean_condition_cqr,irradiance_outage,up,58,0.05172413793103448,0.8482758620689655,10.881462097167969,0.36271539330482483,43.16423797607422
CSGS8,q1_2020,1,clean_condition_cqr,recent_power_outage,down,78,0.9102564102564102,0.0,17.157888412475586,0.5719296336174011,25.867298126220703
CSGS8,q1_2020,1,clean_condition_cqr,recent_power_outage,up,58,0.5344827586206896,0.3655172413793104,17.204029083251953,0.5734676122665405,44.6854248046875
CSGS8,q1_2020,1,clean_condition_cqr,weather_outage,down,78,0.5,0.4,5.871336936950684,0.19571122527122498,15.447702407836914
CSGS8,q1_2020,1,clean_condition_cqr,weather_outage,up,58,0.1724137931034483,0.7275862068965517,5.03493070602417,0.16783101856708527,26.095561981201172
CSGS8,q1_2020,1,lgbm_condition_cqr,clean,down,78,0.7051282051282052,0.19487179487179485,7.08744478225708,0.2362481653690338,11.034476280212402
CSGS8,q1_2020,1,lgbm_condition_cqr,clean,up,58,0.2413793103448276,0.6586206896551724,6.516816139221191,0.21722720563411713,24.041948318481445
CSGS8,q1_2020,1,lgbm_condition_cqr,combined_outage,down,78,0.9615384615384616,0.0,19.83834457397461,0.6612781286239624,20.300567626953125
CSGS8,q1_2020,1,lgbm_condition_cqr,combined_outage,up,58,0.6379310344827587,0.26206896551724135,20.14718246459961,0.671572744846344,35.48860549926758
CSGS8,q1_2020,1,lgbm_condition_cqr,irradiance_outage,down,78,0.9487179487179487,0.0,7.721499919891357,0.2573833167552948,8.081929206848145
CSGS8,q1_2020,1,lgbm_condition_cqr,irradiance_outage,up,58,0.08620689655172414,0.8137931034482759,6.703551769256592,0.22345171868801117,40.19754409790039
CSGS8,q1_2020,1,lgbm_condition_cqr,recent_power_outage,down,78,0.9487179487179487,0.0,19.330184936523438,0.6443395018577576,20.128774642944336
CSGS8,q1_2020,1,lgbm_condition_cqr,recent_power_outage,up,58,0.6206896551724138,0.2793103448275862,19.893720626831055,0.6631240248680115,35.970340728759766
CSGS8,q1_2020,1,lgbm_condition_cqr,weather_outage,down,78,0.717948717948718,0.18205128205128207,7.007948875427246,0.23359829187393188,10.700852394104004
CSGS8,q1_2020,1,lgbm_condition_cqr,weather_outage,up,58,0.1896551724137931,0.710344827586207,6.430748462677002,0.21435828506946564,25.352033615112305
CSGS8,q1_2020,1,oracle_ramp_mondrian,clean,down,78,0.8333333333333334,0.06666666666666665,8.532784461975098,0.28442615270614624,10.70604133605957
CSGS8,q1_2020,1,oracle_ramp_mondrian,clean,up,58,0.7068965517241379,0.19310344827586212,7.444443702697754,0.2481481283903122,12.40185832977295
CSGS8,q1_2020,1,oracle_ramp_mondrian,combined_outage,down,78,0.8461538461538461,0.05384615384615388,9.605247497558594,0.320174902677536,11.89775276184082
CSGS8,q1_2020,1,oracle_ramp_mondrian,combined_outage,up,58,0.6206896551724138,0.2793103448275862,7.381666660308838,0.24605555832386017,13.666543006896973
CSGS8,q1_2020,1,oracle_ramp_mondrian,irradiance_outage,down,78,0.8333333333333334,0.06666666666666665,8.399901390075684,0.27999672293663025,10.34443187713623
CSGS8,q1_2020,1,oracle_ramp_mondrian,irradiance_outage,up,58,0.603448275862069,0.29655172413793107,6.7476959228515625,0.22492319345474243,13.259990692138672
CSGS8,q1_2020,1,oracle_ramp_mondrian,recent_power_outage,down,78,0.9358974358974359,0.0,10.890562057495117,0.3630187213420868,12.130926132202148
CSGS8,q1_2020,1,oracle_ramp_mondrian,recent_power_outage,up,58,0.7931034482758621,0.10689655172413792,8.97429084777832,0.2991430163383484,12.658195495605469
CSGS8,q1_2020,1,oracle_ramp_mondrian,weather_outage,down,78,0.8205128205128205,0.07948717948717954,8.553558349609375,0.28511860966682434,10.409077644348145
CSGS8,q1_2020,1,oracle_ramp_mondrian,weather_outage,up,58,0.7068965517241379,0.19310344827586212,7.388484477996826,0.24628281593322754,12.075483322143555
CSGS8,q1_2020,1,persistence_condition_cqr,clean,down,78,0.0,0.9,5.079998970031738,0.1693332940340042,27.969741821289062
CSGS8,q1_2020,1,persistence_condition_cqr,clean,up,58,0.0,0.9,5.079998970031738,0.1693332940340042,30.155860900878906
CSGS8,q1_2020,1,persistence_condition_cqr,combined_outage,down,78,0.9358974358974359,0.0,23.323848724365234,0.7774616479873657,25.221282958984375
CSGS8,q1_2020,1,persistence_condition_cqr,combined_outage,up,58,0.7068965517241379,0.19310344827586212,19.060863494873047,0.6353620886802673,26.991897583007812
CSGS8,q1_2020,1,persistence_condition_cqr,irradiance_outage,down,78,0.0,0.9,5.079998970031738,0.1693332940340042,27.969741821289062
CSGS8,q1_2020,1,persistence_condition_cqr,irradiance_outage,up,58,0.0,0.9,5.079998970031738,0.1693332940340042,30.155860900878906
CSGS8,q1_2020,1,persistence_condition_cqr,recent_power_outage,down,78,0.9358974358974359,0.0,23.323848724365234,0.7774616479873657,25.221282958984375
CSGS8,q1_2020,1,persistence_condition_cqr,recent_power_outage,up,58,0.7068965517241379,0.19310344827586212,19.060863494873047,0.6353620886802673,26.991897583007812
CSGS8,q1_2020,1,persistence_condition_cqr,weather_outage,down,78,0.0,0.9,5.079998970031738,0.1693332940340042,27.969741821289062
CSGS8,q1_2020,1,persistence_condition_cqr,weather_outage,up,58,0.0,0.9,5.079998970031738,0.1693332940340042,30.155860900878906
CSGS8,q1_2020,1,robust_condition_cqr,clean,down,78,0.5512820512820513,0.3487179487179487,6.416417598724365,0.21388058364391327,15.305883407592773
CSGS8,q1_2020,1,robust_condition_cqr,clean,up,58,0.39655172413793105,0.503448275862069,5.32807731628418,0.17760257422924042,20.218828201293945
CSGS8,q1_2020,1,robust_condition_cqr,combined_outage,down,78,0.5769230769230769,0.32307692307692315,6.991559028625488,0.23305197060108185,17.005117416381836
CSGS8,q1_2020,1,robust_condition_cqr,combined_outage,up,58,0.27586206896551724,0.6241379310344828,4.766700267791748,0.1588900089263916,26.005386352539062
CSGS8,q1_2020,1,robust_condition_cqr,irradiance_outage,down,78,0.3974358974358974,0.5025641025641026,5.8355865478515625,0.1945195496082306,16.84707260131836
CSGS8,q1_2020,1,robust_condition_cqr,irradiance_outage,up,58,0.27586206896551724,0.6241379310344828,4.183379650115967,0.13944599032402039,24.946317672729492
CSGS8,q1_2020,1,robust_condition_cqr,recent_power_outage,down,78,0.7435897435897436,0.1564102564102564,8.538558959960938,0.28461864590644836,13.429457664489746
CSGS8,q1_2020,1,robust_condition_cqr,recent_power_outage,up,58,0.46551724137931033,0.4344827586206897,6.622285842895508,0.220742866396904,18.634828567504883
CSGS8,q1_2020,1,robust_condition_cqr,weather_outage,down,78,0.5769230769230769,0.32307692307692315,6.368062496185303,0.21226875483989716,14.91492748260498
CSGS8,q1_2020,1,robust_condition_cqr,weather_outage,up,58,0.3793103448275862,0.5206896551724138,5.202987194061279,0.17343290150165558,20.665321350097656
CSGS8,q1_2020,1,robust_local_cqr,clean,down,78,0.5897435897435898,0.31025641025641026,6.756035327911377,0.22520117461681366,13.986074447631836
CSGS8,q1_2020,1,robust_local_cqr,clean,up,58,0.43103448275862066,0.46896551724137936,6.019400119781494,0.20064666867256165,15.950586318969727
CSGS8,q1_2020,1,robust_local_cqr,combined_outage,down,78,0.6153846153846154,0.2846153846153846,7.446434020996094,0.2482144683599472,15.680487632751465
CSGS8,q1_2020,1,robust_local_cqr,combined_outage,up,58,0.3448275862068966,0.5551724137931034,5.24477481842041,0.17482583224773407,23.437055587768555
CSGS8,q1_2020,1,robust_local_cqr,irradiance_outage,down,78,0.46153846153846156,0.43846153846153846,6.226909160614014,0.2075636386871338,14.806764602661133
CSGS8,q1_2020,1,robust_local_cqr,irradiance_outage,up,58,0.4482758620689655,0.4517241379310345,5.075607776641846,0.16918691992759705,19.66327476501465
CSGS8,q1_2020,1,robust_local_cqr,recent_power_outage,down,78,0.7435897435897436,0.1564102564102564,8.86081600189209,0.2953605353832245,12.27559757232666
CSGS8,q1_2020,1,robust_local_cqr,recent_power_outage,up,58,0.5517241379310345,0.34827586206896555,7.086380958557129,0.23621270060539246,16.835498809814453
CSGS8,q1_2020,1,robust_local_cqr,weather_outage,down,78,0.5769230769230769,0.32307692307692315,6.709171295166016,0.22363904118537903,13.50955867767334
CSGS8,q1_2020,1,robust_local_cqr,weather_outage,up,58,0.43103448275862066,0.46896551724137936,5.950284957885742,0.19834282994270325,15.96603775024414
CSGS8,q1_2020,1,robust_risk_mondrian,clean,down,78,0.6025641025641025,0.2974358974358975,7.081770896911621,0.2360590249300003,13.11405086517334
CSGS8,q1_2020,1,robust_risk_mondrian,clean,up,58,0.46551724137931033,0.4344827586206897,5.998123645782471,0.19993744790554047,17.24489974975586
CSGS8,q1_2020,1,robust_risk_mondrian,combined_outage,down,78,0.6282051282051282,0.27179487179487183,7.740257263183594,0.25800856947898865,14.74527359008789
CSGS8,q1_2020,1,robust_risk_mondrian,combined_outage,up,58,0.3275862068965517,0.5724137931034483,5.491680145263672,0.18305601179599762,21.501447677612305
CSGS8,q1_2020,1,robust_risk_mondrian,irradiance_outage,down,78,0.5,0.4,6.438495635986328,0.21461652219295502,14.150224685668945
CSGS8,q1_2020,1,robust_risk_mondrian,irradiance_outage,up,58,0.3448275862068966,0.5551724137931034,4.559953212738037,0.15199844539165497,23.385852813720703
CSGS8,q1_2020,1,robust_risk_mondrian,recent_power_outage,down,78,0.7948717948717948,0.1051282051282052,9.131587028503418,0.3043862283229828,12.357450485229492
CSGS8,q1_2020,1,robust_risk_mondrian,recent_power_outage,up,58,0.5689655172413793,0.3310344827586207,7.209555149078369,0.24031850695610046,17.186918258666992
CSGS8,q1_2020,1,robust_risk_mondrian,weather_outage,down,78,0.6153846153846154,0.2846153846153846,7.034748554229736,0.23449161648750305,12.741931915283203
CSGS8,q1_2020,1,robust_risk_mondrian,weather_outage,up,58,0.43103448275862066,0.46896551724137936,5.845246315002441,0.19484154880046844,17.520856857299805
CSGS8,q1_2020,1,robust_rolling_cqr,clean,down,78,0.5769230769230769,0.32307692307692315,6.601271629333496,0.2200423926115036,14.799042701721191
CSGS8,q1_2020,1,robust_rolling_cqr,clean,up,58,0.43103448275862066,0.46896551724137936,5.521100044250488,0.18403667211532593,19.118995666503906
CSGS8,q1_2020,1,robust_rolling_cqr,combined_outage,down,78,0.5641025641025641,0.3358974358974359,6.958714485168457,0.23195715248584747,17.005294799804688
CSGS8,q1_2020,1,robust_rolling_cqr,combined_outage,up,58,0.25862068965517243,0.6413793103448275,4.8499860763549805,0.16166619956493378,25.115034103393555
CSGS8,q1_2020,1,robust_rolling_cqr,irradiance_outage,down,78,0.38461538461538464,0.5153846153846153,5.761650562286377,0.19205501675605774,17.222387313842773
CSGS8,q1_2020,1,robust_rolling_cqr,irradiance_outage,up,58,0.27586206896551724,0.6241379310344828,4.097187519073486,0.1365729123353958,25.4578800201416
CSGS8,q1_2020,1,robust_rolling_cqr,recent_power_outage,down,78,0.782051282051282,0.11794871794871797,9.340907096862793,0.3113635778427124,12.901856422424316
CSGS8,q1_2020,1,robust_rolling_cqr,recent_power_outage,up,58,0.6379310344827587,0.26206896551724135,7.553991794586182,0.25179973244667053,15.170127868652344
CSGS8,q1_2020,1,robust_rolling_cqr,weather_outage,down,78,0.5769230769230769,0.32307692307692315,6.52728796005249,0.217576265335083,14.444575309753418
CSGS8,q1_2020,1,robust_rolling_cqr,weather_outage,up,58,0.3793103448275862,0.5206896551724138,5.359623432159424,0.17865411937236786,19.695512771606445
CSGS8,q1_2020,4,clean_condition_cqr,clean,down,145,0.6689655172413793,0.2310344827586207,8.530136108398438,0.2843378782272339,15.764558792114258
CSGS8,q1_2020,4,clean_condition_cqr,clean,up,86,0.26744186046511625,0.6325581395348838,6.622405529022217,0.22074684500694275,31.325780868530273
CSGS8,q1_2020,4,clean_condition_cqr,combined_outage,down,145,1.0,0.0,15.00047492980957,0.5000158548355103,15.00047492980957
CSGS8,q1_2020,4,clean_condition_cqr,combined_outage,up,86,0.6744186046511628,0.22558139534883725,17.81749725341797,0.5939165949821472,24.162677764892578
CSGS8,q1_2020,4,clean_condition_cqr,irradiance_outage,down,145,1.0,0.0,11.151764869689941,0.37172549962997437,11.151764869689941
CSGS8,q1_2020,4,clean_condition_cqr,irradiance_outage,up,86,0.10465116279069768,0.7953488372093024,6.682257175445557,0.22274190187454224,64.46739959716797
CSGS8,q1_2020,4,clean_condition_cqr,recent_power_outage,down,145,0.9862068965517241,0.0,13.125335693359375,0.4375111758708954,13.772640228271484
CSGS8,q1_2020,4,clean_condition_cqr,recent_power_outage,up,86,0.18604651162790697,0.713953488372093,11.249441146850586,0.3749813735485077,58.3850212097168
CSGS8,q1_2020,4,clean_condition_cqr,weather_outage,down,145,0.6896551724137931,0.21034482758620687,8.588871955871582,0.28629574179649353,15.555259704589844
CSGS8,q1_2020,4,clean_condition_cqr,weather_outage,up,86,0.2441860465116279,0.6558139534883721,6.394477844238281,0.2131492644548416,35.62794876098633
CSGS8,q1_2020,4,lgbm_condition_cqr,clean,down,145,0.7172413793103448,0.1827586206896552,6.676769733428955,0.22255899012088776,12.665844917297363
CSGS8,q1_2020,4,lgbm_condition_cqr,clean,up,86,0.19767441860465115,0.7023255813953488,6.916824817657471,0.23056082427501678,37.697792053222656
CSGS8,q1_2020,4,lgbm_condition_cqr,combined_outage,down,145,1.0,0.0,17.64556121826172,0.5881853699684143,17.64556121826172
CSGS8,q1_2020,4,lgbm_condition_cqr,combined_outage,up,86,0.872093023255814,0.027906976744186074,20.522930145263672,0.6840976476669312,24.711519241333008
CSGS8,q1_2020,4,lgbm_condition_cqr,irradiance_outage,down,145,0.993103448275862,0.0,7.270073413848877,0.24233578145503998,7.319244861602783
CSGS8,q1_2020,4,lgbm_condition_cqr,irradiance_outage,up,86,0.06976744186046512,0.8302325581395349,6.618808269500732,0.22062693536281586,68.7352294921875
CSGS8,q1_2020,4,lgbm_condition_cqr,recent_power_outage,down,145,1.0,0.0,16.692928314208984,0.5564309358596802,16.692928314208984
CSGS8,q1_2020,4,lgbm_condition_cqr,recent_power_outage,up,86,0.8372093023255814,0.06279069767441858,19.83344841003418,0.6611149311065674,25.26409149169922
CSGS8,q1_2020,4,lgbm_condition_cqr,weather_outage,down,145,0.7103448275862069,0.18965517241379315,6.620522499084473,0.22068408131599426,12.634468078613281
CSGS8,q1_2020,4,lgbm_condition_cqr,weather_outage,up,86,0.18604651162790697,0.713953488372093,6.813546657562256,0.22711822390556335,40.525543212890625
CSGS8,q1_2020,4,oracle_ramp_mondrian,clean,down,145,0.8827586206896552,0.017241379310344862,10.616107940673828,0.3538702726364136,13.614710807800293
CSGS8,q1_2020,4,oracle_ramp_mondrian,clean,up,86,0.46511627906976744,0.4348837209302326,8.9140043258667,0.2971334755420685,20.60191535949707
CSGS8,q1_2020,4,oracle_ramp_mondrian,combined_outage,down,145,0.903448275862069,0.0,13.53027629852295,0.45100921392440796,15.540138244628906
CSGS8,q1_2020,4,oracle_ramp_mondrian,combined_outage,up,86,0.26744186046511625,0.6325581395348838,9.376893997192383,0.31256312131881714,34.161285400390625
CSGS8,q1_2020,4,oracle_ramp_mondrian,irradiance_outage,down,145,0.9103448275862069,0.0,11.044391632080078,0.3681463897228241,13.631203651428223
CSGS8,q1_2020,4,oracle_ramp_mondrian,irradiance_outage,up,86,0.3488372093023256,0.5511627906976744,8.397293090820312,0.27990975975990295,31.907901763916016
CSGS8,q1_2020,4,oracle_ramp_mondrian,recent_power_outage,down,145,0.9172413793103448,0.0,12.502280235290527,0.4167426824569702,15.219049453735352
CSGS8,q1_2020,4,oracle_ramp_mondrian,recent_power_outage,up,86,0.6046511627906976,0.2953488372093024,10.266128540039062,0.3422042727470398,20.300765991210938
CSGS8,q1_2020,4,oracle_ramp_mondrian,weather_outage,down,145,0.896551724137931,0.0034482758620689724,10.893543243408203,0.36311811208724976,13.488670349121094
CSGS8,q1_2020,4,oracle_ramp_mondrian,weather_outage,up,86,0.3953488372093023,0.5046511627906978,8.776058197021484,0.29253527522087097,23.50342559814453
CSGS8,q1_2020,4,persistence_condition_cqr,clean,down,145,0.1103448275862069,0.7896551724137931,12.440000534057617,0.41466668248176575,31.42483139038086
CSGS8,q1_2020,4,persistence_condition_cqr,clean,up,86,0.1511627906976744,0.7488372093023257,12.379650115966797,0.4126549959182739,33.419185638427734
CSGS8,q1_2020,4,persistence_condition_cqr,combined_outage,down,145,0.7793103448275862,0.12068965517241381,26.549171447753906,0.8849723935127258,33.91606903076172
CSGS8,q1_2020,4,persistence_condition_cqr,combined_outage,up,86,0.7093023255813954,0.19069767441860463,18.136978149414062,0.6045659184455872,25.74860382080078
CSGS8,q1_2020,4,persistence_condition_cqr,irradiance_outage,down,145,0.1103448275862069,0.7896551724137931,12.440000534057617,0.41466668248176575,31.42483139038086
CSGS8,q1_2020,4,persistence_condition_cqr,irradiance_outage,up,86,0.1511627906976744,0.7488372093023257,12.379650115966797,0.4126549959182739,33.419185638427734
CSGS8,q1_2020,4,persistence_condition_cqr,recent_power_outage,down,145,0.7793103448275862,0.12068965517241381,26.549171447753906,0.8849723935127258,33.91606903076172
CSGS8,q1_2020,4,persistence_condition_cqr,recent_power_outage,up,86,0.7093023255813954,0.19069767441860463,18.136978149414062,0.6045659184455872,25.74860382080078
CSGS8,q1_2020,4,persistence_condition_cqr,weather_outage,down,145,0.1103448275862069,0.7896551724137931,12.440000534057617,0.41466668248176575,31.42483139038086
CSGS8,q1_2020,4,persistence_condition_cqr,weather_outage,up,86,0.1511627906976744,0.7488372093023257,12.379650115966797,0.4126549959182739,33.419185638427734
CSGS8,q1_2020,4,robust_condition_cqr,clean,down,145,0.7172413793103448,0.1827586206896552,8.271526336669922,0.275717556476593,15.748495101928711
CSGS8,q1_2020,4,robust_condition_cqr,clean,up,86,0.22093023255813954,0.6790697674418604,6.455580711364746,0.21518602967262268,34.074546813964844
CSGS8,q1_2020,4,robust_condition_cqr,combined_outage,down,145,0.7172413793103448,0.1827586206896552,9.968530654907227,0.3322843611240387,18.633243560791016
CSGS8,q1_2020,4,robust_condition_cqr,combined_outage,up,86,0.1511627906976744,0.7488372093023257,5.531306266784668,0.18437688052654266,61.51120376586914
CSGS8,q1_2020,4,robust_condition_cqr,irradiance_outage,down,145,0.6827586206896552,0.21724137931034482,8.460381507873535,0.2820127308368683,16.230098724365234
CSGS8,q1_2020,4,robust_condition_cqr,irradiance_outage,up,86,0.1744186046511628,0.7255813953488373,5.682911396026611,0.1894303858280182,50.11689376831055
CSGS8,q1_2020,4,robust_condition_cqr,recent_power_outage,down,145,0.7724137931034483,0.12758620689655176,9.731945037841797,0.3243981599807739,16.662858963012695
CSGS8,q1_2020,4,robust_condition_cqr,recent_power_outage,up,86,0.29069767441860467,0.6093023255813954,7.345152378082275,0.2448384165763855,34.26280212402344
CSGS8,q1_2020,4,robust_condition_cqr,weather_outage,down,145,0.7034482758620689,0.1965517241379311,8.371577262878418,0.27905258536338806,15.50448226928711
CSGS8,q1_2020,4,robust_condition_cqr,weather_outage,up,86,0.19767441860465115,0.7023255813953488,6.136066436767578,0.20453554391860962,39.406246185302734
CSGS8,q1_2020,4,robust_local_cqr,clean,down,145,0.7310344827586207,0.16896551724137931,8.276314735412598,0.2758771479129791,15.77662181854248
CSGS8,q1_2020,4,robust_local_cqr,clean,up,86,0.27906976744186046,0.6209302325581396,7.089591979980469,0.23631973564624786,29.570615768432617
CSGS8,q1_2020,4,robust_local_cqr,combined_outage,down,145,0.7862068965517242,0.11379310344827587,10.891266822814941,0.3630422353744507,17.10179901123047
CSGS8,q1_2020,4,robust_local_cqr,combined_outage,up,86,0.16279069767441862,0.7372093023255815,6.387929439544678,0.21293097734451294,55.30652618408203
CSGS8,q1_2020,4,robust_local_cqr,irradiance_outage,down,145,0.7103448275862069,0.18965517241379315,8.58332633972168,0.28611087799072266,15.933300971984863
CSGS8,q1_2020,4,robust_local_cqr,irradiance_outage,up,86,0.20930232558139536,0.6906976744186046,6.5214524269104,0.21738174557685852,44.30363464355469
CSGS8,q1_2020,4,robust_local_cqr,recent_power_outage,down,145,0.8206896551724138,0.07931034482758625,10.281023025512695,0.3427007794380188,15.844548225402832
CSGS8,q1_2020,4,robust_local_cqr,recent_power_outage,up,86,0.3372093023255814,0.5627906976744186,7.893305778503418,0.2631101906299591,30.36701202392578
CSGS8,q1_2020,4,robust_local_cqr,weather_outage,down,145,0.7172413793103448,0.1827586206896552,8.362866401672363,0.27876222133636475,15.631616592407227
CSGS8,q1_2020,4,robust_local_cqr,weather_outage,up,86,0.2441860465116279,0.6558139534883721,6.8394904136657715,0.2279830127954483,34.26127624511719
CSGS8,q1_2020,4,robust_risk_mondrian,clean,down,145,0.7793103448275862,0.12068965517241381,9.04128360748291,0.3013761341571808,14.603611946105957
CSGS8,q1_2020,4,robust_risk_mondrian,clean,up,86,0.3023255813953488,0.5976744186046512,6.710836887359619,0.2236945629119873,33.34212875366211
CSGS8,q1_2020,4,robust_risk_mondrian,combined_outage,down,145,0.7310344827586207,0.16896551724137931,10.281344413757324,0.342711478471756,18.000619888305664
CSGS8,q1_2020,4,robust_risk_mondrian,combined_outage,up,86,0.1511627906976744,0.7488372093023257,6.185825824737549,0.2061941921710968,55.87441635131836
CSGS8,q1_2020,4,robust_risk_mondrian,irradiance_outage,down,145,0.7517241379310344,0.1482758620689656,9.130751609802246,0.3043583929538727,15.286380767822266
CSGS8,q1_2020,4,robust_risk_mondrian,irradiance_outage,up,86,0.16279069767441862,0.7372093023255815,5.6040143966674805,0.18680047988891602,51.59185791015625
CSGS8,q1_2020,4,robust_risk_mondrian,recent_power_outage,down,145,0.8,0.09999999999999998,9.91436767578125,0.3304789364337921,16.35179901123047
CSGS8,q1_2020,4,robust_risk_mondrian,recent_power_outage,up,86,0.3023255813953488,0.5976744186046512,7.235659599304199,0.2411886602640152,35.489601135253906
CSGS8,q1_2020,4,robust_risk_mondrian,weather_outage,down,145,0.7862068965517242,0.11379310344827587,9.0332670211792,0.3011088967323303,14.54051685333252
CSGS8,q1_2020,4,robust_risk_mondrian,weather_outage,up,86,0.23255813953488372,0.6674418604651163,6.061814308166504,0.20206047594547272,41.00109100341797
CSGS8,q1_2020,4,robust_rolling_cqr,clean,down,145,0.7241379310344828,0.17586206896551726,8.498875617980957,0.2832958400249481,15.463662147521973
CSGS8,q1_2020,4,robust_rolling_cqr,clean,up,86,0.23255813953488372,0.6674418604651163,6.6788434982299805,0.22262811660766602,32.46324920654297
CSGS8,q1_2020,4,robust_rolling_cqr,combined_outage,down,145,0.7310344827586207,0.16896551724137931,10.064536094665527,0.3354845345020294,18.78333854675293
CSGS8,q1_2020,4,robust_rolling_cqr,combined_outage,up,86,0.13953488372093023,0.7604651162790698,5.540948867797852,0.18469829857349396,61.01283645629883
CSGS8,q1_2020,4,robust_rolling_cqr,irradiance_outage,down,145,0.6896551724137931,0.21034482758620687,8.569934844970703,0.28566449880599976,16.187904357910156
CSGS8,q1_2020,4,robust_rolling_cqr,irradiance_outage,up,86,0.1744186046511628,0.7255813953488373,5.733828067779541,0.19112759828567505,49.64479064941406
CSGS8,q1_2020,4,robust_rolling_cqr,recent_power_outage,down,145,0.8275862068965517,0.07241379310344831,10.171073913574219,0.3390358090400696,16.44582176208496
CSGS8,q1_2020,4,robust_rolling_cqr,recent_power_outage,up,86,0.29069767441860467,0.6093023255813954,7.76839017868042,0.25894632935523987,31.124231338500977
CSGS8,q1_2020,4,robust_rolling_cqr,weather_outage,down,145,0.7310344827586207,0.16896551724137931,8.613917350769043,0.28713056445121765,15.264725685119629
CSGS8,q1_2020,4,robust_rolling_cqr,weather_outage,up,86,0.22093023255813954,0.6790697674418604,6.3741135597229,0.21247045695781708,37.76213455200195
CSGS8,q2_2020,1,clean_condition_cqr,clean,down,70,0.6142857142857143,0.2857142857142857,5.23337459564209,0.17444582283496857,13.887266159057617
CSGS8,q2_2020,1,clean_condition_cqr,clean,up,90,0.37777777777777777,0.5222222222222223,4.306616306304932,0.14355388283729553,14.570569038391113
CSGS8,q2_2020,1,clean_condition_cqr,combined_outage,down,70,0.24285714285714285,0.6571428571428571,13.38936996459961,0.4463123381137848,67.80734252929688
CSGS8,q2_2020,1,clean_condition_cqr,combined_outage,up,90,0.18888888888888888,0.7111111111111111,14.510401725769043,0.4836800694465637,113.37202453613281
CSGS8,q2_2020,1,clean_condition_cqr,irradiance_outage,down,70,0.9857142857142858,0.0,7.226097106933594,0.2408699095249176,7.229847431182861
CSGS8,q2_2020,1,clean_condition_cqr,irradiance_outage,up,90,0.12222222222222222,0.7777777777777778,6.124760150909424,0.20415867865085602,22.114986419677734
CSGS8,q2_2020,1,clean_condition_cqr,recent_power_outage,down,70,0.2714285714285714,0.6285714285714286,12.585550308227539,0.4195183515548706,75.00487518310547
CSGS8,q2_2020,1,clean_condition_cqr,recent_power_outage,up,90,0.05555555555555555,0.8444444444444444,14.931448936462402,0.49771496653556824,96.55684661865234
CSGS8,q2_2020,1,clean_condition_cqr,weather_outage,down,70,0.6142857142857143,0.2857142857142857,5.192914009094238,0.1730971336364746,12.948047637939453
CSGS8,q2_2020,1,clean_condition_cqr,weather_outage,up,90,0.4111111111111111,0.48888888888888893,4.265717029571533,0.14219056069850922,15.20302963256836
CSGS8,q2_2020,1,lgbm_condition_cqr,clean,down,70,0.7857142857142857,0.11428571428571432,6.619153022766113,0.2206384390592575,9.877592086791992
CSGS8,q2_2020,1,lgbm_condition_cqr,clean,up,90,0.25555555555555554,0.6444444444444445,6.255241394042969,0.20850804448127747,17.731922149658203
CSGS8,q2_2020,1,lgbm_condition_cqr,combined_outage,down,70,0.2714285714285714,0.6285714285714286,13.742732048034668,0.4580910801887512,66.31718444824219
CSGS8,q2_2020,1,lgbm_condition_cqr,combined_outage,up,90,0.15555555555555556,0.7444444444444445,13.96430778503418,0.465476930141449,119.95577239990234
CSGS8,q2_2020,1,lgbm_condition_cqr,irradiance_outage,down,70,0.8571428571428571,0.04285714285714293,6.515468120574951,0.21718226373195648,7.342376708984375
CSGS8,q2_2020,1,lgbm_condition_cqr,irradiance_outage,up,90,0.08888888888888889,0.8111111111111111,6.201960563659668,0.20673201978206635,27.17466926574707
CSGS8,q2_2020,1,lgbm_condition_cqr,recent_power_outage,down,70,0.24285714285714285,0.6571428571428571,13.791603088378906,0.45972010493278503,64.98348236083984
CSGS8,q2_2020,1,lgbm_condition_cqr,recent_power_outage,up,90,0.14444444444444443,0.7555555555555555,14.104021072387695,0.47013404965400696,117.42586517333984
CSGS8,q2_2020,1,lgbm_condition_cqr,weather_outage,down,70,0.7857142857142857,0.11428571428571432,6.4959516525268555,0.21653172373771667,9.710872650146484
CSGS8,q2_2020,1,lgbm_condition_cqr,weather_outage,up,90,0.23333333333333334,0.6666666666666667,6.172359943389893,0.20574532449245453,18.883695602416992
CSGS8,q2_2020,1,oracle_ramp_mondrian,clean,down,70,0.9857142857142858,0.0,8.884114265441895,0.29613715410232544,8.892865180969238
CSGS8,q2_2020,1,oracle_ramp_mondrian,clean,up,90,0.9888888888888889,0.0,8.459949493408203,0.28199830651283264,8.722661972045898
CSGS8,q2_2020,1,oracle_ramp_mondrian,combined_outage,down,70,1.0,0.0,10.802888870239258,0.3600963056087494,10.802888870239258
CSGS8,q2_2020,1,oracle_ramp_mondrian,combined_outage,up,90,0.9777777777777777,0.0,9.48307991027832,0.31610265374183655,9.673430442810059
CSGS8,q2_2020,1,oracle_ramp_mondrian,irradiance_outage,down,70,1.0,0.0,8.918601989746094,0.297286719083786,8.918601989746094
CSGS8,q2_2020,1,oracle_ramp_mondrian,irradiance_outage,up,90,0.9666666666666667,0.0,8.515508651733398,0.2838502824306488,8.697163581848145
CSGS8,q2_2020,1,oracle_ramp_mondrian,recent_power_outage,down,70,0.9857142857142858,0.0,11.202951431274414,0.3734317123889923,11.21311092376709
CSGS8,q2_2020,1,oracle_ramp_mondrian,recent_power_outage,up,90,0.9777777777777777,0.0,9.66445541381836,0.32214850187301636,10.011978149414062
CSGS8,q2_2020,1,oracle_ramp_mondrian,weather_outage,down,70,1.0,0.0,8.938239097595215,0.29794129729270935,8.938239097595215
CSGS8,q2_2020,1,oracle_ramp_mondrian,weather_outage,up,90,0.9888888888888889,0.0,8.637659072875977,0.2879219651222229,8.849396705627441
CSGS8,q2_2020,1,persistence_condition_cqr,clean,down,70,0.0,0.9,3.119999408721924,0.10399997979402542,48.105716705322266
CSGS8,q2_2020,1,persistence_condition_cqr,clean,up,90,0.0,0.9,3.119999408721924,0.10399997979402542,45.075557708740234
CSGS8,q2_2020,1,persistence_condition_cqr,combined_outage,down,70,0.8714285714285714,0.02857142857142858,17.953569412231445,0.5984523296356201,23.076425552368164
CSGS8,q2_2020,1,persistence_condition_cqr,combined_outage,up,90,0.45555555555555555,0.4444444444444445,15.977221488952637,0.5325740575790405,46.592777252197266
CSGS8,q2_2020,1,persistence_condition_cqr,irradiance_outage,down,70,0.0,0.9,3.119999408721924,0.10399997979402542,48.105716705322266
CSGS8,q2_2020,1,persistence_condition_cqr,irradiance_outage,up,90,0.0,0.9,3.119999408721924,0.10399997979402542,45.075557708740234
CSGS8,q2_2020,1,persistence_condition_cqr,recent_power_outage,down,70,0.8714285714285714,0.02857142857142858,17.953569412231445,0.5984523296356201,23.076425552368164
CSGS8,q2_2020,1,persistence_condition_cqr,recent_power_outage,up,90,0.45555555555555555,0.4444444444444445,15.977221488952637,0.5325740575790405,46.592777252197266
CSGS8,q2_2020,1,persistence_condition_cqr,weather_outage,down,70,0.0,0.9,3.119999408721924,0.10399997979402542,48.105716705322266
CSGS8,q2_2020,1,persistence_condition_cqr,weather_outage,up,90,0.0,0.9,3.119999408721924,0.10399997979402542,45.075557708740234
CSGS8,q2_2020,1,robust_condition_cqr,clean,down,70,0.6285714285714286,0.27142857142857146,4.984527111053467,0.16615089774131775,11.331923484802246
CSGS8,q2_2020,1,robust_condition_cqr,clean,up,90,0.7,0.20000000000000007,4.560363292694092,0.15201210975646973,8.534589767456055
CSGS8,q2_2020,1,robust_condition_cqr,combined_outage,down,70,0.7857142857142857,0.11428571428571432,6.380820274353027,0.21269400417804718,9.201207160949707
CSGS8,q2_2020,1,robust_condition_cqr,combined_outage,up,90,0.6444444444444445,0.25555555555555554,5.050919055938721,0.16836397349834442,10.706863403320312
CSGS8,q2_2020,1,robust_condition_cqr,irradiance_outage,down,70,0.7142857142857143,0.18571428571428572,5.032867431640625,0.16776224970817566,8.789969444274902
CSGS8,q2_2020,1,robust_condition_cqr,irradiance_outage,up,90,0.6888888888888889,0.21111111111111114,4.62977409362793,0.15432579815387726,9.461421966552734
CSGS8,q2_2020,1,robust_condition_cqr,recent_power_outage,down,70,0.8285714285714286,0.0714285714285714,8.118464469909668,0.27061548829078674,10.641484260559082
CSGS8,q2_2020,1,robust_condition_cqr,recent_power_outage,up,90,0.7777777777777778,0.12222222222222223,6.579970359802246,0.21933235228061676,10.249228477478027
CSGS8,q2_2020,1,robust_condition_cqr,weather_outage,down,70,0.6428571428571429,0.2571428571428571,4.785158157348633,0.15950527787208557,11.010934829711914
CSGS8,q2_2020,1,robust_condition_cqr,weather_outage,up,90,0.6444444444444445,0.25555555555555554,4.484577655792236,0.14948591589927673,9.250109672546387
CSGS8,q2_2020,1,robust_local_cqr,clean,down,70,0.7714285714285715,0.12857142857142856,5.865500450134277,0.1955166757106781,8.682916641235352
CSGS8,q2_2020,1,robust_local_cqr,clean,up,90,0.8777777777777778,0.022222222222222254,5.686901569366455,0.18956337869167328,7.629002094268799
CSGS8,q2_2020,1,robust_local_cqr,combined_outage,down,70,0.9142857142857143,0.0,7.853630542755127,0.26178768277168274,8.621662139892578
CSGS8,q2_2020,1,robust_local_cqr,combined_outage,up,90,0.8333333333333334,0.06666666666666665,6.234623908996582,0.2078208029270172,8.173465728759766
CSGS8,q2_2020,1,robust_local_cqr,irradiance_outage,down,70,0.8714285714285714,0.02857142857142858,5.805552005767822,0.19351840019226074,6.875245571136475
CSGS8,q2_2020,1,robust_local_cqr,irradiance_outage,up,90,0.8333333333333334,0.06666666666666665,5.6581902503967285,0.18860633671283722,7.96764612197876
CSGS8,q2_2020,1,robust_local_cqr,recent_power_outage,down,70,0.8714285714285714,0.02857142857142858,8.914759635925293,0.2971586585044861,9.914389610290527
CSGS8,q2_2020,1,robust_local_cqr,recent_power_outage,up,90,0.8222222222222222,0.07777777777777783,7.198451042175293,0.2399483621120453,9.361352920532227
CSGS8,q2_2020,1,robust_local_cqr,weather_outage,down,70,0.8,0.09999999999999998,5.757815837860107,0.19192719459533691,8.366832733154297
CSGS8,q2_2020,1,robust_local_cqr,weather_outage,up,90,0.8333333333333334,0.06666666666666665,5.641689300537109,0.18805630505084991,7.915761947631836
CSGS8,q2_2020,1,robust_risk_mondrian,clean,down,70,0.7142857142857143,0.18571428571428572,5.4334025382995605,0.18111342191696167,10.37229061126709
CSGS8,q2_2020,1,robust_risk_mondrian,clean,up,90,0.8111111111111111,0.0888888888888889,5.009237766265869,0.16697458922863007,7.875704765319824
CSGS8,q2_2020,1,robust_risk_mondrian,combined_outage,down,70,0.8285714285714286,0.0714285714285714,6.662722587585449,0.22209075093269348,8.55402946472168
CSGS8,q2_2020,1,robust_risk_mondrian,combined_outage,up,90,0.7,0.20000000000000007,5.575660705566406,0.18585535883903503,9.59176254272461
CSGS8,q2_2020,1,robust_risk_mondrian,irradiance_outage,down,70,0.7857142857142857,0.11428571428571432,5.623073577880859,0.1874357908964157,7.887302875518799
CSGS8,q2_2020,1,robust_risk_mondrian,irradiance_outage,up,90,0.8111111111111111,0.0888888888888889,5.219979286193848,0.17399930953979492,8.651371002197266
CSGS8,q2_2020,1,robust_risk_mondrian,recent_power_outage,down,70,0.8571428571428571,0.04285714285714293,8.523097038269043,0.28410324454307556,10.267619132995605
CSGS8,q2_2020,1,robust_risk_mondrian,recent_power_outage,up,90,0.7777777777777778,0.12222222222222223,7.009371757507324,0.2336457222700119,9.726449966430664
CSGS8,q2_2020,1,robust_risk_mondrian,weather_outage,down,70,0.7285714285714285,0.17142857142857149,5.247337341308594,0.1749112457036972,10.132030487060547
CSGS8,q2_2020,1,robust_risk_mondrian,weather_outage,up,90,0.7777777777777778,0.12222222222222223,4.946756839752197,0.16489189863204956,8.385071754455566
CSGS8,q2_2020,1,robust_rolling_cqr,clean,down,70,0.6428571428571429,0.2571428571428571,5.015048503875732,0.1671682894229889,11.311556816101074
CSGS8,q2_2020,1,robust_rolling_cqr,clean,up,90,0.7111111111111111,0.18888888888888888,4.582597732543945,0.15275326371192932,8.476767539978027
CSGS8,q2_2020,1,robust_rolling_cqr,combined_outage,down,70,0.7857142857142857,0.11428571428571432,6.27175760269165,0.20905858278274536,9.387189865112305
CSGS8,q2_2020,1,robust_rolling_cqr,combined_outage,up,90,0.6222222222222222,0.2777777777777778,4.932967662811279,0.16443225741386414,10.97753620147705
CSGS8,q2_2020,1,robust_rolling_cqr,irradiance_outage,down,70,0.7142857142857143,0.18571428571428572,5.044380187988281,0.16814599931240082,8.758923530578613
CSGS8,q2_2020,1,robust_rolling_cqr,irradiance_outage,up,90,0.6888888888888889,0.21111111111111114,4.635981559753418,0.15453271567821503,9.447488784790039
CSGS8,q2_2020,1,robust_rolling_cqr,recent_power_outage,down,70,0.8285714285714286,0.0714285714285714,8.112344741821289,0.27041149139404297,10.696218490600586
CSGS8,q2_2020,1,robust_rolling_cqr,recent_power_outage,up,90,0.7666666666666667,0.1333333333333333,6.566023826599121,0.2188674658536911,10.245750427246094
CSGS8,q2_2020,1,robust_rolling_cqr,weather_outage,down,70,0.6571428571428571,0.24285714285714288,4.81606388092041,0.16053546965122223,11.006511688232422
CSGS8,q2_2020,1,robust_rolling_cqr,weather_outage,up,90,0.6444444444444445,0.25555555555555554,4.501556873321533,0.15005189180374146,9.197102546691895
CSGS8,q2_2020,4,clean_condition_cqr,clean,down,84,0.7857142857142857,0.11428571428571432,5.649120330810547,0.18830400705337524,9.104748725891113
CSGS8,q2_2020,4,clean_condition_cqr,clean,up,94,0.6170212765957447,0.28297872340425534,5.772793292999268,0.19242644309997559,13.478010177612305
CSGS8,q2_2020,4,clean_condition_cqr,combined_outage,down,84,0.5714285714285714,0.3285714285714286,9.077794075012207,0.3025931417942047,21.111114501953125
CSGS8,q2_2020,4,clean_condition_cqr,combined_outage,up,94,0.3404255319148936,0.5595744680851065,13.701205253601074,0.45670685172080994,58.52721405029297
CSGS8,q2_2020,4,clean_condition_cqr,irradiance_outage,down,84,1.0,0.0,8.735422134399414,0.29118072986602783,8.735422134399414
CSGS8,q2_2020,4,clean_condition_cqr,irradiance_outage,up,94,0.5851063829787234,0.3148936170212766,6.413030624389648,0.21376769244670868,15.133035659790039
CSGS8,q2_2020,4,clean_condition_cqr,recent_power_outage,down,84,0.6309523809523809,0.2690476190476191,9.36655044555664,0.3122183382511139,23.120075225830078
CSGS8,q2_2020,4,clean_condition_cqr,recent_power_outage,up,94,0.3404255319148936,0.5595744680851065,10.900150299072266,0.3633383512496948,48.67484664916992
CSGS8,q2_2020,4,clean_condition_cqr,weather_outage,down,84,0.8214285714285714,0.07857142857142863,5.7954020500183105,0.19318006932735443,8.560310363769531
CSGS8,q2_2020,4,clean_condition_cqr,weather_outage,up,94,0.6276595744680851,0.27234042553191495,5.745963096618652,0.19153210520744324,13.674315452575684
CSGS8,q2_2020,4,lgbm_condition_cqr,clean,down,84,0.8214285714285714,0.07857142857142863,5.121214866638184,0.17070716619491577,7.142679691314697
CSGS8,q2_2020,4,lgbm_condition_cqr,clean,up,94,0.5425531914893617,0.35744680851063837,7.1695075035095215,0.23898358643054962,18.13467788696289
CSGS8,q2_2020,4,lgbm_condition_cqr,combined_outage,down,84,0.7619047619047619,0.13809523809523816,11.363863945007324,0.37879547476768494,18.421123504638672
CSGS8,q2_2020,4,lgbm_condition_cqr,combined_outage,up,94,0.5319148936170213,0.36808510638297876,16.072662353515625,0.5357553958892822,48.10715866088867
CSGS8,q2_2020,4,lgbm_condition_cqr,irradiance_outage,down,84,0.9642857142857143,0.0,4.807379245758057,0.16024596989154816,5.028627872467041
CSGS8,q2_2020,4,lgbm_condition_cqr,irradiance_outage,up,94,0.3829787234042553,0.5170212765957447,6.906325817108154,0.23021085560321808,25.440185546875
CSGS8,q2_2020,4,lgbm_condition_cqr,recent_power_outage,down,84,0.7857142857142857,0.11428571428571432,11.202973365783691,0.373432457447052,18.986194610595703
CSGS8,q2_2020,4,lgbm_condition_cqr,recent_power_outage,up,94,0.5425531914893617,0.35744680851063837,15.66710376739502,0.5222367644309998,49.2323112487793
CSGS8,q2_2020,4,lgbm_condition_cqr,weather_outage,down,84,0.8095238095238095,0.09047619047619049,5.1832075119018555,0.1727735847234726,7.120105743408203
CSGS8,q2_2020,4,lgbm_condition_cqr,weather_outage,up,94,0.5106382978723404,0.38936170212765964,7.121612071990967,0.23738707602024078,18.508169174194336
CSGS8,q2_2020,4,oracle_ramp_mondrian,clean,down,84,1.0,0.0,9.353830337524414,0.31179434061050415,9.353830337524414
CSGS8,q2_2020,4,oracle_ramp_mondrian,clean,up,94,0.9680851063829787,0.0,9.438766479492188,0.3146255612373352,9.72212028503418
CSGS8,q2_2020,4,oracle_ramp_mondrian,combined_outage,down,84,1.0,0.0,12.469508171081543,0.41565027832984924,12.469508171081543
CSGS8,q2_2020,4,oracle_ramp_mondrian,combined_outage,up,94,1.0,0.0,11.85447883605957,0.395149290561676,11.85447883605957
CSGS8,q2_2020,4,oracle_ramp_mondrian,irradiance_outage,down,84,1.0,0.0,9.751445770263672,0.32504817843437195,9.751445770263672
CSGS8,q2_2020,4,oracle_ramp_mondrian,irradiance_outage,up,94,0.9574468085106383,0.0,9.642715454101562,0.32142385840415955,10.027649879455566
CSGS8,q2_2020,4,oracle_ramp_mondrian,recent_power_outage,down,84,0.9880952380952381,0.0,11.32112979888916,0.3773709833621979,11.333686828613281
CSGS8,q2_2020,4,oracle_ramp_mondrian,recent_power_outage,up,94,0.9893617021276596,0.0,11.17534351348877,0.37251144647598267,11.184414863586426
CSGS8,q2_2020,4,oracle_ramp_mondrian,weather_outage,down,84,1.0,0.0,9.738431930541992,0.32461440563201904,9.738430976867676
CSGS8,q2_2020,4,oracle_ramp_mondrian,weather_outage,up,94,0.9893617021276596,0.0,9.720782279968262,0.32402607798576355,10.005438804626465
CSGS8,q2_2020,4,persistence_condition_cqr,clean,down,84,0.0,0.9,8.559999465942383,0.2853333055973053,60.445709228515625
CSGS8,q2_2020,4,persistence_condition_cqr,clean,up,94,0.0,0.9,8.518510818481445,0.2839503586292267,62.746177673339844
CSGS8,q2_2020,4,persistence_condition_cqr,combined_outage,down,84,0.5952380952380952,0.3047619047619048,21.67202377319336,0.7224007844924927,40.469642639160156
CSGS8,q2_2020,4,persistence_condition_cqr,combined_outage,up,94,0.10638297872340426,0.7936170212765957,12.91106128692627,0.43036872148513794,72.0663833618164
CSGS8,q2_2020,4,persistence_condition_cqr,irradiance_outage,down,84,0.0,0.9,8.559999465942383,0.2853333055973053,60.445709228515625
CSGS8,q2_2020,4,persistence_condition_cqr,irradiance_outage,up,94,0.0,0.9,8.518510818481445,0.2839503586292267,62.746177673339844
CSGS8,q2_2020,4,persistence_condition_cqr,recent_power_outage,down,84,0.5952380952380952,0.3047619047619048,21.67202377319336,0.7224007844924927,40.469642639160156
CSGS8,q2_2020,4,persistence_condition_cqr,recent_power_outage,up,94,0.10638297872340426,0.7936170212765957,12.91106128692627,0.43036872148513794,72.0663833618164
CSGS8,q2_2020,4,persistence_condition_cqr,weather_outage,down,84,0.0,0.9,8.559999465942383,0.2853333055973053,60.445709228515625
CSGS8,q2_2020,4,persistence_condition_cqr,weather_outage,up,94,0.0,0.9,8.518510818481445,0.2839503586292267,62.746177673339844
CSGS8,q2_2020,4,robust_condition_cqr,clean,down,84,0.8095238095238095,0.09047619047619049,5.736296653747559,0.19120988249778748,8.993107795715332
CSGS8,q2_2020,4,robust_condition_cqr,clean,up,94,0.776595744680851,0.123404255319149,5.745255470275879,0.19150851666927338,10.267110824584961
CSGS8,q2_2020,4,robust_condition_cqr,combined_outage,down,84,0.9761904761904762,0.0,6.938199043273926,0.23127330839633942,7.07196044921875
CSGS8,q2_2020,4,robust_condition_cqr,combined_outage,up,94,0.6914893617021277,0.2085106382978723,5.890078067779541,0.19633594155311584,11.713650703430176
CSGS8,q2_2020,4,robust_condition_cqr,irradiance_outage,down,84,0.9642857142857143,0.0,5.650031089782715,0.1883343756198883,5.982086658477783
CSGS8,q2_2020,4,robust_condition_cqr,irradiance_outage,up,94,0.6914893617021277,0.2085106382978723,5.422316074371338,0.18074387311935425,11.649707794189453
CSGS8,q2_2020,4,robust_condition_cqr,recent_power_outage,down,84,0.8928571428571429,0.0071428571428571175,7.654928207397461,0.2551642656326294,9.41734504699707
CSGS8,q2_2020,4,robust_condition_cqr,recent_power_outage,up,94,0.776595744680851,0.123404255319149,7.32526159286499,0.24417538940906525,11.341160774230957
CSGS8,q2_2020,4,robust_condition_cqr,weather_outage,down,84,0.8095238095238095,0.09047619047619049,5.775081634521484,0.1925027221441269,8.511237144470215
CSGS8,q2_2020,4,robust_condition_cqr,weather_outage,up,94,0.7446808510638298,0.15531914893617027,5.659323215484619,0.18864411115646362,10.164661407470703
CSGS8,q2_2020,4,robust_local_cqr,clean,down,84,0.9047619047619048,0.0,6.843532562255859,0.22811774909496307,7.699268817901611
CSGS8,q2_2020,4,robust_local_cqr,clean,up,94,0.8936170212765957,0.00638297872340432,7.410331726074219,0.24701105058193207,8.68087100982666
CSGS8,q2_2020,4,robust_local_cqr,combined_outage,down,84,1.0,0.0,7.648606300354004,0.254953533411026,7.648606300354004
CSGS8,q2_2020,4,robust_local_cqr,combined_outage,up,94,0.9680851063829787,0.0,7.678959846496582,0.25596532225608826,8.045188903808594
CSGS8,q2_2020,4,robust_local_cqr,irradiance_outage,down,84,0.9761904761904762,0.0,6.712024688720703,0.22373415529727936,6.783992767333984
CSGS8,q2_2020,4,robust_local_cqr,irradiance_outage,up,94,0.8617021276595744,0.03829787234042559,7.239922046661377,0.24133072793483734,9.56507682800293
CSGS8,q2_2020,4,robust_local_cqr,recent_power_outage,down,84,0.9404761904761905,0.0,8.368311882019043,0.2789437174797058,8.974546432495117
CSGS8,q2_2020,4,robust_local_cqr,recent_power_outage,up,94,0.9042553191489362,0.0,8.41631031036377,0.2805436849594116,9.76816463470459
CSGS8,q2_2020,4,robust_local_cqr,weather_outage,down,84,0.8928571428571429,0.0071428571428571175,6.842376708984375,0.22807922959327698,7.306217670440674
CSGS8,q2_2020,4,robust_local_cqr,weather_outage,up,94,0.8936170212765957,0.00638297872340432,7.282224655151367,0.24274082481861115,8.492071151733398
CSGS8,q2_2020,4,robust_risk_mondrian,clean,down,84,0.8452380952380952,0.05476190476190479,6.370829105377197,0.21236096322536469,8.499263763427734
CSGS8,q2_2020,4,robust_risk_mondrian,clean,up,94,0.8085106382978723,0.09148936170212774,6.339977741241455,0.21133258938789368,9.818739891052246
CSGS8,q2_2020,4,robust_risk_mondrian,combined_outage,down,84,0.9761904761904762,0.0,7.045165061950684,0.2348388284444809,7.149081230163574
CSGS8,q2_2020,4,robust_risk_mondrian,combined_outage,up,94,0.723404255319149,0.17659574468085104,6.030220985412598,0.20100736618041992,11.918872833251953
CSGS8,q2_2020,4,robust_risk_mondrian,irradiance_outage,down,84,0.9761904761904762,0.0,6.3202691078186035,0.21067564189434052,6.468045234680176
CSGS8,q2_2020,4,robust_risk_mondrian,irradiance_outage,up,94,0.7659574468085106,0.1340425531914894,6.04157018661499,0.20138567686080933,10.982414245605469
CSGS8,q2_2020,4,robust_risk_mondrian,recent_power_outage,down,84,0.9047619047619048,0.0,7.777911186218262,0.25926369428634644,9.48037338256836
CSGS8,q2_2020,4,robust_risk_mondrian,recent_power_outage,up,94,0.776595744680851,0.123404255319149,7.40809965133667,0.2469366490840912,11.80390739440918
CSGS8,q2_2020,4,robust_risk_mondrian,weather_outage,down,84,0.8571428571428571,0.04285714285714293,6.432252407073975,0.21440841257572174,8.080060005187988
CSGS8,q2_2020,4,robust_risk_mondrian,weather_outage,up,94,0.7978723404255319,0.10212765957446812,6.283556938171387,0.20945189893245697,9.492111206054688
CSGS8,q2_2020,4,robust_rolling_cqr,clean,down,84,0.8095238095238095,0.09047619047619049,5.628912448883057,0.18763041496276855,9.21303939819336
CSGS8,q2_2020,4,robust_rolling_cqr,clean,up,94,0.7446808510638298,0.15531914893617027,5.615925312042236,0.1871975064277649,10.38270378112793
CSGS8,q2_2020,4,robust_rolling_cqr,combined_outage,down,84,0.9761904761904762,0.0,6.610530853271484,0.22035102546215057,6.7714409828186035
CSGS8,q2_2020,4,robust_rolling_cqr,combined_outage,up,94,0.6702127659574468,0.2297872340425532,5.482175827026367,0.18273919820785522,12.741480827331543
CSGS8,q2_2020,4,robust_rolling_cqr,irradiance_outage,down,84,0.9642857142857143,0.0,5.499434947967529,0.1833145022392273,5.871654987335205
CSGS8,q2_2020,4,robust_rolling_cqr,irradiance_outage,up,94,0.6595744680851063,0.2404255319148937,5.2487969398498535,0.17495989799499512,12.015913009643555
CSGS8,q2_2020,4,robust_rolling_cqr,recent_power_outage,down,84,0.8809523809523809,0.01904761904761909,7.380423545837402,0.24601411819458008,9.474116325378418
CSGS8,q2_2020,4,robust_rolling_cqr,recent_power_outage,up,94,0.7446808510638298,0.15531914893617027,7.0441999435424805,0.23480667173862457,11.759869575500488
CSGS8,q2_2020,4,robust_rolling_cqr,weather_outage,down,84,0.7976190476190477,0.10238095238095235,5.664420127868652,0.18881399929523468,8.740260124206543
CSGS8,q2_2020,4,robust_rolling_cqr,weather_outage,up,94,0.7340425531914894,0.16595744680851066,5.516677379608154,0.183889240026474,10.271772384643555
CSGS8,q3_2020,1,clean_condition_cqr,clean,down,124,0.6048387096774194,0.29516129032258065,4.117252826690674,0.13724176585674286,8.275657653808594
CSGS8,q3_2020,1,clean_condition_cqr,clean,up,122,0.3360655737704918,0.5639344262295083,3.763247489929199,0.12544158101081848,15.410731315612793
CSGS8,q3_2020,1,clean_condition_cqr,combined_outage,down,124,0.5564516129032258,0.34354838709677427,15.66918659210205,0.5223062038421631,37.124698638916016
CSGS8,q3_2020,1,clean_condition_cqr,combined_outage,up,122,0.3114754098360656,0.5885245901639344,16.647367477416992,0.554912269115448,80.22533416748047
CSGS8,q3_2020,1,clean_condition_cqr,irradiance_outage,down,124,0.9193548387096774,0.0,5.258825778961182,0.1752941906452179,5.8815741539001465
CSGS8,q3_2020,1,clean_condition_cqr,irradiance_outage,up,122,0.23770491803278687,0.6622950819672131,4.341801166534424,0.1447267085313797,19.958425521850586
CSGS8,q3_2020,1,clean_condition_cqr,recent_power_outage,down,124,0.5483870967741935,0.3516129032258065,15.821165084838867,0.5273721814155579,37.59097671508789
CSGS8,q3_2020,1,clean_condition_cqr,recent_power_outage,up,122,0.3114754098360656,0.5885245901639344,16.785009384155273,0.5595003366470337,79.48419189453125
CSGS8,q3_2020,1,clean_condition_cqr,weather_outage,down,124,0.6451612903225806,0.2548387096774194,4.131604194641113,0.13772013783454895,8.298771858215332
CSGS8,q3_2020,1,clean_condition_cqr,weather_outage,up,122,0.36065573770491804,0.5393442622950819,3.7740936279296875,0.1258031278848648,15.383530616760254
CSGS8,q3_2020,1,lgbm_condition_cqr,clean,down,124,0.7419354838709677,0.15806451612903227,6.43244743347168,0.21441490948200226,8.842718124389648
CSGS8,q3_2020,1,lgbm_condition_cqr,clean,up,122,0.27049180327868855,0.6295081967213114,6.568512916564941,0.21895043551921844,18.993148803710938
CSGS8,q3_2020,1,lgbm_condition_cqr,combined_outage,down,124,0.5887096774193549,0.31129032258064515,15.992852210998535,0.5330950617790222,36.9642219543457
CSGS8,q3_2020,1,lgbm_condition_cqr,combined_outage,up,122,0.27049180327868855,0.6295081967213114,16.32436752319336,0.5441455841064453,82.81219482421875
CSGS8,q3_2020,1,lgbm_condition_cqr,irradiance_outage,down,124,0.8225806451612904,0.07741935483870965,6.300026893615723,0.2100009024143219,7.841639518737793
CSGS8,q3_2020,1,lgbm_condition_cqr,irradiance_outage,up,122,0.09836065573770492,0.8016393442622951,6.388627529144287,0.21295425295829773,25.62605094909668
CSGS8,q3_2020,1,lgbm_condition_cqr,recent_power_outage,down,124,0.5725806451612904,0.32741935483870965,16.029563903808594,0.5343188047409058,35.48361587524414
CSGS8,q3_2020,1,lgbm_condition_cqr,recent_power_outage,up,122,0.27049180327868855,0.6295081967213114,16.394744873046875,0.5464915037155151,80.93389892578125
CSGS8,q3_2020,1,lgbm_condition_cqr,weather_outage,down,124,0.7419354838709677,0.15806451612903227,6.3605546951293945,0.21201848983764648,8.826141357421875
CSGS8,q3_2020,1,lgbm_condition_cqr,weather_outage,up,122,0.22950819672131148,0.6704918032786885,6.4791765213012695,0.21597255766391754,20.156984329223633
CSGS8,q3_2020,1,oracle_ramp_mondrian,clean,down,124,0.967741935483871,0.0,6.269956588745117,0.20899854600429535,6.428603649139404
CSGS8,q3_2020,1,oracle_ramp_mondrian,clean,up,122,0.8442622950819673,0.05573770491803276,6.2182230949401855,0.20727410912513733,7.643554210662842
CSGS8,q3_2020,1,oracle_ramp_mondrian,combined_outage,down,124,0.9435483870967742,0.0,8.58433723449707,0.28614458441734314,9.242748260498047
CSGS8,q3_2020,1,oracle_ramp_mondrian,combined_outage,up,122,0.9016393442622951,0.0,6.445120811462402,0.21483735740184784,7.5608930587768555
CSGS8,q3_2020,1,oracle_ramp_mondrian,irradiance_outage,down,124,0.9758064516129032,0.0,6.3852338790893555,0.21284112334251404,6.6054487228393555
CSGS8,q3_2020,1,oracle_ramp_mondrian,irradiance_outage,up,122,0.8524590163934426,0.04754098360655745,6.060441493988037,0.2020147144794464,7.511343955993652
CSGS8,q3_2020,1,oracle_ramp_mondrian,recent_power_outage,down,124,0.9516129032258065,0.0,8.068818092346191,0.2689605951309204,8.410114288330078
CSGS8,q3_2020,1,oracle_ramp_mondrian,recent_power_outage,up,122,0.8360655737704918,0.06393442622950818,6.519351005554199,0.21731169521808624,8.365339279174805
CSGS8,q3_2020,1,oracle_ramp_mondrian,weather_outage,down,124,0.9758064516129032,0.0,6.412966728210449,0.21376556158065796,6.592220306396484
CSGS8,q3_2020,1,oracle_ramp_mondrian,weather_outage,up,122,0.8770491803278688,0.022950819672131195,6.2378740310668945,0.20792913436889648,7.498805999755859
CSGS8,q3_2020,1,persistence_condition_cqr,clean,down,124,0.0,0.9,3.679999828338623,0.12266666442155838,39.88322448730469
CSGS8,q3_2020,1,persistence_condition_cqr,clean,up,122,0.0,0.9,3.679999828338623,0.12266666442155838,40.66196823120117
CSGS8,q3_2020,1,persistence_condition_cqr,combined_outage,down,124,0.75,0.15000000000000002,17.822742462158203,0.5940914154052734,30.408222198486328
CSGS8,q3_2020,1,persistence_condition_cqr,combined_outage,up,122,0.4180327868852459,0.4819672131147541,15.165902137756348,0.505530059337616,58.108524322509766
CSGS8,q3_2020,1,persistence_condition_cqr,irradiance_outage,down,124,0.0,0.9,3.679999828338623,0.12266666442155838,39.88322448730469
CSGS8,q3_2020,1,persistence_condition_cqr,irradiance_outage,up,122,0.0,0.9,3.679999828338623,0.12266666442155838,40.66196823120117
CSGS8,q3_2020,1,persistence_condition_cqr,recent_power_outage,down,124,0.75,0.15000000000000002,17.822742462158203,0.5940914154052734,30.408222198486328
CSGS8,q3_2020,1,persistence_condition_cqr,recent_power_outage,up,122,0.4180327868852459,0.4819672131147541,15.165902137756348,0.505530059337616,58.108524322509766
CSGS8,q3_2020,1,persistence_condition_cqr,weather_outage,down,124,0.0,0.9,3.679999828338623,0.12266666442155838,39.88322448730469
CSGS8,q3_2020,1,persistence_condition_cqr,weather_outage,up,122,0.0,0.9,3.679999828338623,0.12266666442155838,40.66196823120117
CSGS8,q3_2020,1,robust_condition_cqr,clean,down,124,0.6693548387096774,0.23064516129032264,4.094407558441162,0.13648025691509247,7.192336082458496
CSGS8,q3_2020,1,robust_condition_cqr,clean,up,122,0.5737704918032787,0.32622950819672136,4.042675495147705,0.13475584983825684,11.369542121887207
CSGS8,q3_2020,1,robust_condition_cqr,combined_outage,down,124,0.8145161290322581,0.0854838709677419,6.431081771850586,0.21436938643455505,9.555198669433594
CSGS8,q3_2020,1,robust_condition_cqr,combined_outage,up,122,0.5491803278688525,0.3508196721311475,4.291864395141602,0.14306214451789856,10.729917526245117
CSGS8,q3_2020,1,robust_condition_cqr,irradiance_outage,down,124,0.782258064516129,0.11774193548387102,4.369019031524658,0.14563396573066711,6.4703264236450195
CSGS8,q3_2020,1,robust_condition_cqr,irradiance_outage,up,122,0.4262295081967213,0.47377049180327874,4.044226169586182,0.1348075419664383,12.074061393737793
CSGS8,q3_2020,1,robust_condition_cqr,recent_power_outage,down,124,0.8629032258064516,0.0370967741935484,6.581203937530518,0.21937346458435059,8.312692642211914
CSGS8,q3_2020,1,robust_condition_cqr,recent_power_outage,up,122,0.5901639344262295,0.3098360655737705,5.03173828125,0.167724609375,11.077096939086914
CSGS8,q3_2020,1,robust_condition_cqr,weather_outage,down,124,0.7258064516129032,0.17419354838709677,4.216078758239746,0.14053596556186676,6.8230767250061035
CSGS8,q3_2020,1,robust_condition_cqr,weather_outage,up,122,0.5573770491803278,0.3426229508196722,4.040986061096191,0.13469953835010529,11.16592025756836
CSGS8,q3_2020,1,robust_local_cqr,clean,down,124,0.8629032258064516,0.0370967741935484,4.980596542358398,0.16601988673210144,5.840126991271973
CSGS8,q3_2020,1,robust_local_cqr,clean,up,122,0.7459016393442623,0.15409836065573768,5.1246514320373535,0.17082171142101288,8.447793006896973
CSGS8,q3_2020,1,robust_local_cqr,combined_outage,down,124,0.9274193548387096,0.0,7.001134395599365,0.23337115347385406,7.966161251068115
CSGS8,q3_2020,1,robust_local_cqr,combined_outage,up,122,0.7213114754098361,0.17868852459016393,5.344350337982178,0.17814500629901886,8.524604797363281
CSGS8,q3_2020,1,robust_local_cqr,irradiance_outage,down,124,0.9112903225806451,0.0,5.134993553161621,0.17116644978523254,5.785624980926514
CSGS8,q3_2020,1,robust_local_cqr,irradiance_outage,up,122,0.6721311475409836,0.22786885245901645,5.079075336456299,0.16930250823497772,8.667038917541504
CSGS8,q3_2020,1,robust_local_cqr,recent_power_outage,down,124,0.9193548387096774,0.0,7.045618057250977,0.23485393822193146,7.62337064743042
CSGS8,q3_2020,1,robust_local_cqr,recent_power_outage,up,122,0.7213114754098361,0.17868852459016393,5.771831512451172,0.19239439070224762,9.254518508911133
CSGS8,q3_2020,1,robust_local_cqr,weather_outage,down,124,0.9032258064516129,0.0,5.027851581573486,0.1675950586795807,5.778719902038574
CSGS8,q3_2020,1,robust_local_cqr,weather_outage,up,122,0.7704918032786885,0.12950819672131153,5.135288238525391,0.1711762696504593,8.2517671585083
CSGS8,q3_2020,1,robust_risk_mondrian,clean,down,124,0.782258064516129,0.11774193548387102,4.529740333557129,0.15099135041236877,6.448789596557617
CSGS8,q3_2020,1,robust_risk_mondrian,clean,up,122,0.6475409836065574,0.2524590163934426,4.478007793426514,0.14926692843437195,10.125799179077148
CSGS8,q3_2020,1,robust_risk_mondrian,combined_outage,down,124,0.8145161290322581,0.0854838709677419,6.431081771850586,0.21436938643455505,9.555198669433594
CSGS8,q3_2020,1,robust_risk_mondrian,combined_outage,up,122,0.5491803278688525,0.3508196721311475,4.291864395141602,0.14306214451789856,10.729917526245117
CSGS8,q3_2020,1,robust_risk_mondrian,irradiance_outage,down,124,0.8548387096774194,0.04516129032258065,4.839863300323486,0.1613287776708603,6.120028972625732
CSGS8,q3_2020,1,robust_risk_mondrian,irradiance_outage,up,122,0.5901639344262295,0.3098360655737705,4.511407852172852,0.15038026869297028,10.228165626525879
CSGS8,q3_2020,1,robust_risk_mondrian,recent_power_outage,down,124,0.8709677419354839,0.029032258064516148,6.719813823699951,0.22399379312992096,8.20307731628418
CSGS8,q3_2020,1,robust_risk_mondrian,recent_power_outage,up,122,0.6065573770491803,0.2934426229508197,5.217228889465332,0.17390762269496918,10.566116333007812
CSGS8,q3_2020,1,robust_risk_mondrian,weather_outage,down,124,0.8064516129032258,0.09354838709677427,4.624680519104004,0.15415601432323456,6.303908824920654
CSGS8,q3_2020,1,robust_risk_mondrian,weather_outage,up,122,0.6311475409836066,0.26885245901639343,4.449587821960449,0.14831958711147308,9.974808692932129
CSGS8,q3_2020,1,robust_rolling_cqr,clean,down,124,0.6774193548387096,0.2225806451612904,4.207183361053467,0.14023944735527039,7.057475566864014
CSGS8,q3_2020,1,robust_rolling_cqr,clean,up,122,0.5983606557377049,0.3016393442622951,4.125728130340576,0.13752427697181702,11.165871620178223
CSGS8,q3_2020,1,robust_rolling_cqr,combined_outage,down,124,0.8225806451612904,0.07741935483870965,6.516583442687988,0.21721944212913513,9.520089149475098
CSGS8,q3_2020,1,robust_rolling_cqr,combined_outage,up,122,0.5573770491803278,0.3426229508196722,4.3330278396606445,0.14443425834178925,10.576763153076172
CSGS8,q3_2020,1,robust_rolling_cqr,irradiance_outage,down,124,0.8145161290322581,0.0854838709677419,4.485284328460693,0.1495094746351242,6.367952346801758
CSGS8,q3_2020,1,robust_rolling_cqr,irradiance_outage,up,122,0.4672131147540984,0.43278688524590164,4.131460189819336,0.13771533966064453,11.748129844665527
CSGS8,q3_2020,1,robust_rolling_cqr,recent_power_outage,down,124,0.8709677419354839,0.029032258064516148,6.635305404663086,0.2211768478155136,8.329039573669434
CSGS8,q3_2020,1,robust_rolling_cqr,recent_power_outage,up,122,0.5901639344262295,0.3098360655737705,5.0542521476745605,0.16847507655620575,10.990468978881836
CSGS8,q3_2020,1,robust_rolling_cqr,weather_outage,down,124,0.7419354838709677,0.15806451612903227,4.3455986976623535,0.14485329389572144,6.672794342041016
CSGS8,q3_2020,1,robust_rolling_cqr,weather_outage,up,122,0.5655737704918032,0.3344262295081968,4.139894485473633,0.13799647986888885,10.892541885375977
CSGS8,q3_2020,4,clean_condition_cqr,clean,down,171,0.8830409356725146,0.016959064327485396,4.394815444946289,0.1464938521385193,5.905372142791748
CSGS8,q3_2020,4,clean_condition_cqr,clean,up,167,0.5209580838323353,0.3790419161676647,4.32253885269165,0.144084632396698,12.743424415588379
CSGS8,q3_2020,4,clean_condition_cqr,combined_outage,down,171,0.6549707602339181,0.24502923976608193,9.569613456726074,0.318987101316452,23.339292526245117
CSGS8,q3_2020,4,clean_condition_cqr,combined_outage,up,167,0.6227544910179641,0.2772455089820359,15.718358039855957,0.5239452719688416,41.35387420654297
CSGS8,q3_2020,4,clean_condition_cqr,irradiance_outage,down,171,0.9941520467836257,0.0,6.7138543128967285,0.22379514575004578,6.725785732269287
CSGS8,q3_2020,4,clean_condition_cqr,irradiance_outage,up,167,0.5329341317365269,0.3670658682634731,4.636937141418457,0.15456457436084747,12.950724601745605
CSGS8,q3_2020,4,clean_condition_cqr,recent_power_outage,down,171,0.7485380116959064,0.15146198830409363,10.021099090576172,0.334036648273468,19.4423770904541
CSGS8,q3_2020,4,clean_condition_cqr,recent_power_outage,up,167,0.47904191616766467,0.42095808383233535,14.433135032653809,0.4811044931411743,40.69271469116211
CSGS8,q3_2020,4,clean_condition_cqr,weather_outage,down,171,0.9064327485380117,0.0,4.521857738494873,0.15072859823703766,5.695253849029541
CSGS8,q3_2020,4,clean_condition_cqr,weather_outage,up,167,0.5449101796407185,0.3550898203592815,4.25267219543457,0.14175574481487274,12.190712928771973
CSGS8,q3_2020,4,lgbm_condition_cqr,clean,down,171,0.8538011695906432,0.046198830409356795,4.670004844665527,0.15566682815551758,6.563650608062744
CSGS8,q3_2020,4,lgbm_condition_cqr,clean,up,167,0.5748502994011976,0.32514970059880244,7.3341145515441895,0.2444704920053482,14.573941230773926
CSGS8,q3_2020,4,lgbm_condition_cqr,combined_outage,down,171,0.9181286549707602,0.0,13.487761497497559,0.44959205389022827,14.627700805664062
CSGS8,q3_2020,4,lgbm_condition_cqr,combined_outage,up,167,0.7125748502994012,0.18742514970059887,18.083179473876953,0.6027726531028748,32.571475982666016
CSGS8,q3_2020,4,lgbm_condition_cqr,irradiance_outage,down,171,0.9122807017543859,0.0,4.340128421783447,0.14467094838619232,5.509548187255859
CSGS8,q3_2020,4,lgbm_condition_cqr,irradiance_outage,up,167,0.5329341317365269,0.3670658682634731,7.300768852233887,0.24335895478725433,15.31583309173584
CSGS8,q3_2020,4,lgbm_condition_cqr,recent_power_outage,down,171,0.9298245614035088,0.0,13.117888450622559,0.43726295232772827,13.983702659606934
CSGS8,q3_2020,4,lgbm_condition_cqr,recent_power_outage,up,167,0.6347305389221557,0.2652694610778443,16.943500518798828,0.5647833347320557,35.500694274902344
CSGS8,q3_2020,4,lgbm_condition_cqr,weather_outage,down,171,0.8538011695906432,0.046198830409356795,4.651641845703125,0.1550547331571579,6.543362617492676
CSGS8,q3_2020,4,lgbm_condition_cqr,weather_outage,up,167,0.6107784431137725,0.2892215568862275,7.527231693267822,0.2509077191352844,13.612272262573242
CSGS8,q3_2020,4,oracle_ramp_mondrian,clean,down,171,0.9649122807017544,0.0,5.676694869995117,0.18922315537929535,5.885448932647705
CSGS8,q3_2020,4,oracle_ramp_mondrian,clean,up,167,0.8922155688622755,0.0077844311377245345,5.7994794845581055,0.19331598281860352,7.494531154632568
CSGS8,q3_2020,4,oracle_ramp_mondrian,combined_outage,down,171,0.9649122807017544,0.0,6.695889949798584,0.22319632768630981,7.178576946258545
CSGS8,q3_2020,4,oracle_ramp_mondrian,combined_outage,up,167,0.8323353293413174,0.06766467065868265,5.744472503662109,0.19148240983486176,7.8562517166137695
CSGS8,q3_2020,4,oracle_ramp_mondrian,irradiance_outage,down,171,0.9883040935672515,0.0,6.066678047180176,0.20222260057926178,6.119720458984375
CSGS8,q3_2020,4,oracle_ramp_mondrian,irradiance_outage,up,167,0.9041916167664671,0.0,5.7320876121521,0.1910695880651474,7.42444372177124
CSGS8,q3_2020,4,oracle_ramp_mondrian,recent_power_outage,down,171,0.9766081871345029,0.0,7.109539031982422,0.23698464035987854,7.468006134033203
CSGS8,q3_2020,4,oracle_ramp_mondrian,recent_power_outage,up,167,0.8203592814371258,0.07964071856287425,6.208349704742432,0.20694498717784882,8.548137664794922
CSGS8,q3_2020,4,oracle_ramp_mondrian,weather_outage,down,171,0.9649122807017544,0.0,5.822025775909424,0.19406752288341522,6.083701133728027
CSGS8,q3_2020,4,oracle_ramp_mondrian,weather_outage,up,167,0.8922155688622755,0.0077844311377245345,5.684994220733643,0.18949981033802032,7.1133222579956055
CSGS8,q3_2020,4,persistence_condition_cqr,clean,down,171,0.0,0.9,8.859999656677246,0.2953333258628845,57.954734802246094
CSGS8,q3_2020,4,persistence_condition_cqr,clean,up,167,0.0,0.9,8.685867309570312,0.28952890634536743,62.42958068847656
CSGS8,q3_2020,4,persistence_condition_cqr,combined_outage,down,171,0.4853801169590643,0.4146198830409357,21.31643295288086,0.7105477452278137,54.59245300292969
CSGS8,q3_2020,4,persistence_condition_cqr,combined_outage,up,167,0.15568862275449102,0.744311377245509,12.458443641662598,0.4152814447879791,70.1470718383789
CSGS8,q3_2020,4,persistence_condition_cqr,irradiance_outage,down,171,0.0,0.9,8.859999656677246,0.2953333258628845,57.954734802246094
CSGS8,q3_2020,4,persistence_condition_cqr,irradiance_outage,up,167,0.0,0.9,8.685867309570312,0.28952890634536743,62.42958068847656
CSGS8,q3_2020,4,persistence_condition_cqr,recent_power_outage,down,171,0.4853801169590643,0.4146198830409357,21.31643295288086,0.7105477452278137,54.59245300292969
CSGS8,q3_2020,4,persistence_condition_cqr,recent_power_outage,up,167,0.15568862275449102,0.744311377245509,12.458443641662598,0.4152814447879791,70.1470718383789
CSGS8,q3_2020,4,persistence_condition_cqr,weather_outage,down,171,0.0,0.9,8.859999656677246,0.2953333258628845,57.954734802246094
CSGS8,q3_2020,4,persistence_condition_cqr,weather_outage,up,167,0.0,0.9,8.685867309570312,0.28952890634536743,62.42958068847656
CSGS8,q3_2020,4,robust_condition_cqr,clean,down,171,0.9298245614035088,0.0,4.343483924865723,0.14478279650211334,5.222794532775879
CSGS8,q3_2020,4,robust_condition_cqr,clean,up,167,0.7065868263473054,0.19341317365269461,4.454639434814453,0.14848798513412476,8.857110023498535
CSGS8,q3_2020,4,robust_condition_cqr,combined_outage,down,171,0.9415204678362573,0.0,5.826798439025879,0.19422660768032074,6.709893703460693
CSGS8,q3_2020,4,robust_condition_cqr,combined_outage,up,167,0.718562874251497,0.18143712574850301,4.866171360015869,0.16220571100711823,8.892904281616211
CSGS8,q3_2020,4,robust_condition_cqr,irradiance_outage,down,171,0.9239766081871345,0.0,4.735988140106201,0.15786626935005188,5.254338264465332
CSGS8,q3_2020,4,robust_condition_cqr,irradiance_outage,up,167,0.6826347305389222,0.21736526946107781,4.3872480392456055,0.14624160528182983,8.834972381591797
CSGS8,q3_2020,4,robust_condition_cqr,recent_power_outage,down,171,0.9473684210526315,0.0,6.250747203826904,0.20835824310779572,6.964493274688721
CSGS8,q3_2020,4,robust_condition_cqr,recent_power_outage,up,167,0.7485029940119761,0.15149700598802396,5.344350337982178,0.17814500629901886,9.48242473602295
CSGS8,q3_2020,4,robust_condition_cqr,weather_outage,down,171,0.9298245614035088,0.0,4.3834991455078125,0.14611664414405823,5.357060432434082
CSGS8,q3_2020,4,robust_condition_cqr,weather_outage,up,167,0.7245508982035929,0.17544910179640716,4.232614994049072,0.14108715951442719,8.171270370483398
CSGS8,q3_2020,4,robust_local_cqr,clean,down,171,0.9473684210526315,0.0,4.888827323913574,0.16296091675758362,5.294045925140381
CSGS8,q3_2020,4,robust_local_cqr,clean,up,167,0.8622754491017964,0.03772455089820359,5.598680019378662,0.18662266433238983,7.577624797821045
CSGS8,q3_2020,4,robust_local_cqr,combined_outage,down,171,0.9473684210526315,0.0,6.162494659423828,0.2054164856672287,6.928893089294434
CSGS8,q3_2020,4,robust_local_cqr,combined_outage,up,167,0.8143712574850299,0.0856287425149701,5.597855567932129,0.18659518659114838,7.699604034423828
CSGS8,q3_2020,4,robust_local_cqr,irradiance_outage,down,171,0.9707602339181286,0.0,5.199465751647949,0.17331552505493164,5.39022159576416
CSGS8,q3_2020,4,robust_local_cqr,irradiance_outage,up,167,0.8802395209580839,0.019760479041916135,5.593001365661621,0.18643337488174438,7.381321430206299
CSGS8,q3_2020,4,robust_local_cqr,recent_power_outage,down,171,0.9532163742690059,0.0,6.61758279800415,0.22058609127998352,7.065389633178711
CSGS8,q3_2020,4,robust_local_cqr,recent_power_outage,up,167,0.8203592814371258,0.07964071856287425,6.06917142868042,0.20230571925640106,8.253193855285645
CSGS8,q3_2020,4,robust_local_cqr,weather_outage,down,171,0.9532163742690059,0.0,4.915524005889893,0.163850799202919,5.440410614013672
CSGS8,q3_2020,4,robust_local_cqr,weather_outage,up,167,0.8862275449101796,0.01377245508982039,5.500954627990723,0.18336515128612518,7.101541996002197
CSGS8,q3_2020,4,robust_risk_mondrian,clean,down,171,0.9532163742690059,0.0,5.137413501739502,0.17124710977077484,5.6052165031433105
CSGS8,q3_2020,4,robust_risk_mondrian,clean,up,167,0.8263473053892215,0.0736526946107785,5.261476993560791,0.1753825694322586,7.789647102355957
CSGS8,q3_2020,4,robust_risk_mondrian,combined_outage,down,171,0.9532163742690059,0.0,6.075442314147949,0.20251473784446716,6.895504951477051
CSGS8,q3_2020,4,robust_risk_mondrian,combined_outage,up,167,0.7485029940119761,0.15149700598802396,5.138978004455566,0.1712992638349533,8.534920692443848
CSGS8,q3_2020,4,robust_risk_mondrian,irradiance_outage,down,171,0.9590643274853801,0.0,5.486301898956299,0.18287673592567444,5.63400936126709
CSGS8,q3_2020,4,robust_risk_mondrian,irradiance_outage,up,167,0.8203592814371258,0.07964071856287425,5.146961688995361,0.17156538367271423,7.676355838775635
CSGS8,q3_2020,4,robust_risk_mondrian,recent_power_outage,down,171,0.9532163742690059,0.0,6.674237251281738,0.2224745750427246,7.226651668548584
CSGS8,q3_2020,4,robust_risk_mondrian,recent_power_outage,up,167,0.8023952095808383,0.0976047904191617,5.785866737365723,0.19286222755908966,8.930108070373535
CSGS8,q3_2020,4,robust_risk_mondrian,weather_outage,down,171,0.9532163742690059,0.0,5.189565181732178,0.1729855090379715,5.746921539306641
CSGS8,q3_2020,4,robust_risk_mondrian,weather_outage,up,167,0.8622754491017964,0.03772455089820359,5.051588535308838,0.1683862805366516,7.2946600914001465
CSGS8,q3_2020,4,robust_rolling_cqr,clean,down,171,0.9415204678362573,0.0,4.450799465179443,0.1483599841594696,5.278209209442139
CSGS8,q3_2020,4,robust_rolling_cqr,clean,up,167,0.7065868263473054,0.19341317365269461,4.53195333480835,0.15106511116027832,8.730579376220703
CSGS8,q3_2020,4,robust_rolling_cqr,combined_outage,down,171,0.9473684210526315,0.0,5.884847640991211,0.19616158306598663,6.791650295257568
CSGS8,q3_2020,4,robust_rolling_cqr,combined_outage,up,167,0.7245508982035929,0.17544910179640716,4.882267951965332,0.1627422720193863,8.907485008239746
CSGS8,q3_2020,4,robust_rolling_cqr,irradiance_outage,down,171,0.9298245614035088,0.0,4.816263675689697,0.16054211556911469,5.275305271148682
CSGS8,q3_2020,4,robust_rolling_cqr,irradiance_outage,up,167,0.6826347305389222,0.21736526946107781,4.42021369934082,0.14734046161174774,8.785014152526855
CSGS8,q3_2020,4,robust_rolling_cqr,recent_power_outage,down,171,0.9473684210526315,0.0,6.288657188415527,0.20962190628051758,7.0024027824401855
CSGS8,q3_2020,4,robust_rolling_cqr,recent_power_outage,up,167,0.7485029940119761,0.15149700598802396,5.368061065673828,0.17893536388874054,9.465503692626953
CSGS8,q3_2020,4,robust_rolling_cqr,weather_outage,down,171,0.935672514619883,0.0,4.488790035247803,0.14962632954120636,5.452731609344482
CSGS8,q3_2020,4,robust_rolling_cqr,weather_outage,up,167,0.7365269461077845,0.16347305389221556,4.294209003448486,0.1431403011083603,8.073728561401367
CSGS8,q4_2020,1,clean_condition_cqr,clean,down,90,0.5888888888888889,0.3111111111111111,4.180599689483643,0.13935332000255585,9.28590202331543
CSGS8,q4_2020,1,clean_condition_cqr,clean,up,91,0.3626373626373626,0.5373626373626375,3.690204381942749,0.12300681322813034,12.953352928161621
CSGS8,q4_2020,1,clean_condition_cqr,combined_outage,down,90,0.8888888888888888,0.011111111111111183,18.501495361328125,0.6167165040969849,20.754501342773438
CSGS8,q4_2020,1,clean_condition_cqr,combined_outage,up,91,0.5714285714285714,0.3285714285714286,19.333791732788086,0.6444597244262695,42.89931869506836
CSGS8,q4_2020,1,clean_condition_cqr,irradiance_outage,down,90,0.7666666666666667,0.1333333333333333,4.4016642570495605,0.14672213792800903,6.7927327156066895
CSGS8,q4_2020,1,clean_condition_cqr,irradiance_outage,up,91,0.23076923076923078,0.6692307692307693,3.762984037399292,0.1254328042268753,16.07398223876953
CSGS8,q4_2020,1,clean_condition_cqr,recent_power_outage,down,90,0.8222222222222222,0.07777777777777783,16.8343505859375,0.561145007610321,22.72121810913086
CSGS8,q4_2020,1,clean_condition_cqr,recent_power_outage,up,91,0.5824175824175825,0.31758241758241756,18.55318832397461,0.6184396147727966,38.127559661865234
CSGS8,q4_2020,1,clean_condition_cqr,weather_outage,down,90,0.6111111111111112,0.28888888888888886,4.214420795440674,0.14048069715499878,8.96770191192627
CSGS8,q4_2020,1,clean_condition_cqr,weather_outage,up,91,0.32967032967032966,0.5703296703296703,3.6644163131713867,0.12214720994234085,13.558563232421875
CSGS8,q4_2020,1,lgbm_condition_cqr,clean,down,90,0.6777777777777778,0.2222222222222222,6.4375901222229,0.21458633244037628,10.495365142822266
CSGS8,q4_2020,1,lgbm_condition_cqr,clean,up,91,0.21978021978021978,0.6802197802197802,6.5221757888793945,0.21740585565567017,19.536828994750977
CSGS8,q4_2020,1,lgbm_condition_cqr,combined_outage,down,90,0.8666666666666667,0.033333333333333326,18.63648796081543,0.6212162375450134,21.195484161376953
CSGS8,q4_2020,1,lgbm_condition_cqr,combined_outage,up,91,0.5384615384615384,0.3615384615384616,19.05985450744629,0.635328471660614,44.52574920654297
CSGS8,q4_2020,1,lgbm_condition_cqr,irradiance_outage,down,90,0.7,0.20000000000000007,6.43743371963501,0.21458111703395844,10.069668769836426
CSGS8,q4_2020,1,lgbm_condition_cqr,irradiance_outage,up,91,0.23076923076923078,0.6692307692307693,6.567909240722656,0.21893030405044556,19.86116600036621
CSGS8,q4_2020,1,lgbm_condition_cqr,recent_power_outage,down,90,0.8666666666666667,0.033333333333333326,18.60015106201172,0.6200050115585327,21.361038208007812
CSGS8,q4_2020,1,lgbm_condition_cqr,recent_power_outage,up,91,0.5384615384615384,0.3615384615384616,18.976089477539062,0.6325362920761108,45.185760498046875
CSGS8,q4_2020,1,lgbm_condition_cqr,weather_outage,down,90,0.6888888888888889,0.21111111111111114,6.436321258544922,0.21454404294490814,10.392680168151855
CSGS8,q4_2020,1,lgbm_condition_cqr,weather_outage,up,91,0.18681318681318682,0.7131868131868132,6.427475452423096,0.21424917876720428,20.904579162597656
CSGS8,q4_2020,1,oracle_ramp_mondrian,clean,down,90,0.9333333333333333,0.0,6.245039939880371,0.20816799998283386,7.155640125274658
CSGS8,q4_2020,1,oracle_ramp_mondrian,clean,up,91,0.8791208791208791,0.020879120879120916,5.914397716522217,0.19714659452438354,6.720264434814453
CSGS8,q4_2020,1,oracle_ramp_mondrian,combined_outage,down,90,0.9555555555555556,0.0,8.282096862792969,0.27606990933418274,8.767224311828613
CSGS8,q4_2020,1,oracle_ramp_mondrian,combined_outage,up,91,0.9010989010989011,0.0,6.430953025817871,0.21436509490013123,7.703832149505615
CSGS8,q4_2020,1,oracle_ramp_mondrian,irradiance_outage,down,90,0.9333333333333333,0.0,6.388962268829346,0.21296541392803192,7.15784215927124
CSGS8,q4_2020,1,oracle_ramp_mondrian,irradiance_outage,up,91,0.9120879120879121,0.0,6.030287742614746,0.2010095864534378,6.649743556976318
CSGS8,q4_2020,1,oracle_ramp_mondrian,recent_power_outage,down,90,0.9555555555555556,0.0,8.848085403442383,0.2949361801147461,9.322797775268555
CSGS8,q4_2020,1,oracle_ramp_mondrian,recent_power_outage,up,91,0.8791208791208791,0.020879120879120916,6.681878089904785,0.22272926568984985,7.60807466506958
CSGS8,q4_2020,1,oracle_ramp_mondrian,weather_outage,down,90,0.9222222222222223,0.0,6.38086462020874,0.21269549429416656,7.167336463928223
CSGS8,q4_2020,1,oracle_ramp_mondrian,weather_outage,up,91,0.9010989010989011,0.0,6.005699157714844,0.2001899778842926,6.633315086364746
CSGS8,q4_2020,1,persistence_condition_cqr,clean,down,90,0.0,0.9,4.439999580383301,0.14799998700618744,32.075557708740234
CSGS8,q4_2020,1,persistence_condition_cqr,clean,up,91,0.0,0.9,4.439999580383301,0.14799998700618744,33.411434173583984
CSGS8,q4_2020,1,persistence_condition_cqr,combined_outage,down,90,0.8111111111111111,0.0888888888888889,20.205888748168945,0.6735296249389648,25.921443939208984
CSGS8,q4_2020,1,persistence_condition_cqr,combined_outage,up,91,0.42857142857142855,0.4714285714285715,16.007362365722656,0.5335787534713745,44.519447326660156
CSGS8,q4_2020,1,persistence_condition_cqr,irradiance_outage,down,90,0.0,0.9,4.439999580383301,0.14799998700618744,32.075557708740234
CSGS8,q4_2020,1,persistence_condition_cqr,irradiance_outage,up,91,0.0,0.9,4.439999580383301,0.14799998700618744,33.411434173583984
CSGS8,q4_2020,1,persistence_condition_cqr,recent_power_outage,down,90,0.8111111111111111,0.0888888888888889,20.205888748168945,0.6735296249389648,25.921443939208984
CSGS8,q4_2020,1,persistence_condition_cqr,recent_power_outage,up,91,0.42857142857142855,0.4714285714285715,16.007362365722656,0.5335787534713745,44.519447326660156
CSGS8,q4_2020,1,persistence_condition_cqr,weather_outage,down,90,0.0,0.9,4.439999580383301,0.14799998700618744,32.075557708740234
CSGS8,q4_2020,1,persistence_condition_cqr,weather_outage,up,91,0.0,0.9,4.439999580383301,0.14799998700618744,33.411434173583984
CSGS8,q4_2020,1,robust_condition_cqr,clean,down,90,0.6444444444444445,0.25555555555555554,4.2985429763793945,0.14328476786613464,8.60365104675293
CSGS8,q4_2020,1,robust_condition_cqr,clean,up,91,0.5494505494505495,0.3505494505494505,3.9679012298583984,0.13226337730884552,10.505585670471191
CSGS8,q4_2020,1,robust_condition_cqr,combined_outage,down,90,0.7777777777777778,0.12222222222222223,5.942451477050781,0.19808171689510345,8.889369010925293
CSGS8,q4_2020,1,robust_condition_cqr,combined_outage,up,91,0.4175824175824176,0.4824175824175824,4.091308116912842,0.13637693226337433,12.646052360534668
CSGS8,q4_2020,1,robust_condition_cqr,irradiance_outage,down,90,0.6666666666666666,0.2333333333333334,4.386359691619873,0.14621199667453766,8.485705375671387
CSGS8,q4_2020,1,robust_condition_cqr,irradiance_outage,up,91,0.5824175824175825,0.31758241758241756,4.027685642242432,0.13425618410110474,9.65783405303955
CSGS8,q4_2020,1,robust_condition_cqr,recent_power_outage,down,90,0.8444444444444444,0.05555555555555558,6.709338188171387,0.22364459931850433,9.106934547424316
CSGS8,q4_2020,1,robust_condition_cqr,recent_power_outage,up,91,0.5054945054945055,0.39450549450549455,4.543129920959473,0.1514376699924469,11.626033782958984
CSGS8,q4_2020,1,robust_condition_cqr,weather_outage,down,90,0.6555555555555556,0.24444444444444446,4.223505973815918,0.14078353345394135,8.813830375671387
CSGS8,q4_2020,1,robust_condition_cqr,weather_outage,up,91,0.4945054945054945,0.4054945054945055,3.848339319229126,0.1282779723405838,10.742656707763672
CSGS8,q4_2020,1,robust_local_cqr,clean,down,90,0.7444444444444445,0.15555555555555556,4.667573928833008,0.15558579564094543,7.642480373382568
CSGS8,q4_2020,1,robust_local_cqr,clean,up,91,0.6153846153846154,0.2846153846153846,4.5403642654418945,0.15134547650814056,8.34749984741211
CSGS8,q4_2020,1,robust_local_cqr,combined_outage,down,90,0.8555555555555555,0.04444444444444451,7.041985988616943,0.23473286628723145,8.23757553100586
CSGS8,q4_2020,1,robust_local_cqr,combined_outage,up,91,0.6483516483516484,0.25164835164835164,4.882760047912598,0.16275866329669952,9.538568496704102
CSGS8,q4_2020,1,robust_local_cqr,irradiance_outage,down,90,0.7555555555555555,0.1444444444444445,4.809905529022217,0.16033019125461578,7.6451416015625
CSGS8,q4_2020,1,robust_local_cqr,irradiance_outage,up,91,0.6813186813186813,0.21868131868131868,4.61264705657959,0.15375490486621857,7.843128204345703
CSGS8,q4_2020,1,robust_local_cqr,recent_power_outage,down,90,0.8666666666666667,0.033333333333333326,7.591743469238281,0.2530581057071686,8.841485023498535
CSGS8,q4_2020,1,robust_local_cqr,recent_power_outage,up,91,0.6373626373626373,0.2626373626373627,5.141773223876953,0.17139244079589844,9.693970680236816
CSGS8,q4_2020,1,robust_local_cqr,weather_outage,down,90,0.7444444444444445,0.15555555555555556,4.6026458740234375,0.1534215360879898,7.954305171966553
CSGS8,q4_2020,1,robust_local_cqr,weather_outage,up,91,0.6043956043956044,0.29560439560439566,4.466306209564209,0.1488768756389618,8.490784645080566
CSGS8,q4_2020,1,robust_risk_mondrian,clean,down,90,0.7333333333333333,0.16666666666666674,4.752748966217041,0.1584249585866928,7.743128299713135
CSGS8,q4_2020,1,robust_risk_mondrian,clean,up,91,0.5714285714285714,0.3285714285714286,4.427019119262695,0.14756730198860168,9.004199028015137
CSGS8,q4_2020,1,robust_risk_mondrian,combined_outage,down,90,0.7777777777777778,0.12222222222222223,6.04863166809082,0.20162105560302734,8.840593338012695
CSGS8,q4_2020,1,robust_risk_mondrian,combined_outage,up,91,0.42857142857142855,0.4714285714285715,4.164618015289307,0.1388206034898758,12.303092956542969
CSGS8,q4_2020,1,robust_risk_mondrian,irradiance_outage,down,90,0.7777777777777778,0.12222222222222223,4.847436428070068,0.16158121824264526,7.6632304191589355
CSGS8,q4_2020,1,robust_risk_mondrian,irradiance_outage,up,91,0.6483516483516484,0.25164835164835164,4.471170902252197,0.14903903007507324,8.48803997039795
CSGS8,q4_2020,1,robust_risk_mondrian,recent_power_outage,down,90,0.8444444444444444,0.05555555555555558,6.78116512298584,0.2260388433933258,9.008645057678223
CSGS8,q4_2020,1,robust_risk_mondrian,recent_power_outage,up,91,0.5274725274725275,0.37252747252747254,4.680182456970215,0.1560060828924179,11.170122146606445
CSGS8,q4_2020,1,robust_risk_mondrian,weather_outage,down,90,0.7444444444444445,0.15555555555555556,4.681899547576904,0.15606331825256348,7.943024158477783
CSGS8,q4_2020,1,robust_risk_mondrian,weather_outage,up,91,0.5494505494505495,0.3505494505494505,4.307207107543945,0.1435735672712326,9.026076316833496
CSGS8,q4_2020,1,robust_rolling_cqr,clean,down,90,0.6444444444444445,0.25555555555555554,4.2342634201049805,0.1411421149969101,8.791364669799805
CSGS8,q4_2020,1,robust_rolling_cqr,clean,up,91,0.5494505494505495,0.3505494505494505,3.9039504528045654,0.13013167679309845,10.749863624572754
CSGS8,q4_2020,1,robust_rolling_cqr,combined_outage,down,90,0.7777777777777778,0.12222222222222223,6.002305030822754,0.20007683336734772,8.816047668457031
CSGS8,q4_2020,1,robust_rolling_cqr,combined_outage,up,91,0.43956043956043955,0.46043956043956047,4.156558036804199,0.13855193555355072,12.30331802368164
CSGS8,q4_2020,1,robust_rolling_cqr,irradiance_outage,down,90,0.6555555555555556,0.24444444444444446,4.392902851104736,0.1464300900697708,8.51087474822998
CSGS8,q4_2020,1,robust_rolling_cqr,irradiance_outage,up,91,0.5824175824175825,0.31758241758241756,4.032020092010498,0.13440066576004028,9.656420707702637
CSGS8,q4_2020,1,robust_rolling_cqr,recent_power_outage,down,90,0.8444444444444444,0.05555555555555558,6.741923809051514,0.22473078966140747,9.101547241210938
CSGS8,q4_2020,1,robust_rolling_cqr,recent_power_outage,up,91,0.5164835164835165,0.3835164835164835,4.578576564788818,0.15261921286582947,11.47951889038086
CSGS8,q4_2020,1,robust_rolling_cqr,weather_outage,down,90,0.6555555555555556,0.24444444444444446,4.166299819946289,0.13887666165828705,8.976394653320312
CSGS8,q4_2020,1,robust_rolling_cqr,weather_outage,up,91,0.4835164835164835,0.4164835164835165,3.786691904067993,0.12622305750846863,11.022244453430176
CSGS8,q4_2020,4,clean_condition_cqr,clean,down,207,0.8357487922705314,0.06425120772946857,4.561495304107666,0.15204983949661255,6.3735527992248535
CSGS8,q4_2020,4,clean_condition_cqr,clean,up,156,0.6282051282051282,0.27179487179487183,3.9910120964050293,0.13303373754024506,9.620170593261719
CSGS8,q4_2020,4,clean_condition_cqr,combined_outage,down,207,0.9951690821256038,0.0,13.766684532165527,0.4588894844055176,13.7695951461792
CSGS8,q4_2020,4,clean_condition_cqr,combined_outage,up,156,0.9102564102564102,0.0,19.142284393310547,0.63807612657547,21.018497467041016
CSGS8,q4_2020,4,clean_condition_cqr,irradiance_outage,down,207,0.966183574879227,0.0,5.159695625305176,0.17198985815048218,5.547648906707764
CSGS8,q4_2020,4,clean_condition_cqr,irradiance_outage,up,156,0.6089743589743589,0.2910256410256411,4.5784077644348145,0.1526135951280594,10.485391616821289
CSGS8,q4_2020,4,clean_condition_cqr,recent_power_outage,down,207,0.9565217391304348,0.0,10.766596794128418,0.35888656973838806,11.714303970336914
CSGS8,q4_2020,4,clean_condition_cqr,recent_power_outage,up,156,0.6602564102564102,0.23974358974358978,15.821276664733887,0.5273758769035339,30.45676612854004
CSGS8,q4_2020,4,clean_condition_cqr,weather_outage,down,207,0.8405797101449275,0.05942028985507253,4.569919586181641,0.1523306518793106,6.216917037963867
CSGS8,q4_2020,4,clean_condition_cqr,weather_outage,up,156,0.6410256410256411,0.25897435897435894,3.956711530685425,0.13189038634300232,9.5860013961792
CSGS8,q4_2020,4,lgbm_condition_cqr,clean,down,207,0.7198067632850241,0.1801932367149759,4.866306304931641,0.16221021115779877,7.8236260414123535
CSGS8,q4_2020,4,lgbm_condition_cqr,clean,up,156,0.6089743589743589,0.2910256410256411,6.901986122131348,0.2300662100315094,12.973648071289062
CSGS8,q4_2020,4,lgbm_condition_cqr,combined_outage,down,207,1.0,0.0,16.16672134399414,0.5388907194137573,16.16672134399414
CSGS8,q4_2020,4,lgbm_condition_cqr,combined_outage,up,156,0.9358974358974359,0.0,20.22410774230957,0.6741369366645813,21.713848114013672
CSGS8,q4_2020,4,lgbm_condition_cqr,irradiance_outage,down,207,0.7971014492753623,0.10289855072463772,4.989950180053711,0.1663316786289215,6.913851261138916
CSGS8,q4_2020,4,lgbm_condition_cqr,irradiance_outage,up,156,0.5833333333333334,0.31666666666666665,6.877716064453125,0.22925719618797302,13.253682136535645
CSGS8,q4_2020,4,lgbm_condition_cqr,recent_power_outage,down,207,1.0,0.0,16.09963035583496,0.5366543531417847,16.09963035583496
CSGS8,q4_2020,4,lgbm_condition_cqr,recent_power_outage,up,156,0.9294871794871795,0.0,20.03907585144043,0.6679691672325134,21.70619010925293
CSGS8,q4_2020,4,lgbm_condition_cqr,weather_outage,down,207,0.7294685990338164,0.17053140096618358,4.879396438598633,0.16264654695987701,7.933289527893066
CSGS8,q4_2020,4,lgbm_condition_cqr,weather_outage,up,156,0.5897435897435898,0.31025641025641026,6.845269680023193,0.22817565500736237,13.349160194396973
CSGS8,q4_2020,4,oracle_ramp_mondrian,clean,down,207,0.9420289855072463,0.0,5.7407073974609375,0.19135691225528717,6.293796062469482
CSGS8,q4_2020,4,oracle_ramp_mondrian,clean,up,156,0.9102564102564102,0.0,5.397500038146973,0.17991666495800018,6.488265514373779
CSGS8,q4_2020,4,oracle_ramp_mondrian,combined_outage,down,207,0.9565217391304348,0.0,7.937010765075684,0.2645670175552368,8.389947891235352
CSGS8,q4_2020,4,oracle_ramp_mondrian,combined_outage,up,156,0.8974358974358975,0.002564102564102555,6.061771392822266,0.2020590454339981,7.114027976989746
CSGS8,q4_2020,4,oracle_ramp_mondrian,irradiance_outage,down,207,0.9855072463768116,0.0,6.283609867095947,0.20945365726947784,6.382625579833984
CSGS8,q4_2020,4,oracle_ramp_mondrian,irradiance_outage,up,156,0.9230769230769231,0.0,5.830259799957275,0.1943419873714447,6.764571666717529
CSGS8,q4_2020,4,oracle_ramp_mondrian,recent_power_outage,down,207,0.9758454106280193,0.0,7.784204483032227,0.2594734728336334,8.089044570922852
CSGS8,q4_2020,4,oracle_ramp_mondrian,recent_power_outage,up,156,0.8653846153846154,0.0346153846153846,6.15654993057251,0.2052183300256729,7.355905532836914
CSGS8,q4_2020,4,oracle_ramp_mondrian,weather_outage,down,207,0.9420289855072463,0.0,5.970077037811279,0.19900256395339966,6.552963733673096
CSGS8,q4_2020,4,oracle_ramp_mondrian,weather_outage,up,156,0.9294871794871795,0.0,5.600588321685791,0.18668627738952637,6.576303482055664
CSGS8,q4_2020,4,persistence_condition_cqr,clean,down,207,0.0,0.9,10.35999870300293,0.3453332781791687,45.721343994140625
CSGS8,q4_2020,4,persistence_condition_cqr,clean,up,156,0.0,0.9,9.455385208129883,0.3151794970035553,44.86179733276367
CSGS8,q4_2020,4,persistence_condition_cqr,combined_outage,down,207,0.5555555555555556,0.34444444444444444,23.604299545288086,0.7868099808692932,49.168548583984375
CSGS8,q4_2020,4,persistence_condition_cqr,combined_outage,up,156,0.5,0.4,13.406923294067383,0.4468974471092224,43.94538116455078
CSGS8,q4_2020,4,persistence_condition_cqr,irradiance_outage,down,207,0.0,0.9,10.35999870300293,0.3453332781791687,45.721343994140625
CSGS8,q4_2020,4,persistence_condition_cqr,irradiance_outage,up,156,0.0,0.9,9.455385208129883,0.3151794970035553,44.86179733276367
CSGS8,q4_2020,4,persistence_condition_cqr,recent_power_outage,down,207,0.5555555555555556,0.34444444444444444,23.604299545288086,0.7868099808692932,49.168548583984375
CSGS8,q4_2020,4,persistence_condition_cqr,recent_power_outage,up,156,0.5,0.4,13.406923294067383,0.4468974471092224,43.94538116455078
CSGS8,q4_2020,4,persistence_condition_cqr,weather_outage,down,207,0.0,0.9,10.35999870300293,0.3453332781791687,45.721343994140625
CSGS8,q4_2020,4,persistence_condition_cqr,weather_outage,up,156,0.0,0.9,9.455385208129883,0.3151794970035553,44.86179733276367
CSGS8,q4_2020,4,robust_condition_cqr,clean,down,207,0.8743961352657005,0.025603864734299542,4.499128818511963,0.14997096359729767,6.167101860046387
CSGS8,q4_2020,4,robust_condition_cqr,clean,up,156,0.7692307692307693,0.13076923076923075,4.145147800445557,0.13817159831523895,7.16693115234375
CSGS8,q4_2020,4,robust_condition_cqr,combined_outage,down,207,0.9323671497584541,0.0,6.7351250648498535,0.22450417280197144,7.781981945037842
CSGS8,q4_2020,4,robust_condition_cqr,combined_outage,up,156,0.7564102564102564,0.14358974358974363,4.828910827636719,0.16096369922161102,8.00680923461914
CSGS8,q4_2020,4,robust_condition_cqr,irradiance_outage,down,207,0.8985507246376812,0.0014492753623188692,4.779604911804199,0.1593201607465744,5.8433709144592285
CSGS8,q4_2020,4,robust_condition_cqr,irradiance_outage,up,156,0.7564102564102564,0.14358974358974363,4.30098295211792,0.14336609840393066,7.516329288482666
CSGS8,q4_2020,4,robust_condition_cqr,recent_power_outage,down,207,0.9371980676328503,0.0,6.627399921417236,0.2209133356809616,7.321156024932861
CSGS8,q4_2020,4,robust_condition_cqr,recent_power_outage,up,156,0.7628205128205128,0.13717948717948725,4.980436325073242,0.16601453721523285,8.169897079467773
CSGS8,q4_2020,4,robust_condition_cqr,weather_outage,down,207,0.8647342995169082,0.035265700483091855,4.504005432128906,0.15013352036476135,6.478262424468994
CSGS8,q4_2020,4,robust_condition_cqr,weather_outage,up,156,0.75,0.15000000000000002,4.112190246582031,0.13707301020622253,7.389033317565918
CSGS8,q4_2020,4,robust_local_cqr,clean,down,207,0.9130434782608695,0.0,4.917086601257324,0.1639028936624527,5.935083389282227
CSGS8,q4_2020,4,robust_local_cqr,clean,up,156,0.8653846153846154,0.0346153846153846,4.975345134735107,0.1658448427915573,6.541788578033447
CSGS8,q4_2020,4,robust_local_cqr,combined_outage,down,207,0.927536231884058,0.0,6.801461696624756,0.22671538591384888,7.847067832946777
CSGS8,q4_2020,4,robust_local_cqr,combined_outage,up,156,0.8589743589743589,0.0410256410256411,5.41757869720459,0.18058595061302185,6.989771366119385
CSGS8,q4_2020,4,robust_local_cqr,irradiance_outage,down,207,0.927536231884058,0.0,5.235569000244141,0.17451897263526917,5.705809593200684
CSGS8,q4_2020,4,robust_local_cqr,irradiance_outage,up,156,0.8782051282051282,0.02179487179487183,5.172919750213623,0.17243066430091858,6.719844818115234
CSGS8,q4_2020,4,robust_local_cqr,recent_power_outage,down,207,0.9516908212560387,0.0,6.8224334716796875,0.22741444408893585,7.462845802307129
CSGS8,q4_2020,4,robust_local_cqr,recent_power_outage,up,156,0.8397435897435898,0.060256410256410264,5.598915100097656,0.1866305023431778,7.429080486297607
CSGS8,q4_2020,4,robust_local_cqr,weather_outage,down,207,0.8985507246376812,0.0014492753623188692,4.92175817489624,0.1640586107969284,6.182962894439697
CSGS8,q4_2020,4,robust_local_cqr,weather_outage,up,156,0.8782051282051282,0.02179487179487183,4.955484390258789,0.16518281400203705,6.659808158874512
CSGS8,q4_2020,4,robust_risk_mondrian,clean,down,207,0.9033816425120773,0.0,4.964521884918213,0.16548405587673187,6.110080242156982
CSGS8,q4_2020,4,robust_risk_mondrian,clean,up,156,0.8333333333333334,0.06666666666666665,4.60615348815918,0.15353845059871674,6.762937068939209
CSGS8,q4_2020,4,robust_risk_mondrian,combined_outage,down,207,0.9371980676328503,0.0,6.863731861114502,0.22879105806350708,7.8603739738464355
CSGS8,q4_2020,4,robust_risk_mondrian,combined_outage,up,156,0.8012820512820513,0.0987179487179487,5.138057708740234,0.17126859724521637,7.580300331115723
CSGS8,q4_2020,4,robust_risk_mondrian,irradiance_outage,down,207,0.9227053140096618,0.0,5.282234191894531,0.17607447504997253,5.913335800170898
CSGS8,q4_2020,4,robust_risk_mondrian,irradiance_outage,up,156,0.8269230769230769,0.07307692307692315,4.798630237579346,0.15995433926582336,7.00250768661499
CSGS8,q4_2020,4,robust_risk_mondrian,recent_power_outage,down,207,0.9468599033816425,0.0,6.833456039428711,0.22778186202049255,7.495263576507568
CSGS8,q4_2020,4,robust_risk_mondrian,recent_power_outage,up,156,0.8076923076923077,0.09230769230769231,5.297862529754639,0.17659541964530945,7.873798847198486
CSGS8,q4_2020,4,robust_risk_mondrian,weather_outage,down,207,0.893719806763285,0.006280193236715026,5.047006130218506,0.16823354363441467,6.382574081420898
CSGS8,q4_2020,4,robust_risk_mondrian,weather_outage,up,156,0.8269230769230769,0.07307692307692315,4.652907371520996,0.15509691834449768,6.870347023010254
CSGS8,q4_2020,4,robust_rolling_cqr,clean,down,207,0.8502415458937198,0.049758454106280214,4.458124160766602,0.1486041396856308,6.181157112121582
CSGS8,q4_2020,4,robust_rolling_cqr,clean,up,156,0.7692307692307693,0.13076923076923075,4.108863353729248,0.13696211576461792,7.196406364440918
CSGS8,q4_2020,4,robust_rolling_cqr,combined_outage,down,207,0.9227053140096618,0.0,6.614246845245361,0.22047489881515503,7.766733169555664
CSGS8,q4_2020,4,robust_rolling_cqr,combined_outage,up,156,0.7371794871794872,0.1628205128205128,4.720964431762695,0.15736548602581024,8.179201126098633
CSGS8,q4_2020,4,robust_rolling_cqr,irradiance_outage,down,207,0.8888888888888888,0.011111111111111183,4.7533698081970215,0.15844565629959106,5.865271091461182
CSGS8,q4_2020,4,robust_rolling_cqr,irradiance_outage,up,156,0.7435897435897436,0.1564102564102564,4.277167797088623,0.14257225394248962,7.546920299530029
CSGS8,q4_2020,4,robust_rolling_cqr,recent_power_outage,down,207,0.9371980676328503,0.0,6.637625694274902,0.22125418484210968,7.331381320953369
CSGS8,q4_2020,4,robust_rolling_cqr,recent_power_outage,up,156,0.7628205128205128,0.13717948717948725,4.995602607727051,0.16652008891105652,8.148640632629395
CSGS8,q4_2020,4,robust_rolling_cqr,weather_outage,down,207,0.8454106280193237,0.05458937198067637,4.508553981781006,0.15028513967990875,6.458813190460205
CSGS8,q4_2020,4,robust_rolling_cqr,weather_outage,up,156,0.7756410256410257,0.12435897435897436,4.125925540924072,0.1375308483839035,7.377662181854248
