station,fold,horizon_steps,method_base,condition,ramp_group,n_base,coverage_base,coverage_error_base,mean_width_base,median_width_base,interval_score_base,mae_base,rmse_base,undercoverage_error_base,overcoverage_error_base,normalized_width_base,normalized_interval_score_base,ramp_prevalence_base,method_local,n_local,coverage_local,coverage_error_local,mean_width_local,median_width_local,interval_score_local,mae_local,rmse_local,undercoverage_error_local,overcoverage_error_local,normalized_width_local,normalized_interval_score_local,ramp_prevalence_local,undercoverage_improvement,coverage_error_improvement,interval_score_change,width_change
CSGS2,q1_2020,1,robust_condition_cqr,clean,non_ramp,5641,0.9301542279737636,0.030154227973763548,11.2502415458312,7.631674289703369,13.176960564599014,2.0574736356156724,3.7064092455850908,0.0,0.030154227973763548,0.08654031958331693,0.10136123511230011,,robust_local_cqr,5641,0.9475270342137919,0.0475270342137919,13.480512427745106,9.98198652267456,14.116221868494476,2.0574736356156724,3.7064092455850908,0.0,0.0475270342137919,0.10369624944419312,0.10858632206534212,,0.0,-0.01737280624002835,0.9392613038954618,2.2302708819139063
CSGS2,q1_2020,1,robust_condition_cqr,clean,ramp,183,0.3879781420765027,0.5120218579234973,23.997125679026535,23.729023933410645,108.79016822934803,14.73973827609599,16.73139588692348,0.5120218579234973,0.0,0.18459327445405027,0.8368474479180618,0.031421703296703296,robust_local_cqr,183,0.5846994535519126,0.31530054644808747,30.853041362241317,30.256412506103516,82.3646503693419,14.73973827609599,16.73139588692348,0.31530054644808747,0.0,0.2373310874018563,0.6335742336103223,0.031421703296703296,0.19672131147540983,0.19672131147540983,-26.425517860006124,6.855915683214782
CSGS2,q1_2020,1,robust_condition_cqr,combined_outage,non_ramp,5641,0.8741357915263251,0.025864208473674877,17.8970070645894,15.817261695861816,31.302119643428256,4.819693371176752,8.534840669414937,0.025864208473674877,0.0,0.13766928511222615,0.2407855357186789,,robust_local_cqr,5641,0.8806949122496012,0.019305087750398853,19.4103732481409,17.052753448486328,28.30821063230516,4.819693371176752,8.534840669414937,0.019305087750398853,0.0,0.1493105634472377,0.21775546640234736,,0.006559120723276024,0.006559120723276024,-2.9939090111230975,1.5133661835515007
CSGS2,q1_2020,1,robust_condition_cqr,combined_outage,ramp,183,0.6338797814207651,0.26612021857923496,30.892202390673383,31.083667755126953,90.2229817503137,13.416071250139039,16.079593105099413,0.26612021857923496,0.0,0.23763232608210294,0.6940229365408747,0.031421703296703296,robust_local_cqr,183,0.7049180327868853,0.19508196721311477,35.05285742830058,35.29570388793945,81.46837499298033,13.416071250139039,16.079593105099413,0.19508196721311477,0.0,0.26963736483308137,0.6266798076383102,0.031421703296703296,0.07103825136612019,0.07103825136612019,-8.754606757333377,4.160655037627194
CSGS2,q1_2020,1,robust_condition_cqr,irradiance_outage,non_ramp,5641,0.9305087750398865,0.03050877503988647,12.853256401047705,9.106069087982178,14.404797425997149,2.189181113847761,3.9221988960582284,0.0,0.03050877503988647,0.09887120308498235,0.11080613404613192,,robust_local_cqr,5641,0.9601134550611594,0.06011345506115939,14.915167824545405,11.95677375793457,15.481465093089566,2.189181113847761,3.9221988960582284,0.0,0.06011345506115939,0.11473206018881081,0.1190881930237659,,0.0,-0.029604680021272922,1.0766676670924173,2.0619114234976994
CSGS2,q1_2020,1,robust_condition_cqr,irradiance_outage,ramp,183,0.43169398907103823,0.4683060109289618,26.078873059137273,25.006702423095703,101.05024989250579,15.06599006691917,16.92423042988765,0.4683060109289618,0.0,0.20060671583951747,0.7773096145577368,0.031421703296703296,robust_local_cqr,183,0.5901639344262295,0.3098360655737705,31.298582530412517,29.728532791137695,81.63900234920732,15.06599006691917,16.92423042988765,0.3098360655737705,0.0,0.24075832715701936,0.6279923257631332,0.031421703296703296,0.15846994535519127,0.15846994535519127,-19.411247543298472,5.2197094712752445
CSGS2,q1_2020,1,robust_condition_cqr,recent_power_outage,non_ramp,5641,0.8519765998936358,0.04802340010636419,16.03086373897293,12.598004341125488,28.886176952300733,4.835724268859476,8.640821126116448,0.04802340010636419,0.0,0.12331433645363792,0.2222013611715441,,robust_local_cqr,5641,0.8684630384683567,0.031536961531643315,18.086615190054292,16.41001033782959,26.359003460299608,4.835724268859476,8.640821126116448,0.031536961531643315,0.0,0.1391278091542638,0.20276156507922774,,0.016486438574720874,0.016486438574720874,-2.5271734920011255,2.0557514510813633
CSGS2,q1_2020,1,robust_condition_cqr,recent_power_outage,ramp,183,0.5191256830601093,0.3808743169398907,29.56717895158653,28.538482666015625,94.69334395335672,13.641317960994492,16.098242138798753,0.3808743169398907,0.0,0.22743983808912716,0.728410338102744,0.031421703296703296,robust_local_cqr,183,0.6612021857923497,0.23879781420765034,33.39236034330774,33.34658622741699,80.3238633968791,13.641317960994492,16.098242138798753,0.23879781420765034,0.0,0.2568643103331365,0.6178758722836855,0.031421703296703296,0.14207650273224037,0.14207650273224037,-14.369480556477612,3.8251813917212125
CSGS2,q1_2020,1,robust_condition_cqr,weather_outage,non_ramp,5641,0.9356497074986705,0.03564970749867047,11.148739803285912,7.807016372680664,13.208673483298679,2.0796214569729177,3.7515186116990753,0.0,0.03564970749867047,0.08575953694835317,0.10160518064075906,,robust_local_cqr,5641,0.9609998227264669,0.06099982272646687,13.345685414620572,9.473841667175293,14.058807766519024,2.0796214569729177,3.7515186116990753,0.0,0.06099982272646687,0.10265911857400441,0.10814467512706942,,0.0,-0.0253501152277964,0.8501342832203456,2.1969456113346606
CSGS2,q1_2020,1,robust_condition_cqr,weather_outage,ramp,183,0.3825136612021858,0.5174863387978142,24.007368767196365,23.741705894470215,110.33077687057641,14.946985535934322,16.847534062163856,0.5174863387978142,0.0,0.18467206743997203,0.8486982836198186,0.031421703296703296,robust_local_cqr,183,0.5519125683060109,0.34808743169398915,30.690367101971567,30.712554931640625,85.06903399274648,14.946985535934322,16.847534062163856,0.34808743169398915,0.0,0.23607974693824282,0.6543771845595884,0.031421703296703296,0.1693989071038251,0.1693989071038251,-25.26174287782993,6.682998334775203
CSGS2,q1_2020,4,robust_condition_cqr,clean,non_ramp,5351,0.9017006167071575,0.0017006167071574874,19.422410233006193,14.928651094436646,32.40122539239885,5.253529218074325,9.6571275224629,0.0,0.0017006167071574874,0.14940315563850917,0.249240195326145,,robust_local_cqr,5351,0.9080545692393945,0.008054569239394516,21.64892477712101,19.69667625427246,30.11922270020077,5.253529218074325,9.6571275224629,0.0,0.008054569239394516,0.16653019059323854,0.23168632846308285,,0.0,-0.006353952532237028,-2.2820026921980805,2.226514544114817
CSGS2,q1_2020,4,robust_condition_cqr,clean,ramp,473,0.6575052854122622,0.24249471458773786,29.46268570672004,28.02790069580078,77.10454728156643,11.935156461993433,15.680686076462045,0.24249471458773786,0.0,0.22663604389784647,0.5931119021658956,0.08121565934065934,robust_local_cqr,473,0.7653276955602537,0.13467230443974632,35.41452237072127,34.709102630615234,66.10523771770282,11.935156461993433,15.680686076462045,0.13467230443974632,0.0,0.2724194028517021,0.508501828597714,0.08121565934065934,0.10782241014799154,0.10782241014799154,-10.999309563863605,5.951836664001231
CSGS2,q1_2020,4,robust_condition_cqr,combined_outage,non_ramp,5351,0.8775929732760231,0.022407026723976875,23.30776221914573,22.512296676635742,43.33120164734652,6.98466818601962,11.912621438152062,0.022407026723976875,0.0,0.1792904786088133,0.3333169357488194,,robust_local_cqr,5351,0.8757241637077182,0.024275836292281805,23.387224385724537,25.07992911338806,39.51193601671091,6.98466818601962,11.912621438152062,0.024275836292281805,0.0,0.1799017260440349,0.3039379693593147,,-0.00186880956830493,-0.00186880956830493,-3.8192656306356056,0.07946216657880711
CSGS2,q1_2020,4,robust_condition_cqr,combined_outage,ramp,473,0.6723044397463002,0.22769556025369986,35.6917909206724,34.95944309234619,83.08923420108398,14.226982319518829,17.43100280643092,0.22769556025369986,0.0,0.27455223785132615,0.6391479553929537,0.08121565934065934,robust_local_cqr,473,0.7251585623678647,0.17484143763213533,39.176496119255354,38.96947479248047,71.33632168520643,14.226982319518829,17.43100280643092,0.17484143763213533,0.0,0.3013576624558104,0.5487409360400495,0.08121565934065934,0.052854122621564525,0.052854122621564525,-11.752912515877554,3.484705198582951
CSGS2,q1_2020,4,robust_condition_cqr,irradiance_outage,non_ramp,5351,0.909736497850869,0.009736497850868941,20.451545806273565,17.08696687221527,32.066417339630355,5.56226485853801,9.989192085896264,0.0,0.009736497850868941,0.15731958312518127,0.24666474876638736,,robust_local_cqr,5351,0.9175854980377499,0.01758549803774989,22.70383503692149,21.58307647705078,29.848497661719474,5.56226485853801,9.989192085896264,0.0,0.01758549803774989,0.17464488489939609,0.22960382816707287,,0.0,-0.00784900018688095,-2.2179196779108814,2.252289230647925
CSGS2,q1_2020,4,robust_condition_cqr,irradiance_outage,ramp,473,0.6997885835095138,0.20021141649048624,31.753932434821355,30.641387939453125,73.498066104854,11.949798403217223,15.68236075679166,0.20021141649048624,0.0,0.24426101872939504,0.5653697392681077,0.08121565934065934,robust_local_cqr,473,0.8118393234672304,0.0881606765327696,38.193511628008295,37.781039237976074,63.792964447187316,11.949798403217223,15.68236075679166,0.0881606765327696,0.0,0.29379624329237153,0.4907151111322101,0.08121565934065934,0.11205073995771664,0.11205073995771664,-9.705101657666688,6.43957919318694
CSGS2,q1_2020,4,robust_condition_cqr,recent_power_outage,non_ramp,5351,0.8575967108951598,0.04240328910484026,20.694989105579463,17.933725476264954,37.82306907068025,6.592868379604488,11.384578038983028,0.04240328910484026,0.0,0.15919222388907278,0.29094668515907884,,robust_local_cqr,5351,0.8899271164268361,0.010072883573163938,23.695196646719076,21.804513454437256,33.68979394689155,6.592868379604488,11.384578038983028,0.010072883573163938,0.0,0.1822707434363006,0.259152261129935,,0.03233040553167632,0.03233040553167632,-4.1332751237886995,3.0002075411396127
CSGS2,q1_2020,4,robust_condition_cqr,recent_power_outage,ramp,473,0.7780126849894292,0.12198731501057081,33.63013459779874,35.336591720581055,63.27803699174466,11.811787916981393,15.002588592515199,0.12198731501057081,0.0,0.25869334305999026,0.4867541307057282,0.08121565934065934,robust_local_cqr,473,0.8562367864693446,0.043763213530655376,39.471357778035674,42.59986400604248,57.1935675380846,11.811787916981393,15.002588592515199,0.043763213530655376,0.0,0.3036258290618129,0.4399505195237277,0.08121565934065934,0.07822410147991543,0.07822410147991543,-6.084469453660063,5.841223180236938
CSGS2,q1_2020,4,robust_condition_cqr,weather_outage,non_ramp,5351,0.909736497850869,0.009736497850868941,20.080732131400534,17.846815824508667,31.69284337911587,5.185114928900724,9.349391827747775,0.0,0.009736497850868941,0.15446717024154258,0.24379110291627593,,robust_local_cqr,5351,0.9192674266492245,0.01926742664922443,21.759271330224067,20.82538390159607,28.896648707305932,5.185114928900724,9.349391827747775,0.0,0.01926742664922443,0.16737901023249283,0.22228191313312257,,0.0,-0.009530928798355487,-2.796194671809939,1.6785391988235325
CSGS2,q1_2020,4,robust_condition_cqr,weather_outage,ramp,473,0.6025369978858351,0.2974630021141649,30.435344844524913,28.097482681274414,89.04465415693001,13.220681476479605,16.852383057008527,0.2974630021141649,0.0,0.23411803726557626,0.6849588781302308,0.08121565934065934,robust_local_cqr,473,0.7293868921775899,0.17061310782241013,36.642105731821715,36.6513786315918,72.57140520634032,13.220681476479605,16.852383057008527,0.17061310782241013,0.0,0.281862351783244,0.5582415785103101,0.08121565934065934,0.12684989429175475,0.12684989429175475,-16.473248950589692,6.206760887296802
CSGS2,q2_2020,1,robust_condition_cqr,clean,non_ramp,5487,0.8955713504647348,0.004428649535265228,12.597968308311767,11.468761444091797,15.652493639938575,2.438869428771516,4.213079450715495,0.004428649535265228,0.0,0.09690744852547513,0.12040379723029673,,robust_local_cqr,5487,0.9280116639329324,0.028011663932932418,14.615115721787763,13.98314094543457,16.170276999512442,2.438869428771516,4.213079450715495,0.0,0.028011663932932418,0.1124239670906751,0.1243867461500957,,0.004428649535265228,-0.02358301439766719,0.5177833595738672,2.017147413475996
CSGS2,q2_2020,1,robust_condition_cqr,clean,ramp,337,0.41543026706231456,0.48456973293768546,27.666247297111536,27.419952392578125,124.70248088214093,16.950374313207337,19.1904598874601,0.48456973293768546,0.0,0.21281728690085797,0.9592498529395457,0.05786401098901099,robust_local_cqr,337,0.5222551928783383,0.3777448071216617,32.642811874253816,31.415260314941406,105.23169717873593,16.950374313207337,19.1904598874601,0.3777448071216617,0.0,0.2510985528788755,0.809474593682584,0.05786401098901099,0.10682492581602376,0.10682492581602376,-19.470783703405004,4.97656457714228
CSGS2,q2_2020,1,robust_condition_cqr,combined_outage,non_ramp,5487,0.9283761618370694,0.02837616183706937,23.45102393509453,23.63735055923462,32.56992071035584,5.404125828864211,9.493405858081905,0.0,0.02837616183706937,0.18039249180841946,0.2505378516181218,,robust_local_cqr,5487,0.9121560051029707,0.012156005102970657,24.718663025614813,23.927284240722656,32.35313280630624,5.404125828864211,9.493405858081905,0.0,0.012156005102970657,0.19014356173549857,0.24887025235620186,,0.0,0.016220156734098712,-0.21678790404959614,1.2676390905202837
CSGS2,q2_2020,1,robust_condition_cqr,combined_outage,ramp,337,0.658753709198813,0.24124629080118698,37.41274280673672,37.09880065917969,104.63790578260266,16.45904685764709,20.208962248697166,0.24124629080118698,0.0,0.2877903292825902,0.804906967558482,0.05786401098901099,robust_local_cqr,337,0.7359050445103857,0.16409495548961428,43.225990030815055,44.147727966308594,93.66344437330342,16.45904685764709,20.208962248697166,0.16409495548961428,0.0,0.33250761562165426,0.7204880336407955,0.05786401098901099,0.0771513353115727,0.0771513353115727,-10.974461409299238,5.8132472240783315
CSGS2,q2_2020,1,robust_condition_cqr,irradiance_outage,non_ramp,5487,0.9066885365409149,0.006688536540914836,14.490271685005093,13.639511108398438,17.266527825461694,2.6375696050956727,4.4905156947897975,0.0,0.006688536540914836,0.11146362834619301,0.1328194448112438,,robust_local_cqr,5487,0.9422270821942774,0.0422270821942774,16.247144751229442,16.117774963378906,17.726320369032056,2.6375696050956727,4.4905156947897975,0.0,0.0422270821942774,0.12497803654791878,0.13635631053101582,,0.0,-0.03553854565336256,0.45979254357036226,1.7568730662243492
CSGS2,q2_2020,1,robust_condition_cqr,irradiance_outage,ramp,337,0.47477744807121663,0.4252225519287834,29.99123181362888,29.88323974609375,117.71853618169042,16.539178280872832,18.878806976365823,0.4252225519287834,0.0,0.2307017831817606,0.9055272013976187,0.05786401098901099,robust_local_cqr,337,0.5400593471810089,0.3599406528189911,33.45598247143211,31.837814331054688,104.95972223876139,16.539178280872832,18.878806976365823,0.3599406528189911,0.0,0.25735371131870854,0.8073824787597029,0.05786401098901099,0.06528189910979226,0.06528189910979226,-12.758813942929038,3.464750657803229
CSGS2,q2_2020,1,robust_condition_cqr,recent_power_outage,non_ramp,5487,0.936212866776016,0.036212866776015984,22.200422662176553,22.371395111083984,27.328829656133074,4.78461833955954,8.20223068065091,0.0,0.036212866776015984,0.17077248201674272,0.21022176658563904,,robust_local_cqr,5487,0.9283761618370694,0.02837616183706937,24.717550843866547,23.55547332763672,27.286516285971793,4.78461833955954,8.20223068065091,0.0,0.02837616183706937,0.19013500649128112,0.20989627912285994,,0.0,0.007836704938946615,-0.04231337016128123,2.517128181689994
CSGS2,q2_2020,1,robust_condition_cqr,recent_power_outage,ramp,337,0.6379821958456974,0.26201780415430265,38.506146900731665,38.73971080780029,100.405573782652,15.798682941527325,19.369621984801192,0.26201780415430265,0.0,0.2962011300056282,0.7723505675588616,0.05786401098901099,robust_local_cqr,337,0.7210682492581603,0.17893175074183976,44.03693092541454,44.41947555541992,88.906768841984,15.798682941527325,19.369621984801192,0.17893175074183976,0.0,0.33874562250318874,0.6838982218614155,0.05786401098901099,0.08308605341246289,0.08308605341246289,-11.498804940667995,5.530784024682873
CSGS2,q2_2020,1,robust_condition_cqr,weather_outage,non_ramp,5487,0.8981228357936942,0.0018771642063057925,12.98402334763413,12.14033317565918,15.974048437022796,2.479992893219798,4.270889390749728,0.0018771642063057925,0.0,0.0998771026741087,0.12287729566940613,,robust_local_cqr,5487,0.9294696555494806,0.029469655549480556,15.069095201246254,14.673137664794922,16.56991859663579,2.479992893219798,4.270889390749728,0.0,0.029469655549480556,0.11591611693266349,0.12746091228181378,,0.0018771642063057925,-0.027592491343174763,0.5958701596129945,2.085071853612124
CSGS2,q2_2020,1,robust_condition_cqr,weather_outage,ramp,337,0.42729970326409494,0.4727002967359051,27.698531722456483,27.376686096191406,123.47809717138726,16.839182696639607,19.143304915289423,0.4727002967359051,0.0,0.21306562863428063,0.9498315167029789,0.05786401098901099,robust_local_cqr,337,0.5341246290801187,0.3658753709198813,32.73504142874426,31.297691345214844,103.96073289299578,16.839182696639607,19.143304915289423,0.3658753709198813,0.0,0.25180801099034045,0.7996979453307368,0.05786401098901099,0.10682492581602376,0.10682492581602376,-19.517364278391483,5.036509706287777
CSGS2,q2_2020,4,robust_condition_cqr,clean,non_ramp,5267,0.9124738940573381,0.01247389405733812,21.190948073392036,21.697059631347656,28.112463857982473,5.0044403555742,8.10295434319066,0.0,0.01247389405733812,0.16300729287224644,0.21624972198448056,,robust_local_cqr,5267,0.924435162331498,0.024435162331498006,25.952823545806393,26.4239501953125,30.2130361238683,5.0044403555742,8.10295434319066,0.0,0.024435162331498006,0.19963710419851072,0.2324079701836023,,0.0,-0.011961268274159886,2.100572265885827,4.761875472414356
CSGS2,q2_2020,4,robust_condition_cqr,clean,ramp,557,0.6481149012567325,0.2518850987432675,32.522479488161565,31.004945755004883,102.90314082378652,15.319087360983906,20.875904298472378,0.2518850987432675,0.0,0.25017291913970435,0.7915626217214348,0.09563873626373626,robust_local_cqr,557,0.7289048473967684,0.1710951526032316,38.315878748037655,37.083441734313965,89.91981607472233,15.319087360983906,20.875904298472378,0.1710951526032316,0.0,0.29473752883105886,0.6916908928824795,0.09563873626373626,0.08078994614003587,0.08078994614003587,-12.983324749064181,5.7933992598760895
CSGS2,q2_2020,4,robust_condition_cqr,combined_outage,non_ramp,5267,0.921777102715018,0.021777102715017982,29.106040693393734,30.511190533638,38.86221181268153,7.299223478418816,11.439314382631757,0.0,0.021777102715017982,0.22389262071841334,0.29894009086678097,,robust_local_cqr,5267,0.9037402696031896,0.0037402696031896276,31.039557899959767,33.450374603271484,41.414735011087735,7.299223478418816,11.439314382631757,0.0,0.0037402696031896276,0.2387658299996905,0.3185748847006749,,0.0,0.018036833111828354,2.552523198406206,1.9335172065660338
CSGS2,q2_2020,4,robust_condition_cqr,combined_outage,ramp,557,0.7737881508078994,0.1262118491921006,39.364110812290676,39.181495666503906,91.20112879575636,14.29165522296724,19.6238106250917,0.1262118491921006,0.0,0.302800852402236,0.7015471445827413,0.09563873626373626,robust_local_cqr,557,0.8168761220825853,0.08312387791741471,41.48704892820286,39.997440338134766,82.16761962264856,14.29165522296724,19.6238106250917,0.08312387791741471,0.0,0.3191311456015605,0.632058612481912,0.09563873626373626,0.04308797127468589,0.04308797127468589,-9.033509173107802,2.1229381159121843
CSGS2,q2_2020,4,robust_condition_cqr,irradiance_outage,non_ramp,5267,0.9063983292196697,0.006398329219669652,22.925225717599783,24.4081392288208,30.882357008750787,5.634887502126457,8.96132904565251,0.0,0.006398329219669652,0.17634789013538296,0.23755659237500606,,robust_local_cqr,5267,0.9293715587621036,0.029371558762103622,28.233120800319234,31.45404815673828,33.06519468332509,5.634887502126457,8.96132904565251,0.0,0.029371558762103622,0.21717785231014797,0.254347651410193,,0.0,-0.02297322954243397,2.1828376745743014,5.307895082719451
CSGS2,q2_2020,4,robust_condition_cqr,irradiance_outage,ramp,557,0.7001795332136446,0.19982046678635546,35.56772886623279,33.99903869628906,97.45838344511802,14.90699181939798,20.30346865279851,0.19982046678635546,0.0,0.27359791435563685,0.749679872654754,0.09563873626373626,robust_local_cqr,557,0.7827648114901257,0.11723518850987436,41.46667609183549,40.31037139892578,85.87275071121431,14.90699181939798,20.30346865279851,0.11723518850987436,0.0,0.3189744314756576,0.6605596208554947,0.09563873626373626,0.0825852782764811,0.0825852782764811,-11.585632733903708,5.898947225602697
CSGS2,q2_2020,4,robust_condition_cqr,recent_power_outage,non_ramp,5267,0.923106132523258,0.023106132523257994,25.578758458695134,27.952903747558594,32.26589896863117,5.982260628725583,9.402201934996166,0.0,0.023106132523257994,0.19675968045150102,0.24819922283562437,,robust_local_cqr,5267,0.9305107271691665,0.030510727169166474,29.38272068586811,31.90926742553711,33.74403326083448,5.982260628725583,9.402201934996166,0.0,0.030510727169166474,0.22602092835283163,0.2595694866218037,,0.0,-0.00740459464590848,1.4781342922033076,3.8039622271729776
CSGS2,q2_2020,4,robust_condition_cqr,recent_power_outage,ramp,557,0.718132854578097,0.18186714542190308,36.775216440591606,36.29995346069336,91.06158382230215,14.255485968166022,19.20940159667732,0.18186714542190308,0.0,0.2828862803122431,0.7004737217100165,0.09563873626373626,robust_local_cqr,557,0.8114901256732495,0.0885098743267505,41.618185798773006,40.905649185180664,80.43367828452823,14.255485968166022,19.20940159667732,0.0885098743267505,0.0,0.3201398907597923,0.6187206021886786,0.09563873626373626,0.09335727109515257,0.09335727109515257,-10.627905537773927,4.842969358181399
CSGS2,q2_2020,4,robust_condition_cqr,weather_outage,non_ramp,5267,0.9200683501044238,0.02006835010442376,21.738428587626892,22.53922462463379,28.130317700496683,5.007645237917169,8.081574192303487,0.0,0.02006835010442376,0.16721868144328378,0.21638705923458987,,robust_local_cqr,5267,0.9299411429656351,0.029941142965635104,26.155063224219177,26.69965362548828,30.12096801121809,5.007645237917169,8.081574192303487,0.0,0.029941142965635104,0.2011927940324552,0.23169975393244685,,0.0,-0.009872792861211344,1.9906503107214064,4.416634636592285
CSGS2,q2_2020,4,robust_condition_cqr,weather_outage,ramp,557,0.6499102333931778,0.25008976660682225,33.01972638383588,31.388282775878906,102.80627899409625,15.381182665777805,20.94851352783826,0.25008976660682225,0.0,0.253997895260276,0.7908175307238173,0.09563873626373626,robust_local_cqr,557,0.7342908438061041,0.16570915619389592,38.38220475028191,36.741411209106445,91.9248550890592,15.381182665777805,20.94851352783826,0.16570915619389592,0.0,0.29524772884832234,0.70711426991584,0.09563873626373626,0.08438061041292633,0.08438061041292633,-10.881423905037039,5.362478366446027
CSGS2,q3_2020,1,robust_condition_cqr,clean,non_ramp,5637,0.9341848500975696,0.03418485009756955,12.076583756722744,12.41679573059082,14.526785046874972,2.142859680365645,3.6975161342988145,0.0,0.03418485009756955,0.09289679812863649,0.1117445003605767,,robust_local_cqr,5637,0.9185737094199042,0.018573709419904216,13.47449252466011,12.92147159576416,15.13192275384559,2.142859680365645,3.6975161342988145,0.0,0.018573709419904216,0.10364994249738546,0.11639940579881224,,0.0,0.015611140677665336,0.6051377069706181,1.3979087679373663
CSGS2,q3_2020,1,robust_condition_cqr,clean,ramp,251,0.38645418326693226,0.5135458167330678,25.210106598903458,25.259971618652344,98.66702306603055,14.979822360068203,16.48953154884951,0.5135458167330678,0.0,0.19392389691464199,0.7589771005079273,0.04262907608695652,robust_local_cqr,251,0.5537848605577689,0.34621513944223115,31.118706429622087,30.343338012695312,79.45913268085495,14.979822360068203,16.48953154884951,0.34621513944223115,0.0,0.23937466484324682,0.611224097545038,0.04262907608695652,0.16733067729083662,0.16733067729083662,-19.207890385175602,5.908599830718629
CSGS2,q3_2020,1,robust_condition_cqr,combined_outage,non_ramp,5637,0.9313464608834486,0.03134646088344861,22.129912378831285,23.671875,28.730399946864182,4.795588722748919,7.995344108082317,0.0,0.03134646088344861,0.17023009522177912,0.22100307651433987,,robust_local_cqr,5637,0.9182189107681391,0.018218910768139085,22.62813445572621,22.302833557128906,26.74679992301902,4.795588722748919,7.995344108082317,0.0,0.018218910768139085,0.17406257273635548,0.20574461479245398,,0.0,0.013127550115309528,-1.9836000238451632,0.49822207689492615
CSGS2,q3_2020,1,robust_condition_cqr,combined_outage,ramp,251,0.6812749003984063,0.2187250996015937,34.43742951358932,33.78528594970703,74.77253094897327,12.912919861386971,15.581594731351819,0.2187250996015937,0.0,0.2649033039506871,0.5751733149921021,0.04262907608695652,robust_local_cqr,251,0.7131474103585658,0.18685258964143425,40.1619169908572,38.687774658203125,71.9109482401277,12.912919861386971,15.581594731351819,0.18685258964143425,0.0,0.30893782300659384,0.5531611403086746,0.04262907608695652,0.031872509960159445,0.031872509960159445,-2.8615827088455745,5.724487477267878
CSGS2,q3_2020,1,robust_condition_cqr,irradiance_outage,non_ramp,5637,0.9350718467269824,0.03507184672698238,13.20846987317627,14.18895435333252,15.479076450636105,2.28991091985461,3.839695276306083,0.0,0.03507184672698238,0.10160361440904823,0.11906981885104696,,robust_local_cqr,5637,0.9377328366152209,0.037732836615220866,14.884080311388175,15.222358703613281,16.2266762173472,2.28991091985461,3.839695276306083,0.0,0.037732836615220866,0.11449292547221673,0.12482058628728616,,0.0,-0.0026609898882384853,0.7475997667110956,1.6756104382119048
CSGS2,q3_2020,1,robust_condition_cqr,irradiance_outage,ramp,251,0.44621513944223107,0.45378486055776895,25.835982260001135,25.427600860595703,90.81945880760709,14.8418673365952,16.351086664989758,0.45378486055776895,0.0,0.19873832507693182,0.6986112215969776,0.04262907608695652,robust_local_cqr,251,0.6055776892430279,0.2944223107569721,31.94794439034633,31.440227508544922,73.16443018514322,14.8418673365952,16.351086664989758,0.2944223107569721,0.0,0.24575341838727946,0.5628033091164862,0.04262907608695652,0.15936254980079684,0.15936254980079684,-17.655028622463874,6.111962130345194
CSGS2,q3_2020,1,robust_condition_cqr,recent_power_outage,non_ramp,5637,0.929217668972858,0.029217668972857935,20.250421667318705,21.595695972442627,24.989904928608972,4.109678926391447,6.745362002468339,0.0,0.029217668972857935,0.15577247436399003,0.1922300379123767,,robust_local_cqr,5637,0.9277984743657974,0.02779847436579741,22.002746510741126,23.23550033569336,24.863153987705985,4.109678926391447,6.745362002468339,0.0,0.02779847436579741,0.1692518962364702,0.19125503067466143,,0.0,0.0014191946070605255,-0.126750940902987,1.7523248434224215
CSGS2,q3_2020,1,robust_condition_cqr,recent_power_outage,ramp,251,0.6414342629482072,0.25856573705179287,33.283408170677276,33.35877513885498,71.84736812067221,12.626720126406605,15.200330599581648,0.25856573705179287,0.0,0.2560262166975175,0.5526720624667093,0.04262907608695652,robust_local_cqr,251,0.7450199203187251,0.15498007968127492,37.630293471404755,36.77554702758789,63.98255422058333,12.626720126406605,15.200330599581648,0.15498007968127492,0.0,0.2894637959338827,0.4921734940044872,0.04262907608695652,0.10358565737051795,0.10358565737051795,-7.864813900088883,4.346885300727479
CSGS2,q3_2020,1,robust_condition_cqr,weather_outage,non_ramp,5637,0.9363136420081604,0.03631364200816034,12.410858842738717,13.27723217010498,14.679267954865743,2.124519513487414,3.6664352417345665,0.0,0.03631364200816034,0.09546814494414398,0.11291744580665956,,robust_local_cqr,5637,0.9173319141387263,0.017331914138726257,14.024825763582077,14.044734954833984,15.43176974819595,2.124519513487414,3.6664352417345665,0.0,0.017331914138726257,0.10788327510447752,0.11870592113996885,,0.0,0.018981727869434084,0.7525017933302074,1.6139669208433602
CSGS2,q3_2020,1,robust_condition_cqr,weather_outage,ramp,251,0.41434262948207173,0.4856573705179283,25.30816426095497,24.848045349121094,97.09755124579151,14.950999875348877,16.48220399793944,0.4856573705179283,0.0,0.19467818662273054,0.7469042403522423,0.04262907608695652,robust_local_cqr,251,0.5537848605577689,0.34621513944223115,31.396434783935547,30.249731063842773,77.9047892977042,14.950999875348877,16.48220399793944,0.34621513944223115,0.0,0.2415110367995042,0.59926760998234,0.04262907608695652,0.13944223107569714,0.13944223107569714,-19.19276194808731,6.088270522980576
CSGS2,q3_2020,4,robust_condition_cqr,clean,non_ramp,5439,0.9411656554513698,0.04116565545136974,22.11317536421172,23.955780029296875,27.77553476597895,4.744809150468407,7.666553523374325,0.0,0.04116565545136974,0.17010134895547477,0.21365795973829962,,robust_local_cqr,5439,0.9369369369369369,0.03693693693693689,22.713425586060442,22.764602661132812,27.08081659381883,4.744809150468407,7.666553523374325,0.0,0.03693693693693689,0.17471865835431108,0.2083139737986064,,0.0,0.00422871851443285,-0.694718172160119,0.6002502218487216
CSGS2,q3_2020,4,robust_condition_cqr,clean,ramp,449,0.7461024498886414,0.15389755011135864,31.830982032333623,30.50889778137207,76.22868206171954,12.00821695929779,16.57290853207636,0.15389755011135864,0.0,0.24485370794102787,0.5863744773978427,0.07625679347826086,robust_local_cqr,449,0.7884187082405345,0.11158129175946552,35.154506760344475,34.44984531402588,69.0069047045336,12.00821695929779,16.57290853207636,0.11158129175946552,0.0,0.2704192827718806,0.5308223438810277,0.07625679347826086,0.04231625835189312,0.04231625835189312,-7.2217773571859425,3.3235247280108524
CSGS2,q3_2020,4,robust_condition_cqr,combined_outage,non_ramp,5439,0.9411656554513698,0.04116565545136974,29.1148651852412,32.353790283203125,35.65373971619124,6.612163325498748,10.093466344229732,0.0,0.04116565545136974,0.22396050142493232,0.27425953627839417,,robust_local_cqr,5439,0.9303180731752161,0.030318073175216065,27.695256841452043,30.035335540771484,33.27476265951842,6.612163325498748,10.093466344229732,0.0,0.030318073175216065,0.2130404372419388,0.2559597127655263,,0.0,0.010847582276153678,-2.3789770566728166,-1.4196083437891573
CSGS2,q3_2020,4,robust_condition_cqr,combined_outage,ramp,449,0.8530066815144766,0.04699331848552346,38.67855404189193,38.08730363845825,67.15080130366994,11.447026874546484,15.763558434780771,0.04699331848552346,0.0,0.29752733878378407,0.5165446254128456,0.07625679347826086,robust_local_cqr,449,0.8507795100222717,0.04922048997772832,38.60708000366566,38.41368103027344,64.53584630100393,11.447026874546484,15.763558434780771,0.04922048997772832,0.0,0.29697753848973585,0.49642958693079947,0.07625679347826086,-0.00222717149220486,-0.00222717149220486,-2.614955002666008,-0.07147403822627041
CSGS2,q3_2020,4,robust_condition_cqr,irradiance_outage,non_ramp,5439,0.9367530796102225,0.03675307961022245,24.326400266751577,27.222553253173828,30.447310356331695,5.398616778278509,8.446340902754628,0.0,0.03675307961022245,0.18712615589808906,0.23421007966408997,,robust_local_cqr,5439,0.9498069498069498,0.049806949806949774,25.891191248829752,26.924163818359375,29.661283476289146,5.398616778278509,8.446340902754628,0.0,0.049806949806949774,0.19916300960638272,0.22816371904837804,,0.0,-0.013053870196727324,-0.7860268800425487,1.5647909820781756
CSGS2,q3_2020,4,robust_condition_cqr,irradiance_outage,ramp,449,0.7906458797327395,0.10935412026726055,34.81318257085332,33.68149948120117,72.22664824489894,11.605232203192594,16.0979595804439,0.10935412026726055,0.0,0.26779371208348707,0.555589601883838,0.07625679347826086,robust_local_cqr,449,0.844097995545657,0.05590200445434301,38.349966311109625,38.07623100280762,64.8081286698248,11.605232203192594,16.0979595804439,0.05590200445434301,0.0,0.29499974085468944,0.49852406669096,0.07625679347826086,0.05345211581291753,0.05345211581291753,-7.418519575074143,3.536783740256304
CSGS2,q3_2020,4,robust_condition_cqr,recent_power_outage,non_ramp,5439,0.9378562235705092,0.03785622357050922,25.406652224283658,28.633623600006104,30.467973284694366,5.827196213830962,8.839468637524183,0.0,0.03785622357050922,0.1954357863406435,0.23436902526687975,,robust_local_cqr,5439,0.9409817981246553,0.0409817981246553,25.797343837097543,28.717323303222656,29.461749679664873,5.827196213830962,8.839468637524183,0.0,0.0409817981246553,0.19844110643921187,0.2266288436897298,,0.0,-0.003125574554146082,-1.0062236050294935,0.3906916128138853
CSGS2,q3_2020,4,robust_condition_cqr,recent_power_outage,ramp,449,0.779510022271715,0.12048997772828507,35.1275301265773,33.94944763183594,71.70200632191481,11.829684054665682,16.232968050129493,0.12048997772828507,0.0,0.27021177020444076,0.5515538947839601,0.07625679347826086,robust_local_cqr,449,0.8195991091314031,0.08040089086859692,36.995914047438745,38.068843841552734,65.2108693560938,11.829684054665682,16.232968050129493,0.08040089086859692,0.0,0.28458395421106725,0.5016220719699522,0.07625679347826086,0.04008908685968815,0.04008908685968815,-6.491136965821013,1.8683839208614472
CSGS2,q3_2020,4,robust_condition_cqr,weather_outage,non_ramp,5439,0.9385916528773671,0.0385916528773671,22.09713225168851,24.33757781982422,28.14702756307014,4.763755199570147,7.693733151550814,0.0,0.0385916528773671,0.16997794039760392,0.21651559663900108,,robust_local_cqr,5439,0.9387755102040817,0.038775510204081653,23.08874654264211,23.88727569580078,27.558154982013402,4.763755199570147,7.693733151550814,0.0,0.038775510204081653,0.17760574263570852,0.21198580755394925,,0.0,-0.0001838573267145538,-0.5888725810567372,0.9916142909535992
CSGS2,q3_2020,4,robust_condition_cqr,weather_outage,ramp,449,0.7616926503340757,0.13830734966592428,31.930248399686175,29.919830322265625,76.94573962827833,12.068414686981978,16.73601134351644,0.13830734966592428,0.0,0.24561729538220134,0.5918903048329103,0.07625679347826086,robust_local_cqr,449,0.8084632516703786,0.09153674832962144,35.846882583171066,34.94155025482178,69.14809559912884,12.068414686981978,16.73601134351644,0.09153674832962144,0.0,0.27574525063977745,0.5319084276856064,0.07625679347826086,0.04677060133630284,0.04677060133630284,-7.797644029149495,3.9166341834848915
CSGS2,q4_2020,1,robust_condition_cqr,clean,non_ramp,5628,0.9530916844349681,0.053091684434968034,9.759705543368142,6.038357257843018,11.123297336660578,1.6046400592975483,3.1382398041729784,0.0,0.053091684434968034,0.07507465802590878,0.08556382566661982,,robust_local_cqr,5628,0.9774342572850035,0.07743425728500353,11.641363029598798,7.852602243423462,12.22880318580786,1.6046400592975483,3.1382398041729784,0.0,0.07743425728500353,0.08954894638152922,0.09406771681390662,,0.0,-0.024342572850035493,1.1055058491472831,1.8816574862306563
CSGS2,q4_2020,1,robust_condition_cqr,clean,ramp,260,0.4269230769230769,0.4730769230769231,26.57294402820273,25.322696685791016,103.98865374382585,15.058678640769077,17.67662304572134,0.4730769230769231,0.0,0.2044072617554056,0.7999127211063527,0.044157608695652176,robust_local_cqr,260,0.6307692307692307,0.2692307692307693,33.746704279459436,31.57551670074463,82.51343631194187,15.058678640769077,17.67662304572134,0.2692307692307693,0.0,0.25959003291891874,0.6347187408610914,0.044157608695652176,0.20384615384615384,0.20384615384615384,-21.475217431883976,7.173760251256706
CSGS2,q4_2020,1,robust_condition_cqr,combined_outage,non_ramp,5628,0.9392324093816631,0.03923240938166306,17.31916077110754,15.358120918273926,22.640577747971182,3.8438340369784076,7.2318096149629065,0.0,0.03923240938166306,0.13322431362390416,0.1741582903690091,,robust_local_cqr,5628,0.9498933901918977,0.049893390191897646,20.112455077700567,16.66940426826477,23.03073954302441,3.8438340369784076,7.2318096149629065,0.0,0.049893390191897646,0.15471119290538898,0.17715953494634162,,0.0,-0.010660980810234588,0.3901617950532277,2.793294306593026
CSGS2,q4_2020,1,robust_condition_cqr,combined_outage,ramp,260,0.5807692307692308,0.3192307692307692,33.408371940255165,33.40333938598633,96.53299358831002,15.699427839425894,18.895695943905984,0.3192307692307692,0.0,0.2569874764635013,0.7425614891408463,0.044157608695652176,robust_local_cqr,260,0.6807692307692308,0.21923076923076923,40.421516548670255,40.27736473083496,86.1450175340359,15.699427839425894,18.895695943905984,0.21923076923076923,0.0,0.3109347426820789,0.6626539810310454,0.044157608695652176,0.09999999999999998,0.09999999999999998,-10.38797605427412,7.0131446084150895
CSGS2,q4_2020,1,robust_condition_cqr,irradiance_outage,non_ramp,5628,0.9383439943141436,0.03834399431414359,10.999456066746456,6.398836970329285,12.219781935754792,1.6937812040583116,3.242450521144374,0.0,0.03834399431414359,0.08461120051343428,0.09399832258272917,,robust_local_cqr,5628,0.9792110874200426,0.07921108742004257,12.817433426829378,8.357685804367065,13.351886024579697,1.6937812040583116,3.242450521144374,0.0,0.07921108742004257,0.09859564174484137,0.10270681557368998,,0.0,-0.04086709310589898,1.1321040888249048,1.8179773600829225
CSGS2,q4_2020,1,robust_condition_cqr,irradiance_outage,ramp,260,0.46923076923076923,0.4307692307692308,28.105598583874794,27.85028076171875,101.05968503430486,15.447524426533626,18.07838089812999,0.4307692307692308,0.0,0.21619691218365225,0.7773821925715758,0.044157608695652176,robust_local_cqr,260,0.65,0.25,34.429114176676826,33.78531265258789,82.95998714520381,15.447524426533626,18.07838089812999,0.25,0.0,0.264839339820591,0.6381537472707985,0.044157608695652176,0.1807692307692308,0.1807692307692308,-18.09969788910105,6.323515592802032
CSGS2,q4_2020,1,robust_condition_cqr,recent_power_outage,non_ramp,5628,0.923951670220327,0.02395167022032696,15.80802069287436,11.836236000061035,20.874340322586512,3.6625079703864767,6.763366503354914,0.0,0.02395167022032696,0.12160015917595661,0.16057184863528087,,robust_local_cqr,5628,0.9449182658137882,0.044918265813788216,18.232155854803946,14.237501859664917,21.130761055527447,3.6625079703864767,6.763366503354914,0.0,0.044918265813788216,0.14024735272926112,0.1625443158117496,,0.0,-0.020966595593461257,0.2564207329409349,2.424135161929586
CSGS2,q4_2020,1,robust_condition_cqr,recent_power_outage,ramp,260,0.5923076923076923,0.3076923076923077,32.57782593048536,32.447998046875,90.81843755703706,14.99600092447721,18.148507485450036,0.3076923076923077,0.0,0.25059866100373357,0.698603365823362,0.044157608695652176,robust_local_cqr,260,0.6961538461538461,0.2038461538461539,38.711392367803136,38.65166091918945,77.74058705293216,14.99600092447721,18.148507485450036,0.2038461538461539,0.0,0.2977799412907933,0.5980045157917858,0.044157608695652176,0.10384615384615381,0.10384615384615381,-13.077850504104902,6.133566437317775
CSGS2,q4_2020,1,robust_condition_cqr,weather_outage,non_ramp,5628,0.94136460554371,0.04136460554371002,9.885358357250322,5.657667398452759,11.41818550723428,1.6507748091790637,3.237331127266262,0.0,0.04136460554371002,0.07604121813269478,0.08783219620949446,,robust_local_cqr,5628,0.974591329068941,0.07459132906894095,11.802100772162191,8.06093692779541,12.458504411908523,1.6507748091790637,3.237331127266262,0.0,0.07459132906894095,0.09078539055509378,0.09583464932237325,,0.0,-0.03322672352523093,1.0403189046742423,1.9167424149118695
CSGS2,q4_2020,1,robust_condition_cqr,weather_outage,ramp,260,0.4307692307692308,0.46923076923076923,26.556596875319688,25.642784118652344,107.16509434822947,15.282338349635785,17.826517904928433,0.46923076923076923,0.0,0.20428151442553605,0.8243468796017652,0.044157608695652176,robust_local_cqr,260,0.6346153846153846,0.26538461538461544,33.72554629032428,31.553159713745117,85.2390355366927,15.282338349635785,17.826517904928433,0.26538461538461544,0.0,0.2594272791563406,0.6556848887437899,0.044157608695652176,0.2038461538461538,0.2038461538461538,-21.926058811536777,7.168949415004594
CSGS2,q4_2020,4,robust_condition_cqr,clean,non_ramp,5118,0.9343493552168816,0.03434935521688154,16.526588911997486,11.372211396694183,21.63538618909829,3.838619585033621,7.2863157718738005,0.0,0.03434935521688154,0.12712760701536527,0.1664260476084484,,robust_local_cqr,5118,0.9445095740523642,0.04450957405236422,18.558433179525586,12.211076825857162,21.088758710798004,3.838619585033621,7.2863157718738005,0.0,0.04450957405236422,0.14275717830404297,0.16222122085229235,,0.0,-0.010160218835482682,-0.5466274783002874,2.0318442675281005
CSGS2,q4_2020,4,robust_condition_cqr,clean,ramp,770,0.7233766233766233,0.17662337662337668,28.603671202644126,27.057713508605957,75.290237112711,10.652082442772853,15.66352869738146,0.17662337662337668,0.0,0.22002824002033944,0.5791556700977769,0.13077445652173914,robust_local_cqr,770,0.8363636363636363,0.06363636363636371,38.36658485524066,35.92291069030762,67.56242383300484,10.652082442772853,15.66352869738146,0.06363636363636371,0.0,0.2951275758095435,0.5197109525615757,0.13077445652173914,0.11298701298701297,0.11298701298701297,-7.7278132797061545,9.762913652596534
CSGS2,q4_2020,4,robust_condition_cqr,combined_outage,non_ramp,5118,0.9382571316920673,0.03825713169206724,21.309518385713467,18.683315455913544,27.86693141542611,5.171041952065422,9.032654487716803,0.0,0.03825713169206724,0.1639193721977959,0.21436101088789314,,robust_local_cqr,5118,0.9261430246189918,0.02614302461899176,22.105651519263667,16.901024639606476,27.045356258161654,5.171041952065422,9.032654487716803,0.0,0.02614302461899176,0.17004347322510513,0.20804120198585888,,0.0,0.012114107073075475,-0.821575157264455,0.7961331335501995
CSGS2,q4_2020,4,robust_condition_cqr,combined_outage,ramp,770,0.7142857142857143,0.18571428571428572,35.4243249561299,33.52949333190918,77.24034152489591,12.937416137348523,16.886284776482245,0.18571428571428572,0.0,0.2724948073548454,0.5941564732684301,0.13077445652173914,robust_local_cqr,770,0.8038961038961039,0.09610389610389614,41.276401219589566,38.63499069213867,72.00676487963405,12.937416137348523,16.886284776482245,0.09610389610389614,0.0,0.31751077861222743,0.5538981913818004,0.13077445652173914,0.08961038961038958,0.08961038961038958,-5.233576645261863,5.852076263459665
CSGS2,q4_2020,4,robust_condition_cqr,irradiance_outage,non_ramp,5118,0.9398202422821414,0.03982024228214143,17.86077049862624,12.69775402545929,22.401762233902936,4.003151098150511,7.451440651865342,0.0,0.03982024228214143,0.13739054229712494,0.1723212479530995,,robust_local_cqr,5118,0.9538882375928097,0.053888237592809696,20.33379219596694,13.918061912059784,22.25827283175184,4.003151098150511,7.451440651865342,0.0,0.053888237592809696,0.1564137861228226,0.17121748332116798,,0.0,-0.014067995310668269,-0.14348940215109707,2.473021697340698
CSGS2,q4_2020,4,robust_condition_cqr,irradiance_outage,ramp,770,0.7415584415584415,0.1584415584415585,32.68128602259925,32.621460914611816,75.44114052509138,11.482481002807617,16.002196011309437,0.1584415584415585,0.0,0.2513945078661481,0.5803164655776261,0.13077445652173914,robust_local_cqr,770,0.8493506493506493,0.05064935064935072,42.27047218752469,40.649696350097656,68.47642082210582,11.482481002807617,16.002196011309437,0.05064935064935072,0.0,0.3251574783655745,0.5267416986315833,0.13077445652173914,0.10779220779220777,0.10779220779220777,-6.964719702985562,9.589186164925437
CSGS2,q4_2020,4,robust_condition_cqr,recent_power_outage,non_ramp,5118,0.9196951934349356,0.019695193434935532,19.047597277221854,12.820572972297668,25.332960955089124,4.9194675064578375,8.792027093591464,0.0,0.019695193434935532,0.14651997905555272,0.1948689304237625,,robust_local_cqr,5118,0.9337631887456037,0.03376318874560369,21.136314476183603,13.090791463851929,24.77421097736073,4.9194675064578375,8.792027093591464,0.0,0.03376318874560369,0.16258703443218156,0.19057085367200563,,0.0,-0.014067995310668158,-0.5587499777283931,2.0887171989617492
CSGS2,q4_2020,4,robust_condition_cqr,recent_power_outage,ramp,770,0.7311688311688311,0.1688311688311689,31.719087228062865,31.197967529296875,71.96289868679914,10.897848646362107,15.213204856745378,0.1688311688311689,0.0,0.24399297867740666,0.5535607591292241,0.13077445652173914,robust_local_cqr,770,0.8285714285714286,0.0714285714285714,39.195057558817425,37.964590549468994,65.32148250925609,10.897848646362107,15.213204856745378,0.0714285714285714,0.0,0.30150044276013405,0.502472942378893,0.13077445652173914,0.09740259740259749,0.09740259740259749,-6.64141617754305,7.47597033075456
CSGS2,q4_2020,4,robust_condition_cqr,weather_outage,non_ramp,5118,0.9337631887456037,0.03376318874560369,16.750146091294877,13.467746168375015,22.158708930605602,3.871712160886685,7.3324542354057405,0.0,0.03376318874560369,0.1288472776253452,0.17045160715850463,,robust_local_cqr,5118,0.9474404064087534,0.047440406408753355,19.04496414383026,15.630106449127197,21.674472749146663,3.871712160886685,7.3324542354057405,0.0,0.047440406408753355,0.1464997241833097,0.16672671345497433,,0.0,-0.013677217663149666,-0.48423618145893954,2.2948180525353834
CSGS2,q4_2020,4,robust_condition_cqr,weather_outage,ramp,770,0.6506493506493507,0.24935064935064932,28.324553182895308,26.930437088012695,85.45793972361784,11.753423369085635,16.581842920669875,0.24935064935064932,0.0,0.2178811783299639,0.6573687671047527,0.13077445652173914,robust_local_cqr,770,0.787012987012987,0.11298701298701297,38.17079439712325,35.457690954208374,72.4535868941141,11.753423369085635,16.581842920669875,0.11298701298701297,0.0,0.29362149536248655,0.5573352838008777,0.13077445652173914,0.13636363636363635,0.13636363636363635,-13.004352829503745,9.846241214227945
CSGS5,q1_2020,1,robust_condition_cqr,clean,non_ramp,3372,0.9134045077105575,0.013404507710557456,20.31984743034107,20.116197377443314,22.688079229283886,2.8732622517700586,4.490665028864749,0.0,0.013404507710557456,0.18472588573037338,0.2062552657207626,,robust_local_cqr,3372,0.9513641755634639,0.05136417556346384,22.36435489355906,20.801388576626778,23.661477411628965,2.8732622517700586,4.490665028864749,0.0,0.05136417556346384,0.20331231721417328,0.21510434010571786,,0.0,-0.03795966785290639,0.973398182345079,2.0445074632179896
CSGS5,q1_2020,1,robust_condition_cqr,clean,ramp,334,0.5658682634730539,0.33413173652694617,31.987502616322683,33.08767127990723,97.71836095084687,15.703846917180957,18.244559954603123,0.33413173652694617,0.0,0.2907954783302062,0.8883487359167898,0.0901241230437129,robust_local_cqr,334,0.6706586826347305,0.22934131736526953,38.36840154881963,38.97485637664795,82.04517497987804,15.703846917180957,18.244559954603123,0.22934131736526953,0.0,0.3488036504438148,0.7458652270898004,0.0901241230437129,0.10479041916167664,0.10479041916167664,-15.67318597096883,6.380898932496944
CSGS5,q1_2020,1,robust_condition_cqr,combined_outage,non_ramp,3372,0.6989916963226572,0.2010083036773428,28.470571818099494,30.054855346679688,80.86790945978139,11.997375023214882,17.06209789646661,0.2010083036773428,0.0,0.2588233801645409,0.7351628132707398,,robust_local_cqr,3372,0.7532621589561092,0.14673784104389087,31.480291880396766,31.58595848083496,76.88662736454265,11.997375023214882,17.06209789646661,0.14673784104389087,0.0,0.28618447163997063,0.6989693396776604,,0.05427046263345192,0.05427046263345192,-3.9812820952387398,3.009720062297273
CSGS5,q1_2020,1,robust_condition_cqr,combined_outage,ramp,334,0.6766467065868264,0.22335329341317367,35.71563544056328,35.58052062988281,98.8777595546855,15.329333582324182,19.011482750476496,0.22335329341317367,0.0,0.3246875949142117,0.8988887232244136,0.0901241230437129,robust_local_cqr,334,0.7365269461077845,0.16347305389221556,41.049945311520446,39.89435577392578,88.3152517443244,15.329333582324182,19.011482750476496,0.16347305389221556,0.0,0.37318132101382223,0.8028659249484036,0.0901241230437129,0.05988023952095811,0.05988023952095811,-10.562507810361097,5.3343098709571635
CSGS5,q1_2020,1,robust_condition_cqr,irradiance_outage,non_ramp,3372,0.9261565836298933,0.02615658362989326,25.551026085685354,25.242243766784668,27.61686660799051,3.6373305786885752,5.527720656631248,0.0,0.02615658362989326,0.23228205532441232,0.2510624237090046,,robust_local_cqr,3372,0.9593712930011863,0.059371293001186265,27.412298980712468,25.958773612976074,28.35349681424789,3.6373305786885752,5.527720656631248,0.0,0.059371293001186265,0.24920271800647698,0.2577590619477081,,0.0,-0.033214709371293005,0.7366302062573808,1.8612728950271133
CSGS5,q1_2020,1,robust_condition_cqr,irradiance_outage,ramp,334,0.625748502994012,0.27425149700598805,34.46384811401367,34.664140701293945,88.02233983228307,15.168156381138784,17.659650822257085,0.27425149700598805,0.0,0.313307710127397,0.8002030893843916,0.0901241230437129,robust_local_cqr,334,0.7005988023952096,0.19940119760479047,38.64159561952431,38.62403869628906,79.30353956343885,15.168156381138784,17.659650822257085,0.19940119760479047,0.0,0.35128723290476643,0.7209412687585349,0.0901241230437129,0.07485029940119758,0.07485029940119758,-8.71880026884422,4.177747505510638
CSGS5,q1_2020,1,robust_condition_cqr,recent_power_outage,non_ramp,3372,0.8837485172004745,0.016251482799525485,28.426470468834808,29.96017837524414,33.75220961236599,5.530924052482279,8.27904546000349,0.016251482799525485,0.0,0.2584224588075892,0.3068382692033272,,robust_local_cqr,3372,0.9344602609727165,0.03446026097271648,30.25347590689676,30.51691722869873,33.916053516573065,5.530924052482279,8.27904546000349,0.0,0.03446026097271648,0.2750315991536069,0.3083277592415733,,0.016251482799525485,-0.018208778173190998,0.16384390420707717,1.8270054380619527
CSGS5,q1_2020,1,robust_condition_cqr,recent_power_outage,ramp,334,0.6646706586826348,0.23532934131736527,36.63914644789553,36.846986293792725,87.363270014346,14.723018700491169,17.927673752970584,0.23532934131736527,0.0,0.33308314952632295,0.7942115455849637,0.0901241230437129,robust_local_cqr,334,0.7125748502994012,0.18742514970059887,39.66998941402235,39.67915630340576,81.25428895268611,14.723018700491169,17.927673752970584,0.18742514970059887,0.0,0.3606362674002032,0.7386753541153283,0.0901241230437129,0.0479041916167664,0.0479041916167664,-6.10898106165989,3.0308429661268264
CSGS5,q1_2020,1,robust_condition_cqr,weather_outage,non_ramp,3372,0.9151838671411625,0.015183867141162488,20.88485892678365,20.623541235923767,23.164309923194665,2.959088611981471,4.613814842162145,0.0,0.015183867141162488,0.18986235387985137,0.21058463566540606,,robust_local_cqr,3372,0.9504744958481613,0.05047449584816133,23.053794489868405,21.55344533920288,24.282468713360533,2.959088611981471,4.613814842162145,0.0,0.05047449584816133,0.20957994990789458,0.22074971557600484,,0.0,-0.03529062870699884,1.118158790165868,2.168935563084755
CSGS5,q1_2020,1,robust_condition_cqr,weather_outage,ramp,334,0.5598802395209581,0.3401197604790419,31.914971356977247,32.750684320926666,95.55129566271148,15.687903688339416,18.153446883517265,0.3401197604790419,0.0,0.2901361032452477,0.8686481423882862,0.0901241230437129,robust_local_cqr,334,0.6796407185628742,0.2203592814371258,38.40181815017483,38.99665546417236,78.55743318582009,15.687903688339416,18.153446883517265,0.2203592814371258,0.0,0.3491074377288621,0.7141584835074554,0.0901241230437129,0.11976047904191611,0.11976047904191611,-16.993862476891394,6.486846793197586
CSGS5,q1_2020,4,robust_condition_cqr,clean,non_ramp,2896,0.8939917127071824,0.00600828729281766,34.225202051190685,38.178653717041016,40.062104126542636,6.361862781305812,9.314891274472295,0.00600828729281766,0.0,0.3111382004653699,0.3642009466049331,,robust_local_cqr,2896,0.9330110497237569,0.0330110497237569,37.030295377846,39.0814266204834,40.411755021088325,6.361862781305812,9.314891274472295,0.0,0.0330110497237569,0.33663904888950913,0.367379591100803,,0.00600828729281766,-0.027002762430939242,0.34965089454568954,2.8050933266553173
CSGS5,q1_2020,4,robust_condition_cqr,clean,ramp,543,0.7605893186003683,0.13941068139963175,39.962415450295474,46.407981872558594,83.79250710939175,13.870539405727913,18.934199808938818,0.13941068139963175,0.0,0.36329468591177705,0.7617500646308341,0.15789473684210525,robust_local_cqr,543,0.8250460405156538,0.07495395948434624,44.785044588242926,49.41751289367676,76.91510598723559,13.870539405727913,18.934199808938818,0.07495395948434624,0.0,0.4071367689840266,0.6992282362475963,0.15789473684210525,0.06445672191528551,0.06445672191528551,-6.877401122156158,4.822629137947452
CSGS5,q1_2020,4,robust_condition_cqr,combined_outage,non_ramp,2896,0.7147790055248618,0.18522099447513818,36.78471246018147,41.57265281677246,92.13551092727332,15.30349096858061,21.27250075057118,0.18522099447513818,0.0,0.3344064769107406,0.8375955538843028,,robust_local_cqr,2896,0.7479281767955801,0.15207182320441992,39.80613792245926,42.78451922535896,82.65793413279111,15.30349096858061,21.27250075057118,0.15207182320441992,0.0,0.36187398111326596,0.7514357648435556,,0.03314917127071826,0.03314917127071826,-9.477576794482204,3.02142546227779
CSGS5,q1_2020,4,robust_condition_cqr,combined_outage,ramp,543,0.7642725598526704,0.13572744014732963,40.679297091185525,43.33857345581055,89.96333894552406,14.103219763789168,19.155889617202156,0.13572744014732963,0.0,0.36981179173805023,0.8178485358684006,0.15789473684210525,robust_local_cqr,543,0.8305709023941068,0.06942909760589322,44.67680254947689,46.775339126586914,81.85055427164059,14.103219763789168,19.155889617202156,0.06942909760589322,0.0,0.4061527504497899,0.7440959479240054,0.15789473684210525,0.0662983425414364,0.0662983425414364,-8.112784673883468,3.9975054582913643
CSGS5,q1_2020,4,robust_condition_cqr,irradiance_outage,non_ramp,2896,0.8895027624309392,0.010497237569060847,37.11660736290357,41.80256462097168,42.76863465022337,9.555164141094863,13.464789669846258,0.010497237569060847,0.0,0.33742370329912336,0.3888057695474852,,robust_local_cqr,2896,0.9471685082872928,0.0471685082872928,40.65888360161291,42.60843276977539,43.71070471708593,9.555164141094863,13.464789669846258,0.0,0.0471685082872928,0.36962621456011735,0.39737004288259936,,0.010497237569060847,-0.03667127071823195,0.9420700668625628,3.5422762387093343
CSGS5,q1_2020,4,robust_condition_cqr,irradiance_outage,ramp,543,0.7734806629834254,0.12651933701657458,42.70985460056345,48.49028778076172,84.30183107983561,13.465959648181501,18.525581485250825,0.12651933701657458,0.0,0.38827140545966776,0.7663802825439601,0.15789473684210525,robust_local_cqr,543,0.8379373848987108,0.06206261510128919,47.84243123513916,51.83000659942627,78.15175287398762,13.465959648181501,18.525581485250825,0.06206261510128919,0.0,0.4349311930467196,0.7104704806726148,0.15789473684210525,0.0644567219152854,0.0644567219152854,-6.15007820584799,5.132576634575706
CSGS5,q1_2020,4,robust_condition_cqr,recent_power_outage,non_ramp,2896,0.8435773480662984,0.05642265193370166,37.10255427264113,41.74271774291992,47.20615364110708,11.070066760664611,14.884629577451923,0.05642265193370166,0.0,0.3372959479331012,0.4291468512827916,,robust_local_cqr,2896,0.9195441988950276,0.019544198895027565,41.26027820986858,44.18523597717285,46.45847348732969,11.070066760664611,14.884629577451923,0.0,0.019544198895027565,0.3750934382715326,0.42234975897572447,,0.05642265193370166,0.0368784530386741,-0.7476801537773881,4.157723937227452
CSGS5,q1_2020,4,robust_condition_cqr,recent_power_outage,ramp,543,0.7679558011049724,0.1320441988950276,39.402421465467725,42.029273986816406,84.68977867636116,13.041309172496831,18.211584169497844,0.1320441988950276,0.0,0.35820383150425206,0.7699070788760105,0.15789473684210525,robust_local_cqr,543,0.8213627992633518,0.07863720073664826,44.066093701069995,45.31107711791992,76.9108046043431,13.041309172496831,18.211584169497844,0.07863720073664826,0.0,0.40060085182790905,0.6991891327667554,0.15789473684210525,0.05340699815837935,0.05340699815837935,-7.778974072018059,4.66367223560227
CSGS5,q1_2020,4,robust_condition_cqr,weather_outage,non_ramp,2896,0.9140193370165746,0.01401933701657454,35.28142143887065,38.765042304992676,40.162214549083444,6.5283685403206135,9.334310617767882,0.0,0.01401933701657454,0.3207401948988241,0.36511104135530403,,robust_local_cqr,2896,0.9350828729281768,0.0350828729281768,37.447144150002295,39.169944763183594,40.64407918112411,6.5283685403206135,9.334310617767882,0.0,0.0350828729281768,0.34042858318183905,0.3694916289193101,,0.0,-0.02106353591160226,0.48186463204066854,2.165722711131643
CSGS5,q1_2020,4,robust_condition_cqr,weather_outage,ramp,543,0.7440147329650092,0.15598526703499083,40.47208491137893,47.11158561706543,84.27175493497217,14.290225537003295,19.184098702706656,0.15598526703499083,0.0,0.36792804464889933,0.7661068630452015,0.15789473684210525,robust_local_cqr,543,0.8103130755064457,0.08968692449355431,44.58555341322613,50.447147369384766,77.6220872378728,14.290225537003295,19.184098702706656,0.08968692449355431,0.0,0.4053232128475103,0.7056553385261164,0.15789473684210525,0.06629834254143652,0.06629834254143652,-6.6496676970993605,4.113468501847201
CSGS5,q2_2020,1,robust_condition_cqr,clean,non_ramp,4040,0.9363861386138614,0.03638613861386142,20.338607603014506,19.577603816986084,22.502662658003402,3.152108105119908,4.8604415560310565,0.0,0.03638613861386142,0.18489643275467732,0.20456966052730366,,robust_local_cqr,4040,0.9452970297029702,0.045297029702970226,22.427125216750998,19.757277488708496,23.94425641480683,3.152108105119908,4.8604415560310565,0.0,0.045297029702970226,0.20388295651591817,0.21767505831642572,,0.0,-0.008910891089108808,1.441593756803428,2.0885176137364923
CSGS5,q2_2020,1,robust_condition_cqr,clean,ramp,658,0.5501519756838906,0.3498480243161094,31.8635416657729,32.233641624450684,92.81610258915504,15.641537215571997,17.930889334759907,0.3498480243161094,0.0,0.28966856059793544,0.8437827508105004,0.14005959982971478,robust_local_cqr,658,0.7021276595744681,0.19787234042553192,40.535634568442326,41.28710126876831,76.62274089342374,15.641537215571997,17.930889334759907,0.19787234042553192,0.0,0.36850576880402114,0.6965703717583976,0.14005959982971478,0.15197568389057747,0.15197568389057747,-16.193361695731298,8.672092902669426
CSGS5,q2_2020,1,robust_condition_cqr,combined_outage,non_ramp,4040,0.9584158415841584,0.05841584158415836,42.23530810569496,44.322800636291504,47.43188319318089,8.050107137442193,11.565647559331612,0.0,0.05841584158415836,0.38395734641540874,0.43119893811982624,,robust_local_cqr,4040,0.8962871287128713,0.003712871287128716,37.04766700586127,38.382490158081055,44.999034808899104,8.050107137442193,11.565647559331612,0.003712871287128716,0.0,0.33679697278055704,0.4090821346263555,,-0.003712871287128716,0.05470297029702964,-2.432848384281783,-5.187641099833691
CSGS5,q2_2020,1,robust_condition_cqr,combined_outage,ramp,658,0.8693009118541033,0.030699088145896725,49.44526864031165,49.42851972579956,65.10314434485957,14.123929949879283,17.002646798846833,0.030699088145896725,0.0,0.4495024421846514,0.5918467667714506,0.14005959982971478,robust_local_cqr,658,0.8328267477203647,0.06717325227963533,48.379946366813044,48.96468734741211,69.78445979545182,14.123929949879283,17.002646798846833,0.06717325227963533,0.0,0.43981769424375494,0.634404179958653,0.14005959982971478,-0.03647416413373861,-0.03647416413373861,4.681315450592251,-1.0653222734986088
CSGS5,q2_2020,1,robust_condition_cqr,irradiance_outage,non_ramp,4040,0.942079207920792,0.042079207920792006,24.926807057629947,25.351194381713867,26.866296903185262,3.6380186254824256,5.4713952079738535,0.0,0.042079207920792006,0.22660733688754497,0.24423906275622964,,robust_local_cqr,4040,0.9559405940594059,0.05594059405940588,26.872619657207565,26.401939868927002,27.946868356563655,3.6380186254824256,5.4713952079738535,0.0,0.05594059405940588,0.2442965423382506,0.25406243960512415,,0.0,-0.013861386138613874,1.0805714533783934,1.9458125995776179
CSGS5,q2_2020,1,robust_condition_cqr,irradiance_outage,ramp,658,0.5957446808510638,0.3042553191489362,33.34677306062182,34.08107805252075,89.92547190008193,15.186865908034305,17.71899271284183,0.3042553191489362,0.0,0.30315248236928927,0.8175042900007449,0.14005959982971478,robust_local_cqr,658,0.7279635258358662,0.1720364741641338,41.00125834789682,41.56330490112305,76.10440625463214,15.186865908034305,17.71899271284183,0.1720364741641338,0.0,0.3727387122536075,0.691858238678474,0.14005959982971478,0.1322188449848024,0.1322188449848024,-13.821065645449792,7.654485287275001
CSGS5,q2_2020,1,robust_condition_cqr,recent_power_outage,non_ramp,4040,0.9336633663366337,0.03366336633663369,26.26386322713374,27.95824921131134,28.82431759677855,4.309736810745366,6.407305816444368,0.0,0.03366336633663369,0.23876239297394308,0.262039250879805,,robust_local_cqr,4040,0.939108910891089,0.03910891089108903,27.29831426771882,27.639864921569824,29.158964525924446,4.309736810745366,6.407305816444368,0.0,0.03910891089108903,0.24816649334289836,0.2650814956902222,,0.0,-0.005445544554455339,0.33464692914589733,1.034451040585079
CSGS5,q2_2020,1,robust_condition_cqr,recent_power_outage,ramp,658,0.6231003039513677,0.2768996960486323,35.85601285437411,35.834473609924316,83.5526129306495,14.707736142500556,17.228982532495838,0.2768996960486323,0.0,0.3259637532215828,0.7595692084604501,0.14005959982971478,robust_local_cqr,658,0.7188449848024316,0.18115501519756838,41.217603125380165,39.620025634765625,74.56225898843768,14.707736142500556,17.228982532495838,0.18115501519756838,0.0,0.3747054829580015,0.6778387180767061,0.14005959982971478,0.09574468085106391,0.09574468085106391,-8.990353942211826,5.361590271006058
CSGS5,q2_2020,1,robust_condition_cqr,weather_outage,non_ramp,4040,0.9324257425742575,0.032425742574257455,20.81015942119348,20.81283950805664,23.00653937723589,3.206214184320352,4.868686536526207,0.0,0.032425742574257455,0.18918326746539527,0.20915035797487172,,robust_local_cqr,4040,0.9445544554455445,0.04455445544554448,23.101578619589223,21.09403419494629,24.602707313481947,3.206214184320352,4.868686536526207,0.0,0.04455445544554448,0.21001435108717476,0.2236609755771086,,0.0,-0.012128712871287028,1.596167936246058,2.2914191983957437
CSGS5,q2_2020,1,robust_condition_cqr,weather_outage,ramp,658,0.5303951367781155,0.36960486322188457,31.664757823146946,31.897953987121582,95.47882319982291,15.961830221048604,18.17918095249462,0.36960486322188457,0.0,0.28786143475588133,0.867989301816572,0.14005959982971478,robust_local_cqr,658,0.7112462006079028,0.18875379939209724,40.583620136858485,41.501261711120605,76.86075543220464,15.961830221048604,18.17918095249462,0.18875379939209724,0.0,0.36894200124416804,0.6987341402927695,0.14005959982971478,0.18085106382978733,0.18085106382978733,-18.61806776761827,8.91886231371154
CSGS5,q2_2020,4,robust_condition_cqr,clean,non_ramp,3767,0.9251393681975046,0.02513936819750462,32.95425108258223,36.10244369506836,38.08444629297807,6.976447922974936,9.794066066552567,0.0,0.02513936819750462,0.29958410075074754,0.3462222390270734,,robust_local_cqr,3767,0.9365542872312185,0.03655428723121845,35.05424261179041,37.944644927978516,39.22412798333632,6.976447922974936,9.794066066552567,0.0,0.03655428723121845,0.31867493283445825,0.3565829816666938,,0.0,-0.011414919033713833,1.1396816903582447,2.0999915292081752
CSGS5,q2_2020,4,robust_condition_cqr,clean,ramp,659,0.6934749620637329,0.2065250379362671,39.54637914854745,41.36334991455078,98.53694636565216,15.828005638849753,20.950505885847083,0.2065250379362671,0.0,0.3595125377140677,0.8957904215059287,0.14889290555806597,robust_local_cqr,659,0.7420333839150227,0.1579666160849773,43.03249330745024,42.3685302734375,89.64541602673854,15.828005638849753,20.950505885847083,0.1579666160849773,0.0,0.39120448461318397,0.814958327515805,0.14889290555806597,0.04855842185128978,0.04855842185128978,-8.891530338913611,3.4861141589027866
CSGS5,q2_2020,4,robust_condition_cqr,combined_outage,non_ramp,3767,0.964958853198832,0.06495885319883199,61.78521304358047,66.90366744995117,66.5429999609568,12.924812304707482,17.632981564457502,0.0,0.06495885319883199,0.5616837549416406,0.6049363632814255,,robust_local_cqr,3767,0.9219538093973985,0.02195380939739844,49.21287541181572,45.91381645202637,56.08027079878184,12.924812304707482,17.632981564457502,0.0,0.02195380939739844,0.44738977647105205,0.5098206436252894,,0.0,0.04300504380143355,-10.462729162174966,-12.572337631764746
CSGS5,q2_2020,4,robust_condition_cqr,combined_outage,ramp,659,0.9544764795144158,0.05447647951441581,68.29061278125359,70.18956470489502,76.5298688542748,15.133193131914993,19.3099298486354,0.0,0.05447647951441581,0.6208237525568507,0.6957260804934072,0.14889290555806597,robust_local_cqr,659,0.834597875569044,0.06540212443095605,56.48990100633625,58.022342681884766,83.27074585538584,15.133193131914993,19.3099298486354,0.06540212443095605,0.0,0.5135445546030568,0.7570067805035077,0.14889290555806597,-0.06540212443095605,-0.010925644916540245,6.740877001111045,-11.800711774917339
CSGS5,q2_2020,4,robust_condition_cqr,irradiance_outage,non_ramp,3767,0.9232811255641094,0.02328112556410933,36.703668496134625,38.71934509277344,42.07992308241948,8.823791581236186,12.046441732733232,0.0,0.02328112556410933,0.3336697136012239,0.38254475529472254,,robust_local_cqr,3767,0.9216883461640563,0.021688346164056238,37.86477859886389,39.39312744140625,43.176267439767926,8.823791581236186,12.046441732733232,0.0,0.021688346164056238,0.34422525998967174,0.3925115221797084,,0.0,0.0015927794000530904,1.0963443573484497,1.1611101027292676
CSGS5,q2_2020,4,robust_condition_cqr,irradiance_outage,ramp,659,0.7389984825493171,0.16100151745068292,41.90213514929454,43.3802547454834,90.50088620149108,14.825236548512766,19.815654726752502,0.16100151745068292,0.0,0.38092850135722306,0.8227353291044645,0.14889290555806597,robust_local_cqr,659,0.7723823975720789,0.12761760242792108,44.84599436943918,43.17705154418945,84.74022170702315,14.825236548512766,19.815654726752502,0.12761760242792108,0.0,0.40769085790399257,0.7703656518820287,0.14889290555806597,0.033383915022761834,0.033383915022761834,-5.760664494467932,2.9438592201446454
CSGS5,q2_2020,4,robust_condition_cqr,recent_power_outage,non_ramp,3767,0.9147863020971595,0.014786302097159476,37.6628475703049,39.184391021728516,43.48887733469879,9.348869572971315,12.858636365010593,0.0,0.014786302097159476,0.34238952336640815,0.39535343031544357,,robust_local_cqr,3767,0.9097425006636581,0.009742500663658116,38.48438197361142,39.67635202407837,44.089754150400125,9.348869572971315,12.858636365010593,0.0,0.009742500663658116,0.349858017941922,0.4008159468218193,,0.0,0.00504380143350136,0.6008768157013336,0.8215344033065222
CSGS5,q2_2020,4,robust_condition_cqr,recent_power_outage,ramp,659,0.7132018209408194,0.1867981790591806,42.12163030205518,42.985538482666016,94.9419525370584,15.576660351706202,20.377117991284837,0.1867981790591806,0.0,0.3829239118368653,0.8631086594278036,0.14889290555806597,robust_local_cqr,659,0.7511380880121397,0.14886191198786036,44.3828520205929,44.09595489501953,89.5169669864572,15.576660351706202,20.377117991284837,0.14886191198786036,0.0,0.4034804729144809,0.8137906089677928,0.14889290555806597,0.03793626707132025,0.03793626707132025,-5.424985550601193,2.261221718537719
CSGS5,q2_2020,4,robust_condition_cqr,weather_outage,non_ramp,3767,0.9211574196973719,0.021157419697371838,32.69837455510923,35.71148681640625,37.980650077563816,7.034024852167796,9.801723971419408,0.0,0.021157419697371838,0.297257950500993,0.34527863706876194,,robust_local_cqr,3767,0.9341651181311388,0.03416511813113876,35.066580114734364,38.044925689697266,39.23319125749351,7.034024852167796,9.801723971419408,0.0,0.03416511813113876,0.31878709195213056,0.3566653750681228,,0.0,-0.013007698433766923,1.2525411799296933,2.3682055596251317
CSGS5,q2_2020,4,robust_condition_cqr,weather_outage,ramp,659,0.6934749620637329,0.2065250379362671,39.69041243856928,41.55978965759277,99.35514326709038,15.987729322295268,21.096535107330126,0.2065250379362671,0.0,0.36082193125972073,0.9032285751553671,0.14889290555806597,robust_local_cqr,659,0.7526555386949925,0.14734446130500756,43.75720665346102,43.15076446533203,89.37729297317169,15.987729322295268,21.096535107330126,0.14734446130500756,0.0,0.39779278775873655,0.8125208452106517,0.14889290555806597,0.05918057663125953,0.05918057663125953,-9.977850293918692,4.066794214891736
CSGS5,q3_2020,1,robust_condition_cqr,clean,non_ramp,4006,0.95282076884673,0.052820768846729926,18.558672030637236,17.662266492843628,20.27216083139062,2.958707458050889,4.6737130718724895,0.0,0.052820768846729926,0.16871520027852033,0.1842923711944602,,robust_local_cqr,4006,0.9520718921617574,0.05207189216175734,19.690514686767962,17.609318733215332,21.0086515428971,2.958707458050889,4.6737130718724895,0.0,0.05207189216175734,0.17900467897061784,0.19098774129906454,,0.0,0.0007488766849725881,0.7364907115064767,1.1318426561307255
CSGS5,q3_2020,1,robust_condition_cqr,clean,ramp,588,0.6224489795918368,0.27755102040816326,32.574798152965755,32.51845169067383,81.08437815531582,14.69240078390861,17.077666981441322,0.27755102040816326,0.0,0.29613452866332507,0.737130710502871,0.1279930343926861,robust_local_cqr,588,0.7278911564625851,0.17210884353741496,37.8566270953133,38.56905555725098,72.34764381411935,14.69240078390861,17.077666981441322,0.17210884353741496,0.0,0.3441511554119391,0.6577058528556304,0.1279930343926861,0.1054421768707483,0.1054421768707483,-8.736734341196467,5.281828942347545
CSGS5,q3_2020,1,robust_condition_cqr,combined_outage,non_ramp,4006,0.9400898652021967,0.040089865202196706,30.417053481747004,31.081904888153076,34.73614483298578,6.352791685646812,8.824040667578837,0.0,0.040089865202196706,0.2765186680158819,0.3157831348453253,,robust_local_cqr,4006,0.9063904143784324,0.006390414378432352,29.498075410071834,30.45669984817505,34.27386363726754,6.352791685646812,8.824040667578837,0.0,0.006390414378432352,0.26816432190974393,0.311580578520614,,0.0,0.033699450823764354,-0.46228119571824067,-0.9189780716751699
CSGS5,q3_2020,1,robust_condition_cqr,combined_outage,ramp,588,0.7874149659863946,0.11258503401360542,39.720292261364506,39.81680488586426,68.29596525116438,13.613492887847277,16.724013588302594,0.11258503401360542,0.0,0.3610935660124046,0.6208724113742216,0.1279930343926861,robust_local_cqr,588,0.814625850340136,0.08537414965986401,42.70574462486013,42.85743808746338,65.885051900749,13.613492887847277,16.724013588302594,0.08537414965986401,0.0,0.388234042044183,0.5989550172795364,0.1279930343926861,0.027210884353741416,0.027210884353741416,-2.4109133504153704,2.985452363495625
CSGS5,q3_2020,1,robust_condition_cqr,irradiance_outage,non_ramp,4006,0.9458312531203196,0.04583125312031955,20.115684312260598,19.371667861938477,21.69612453159795,3.1099009446395702,4.728639029627819,0.0,0.04583125312031955,0.18286985738418726,0.19723749574179952,,robust_local_cqr,4006,0.972790813779331,0.07279081377933094,22.33690959917001,20.317610263824463,23.09544719110207,3.1099009446395702,4.728639029627819,0.0,0.07279081377933094,0.20306281453790917,0.20995861082820064,,0.0,-0.026959560659011395,1.3993226595041222,2.2212252869094122
CSGS5,q3_2020,1,robust_condition_cqr,irradiance_outage,ramp,588,0.6190476190476191,0.28095238095238095,33.40075691961715,32.443437576293945,80.0600913067152,15.05434493223826,17.349242828058248,0.28095238095238095,0.0,0.3036432447237923,0.727819011879229,0.1279930343926861,robust_local_cqr,588,0.7517006802721088,0.14829931972789123,39.53462373602147,39.84235763549805,69.07223753337146,15.05434493223826,17.349242828058248,0.14829931972789123,0.0,0.35940567032746795,0.6279294321215587,0.1279930343926861,0.13265306122448972,0.13265306122448972,-10.98785377334373,6.133866816404321
CSGS5,q3_2020,1,robust_condition_cqr,recent_power_outage,non_ramp,4006,0.9563155267099351,0.056315526709935115,22.385331629424417,22.59482765197754,24.303799133782224,3.848784462193095,6.255949418618076,0.0,0.056315526709935115,0.20350301481294925,0.22094362848892932,,robust_local_cqr,4006,0.964053919121318,0.06405391912131797,24.042735833713145,23.491994857788086,25.301120976845723,3.848784462193095,6.255949418618076,0.0,0.06405391912131797,0.21857032576102858,0.2300101906985975,,0.0,-0.007738392411382855,0.9973218430634994,1.6574042042887278
CSGS5,q3_2020,1,robust_condition_cqr,recent_power_outage,ramp,588,0.6547619047619048,0.24523809523809526,33.61847134836677,33.791321992874146,81.24641363474788,14.916558083222837,17.371268070628275,0.24523809523809526,0.0,0.30562246680333427,0.7386037603158898,0.1279930343926861,robust_local_cqr,588,0.7551020408163265,0.14489795918367354,38.58835807179107,38.46636962890625,72.8119068701251,14.916558083222837,17.371268070628275,0.14489795918367354,0.0,0.3508032551981006,0.6619264260920463,0.1279930343926861,0.10034013605442171,0.10034013605442171,-8.434506764622782,4.9698867234243025
CSGS5,q3_2020,1,robust_condition_cqr,weather_outage,non_ramp,4006,0.9505741387918123,0.05057413879181227,18.892762836745273,18.575881958007812,20.668019443448504,3.027755191883503,4.759703405649451,0.0,0.05057413879181227,0.17175238942495702,0.18789108584953185,,robust_local_cqr,4006,0.9518222666000998,0.05182226660009981,20.17426665905255,18.424856185913086,21.506304535116485,3.027755191883503,4.759703405649451,0.0,0.05182226660009981,0.183402424173205,0.19551185941014987,,0.0,-0.0012481278082875358,0.8382850916679807,1.2815038223072754
CSGS5,q3_2020,1,robust_condition_cqr,weather_outage,ramp,588,0.6292517006802721,0.2707482993197279,32.99241459329112,33.11180782318115,80.02677201454331,14.521736998136351,16.99186159469682,0.2707482993197279,0.0,0.29993104175719204,0.727516109223121,0.1279930343926861,robust_local_cqr,588,0.7346938775510204,0.16530612244897958,38.30674839790176,38.90371036529541,71.31331461749109,14.521736998136351,16.99186159469682,0.16530612244897958,0.0,0.34824316725365234,0.6483028601590098,0.1279930343926861,0.1054421768707483,0.1054421768707483,-8.713457397052224,5.314333804610634
CSGS5,q3_2020,4,robust_condition_cqr,clean,non_ramp,3793,0.9356709728447139,0.03567097284471388,30.475012010315986,30.77703857421875,34.21018484586075,5.815979297955332,8.398753142158052,0.0,0.03567097284471388,0.27704556373014533,0.31100168041691595,,robust_local_cqr,3793,0.948062219878724,0.048062219878723944,32.27910970722839,30.627910614013672,34.96263003206685,5.815979297955332,8.398753142158052,0.0,0.048062219878723944,0.2934464518838945,0.3178420912006077,,0.0,-0.012391247034010067,0.7524451862060957,1.8040976969124074
CSGS5,q3_2020,4,robust_condition_cqr,clean,ramp,527,0.7229601518026565,0.17703984819734353,37.496638521071404,38.20290184020996,78.65317250700558,14.972630845753924,19.0881284695472,0.17703984819734353,0.0,0.34087853200974005,0.715028840972778,0.12199074074074075,robust_local_cqr,527,0.7836812144212524,0.11631878557874764,41.82020382311697,44.02943229675293,71.9688928913629,14.972630845753924,19.0881284695472,0.11631878557874764,0.0,0.38018367111924517,0.6542626626487537,0.12199074074074075,0.06072106261859589,0.06072106261859589,-6.68427961564268,4.323565302045566
CSGS5,q3_2020,4,robust_condition_cqr,combined_outage,non_ramp,3793,0.9356709728447139,0.03567097284471388,37.79958470742084,40.504406213760376,42.895143834073394,8.322025470281913,11.752584314131168,0.0,0.03567097284471388,0.3436325882492804,0.38995585303703084,,robust_local_cqr,3793,0.9274980226733457,0.027498022673345668,38.02058491581601,39.1545774936676,42.42213182626438,8.322025470281913,11.752584314131168,0.0,0.027498022673345668,0.3456416810528728,0.38565574387513074,,0.0,0.00817295017136821,-0.473012007809011,0.22100020839516787
CSGS5,q3_2020,4,robust_condition_cqr,combined_outage,ramp,527,0.825426944971537,0.07457305502846301,42.9358594450778,46.11748123168945,76.01721662106046,14.218274675465173,18.659246063016973,0.07457305502846301,0.0,0.3903259949552528,0.6910656056460042,0.12199074074074075,robust_local_cqr,527,0.8462998102466793,0.05370018975332069,45.178848975213455,49.14351224899292,70.72846734062972,14.218274675465173,18.659246063016973,0.05370018975332069,0.0,0.4107168088655769,0.6429860667329974,0.12199074074074075,0.020872865275142316,0.020872865275142316,-5.288749280430736,2.2429895301356524
CSGS5,q3_2020,4,robust_condition_cqr,irradiance_outage,non_ramp,3793,0.9330345373055628,0.03303453730556283,34.40688286511869,36.39324426651001,37.87502711827821,6.751487714075428,9.372266091758307,0.0,0.03303453730556283,0.3127898442283517,0.34431842834798376,,robust_local_cqr,3793,0.9499077247561297,0.0499077247561297,36.50224962404199,37.46147537231445,38.70328804782129,6.751487714075428,9.372266091758307,0.0,0.0499077247561297,0.33183863294583626,0.3518480731620117,,0.0,-0.016873187450566873,0.8282609295430774,2.095366758923298
CSGS5,q3_2020,4,robust_condition_cqr,irradiance_outage,ramp,527,0.7722960151802657,0.12770398481973433,39.993388825168644,41.63649368286133,76.04936730069952,14.136323640423436,18.29924485442385,0.12770398481973433,0.0,0.3635762620469877,0.6913578845518138,0.12199074074074075,robust_local_cqr,527,0.8349146110056926,0.06508538899430738,44.00100868601048,45.33225631713867,69.14692723988581,14.136323640423436,18.29924485442385,0.06508538899430738,0.0,0.40000916987282253,0.6286084294535074,0.12199074074074075,0.06261859582542695,0.06261859582542695,-6.902440060813703,4.007619860841835
CSGS5,q3_2020,4,robust_condition_cqr,recent_power_outage,non_ramp,3793,0.9383074083838651,0.03830740838386504,32.69839601411987,33.25717067718506,36.23952778258096,6.47533793481631,9.181860054289082,0.0,0.03830740838386504,0.2972581455829079,0.3294502525689178,,robust_local_cqr,3793,0.9517532296335355,0.05175322963353546,34.43865837712577,34.51778030395508,36.87574094084397,6.47533793481631,9.181860054289082,0.0,0.05175322963353546,0.3130787125193252,0.33523400855312696,,0.0,-0.01344582124967042,0.6362131582630113,1.7402623630058969
CSGS5,q3_2020,4,robust_condition_cqr,recent_power_outage,ramp,527,0.7609108159392789,0.13908918406072113,39.33761160880101,41.624813079833984,78.4730529319601,14.55722364777632,18.46472264409474,0.13908918406072113,0.0,0.3576146509891001,0.7133913902905463,0.12199074074074075,robust_local_cqr,527,0.8007590132827325,0.09924098671726755,42.837032266993226,44.9749641418457,73.056324007389,14.55722364777632,18.46472264409474,0.09924098671726755,0.0,0.38942756606357476,0.6641484000671727,0.12199074074074075,0.03984819734345357,0.03984819734345357,-5.416728924571103,3.4994206581922143
CSGS5,q3_2020,4,robust_condition_cqr,weather_outage,non_ramp,3793,0.9393619825995254,0.03936198259952539,30.79195964964995,31.62684440612793,34.43524153508229,5.846617644936013,8.500610917891098,0.0,0.03936198259952539,0.27992690590590863,0.3130476503189299,,robust_local_cqr,3793,0.9525441602952808,0.05254416029528075,32.81924668331899,32.3135347366333,35.30194084218923,5.846617644936013,8.500610917891098,0.0,0.05254416029528075,0.2983567880301726,0.32092673492899304,,0.0,-0.01318217769575536,0.8666993071069413,2.0272870336690367
CSGS5,q3_2020,4,robust_condition_cqr,weather_outage,ramp,527,0.7286527514231499,0.17134724857685013,38.22749100509586,39.730693340301514,77.52140096016582,14.960762001531627,19.12850385735979,0.17134724857685013,0.0,0.3475226455008714,0.7047400087287802,0.12199074074074075,robust_local_cqr,527,0.7912713472485768,0.10872865275142318,42.77201249375515,44.840158462524414,70.64513101466919,14.960762001531627,19.12850385735979,0.10872865275142318,0.0,0.3888364772159559,0.6422284637697199,0.12199074074074075,0.06261859582542695,0.06261859582542695,-6.876269945496631,4.544521488659292
CSGS5,q4_2020,1,robust_condition_cqr,clean,non_ramp,3372,0.9489916963226572,0.04899169632265721,17.201807465288272,16.29633331298828,18.654839835498674,2.484570266763997,3.9356702981954195,0.0,0.04899169632265721,0.15638006786625702,0.16958945304998793,,robust_local_cqr,3372,0.9578884934756821,0.057888493475682035,18.342198430577792,16.39123272895813,19.395038295498154,2.484570266763997,3.9356702981954195,0.0,0.057888493475682035,0.1667472584597981,0.17631852995907413,,0.0,-0.008896797153024827,0.7401984599994798,1.1403909652895194
CSGS5,q4_2020,1,robust_condition_cqr,clean,ramp,297,0.5488215488215489,0.35117845117845115,31.071245178630456,31.676328659057617,87.86365255161569,15.14199693596323,17.429735704140327,0.35117845117845115,0.0,0.2824658652602769,0.7987604777419608,0.08094848732624693,robust_local_cqr,297,0.6464646464646465,0.2535353535353535,35.11273428586998,36.253883361816406,77.93335429285511,15.14199693596323,17.429735704140327,0.2535353535353535,0.0,0.31920667532609076,0.7084850390259556,0.08094848732624693,0.09764309764309764,0.09764309764309764,-9.930298258760573,4.041489107239528
CSGS5,q4_2020,1,robust_condition_cqr,combined_outage,non_ramp,3372,0.9000593119810202,5.931198102016033e-05,30.428699837338144,30.24492445588112,37.75775269781003,6.818892829367628,9.939231756898645,0.0,5.931198102016033e-05,0.27662454397580133,0.3432522972528184,,robust_local_cqr,3372,0.9086595492289442,0.008659549228944186,30.952724354054386,29.40628683567047,37.20908421351136,6.818892829367628,9.939231756898645,0.0,0.008659549228944186,0.28138840321867625,0.33826440194101237,,0.0,-0.008600237247924025,-0.5486684842986662,0.5240245167162421
CSGS5,q4_2020,1,robust_condition_cqr,combined_outage,ramp,297,0.7575757575757576,0.14242424242424245,40.37859013118477,41.84324264526367,73.56017003891996,14.934104786176071,17.70413138720083,0.14242424242424245,0.0,0.36707809210167974,0.668728818535636,0.08094848732624693,robust_local_cqr,297,0.7744107744107744,0.12558922558922558,41.74587820686074,43.15406036376953,72.32207133884381,14.934104786176071,17.70413138720083,0.12558922558922558,0.0,0.37950798369873395,0.6574733758076711,0.08094848732624693,0.01683501683501687,0.01683501683501687,-1.2380987000761507,1.3672880756759653
CSGS5,q4_2020,1,robust_condition_cqr,irradiance_outage,non_ramp,3372,0.9516607354685647,0.051660735468564645,19.48827667566507,18.723275661468506,20.637524889062934,2.632368342713414,4.013502577423201,0.0,0.051660735468564645,0.17716615159695517,0.18761386262784485,,robust_local_cqr,3372,0.9682680901542111,0.06826809015421109,21.26529530734724,19.53975474834442,21.920838950815845,2.632368342713414,4.013502577423201,0.0,0.06826809015421109,0.19332086643042948,0.19928035409832587,,0.0,-0.016607354685646447,1.283314061752911,1.7770186316821714
CSGS5,q4_2020,1,robust_condition_cqr,irradiance_outage,ramp,297,0.5757575757575758,0.3242424242424242,30.99110909182616,31.525177001953125,83.75837535569163,14.945418399592441,17.15439227319386,0.3242424242424242,0.0,0.2817373553802378,0.761439775960833,0.08094848732624693,robust_local_cqr,297,0.6936026936026936,0.20639730639730647,34.89934452455052,35.70703887939453,74.34469242288608,14.945418399592441,17.15439227319386,0.20639730639730647,0.0,0.31726676840500473,0.6758608402080553,0.08094848732624693,0.11784511784511775,0.11784511784511775,-9.413682932805543,3.9082354327243607
CSGS5,q4_2020,1,robust_condition_cqr,recent_power_outage,non_ramp,3372,0.9412811387900356,0.04128113879003559,22.998331590837807,22.74526309967041,24.330376028418495,3.4162526253173358,4.972996821827124,0.0,0.04128113879003559,0.20907574173488916,0.22118523662198633,,robust_local_cqr,3372,0.9590747330960854,0.05907473309608535,24.547692939914715,23.523141384124756,25.34191904042173,3.4162526253173358,4.972996821827124,0.0,0.05907473309608535,0.2231608449083156,0.2303810821856521,,0.0,-0.017793594306049765,1.0115430120032336,1.5493613490769071
CSGS5,q4_2020,1,robust_condition_cqr,recent_power_outage,ramp,297,0.6531986531986532,0.2468013468013468,35.488314260136,36.03614807128906,79.82110123120574,15.321764604009763,17.904265496381097,0.2468013468013468,0.0,0.3226210387285091,0.7256463748291432,0.08094848732624693,robust_local_cqr,297,0.7205387205387206,0.17946127946127943,38.479250319879064,40.418827056884766,73.41587317070174,15.321764604009763,17.904265496381097,0.17946127946127943,0.0,0.34981136654435513,0.6674170288245613,0.08094848732624693,0.06734006734006737,0.06734006734006737,-6.405228060504001,2.9909360597430634
CSGS5,q4_2020,1,robust_condition_cqr,weather_outage,non_ramp,3372,0.9460260972716489,0.04602609727164886,18.072873413035314,17.498424887657166,19.427830971625603,2.530329276223182,4.003076979145713,0.0,0.04602609727164886,0.16429884920941196,0.1766166451965964,,robust_local_cqr,3372,0.9564056939501779,0.056405693950177915,19.4569142990567,17.790767431259155,20.386210705977287,2.530329276223182,4.003076979145713,0.0,0.056405693950177915,0.17688103908233363,0.18532918823615716,,0.0,-0.010379596678529057,0.9583797343516842,1.3840408860213849
CSGS5,q4_2020,1,robust_condition_cqr,weather_outage,ramp,297,0.531986531986532,0.368013468013468,31.765840384293888,32.662715911865234,87.0432410593386,15.129007753699717,17.292431015385358,0.368013468013468,0.0,0.2887803671299444,0.7913021914485328,0.08094848732624693,robust_local_cqr,297,0.6531986531986532,0.2468013468013468,36.170163602941365,38.266197204589844,74.95628419428161,15.129007753699717,17.292431015385358,0.2468013468013468,0.0,0.32881966911764876,0.68142076540256,0.08094848732624693,0.12121212121212122,0.12121212121212122,-12.08695686505699,4.404323218647477
CSGS5,q4_2020,4,robust_condition_cqr,clean,non_ramp,2911,0.941944349020955,0.04194434902095501,28.041508627399914,26.849425077438354,31.814535308968722,5.086288315704402,7.804291743205929,0.0,0.04194434902095501,0.25492280570363557,0.28922304826335204,,robust_local_cqr,2911,0.9467536928890415,0.04675369288904152,29.274703311139266,27.601744890213013,31.6563469509508,5.086288315704402,7.804291743205929,0.0,0.04675369288904152,0.26613366646490244,0.2877849722813709,,0.0,-0.004809343868086513,-0.1581883580179202,1.2331946837393524
CSGS5,q4_2020,4,robust_condition_cqr,clean,ramp,482,0.7489626556016598,0.15103734439834027,35.029838128826924,34.12339377403259,71.19235195473021,12.85973806920388,17.26455820391214,0.15103734439834027,0.0,0.3184530738984266,0.6472031995884565,0.14205717653993516,robust_local_cqr,482,0.8070539419087137,0.09294605809128631,39.29368213954946,39.06340789794922,66.4045164244862,12.85973806920388,17.26455820391214,0.09294605809128631,0.0,0.35721529217772235,0.6036774220407837,0.14205717653993516,0.05809128630705396,0.05809128630705396,-4.78783553024401,4.263844010722536
CSGS5,q4_2020,4,robust_condition_cqr,combined_outage,non_ramp,2911,0.8814840261078667,0.01851597389213333,40.51565460867128,41.11735200881958,51.52459914076527,9.47452802306066,12.75178041326705,0.01851597389213333,0.0,0.3683241328061025,0.46840544673422974,,robust_local_cqr,2911,0.9041566472002748,0.0041566472002747545,40.29664268235144,42.13285446166992,46.91517573823655,9.47452802306066,12.75178041326705,0.0,0.0041566472002747545,0.366333115294104,0.42650159762033224,,0.01851597389213333,0.014359326691858576,-4.609423402528719,-0.2190119263198369
CSGS5,q4_2020,4,robust_condition_cqr,combined_outage,ramp,482,0.7655601659751037,0.13443983402489634,42.63282740439957,42.30668365955353,73.25459761419083,14.696682899572048,18.118677298662266,0.13443983402489634,0.0,0.38757115822181426,0.6659508874017348,0.14205717653993516,robust_local_cqr,482,0.8153526970954357,0.08464730290456435,45.14177641119128,44.336145877838135,68.5336853872436,14.696682899572048,18.118677298662266,0.08464730290456435,0.0,0.41037978555628435,0.6230335035203963,0.14205717653993516,0.049792531120331995,0.049792531120331995,-4.720912226947235,2.5089490067917097
CSGS5,q4_2020,4,robust_condition_cqr,irradiance_outage,non_ramp,2911,0.9477842665750601,0.047784266575060075,30.933265252694696,30.383472442626953,33.85976701219957,5.306728243301212,7.955875869723616,0.0,0.047784266575060075,0.2812115022972245,0.30781606374726883,,robust_local_cqr,2911,0.9570594297492271,0.057059429749227064,32.644932934334435,32.193708419799805,34.34969607747319,5.306728243301212,7.955875869723616,0.0,0.057059429749227064,0.2967721175848585,0.31226996434066534,,0.0,-0.00927516317416699,0.48992906527362123,1.7116676816397387
CSGS5,q4_2020,4,robust_condition_cqr,irradiance_outage,ramp,482,0.7946058091286307,0.10539419087136936,36.38196177607502,37.12982988357544,69.10151716689599,13.24516442133678,17.061471710325748,0.10539419087136936,0.0,0.33074510705522747,0.6281956106081453,0.14205717653993516,robust_local_cqr,482,0.8381742738589212,0.06182572614107884,40.04800118312734,41.94811570644379,65.01426908446484,13.24516442133678,17.061471710325748,0.06182572614107884,0.0,0.3640727380284304,0.5910388098587713,0.14205717653993516,0.043568464730290524,0.043568464730290524,-4.087248082431145,3.666039407052317
CSGS5,q4_2020,4,robust_condition_cqr,recent_power_outage,non_ramp,2911,0.9491583648230848,0.04915836482308478,32.85028368757595,34.158331871032715,35.676243066058916,5.907718791661906,8.529948776092478,0.0,0.04915836482308478,0.29863894261432683,0.3243294824187174,,robust_local_cqr,2911,0.9553418069391961,0.0553418069391961,34.442092933879756,36.065834045410156,36.31233539996192,5.907718791661906,8.529948776092478,0.0,0.0553418069391961,0.31310993576254326,0.3301121399996538,,0.0,-0.006183442116111326,0.6360923339030009,1.5918092463038036
CSGS5,q4_2020,4,robust_condition_cqr,recent_power_outage,ramp,482,0.7821576763485477,0.11784232365145231,38.50846790484176,38.78404998779297,73.67946246163282,13.502003982601323,17.668988747723965,0.11784232365145231,0.0,0.3500769809531069,0.6698132951057529,0.14205717653993516,robust_local_cqr,482,0.8153526970954357,0.08464730290456435,41.516469285842724,42.63643264770508,69.11779722153244,13.502003982601323,17.668988747723965,0.08464730290456435,0.0,0.3774224480531157,0.6283436111048404,0.14205717653993516,0.03319502074688796,0.03319502074688796,-4.561665240100382,3.008001381000966
CSGS5,q4_2020,4,robust_condition_cqr,weather_outage,non_ramp,2911,0.9429749227069736,0.04297492270697356,28.723623539920197,27.466989517211914,32.04213897380367,5.150207412999593,7.792610184942237,0.0,0.04297492270697356,0.26112385036291086,0.29129217248912426,,robust_local_cqr,2911,0.953280659567159,0.053280659567158994,30.179241174475262,29.025649547576904,32.13987274426578,5.150207412999593,7.792610184942237,0.0,0.053280659567158994,0.2743567379497751,0.2921806613115071,,0.0,-0.010305736860185433,0.09773377046211351,1.4556176345550647
CSGS5,q4_2020,4,robust_condition_cqr,weather_outage,ramp,482,0.7282157676348547,0.17178423236514528,35.41697991265301,35.363744258880615,70.71330615024844,13.796933282213093,17.693342760698787,0.17178423236514528,0.0,0.3219725446604819,0.6428482377295313,0.14205717653993516,robust_local_cqr,482,0.7842323651452282,0.11576763485477182,39.52082601387471,39.54808521270752,64.9716865577391,13.796933282213093,17.693342760698787,0.11576763485477182,0.0,0.3592802364897701,0.5906516959794464,0.14205717653993516,0.05601659751037347,0.05601659751037347,-5.741619592509338,4.1038461012216985
CSGS6,q1_2020,1,robust_condition_cqr,clean,non_ramp,5458,0.9521802858189813,0.052180285818981265,2.6344150382091462,1.7780365347862244,3.070408326613949,0.41839864754989425,0.9444519232454869,0.0,0.052180285818981265,0.0752690010916899,0.08772595218896996,,robust_local_cqr,5458,0.9732502748259436,0.0732502748259436,2.9062947555247525,1.9413385391235352,3.168380658086591,0.41839864754989425,0.9444519232454869,0.0,0.0732502748259436,0.08303699301499293,0.09052516165961688,,0.0,-0.02106998900696233,0.09797233147264217,0.27187971731560623
CSGS6,q1_2020,1,robust_condition_cqr,clean,ramp,366,0.5273224043715847,0.3726775956284153,9.510687873049898,9.708906173706055,33.02756690754825,5.0034575558832435,5.895379697629213,0.3726775956284153,0.0,0.2717339392299971,0.9436447687870928,0.06284340659340659,robust_local_cqr,366,0.6092896174863388,0.2907103825136612,10.539459230225594,10.96111249923706,30.062855305323183,5.0034575558832435,5.895379697629213,0.2907103825136612,0.0,0.3011274065778741,0.8589387230092338,0.06284340659340659,0.08196721311475408,0.08196721311475408,-2.9647116022250657,1.028771357175696
CSGS6,q1_2020,1,robust_condition_cqr,combined_outage,non_ramp,5458,0.9054598754122389,0.005459875412238913,4.10205641017341,3.7229869961738586,6.343699634918995,0.9604598891438136,1.9676416923774376,0.0,0.005459875412238913,0.11720161171924029,0.18124856099768558,,robust_local_cqr,5458,0.9338585562477097,0.033858556247709726,4.609206987825432,3.90098237991333,5.962573258424675,0.9604598891438136,1.9676416923774376,0.0,0.033858556247709726,0.13169162822358377,0.17035923595499072,,0.0,-0.028398680835470813,-0.38112637649431935,0.5071505776520215
CSGS6,q1_2020,1,robust_condition_cqr,combined_outage,ramp,366,0.5819672131147541,0.31803278688524594,10.022503857078448,10.105547904968262,34.66934376694466,4.846642907586743,6.212407731196528,0.31803278688524594,0.0,0.2863572530593842,0.9905526790555617,0.06284340659340659,robust_local_cqr,366,0.6721311475409836,0.22786885245901645,12.008657541512791,11.720632255077362,31.124241197125507,4.846642907586743,6.212407731196528,0.22786885245901645,0.0,0.34310450118607977,0.8892640342035859,0.06284340659340659,0.0901639344262295,0.0901639344262295,-3.54510256981915,1.9861536844343437
CSGS6,q1_2020,1,robust_condition_cqr,irradiance_outage,non_ramp,5458,0.9488823744961524,0.0488823744961524,3.45390689633427,2.8597612380981445,3.9895090492463305,0.5209838698158457,1.119544290819568,0.0,0.0488823744961524,0.09868305418097914,0.11398597283560945,,robust_local_cqr,5458,0.9694027116159766,0.06940271161597655,3.7494897316279174,3.019839286804199,4.048955350225533,0.5209838698158457,1.119544290819568,0.0,0.06940271161597655,0.10712827804651193,0.11568443857787238,,0.0,-0.02052033711982415,0.05944630097920278,0.2955828352936476
CSGS6,q1_2020,1,robust_condition_cqr,irradiance_outage,ramp,366,0.5901639344262295,0.3098360655737705,10.298057982445531,10.505308866500854,29.54209077287188,4.7454517893493176,5.660688185679259,0.3098360655737705,0.0,0.2942302280698723,0.844059736367768,0.06284340659340659,robust_local_cqr,366,0.6584699453551912,0.2415300546448088,11.291812863506255,11.605063915252686,27.404937192064818,4.7454517893493176,5.660688185679259,0.2415300546448088,0.0,0.3226232246716073,0.7829982054875663,0.06284340659340659,0.06830601092896171,0.06830601092896171,-2.1371535808070625,0.993754881060724
CSGS6,q1_2020,1,robust_condition_cqr,recent_power_outage,non_ramp,5458,0.9400879443019421,0.04008794430194207,3.9796908731136154,3.588029146194458,4.6331299099903775,0.657163844344987,1.3780499221364781,0.0,0.04008794430194207,0.11370545351753186,0.13237514028543937,,robust_local_cqr,5458,0.9615243679003298,0.06152436790032978,4.250088650778676,3.676238000392914,4.656320636863402,0.657163844344987,1.3780499221364781,0.0,0.06152436790032978,0.12143110430796218,0.1330377324818115,,0.0,-0.02143642359838771,0.02319072687302448,0.2703977776650608
CSGS6,q1_2020,1,robust_condition_cqr,recent_power_outage,ramp,366,0.6147540983606558,0.28524590163934427,10.989334484005012,11.094311952590942,30.04271801058559,4.918795462921669,6.067232103730598,0.28524590163934427,0.0,0.31398098525728607,0.858363371731017,0.06284340659340659,robust_local_cqr,366,0.6639344262295082,0.23606557377049187,12.06817680947442,12.215520143508911,27.951114497793828,4.918795462921669,6.067232103730598,0.23606557377049187,0.0,0.3448050516992691,0.798603271365538,0.06284340659340659,0.0491803278688524,0.0491803278688524,-2.091603512791764,1.0788423254694077
CSGS6,q1_2020,1,robust_condition_cqr,weather_outage,non_ramp,5458,0.9525467204104068,0.052546720410406755,2.731455963576619,1.9401398971676826,3.1422839359217707,0.4437664534861208,0.9708545806812688,0.0,0.052546720410406755,0.07804159895933196,0.0897795410263363,,robust_local_cqr,5458,0.9743495786002199,0.07434957860021985,3.0231446507828714,2.158861517906189,3.2689391500422262,0.4437664534861208,0.9708545806812688,0.0,0.07434957860021985,0.08637556145093918,0.09339826142977789,,0.0,-0.02180285818981309,0.12665521412045555,0.2916886872062525
CSGS6,q1_2020,1,robust_condition_cqr,weather_outage,ramp,366,0.5245901639344263,0.37540983606557377,9.551159326294997,9.59271240234375,33.15390903975234,5.02158870186677,5.912360876754548,0.37540983606557377,0.0,0.27289026646557135,0.9472545439929241,0.06284340659340659,robust_local_cqr,366,0.6010928961748634,0.29890710382513663,10.5973645065163,10.609286785125732,30.332004046586693,5.02158870186677,5.912360876754548,0.29890710382513663,0.0,0.30278184304332284,0.8666286870453341,0.06284340659340659,0.07650273224043713,0.07650273224043713,-2.8219049931656492,1.0462051802213033
CSGS6,q1_2020,4,robust_condition_cqr,clean,non_ramp,4614,0.9282618118768964,0.02826181187689636,4.237133397317602,2.514892727136612,6.044721292606465,0.9662840292305253,2.131204895795053,0.0,0.02826181187689636,0.12106095420907434,0.172706322645899,,robust_local_cqr,4614,0.9553532726484613,0.05535327264846124,4.821779817830686,2.998514175415039,5.776277982783908,0.9662840292305253,2.131204895795053,0.0,0.05535327264846124,0.13776513765230533,0.16503651379382595,,0.0,-0.02709146077156488,-0.2684433098225574,0.5846464205130841
CSGS6,q1_2020,4,robust_condition_cqr,clean,ramp,1210,0.8454545454545455,0.054545454545454564,6.435949121572632,4.596806287765503,15.856882852411344,2.293119842911881,4.300954089893252,0.054545454545454564,0.0,0.1838842606163609,0.4530537957831813,0.20776098901098902,robust_local_cqr,1210,0.8743801652892562,0.025619834710743805,7.908331575025256,5.681721925735474,15.438462668136175,2.293119842911881,4.300954089893252,0.025619834710743805,0.0,0.2259523307150073,0.4410989333753193,0.20776098901098902,0.02892561983471076,0.02892561983471076,-0.4184201842751687,1.4723824534526244
CSGS6,q1_2020,4,robust_condition_cqr,combined_outage,non_ramp,4614,0.9189423493714781,0.018942349371478095,5.084845596493278,4.311208724975586,7.50033508939164,1.2856906618285793,2.5666904752273463,0.0,0.018942349371478095,0.1452813027569508,0.21429528826833255,,robust_local_cqr,4614,0.9241439098396186,0.02414390983961856,5.297223091703736,4.4840803146362305,6.9590578413148965,1.2856906618285793,2.5666904752273463,0.0,0.02414390983961856,0.15134923119153532,0.19883022403756848,,0.0,-0.005201560468140465,-0.5412772480767432,0.21237749521045757
CSGS6,q1_2020,4,robust_condition_cqr,combined_outage,ramp,1210,0.8446280991735537,0.055371900826446274,7.441648717483213,6.184259414672852,17.660313062653067,2.4616687921768685,4.301757700321355,0.055371900826446274,0.0,0.21261853478523465,0.504580373218659,0.20776098901098902,robust_local_cqr,1210,0.8694214876033057,0.03057851239669429,8.749300950967267,7.403908729553223,17.283578524410665,2.4616687921768685,4.301757700321355,0.03057851239669429,0.0,0.24998002717049336,0.49381652926887615,0.20776098901098902,0.024793388429751984,0.024793388429751984,-0.37673453824240255,1.3076522334840543
CSGS6,q1_2020,4,robust_condition_cqr,irradiance_outage,non_ramp,4614,0.9325964456003468,0.0325964456003468,4.89712868515822,3.9158287048339844,6.5921152028830114,1.054335197968434,2.240626324143182,0.0,0.0325964456003468,0.139917962433092,0.18834614865380034,,robust_local_cqr,4614,0.9609882964889467,0.06098829648894666,5.553224355275938,4.66252326965332,6.372431647049934,1.054335197968434,2.240626324143182,0.0,0.06098829648894666,0.15866355300788393,0.18206947562999812,,0.0,-0.028391850888599857,-0.2196835558330772,0.6560956701177174
CSGS6,q1_2020,4,robust_condition_cqr,irradiance_outage,ramp,1210,0.8578512396694215,0.04214876033057857,7.0462891885826044,5.5471272468566895,15.792366251314043,2.321635574552092,4.281743027456114,0.04214876033057857,0.0,0.20132254824521728,0.45121046432325834,0.20776098901098902,robust_local_cqr,1210,0.9,0.0,8.756802666561018,6.795041561126709,15.089501380872353,2.321635574552092,4.281743027456114,0.0,0.0,0.2501943619017434,0.4311286108820672,0.20776098901098902,0.04214876033057857,0.04214876033057857,-0.7028648704416902,1.710513477978414
CSGS6,q1_2020,4,robust_condition_cqr,recent_power_outage,non_ramp,4614,0.9120069354139575,0.012006935413957476,4.698246004354809,3.703797698020935,6.863561701471483,1.1034928026492015,2.3321084182901455,0.0,0.012006935413957476,0.13423560012442312,0.19610176289918524,,robust_local_cqr,4614,0.947334200260078,0.04733420026007795,5.419453540742863,4.708076238632202,6.46451228810801,1.1034928026492015,2.3321084182901455,0.0,0.04733420026007795,0.15484152973551035,0.18470035108880029,,0.0,-0.035327264846120476,-0.399049413363473,0.7212075363880537
CSGS6,q1_2020,4,robust_condition_cqr,recent_power_outage,ramp,1210,0.8380165289256198,0.06198347107438018,7.197789026996167,5.759925603866577,16.65332097289468,2.396325623384996,4.359727809601599,0.06198347107438018,0.0,0.20565111505703335,0.4758091706541337,0.20776098901098902,robust_local_cqr,1210,0.8818181818181818,0.018181818181818188,9.049212484309077,7.554556131362915,16.286445412742772,2.396325623384996,4.359727809601599,0.018181818181818188,0.0,0.2585489281231165,0.4653270117926506,0.20776098901098902,0.04380165289256199,0.04380165289256199,-0.36687556015190737,1.8514234573129098
CSGS6,q1_2020,4,robust_condition_cqr,weather_outage,non_ramp,4614,0.9278283485045513,0.027828348504551292,4.475300916551932,3.0356006622314453,6.495659894093356,1.0253229366850498,2.2084177740949356,0.0,0.027828348504551292,0.12786574047291235,0.1855902826883816,,robust_local_cqr,4614,0.9447334200260078,0.044733420026007775,4.92500993381888,3.3177433013916016,6.109182959403616,1.0253229366850498,2.2084177740949356,0.0,0.044733420026007775,0.1407145695376823,0.17454808455438903,,0.0,-0.016905071521456483,-0.38647693468973987,0.44970901726694823
CSGS6,q1_2020,4,robust_condition_cqr,weather_outage,ramp,1210,0.8446280991735537,0.055371900826446274,6.930768987137732,5.305319547653198,16.615139991557612,2.2963789894660236,4.22982542590307,0.055371900826446274,0.0,0.19802197106107805,0.47471828547307465,0.20776098901098902,robust_local_cqr,1210,0.8752066115702479,0.024793388429752095,8.378517324385072,6.694009900093079,15.988233185614929,2.2963789894660236,4.22982542590307,0.024793388429752095,0.0,0.2393862092681449,0.4568066624461408,0.20776098901098902,0.03057851239669418,0.03057851239669418,-0.6269068059426832,1.44774833724734
CSGS6,q2_2020,1,robust_condition_cqr,clean,non_ramp,5337,0.9278620948098183,0.027862094809818272,3.5123723163866787,2.654237747192383,4.178195170401761,0.6559857970880294,1.193619753202633,0.0,0.027862094809818272,0.1003534947539051,0.11937700486862174,,robust_local_cqr,5337,0.94622447067641,0.04622447067641,4.0110149425682415,2.7333946228027344,4.478786142398146,0.6559857970880294,1.193619753202633,0.0,0.04622447067641,0.1146004269305212,0.12796531835423275,,0.0,-0.01836237586659173,0.3005909719963853,0.49864262618156285
CSGS6,q2_2020,1,robust_condition_cqr,clean,ramp,487,0.5256673511293635,0.37433264887063655,8.834462446843329,8.7529296875,27.331997684384763,4.4983852399050335,5.152692319445697,0.37433264887063655,0.0,0.2524132127669523,0.7809142195538504,0.08361950549450549,robust_local_cqr,487,0.6673511293634496,0.23264887063655038,10.917744693508872,10.946638107299805,23.652261967470515,4.4983852399050335,5.152692319445697,0.23264887063655038,0.0,0.31193556267168204,0.6757789133563005,0.08361950549450549,0.14168377823408618,0.14168377823408618,-3.679735716914248,2.0832822466655436
CSGS6,q2_2020,1,robust_condition_cqr,combined_outage,non_ramp,5337,0.9119355443132846,0.011935544313284585,5.304936257366056,4.975296974182129,7.618409046809397,1.293537193964806,2.321041964638852,0.0,0.011935544313284585,0.1515696073533159,0.21766882990883993,,robust_local_cqr,5337,0.9057522952969833,0.00575229529698329,5.568683694707352,4.661762237548828,7.059448196997652,1.293537193964806,2.321041964638852,0.0,0.00575229529698329,0.15910524842021007,0.2016985199142186,,0.0,0.006183249016301295,-0.5589608498117453,0.263747437341296
CSGS6,q2_2020,1,robust_condition_cqr,combined_outage,ramp,487,0.6817248459958932,0.2182751540041068,9.98532943810036,10.119401931762695,23.652383937544403,4.121584804885441,5.107082593331017,0.2182751540041068,0.0,0.2852951268028674,0.6757823982155544,0.08361950549450549,robust_local_cqr,487,0.7494866529774127,0.15051334702258734,11.547012490291126,11.43348503112793,22.11686993000199,4.121584804885441,5.107082593331017,0.15051334702258734,0.0,0.32991464257974645,0.6319105694286282,0.08361950549450549,0.06776180698151946,0.06776180698151946,-1.5355140075424139,1.5616830521907659
CSGS6,q2_2020,1,robust_condition_cqr,irradiance_outage,non_ramp,5337,0.9338579726438074,0.03385797264380741,4.073485746704166,3.3226478099823,4.718305435679923,0.7334868329969038,1.3271060310007925,0.0,0.03385797264380741,0.11638530704869045,0.13480872673371208,,robust_local_cqr,5337,0.9510961214165261,0.051096121416526086,4.535309233578542,3.517972946166992,4.943110345531842,0.7334868329969038,1.3271060310007925,0.0,0.051096121416526086,0.12958026381652976,0.14123172415805263,,0.0,-0.017238148772718676,0.22480490985191892,0.46182348687437624
CSGS6,q2_2020,1,robust_condition_cqr,irradiance_outage,ramp,487,0.5667351129363449,0.3332648870636551,9.200541713292226,8.66808271408081,26.421131893977126,4.343226715738768,5.078387164766987,0.3332648870636551,0.0,0.2628726203797779,0.7548894826850607,0.08361950549450549,robust_local_cqr,487,0.6776180698151951,0.2223819301848049,10.8266330322354,10.112191200256348,23.631889462119133,4.343226715738768,5.078387164766987,0.2223819301848049,0.0,0.30933237234958283,0.6751968417748324,0.08361950549450549,0.11088295687885019,0.11088295687885019,-2.7892424318579927,1.626091318943173
CSGS6,q2_2020,1,robust_condition_cqr,recent_power_outage,non_ramp,5337,0.9321716320029979,0.032171632002997885,4.799537297117157,4.445202827453613,5.549425492885428,0.9068384863409011,1.6248934758337539,0.0,0.032171632002997885,0.1371296370604902,0.1585550140824408,,robust_local_cqr,5337,0.9559677721566423,0.05596777215664228,5.328256085115728,4.62261438369751,5.6918769106113265,0.9068384863409011,1.6248934758337539,0.0,0.05596777215664228,0.15223588814616368,0.16262505458889503,,0.0,-0.023796140153644396,0.14245141772589864,0.5287187879985717
CSGS6,q2_2020,1,robust_condition_cqr,recent_power_outage,ramp,487,0.6303901437371663,0.26960985626283374,9.90148137335415,9.858861923217773,24.27512012076329,4.278223296409393,5.125564589818624,0.26960985626283374,0.0,0.28289946781011854,0.6935748605932369,0.08361950549450549,robust_local_cqr,487,0.7412731006160165,0.15872689938398354,11.68459640011895,11.548174858093262,21.419492669786028,4.278223296409393,5.125564589818624,0.15872689938398354,0.0,0.33384561143197,0.6119855048510293,0.08361950549450549,0.11088295687885019,0.11088295687885019,-2.855627450977263,1.7831150267648006
CSGS6,q2_2020,1,robust_condition_cqr,weather_outage,non_ramp,5337,0.9258010118043845,0.025801011804384433,3.6641407806344746,2.8766326904296875,4.277611699089989,0.6823191996867759,1.2436576502595567,0.0,0.025801011804384433,0.10468973658955642,0.12221747711685682,,robust_local_cqr,5337,0.94622447067641,0.04622447067641,4.187885099514981,3.003082275390625,4.585373748326901,0.6823191996867759,1.2436576502595567,0.0,0.04622447067641,0.11965385998614231,0.13101067852362572,,0.0,-0.02042345887202557,0.30776204923691175,0.5237443188805062
CSGS6,q2_2020,1,robust_condition_cqr,weather_outage,ramp,487,0.5564681724845996,0.34353182751540046,8.945912839634463,8.811323165893555,26.73473412098336,4.42920678892236,5.1075313282285535,0.34353182751540046,0.0,0.2555975097038418,0.7638495463138103,0.08361950549450549,robust_local_cqr,487,0.6858316221765913,0.2141683778234087,11.084086628848768,10.82962417602539,23.03440763420393,4.42920678892236,5.1075313282285535,0.2141683778234087,0.0,0.31668818939567905,0.6581259324058266,0.08361950549450549,0.12936344969199176,0.12936344969199176,-3.7003264867794314,2.1381737892143047
CSGS6,q2_2020,4,robust_condition_cqr,clean,non_ramp,5096,0.896978021978022,0.0030219780219780112,5.244692331527486,4.284571290016174,7.19429798363962,1.2988311733794689,2.2954005019853247,0.0030219780219780112,0.0,0.14984835232935675,0.205551370961132,,robust_local_cqr,5096,0.9330847723704867,0.03308477237048668,6.358114148268242,5.00696861743927,7.240268390841868,1.2988311733794689,2.2954005019853247,0.0,0.03308477237048668,0.18166040423623547,0.2068648111669105,,0.0030219780219780112,-0.03006279434850867,0.04597040720224754,1.1134218167407557
CSGS6,q2_2020,4,robust_condition_cqr,clean,ramp,728,0.6881868131868132,0.21181318681318684,8.313711615596581,7.657874822616577,24.89868597838782,3.759363111067604,5.366896938576227,0.21181318681318684,0.0,0.23753461758847375,0.7113910279539377,0.125,robust_local_cqr,728,0.7774725274725275,0.12252747252747254,10.331256229962621,9.310487449169159,22.497231583673877,3.759363111067604,5.366896938576227,0.12252747252747254,0.0,0.29517874942750344,0.642778045247825,0.125,0.0892857142857143,0.0892857142857143,-2.4014543947139444,2.01754461436604
CSGS6,q2_2020,4,robust_condition_cqr,combined_outage,non_ramp,5096,0.9111067503924647,0.01110675039246467,6.150362403002379,5.827360153198242,8.385090268302305,1.5621940077631247,2.6228842741293996,0.0,0.01110675039246467,0.17572464008578226,0.23957400766578013,,robust_local_cqr,5096,0.9240580847723705,0.02405808477237048,6.82499849258434,6.138595104217529,8.0876609582086,1.5621940077631247,2.6228842741293996,0.0,0.02405808477237048,0.19499995693098116,0.23107602737738858,,0.0,-0.01295133437990581,-0.29742931009370466,0.674636089581961
CSGS6,q2_2020,4,robust_condition_cqr,combined_outage,ramp,728,0.7733516483516484,0.12664835164835164,9.161085167009343,8.729685306549072,21.793296295279575,3.5721701029943977,5.156671496134451,0.12664835164835164,0.0,0.2617452904859812,0.6226656084365593,0.125,robust_local_cqr,728,0.8296703296703297,0.0703296703296703,10.640139621874358,10.357093095779419,20.365359189109057,3.5721701029943977,5.156671496134451,0.0703296703296703,0.0,0.3040039891964102,0.5818674054031159,0.125,0.05631868131868134,0.05631868131868134,-1.4279371061705177,1.4790544548650146
CSGS6,q2_2020,4,robust_condition_cqr,irradiance_outage,non_ramp,5096,0.8946232339089482,0.0053767660910518655,5.522222405766668,4.876202344894409,7.682182545879683,1.3941710902103057,2.4275654764171835,0.0053767660910518655,0.0,0.1577777830219048,0.21949092988227664,,robust_local_cqr,5096,0.9375981161695447,0.03759811616954467,6.6683160995638575,5.535280227661133,7.693780460116437,1.3941710902103057,2.4275654764171835,0.0,0.03759811616954467,0.19052331713039594,0.2198222988604696,,0.0053767660910518655,-0.032221350078492805,0.011597914236753937,1.14609369379719
CSGS6,q2_2020,4,robust_condition_cqr,irradiance_outage,ramp,728,0.728021978021978,0.17197802197802203,8.629369133735423,7.880087852478027,23.000830755579276,3.616148985901868,5.22693569107563,0.17197802197802203,0.0,0.2465534038210121,0.6571665930165508,0.125,robust_local_cqr,728,0.820054945054945,0.079945054945055,10.650554912819803,9.845279455184937,21.010841213309995,3.616148985901868,5.22693569107563,0.079945054945055,0.0,0.30430156893770866,0.6003097489517142,0.125,0.09203296703296704,0.09203296703296704,-1.9899895422692815,2.02118577908438
CSGS6,q2_2020,4,robust_condition_cqr,recent_power_outage,non_ramp,5096,0.9048273155416012,0.004827315541601207,5.885839023869663,5.7317081689834595,7.7619423439453445,1.4361590438932736,2.4411087994028993,0.0,0.004827315541601207,0.16816682925341894,0.22176978125558128,,robust_local_cqr,5096,0.9428963893249608,0.04289638932496076,7.013902196260766,6.7709856033325195,7.795757034438513,1.4361590438932736,2.4411087994028993,0.0,0.04289638932496076,0.20039720560745045,0.22273591526967182,,0.0,-0.03806907378335955,0.033814690493168875,1.1280631723911023
CSGS6,q2_2020,4,robust_condition_cqr,recent_power_outage,ramp,728,0.728021978021978,0.17197802197802203,8.937853748398414,8.504978656768799,22.21329772463171,3.614421928158173,5.2186718417078,0.17197802197802203,0.0,0.25536724995424037,0.6346656492751916,0.125,robust_local_cqr,728,0.8228021978021978,0.07719780219780226,10.824047469452106,11.139857053756714,20.565643917185838,3.614421928158173,5.2186718417078,0.07719780219780226,0.0,0.30925849912720305,0.5875898262053096,0.125,0.09478021978021978,0.09478021978021978,-1.6476538074458702,1.8861937210536919
CSGS6,q2_2020,4,robust_condition_cqr,weather_outage,non_ramp,5096,0.9058084772370487,0.0058084772370486926,5.398788188407516,4.625050783157349,7.258673056298074,1.3432147161264942,2.329652944067048,0.0,0.0058084772370486926,0.1542510910973576,0.20739065875137352,,robust_local_cqr,5096,0.935243328100471,0.03524332810047093,6.535535466858288,5.288943290710449,7.3846880100862675,1.3432147161264942,2.329652944067048,0.0,0.03524332810047093,0.18672958476737966,0.21099108600246477,,0.0,-0.029434850863422235,0.12601495378819383,1.1367472784507724
CSGS6,q2_2020,4,robust_condition_cqr,weather_outage,ramp,728,0.7101648351648352,0.18983516483516483,8.55143472407484,8.007305264472961,23.90198461566591,3.6941218678276617,5.258434512285704,0.18983516483516483,0.0,0.24432670640213827,0.6829138461618831,0.125,robust_local_cqr,728,0.8063186813186813,0.09368131868131868,10.641146723754131,10.193407535552979,21.51472637110523,3.6941218678276617,5.258434512285704,0.09368131868131868,0.0,0.3040327635358323,0.6147064677458637,0.125,0.09615384615384615,0.09615384615384615,-2.3872582445606803,2.0897119996792917
CSGS6,q3_2020,1,robust_condition_cqr,clean,non_ramp,5291,0.9234549234549234,0.023454923454923393,4.116677452639271,3.186891794204712,4.832151271079213,0.8176500313102686,1.3712590297971938,0.0,0.023454923454923393,0.11761935578969346,0.13806146488797752,,robust_local_cqr,5291,0.9415989415989416,0.04159894159894162,4.766878212263001,3.2496566772460938,5.195222917351615,0.8176500313102686,1.3712590297971938,0.0,0.04159894159894162,0.13619652035037147,0.14843494049576045,,0.0,-0.018144018144018226,0.3630716462724024,0.65020075962373
CSGS6,q3_2020,1,robust_condition_cqr,clean,ramp,597,0.525963149078727,0.37403685092127303,9.553582517870108,9.645120620727539,29.117227262912483,4.847129313490498,5.505867835971953,0.37403685092127303,0.0,0.2729595005105745,0.8319207789403567,0.10139266304347826,robust_local_cqr,597,0.6884422110552764,0.21155778894472366,11.661057447468615,11.998257637023926,24.10144589574293,4.847129313490498,5.505867835971953,0.21155778894472366,0.0,0.3331730699276747,0.6886127398783695,0.10139266304347826,0.16247906197654938,0.16247906197654938,-5.015781367169552,2.1074749295985065
CSGS6,q3_2020,1,robust_condition_cqr,combined_outage,non_ramp,5291,0.8831978831978832,0.01680211680211685,5.722044544839743,5.334261894226074,9.084632012960666,1.6069697047224736,2.7300614260949683,0.01680211680211685,0.0,0.16348698699542122,0.25956091465601905,,robust_local_cqr,5291,0.8877338877338877,0.012266112266112295,6.245539526249708,4.856736898422241,8.130930010050664,1.6069697047224736,2.7300614260949683,0.012266112266112295,0.0,0.17844398646427737,0.23231228600144754,,0.0045360045360045564,0.0045360045360045564,-0.9537020029100027,0.5234949814099652
CSGS6,q3_2020,1,robust_condition_cqr,combined_outage,ramp,597,0.6465661641541038,0.2534338358458962,10.530324331904376,10.549692153930664,25.454059206485947,4.414752239358285,5.3020879695642495,0.2534338358458962,0.0,0.30086640948298216,0.727258834471027,0.10139266304347826,robust_local_cqr,597,0.7554438860971524,0.14455611390284762,13.010603695259222,13.264583587646484,22.156334249418187,4.414752239358285,5.3020879695642495,0.14455611390284762,0.0,0.3717315341502635,0.6330381214119482,0.10139266304347826,0.10887772194304857,0.10887772194304857,-3.2977249570677607,2.480279363354846
CSGS6,q3_2020,1,robust_condition_cqr,irradiance_outage,non_ramp,5291,0.9185409185409186,0.01854091854091855,4.529349492010883,3.8075547218322754,5.276560558551478,0.9443839700546015,1.6012905371134298,0.0,0.01854091854091855,0.12940998548602525,0.1507588731014708,,robust_local_cqr,5291,0.9468909468909469,0.04689094689094686,5.169027120833395,3.94378662109375,5.576566809504305,0.9443839700546015,1.6012905371134298,0.0,0.04689094689094686,0.1476864891666684,0.15933048027155158,,0.0,-0.02835002835002831,0.3000062509528272,0.6396776288225112
CSGS6,q3_2020,1,robust_condition_cqr,irradiance_outage,ramp,597,0.542713567839196,0.357286432160804,9.859636151011864,9.692143440246582,27.92430848891611,4.625835140745844,5.349740110655706,0.357286432160804,0.0,0.2817038900289104,0.7978373853976032,0.10139266304347826,robust_local_cqr,597,0.6984924623115578,0.2015075376884422,11.916483869404848,12.090614318847656,22.87779708713343,4.625835140745844,5.349740110655706,0.2015075376884422,0.0,0.34047096769728136,0.6536513453466695,0.10139266304347826,0.15577889447236182,0.15577889447236182,-5.046511401782681,2.0568477183929836
CSGS6,q3_2020,1,robust_condition_cqr,recent_power_outage,non_ramp,5291,0.883008883008883,0.016991116991116995,4.839597577364338,4.108204364776611,6.373029788641455,1.0932854549056823,1.8511390852753655,0.016991116991116995,0.0,0.13827421649612395,0.18208656538975587,,robust_local_cqr,5291,0.9151389151389151,0.015138915138915077,5.424725012894536,4.449069261550903,6.3438887070470145,1.0932854549056823,1.8511390852753655,0.0,0.015138915138915077,0.15499214322555815,0.18125396305848612,,0.016991116991116995,0.001852201852201918,-0.02914108159444062,0.5851274355301976
CSGS6,q3_2020,1,robust_condition_cqr,recent_power_outage,ramp,597,0.5644891122278057,0.3355108877721943,10.235892843636037,10.41879940032959,28.334703015996585,4.823237108924681,5.621609947242709,0.3355108877721943,0.0,0.29245408124674394,0.8095629433141881,0.10139266304347826,robust_local_cqr,597,0.6716917922948074,0.22830820770519267,11.804788488738701,12.106280326843262,24.55660549110703,4.823237108924681,5.621609947242709,0.22830820770519267,0.0,0.33727967110682006,0.7016172997459152,0.10139266304347826,0.10720268006700162,0.10720268006700162,-3.778097524889553,1.568895645102664
CSGS6,q3_2020,1,robust_condition_cqr,weather_outage,non_ramp,5291,0.9132489132489132,0.013248913248913197,4.1695671488724875,3.3406753540039062,4.907201223495075,0.8391997668827077,1.4012971547055986,0.0,0.013248913248913197,0.11913048996778536,0.14020574924271642,,robust_local_cqr,5291,0.9484029484029484,0.04840294840294834,4.861267207212675,3.468721866607666,5.269232385180446,0.8391997668827077,1.4012971547055986,0.0,0.04840294840294834,0.138893348777505,0.15054949671944132,,0.0,-0.035154035154035146,0.36203116168537175,0.6917000583401878
CSGS6,q3_2020,1,robust_condition_cqr,weather_outage,ramp,597,0.5025125628140703,0.3974874371859297,9.497540020238814,9.611063003540039,28.72982940998808,4.7536718822404165,5.4111491931861275,0.3974874371859297,0.0,0.27135828629253755,0.8208522688568023,0.10139266304347826,robust_local_cqr,597,0.6834170854271356,0.21658291457286438,11.646624051645972,11.998385429382324,23.37967110129457,4.7536718822404165,5.4111491931861275,0.21658291457286438,0.0,0.33276068718988494,0.6679906028941306,0.10139266304347826,0.18090452261306533,0.18090452261306533,-5.350158308693512,2.149084031407158
CSGS6,q3_2020,4,robust_condition_cqr,clean,non_ramp,5172,0.87122969837587,0.028770301624129968,6.414710460380212,5.933490514755249,8.758690222818377,1.6649735167235573,2.7095202882893004,0.028770301624129968,0.0,0.1832774417251489,0.25024829208052507,,robust_local_cqr,5172,0.906999226604795,0.006999226604795017,7.29281252239616,6.447938948869705,8.589558012728864,1.6649735167235573,2.7095202882893004,0.0,0.006999226604795017,0.2083660720684617,0.24541594322082466,,0.028770301624129968,0.02177107501933495,-0.16913221008951318,0.8781020620159481
CSGS6,q3_2020,4,robust_condition_cqr,clean,ramp,716,0.6340782122905028,0.26592178770949726,11.013001506345596,11.072123765945435,25.951124572469567,4.89050854810165,6.1113179969141385,0.26592178770949726,0.0,0.31465718589558844,0.741460702070559,0.12160326086956522,robust_local_cqr,716,0.7737430167597765,0.1262569832402235,13.228463200134271,13.612883806228638,21.73609819625343,4.89050854810165,6.1113179969141385,0.1262569832402235,0.0,0.37795609143240777,0.6210313770358122,0.12160326086956522,0.13966480446927376,0.13966480446927376,-4.215026376216137,2.2154616937886757
CSGS6,q3_2020,4,robust_condition_cqr,combined_outage,non_ramp,5172,0.8725831399845321,0.027416860015467948,6.9250184351224116,7.1539307832717896,10.154690895440778,1.933231222645417,3.041490372956891,0.027416860015467948,0.0,0.19785766957492604,0.29013402558402224,,robust_local_cqr,5172,0.867169373549884,0.03283062645011603,7.362428753736428,7.0793057680130005,9.847680043773531,1.933231222645417,3.041490372956891,0.03283062645011603,0.0,0.21035510724961223,0.281362286964958,,-0.005413766434648082,-0.005413766434648082,-0.30701085166724695,0.4374103186140168
CSGS6,q3_2020,4,robust_condition_cqr,combined_outage,ramp,716,0.6829608938547486,0.21703910614525146,11.099024195168115,10.838511228561401,25.456050414536097,4.750027503225141,5.969968906226277,0.21703910614525146,0.0,0.3171149770048033,0.7273157261296028,0.12160326086956522,robust_local_cqr,716,0.7625698324022346,0.13743016759776538,12.61691368705796,12.953149676322937,22.257597075010437,4.750027503225141,5.969968906226277,0.13743016759776538,0.0,0.360483248201656,0.6359313450002982,0.12160326086956522,0.07960893854748607,0.07960893854748607,-3.19845333952566,1.5178894918898447
CSGS6,q3_2020,4,robust_condition_cqr,irradiance_outage,non_ramp,5172,0.8611755607115236,0.03882443928847645,6.604276233318598,6.536421060562134,9.277265365457623,1.781134166545597,2.8491897460310827,0.03882443928847645,0.0,0.18869360666624566,0.26506472472736065,,robust_local_cqr,5172,0.9000386697602475,3.8669760247467266e-05,7.617052289329594,7.170342326164246,9.009805267439049,1.781134166545597,2.8491897460310827,0.0,3.8669760247467266e-05,0.21763006540941698,0.2574230076411157,,0.03882443928847645,0.038785769528228986,-0.2674600980185744,1.0127760560109964
CSGS6,q3_2020,4,robust_condition_cqr,irradiance_outage,ramp,716,0.6717877094972067,0.22821229050279335,11.103456393097574,11.103716135025024,24.152989839130814,4.6696673026568565,5.844578886714446,0.22821229050279335,0.0,0.31724161123135924,0.6900854239751661,0.12160326086956522,robust_local_cqr,716,0.8044692737430168,0.09553072625698322,13.477092871174161,13.867081642150879,20.037906216230834,4.6696673026568565,5.844578886714446,0.09553072625698322,0.0,0.38505979631926174,0.5725116061780238,0.12160326086956522,0.13268156424581012,0.13268156424581012,-4.115083622899981,2.3736364780765875
CSGS6,q3_2020,4,robust_condition_cqr,recent_power_outage,non_ramp,5172,0.8691028615622584,0.030897138437741667,6.839863637738756,6.861855149269104,9.803187185486333,1.8065423751628478,2.8644507290416668,0.030897138437741667,0.0,0.19542467536396446,0.2800910624424667,,robust_local_cqr,5172,0.8919180201082754,0.008081979891724655,7.7003799704011815,7.368694305419922,9.403226091056098,1.8065423751628478,2.8644507290416668,0.008081979891724655,0.0,0.22001085629717662,0.26866360260160277,,0.02281515854601701,0.02281515854601701,-0.3999610944302354,0.8605163326624252
CSGS6,q3_2020,4,robust_condition_cqr,recent_power_outage,ramp,716,0.6731843575418994,0.2268156424581006,11.23878979817678,11.507468223571777,25.2653488223519,4.826806134362211,6.03175071232184,0.2268156424581006,0.0,0.321108279947908,0.7218671092100543,0.12160326086956522,robust_local_cqr,716,0.7891061452513967,0.11089385474860336,13.25825081447038,13.55824327468872,21.35484350528685,4.826806134362211,6.03175071232184,0.11089385474860336,0.0,0.37880716612772514,0.6101383858653386,0.12160326086956522,0.11592178770949724,0.11592178770949724,-3.9105053170650486,2.019461016293599
CSGS6,q3_2020,4,robust_condition_cqr,weather_outage,non_ramp,5172,0.8683294663573086,0.031670533642691456,6.733437693227454,6.446319580078125,9.299501999643795,1.8004748829619144,2.8883244992257593,0.031670533642691456,0.0,0.19238393409221297,0.26570005713267986,,robust_local_cqr,5172,0.898491879350348,0.0015081206496520005,7.631755483643358,6.854506015777588,9.154931050661354,1.8004748829619144,2.8883244992257593,0.0015081206496520005,0.0,0.21805015667552452,0.2615694585903244,,0.030162412993039456,0.030162412993039456,-0.14457094898244094,0.8983177904159048
CSGS6,q3_2020,4,robust_condition_cqr,weather_outage,ramp,716,0.6759776536312849,0.2240223463687151,11.19962649684212,11.404847621917725,24.455173408768697,4.770793647583386,6.023690237016741,0.2240223463687151,0.0,0.31998932848120343,0.6987192402505342,0.12160326086956522,robust_local_cqr,716,0.7905027932960894,0.10949720670391061,13.419385333274954,13.634556412696838,20.95249734758061,4.770793647583386,6.023690237016741,0.10949720670391061,0.0,0.3834110095221416,0.598642781359446,0.12160326086956522,0.11452513966480449,0.11452513966480449,-3.5026760611880867,2.2197588364328347
CSGS6,q4_2020,1,robust_condition_cqr,clean,non_ramp,5584,0.9751074498567335,0.07510744985673345,3.21875252815358,2.5240442752838135,3.460227559453785,0.4573732705672048,0.9600524501616748,0.0,0.07510744985673345,0.09196435794724514,0.09886364455582242,,robust_local_cqr,5584,0.978689111747851,0.07868911174785098,3.382877948978215,2.817965090274811,3.572542975839567,0.4573732705672048,0.9600524501616748,0.0,0.07868911174785098,0.09665365568509185,0.10207265645255906,,0.0,-0.003581661891117527,0.11231541638578202,0.164125420824635
CSGS6,q4_2020,1,robust_condition_cqr,clean,ramp,304,0.5263157894736842,0.37368421052631584,9.697501021780466,9.967841148376465,30.431536478823737,5.002923291666727,5.765172666974575,0.37368421052631584,0.0,0.2770714577651562,0.8694724708235354,0.051630434782608696,robust_local_cqr,304,0.6217105263157895,0.27828947368421053,11.22903238158477,11.099973201751709,27.33912762019195,5.002923291666727,5.765172666974575,0.27828947368421053,0.0,0.3208294966167077,0.7811179320054843,0.051630434782608696,0.09539473684210531,0.09539473684210531,-3.0924088586317886,1.531531359804303
CSGS6,q4_2020,1,robust_condition_cqr,combined_outage,non_ramp,5584,0.9654369627507163,0.06543696275071631,5.412336194722709,5.3798370361328125,6.512255854414708,0.9640735081190794,1.8799870877399825,0.0,0.06543696275071631,0.1546381769920774,0.18606445298327737,,robust_local_cqr,5584,0.9652578796561605,0.06525787965616048,5.624085581316479,5.85033917427063,6.399130439218414,0.9640735081190794,1.8799870877399825,0.0,0.06525787965616048,0.16068815946618512,0.18283229826338326,,0.0,0.00017908309455583193,-0.11312541519629349,0.21174938659377052
CSGS6,q4_2020,1,robust_condition_cqr,combined_outage,ramp,304,0.6611842105263158,0.2388157894736842,10.844663961839519,11.012378215789795,26.977316805700724,4.506958801397367,5.4449527275138525,0.2388157894736842,0.0,0.30984754176684337,0.7707804801628778,0.051630434782608696,robust_local_cqr,304,0.7105263157894737,0.18947368421052635,12.348944116383791,12.942079067230225,24.649968626663874,4.506958801397367,5.4449527275138525,0.18947368421052635,0.0,0.3528269747538226,0.7042848179046821,0.051630434782608696,0.049342105263157854,0.049342105263157854,-2.32734817903685,1.504280154544272
CSGS6,q4_2020,1,robust_condition_cqr,irradiance_outage,non_ramp,5584,0.9763610315186246,0.07636103151862461,3.8511267193152863,3.466989517211914,4.073598731275561,0.5744200257394587,1.167439570862646,0.0,0.07636103151862461,0.11003219198043675,0.11638853517930173,,robust_local_cqr,5584,0.9835243553008596,0.08352435530085955,4.141744069794928,3.7088680267333984,4.27885950130082,0.5744200257394587,1.167439570862646,0.0,0.08352435530085955,0.11833554485128366,0.12225312860859486,,0.0,-0.007163323782234943,0.20526077002525955,0.2906173504796419
CSGS6,q4_2020,1,robust_condition_cqr,irradiance_outage,ramp,304,0.5789473684210527,0.32105263157894737,10.223657397847427,10.438116312026978,28.037487175511686,4.655272109630077,5.50879460380209,0.32105263157894737,0.0,0.29210449708135505,0.8010710621574767,0.051630434782608696,robust_local_cqr,304,0.6546052631578947,0.24539473684210533,11.584848814889005,11.658973217010498,25.23736253812125,4.655272109630077,5.50879460380209,0.24539473684210533,0.0,0.3309956804254002,0.7210675010891786,0.051630434782608696,0.07565789473684204,0.07565789473684204,-2.800124637390436,1.361191417041578
CSGS6,q4_2020,1,robust_condition_cqr,recent_power_outage,non_ramp,5584,0.9795845272206304,0.07958452722063036,4.328171287176021,4.308044195175171,4.610849714324023,0.6650117597604338,1.300791223000047,0.0,0.07958452722063036,0.12366203677645775,0.13173856326640065,,robust_local_cqr,5584,0.9788681948424068,0.07886819484240681,4.339273365696786,4.177617311477661,4.570988342275003,0.6650117597604338,1.300791223000047,0.0,0.07886819484240681,0.12397923901990818,0.13059966692214295,,0.0,0.0007163323782235498,-0.03986137204902018,0.011102078520765168
CSGS6,q4_2020,1,robust_condition_cqr,recent_power_outage,ramp,304,0.5657894736842105,0.3342105263157895,10.656283189591608,10.441659927368164,29.730498347235354,4.944579615698833,5.860325946709363,0.3342105263157895,0.0,0.30446523398833164,0.8494428099210101,0.051630434782608696,robust_local_cqr,304,0.6019736842105263,0.2980263157894737,11.169222287441555,10.779541492462158,28.868230100917188,4.944579615698833,5.860325946709363,0.2980263157894737,0.0,0.3191206367840444,0.8248065743119196,0.051630434782608696,0.03618421052631582,0.03618421052631582,-0.8622682463181661,0.5129390978499462
CSGS6,q4_2020,1,robust_condition_cqr,weather_outage,non_ramp,5584,0.9765401146131805,0.07654011461318044,3.2289197994188443,2.6229238510131836,3.4882413791978757,0.47126607779293334,1.005553917836002,0.0,0.07654011461318044,0.09225485141196699,0.09966403940565359,,robust_local_cqr,5584,0.9783309455587392,0.0783309455587392,3.382280859476983,2.8420562744140625,3.5786886769642465,0.47126607779293334,1.005553917836002,0.0,0.0783309455587392,0.09663659598505665,0.10224824791326419,,0.0,-0.0017908309455587634,0.09044729776637084,0.15336106005813877
CSGS6,q4_2020,1,robust_condition_cqr,weather_outage,ramp,304,0.5657894736842105,0.3342105263157895,9.61767143873792,9.663947582244873,30.379891657907713,4.947589178128462,5.736521511533558,0.3342105263157895,0.0,0.2747906125353691,0.8679969045116489,0.051630434782608696,robust_local_cqr,304,0.6348684210526315,0.2651315789473685,11.141238165333084,10.903337001800537,27.464995899678843,4.947589178128462,5.736521511533558,0.2651315789473685,0.0,0.3183210904380881,0.7847141685622526,0.051630434782608696,0.06907894736842102,0.06907894736842102,-2.9148957582288695,1.5235667265951633
CSGS6,q4_2020,4,robust_condition_cqr,clean,non_ramp,4948,0.9674616006467259,0.0674616006467259,5.468942182106941,4.080453030765057,6.290162256091423,1.046137057595606,2.0493139053934954,0.0,0.0674616006467259,0.15625549091734117,0.1797189216026121,,robust_local_cqr,4948,0.9737267582861763,0.07372675828617625,5.426155064926769,3.833183467388153,5.950750017448509,1.046137057595606,2.0493139053934954,0.0,0.07372675828617625,0.15503300185505056,0.1700214290699574,,0.0,-0.006265157639450347,-0.3394122386429146,-0.04278711718017192
CSGS6,q4_2020,4,robust_condition_cqr,clean,ramp,940,0.8563829787234043,0.043617021276595724,8.519050659820874,7.263979196548462,17.155369679513882,2.428956121646185,4.243013863279972,0.043617021276595724,0.0,0.24340144742345352,0.4901534194146823,0.15964673913043478,robust_local_cqr,940,0.8946808510638298,0.005319148936170248,10.36086340995228,9.831738710403442,17.377133775280512,2.428956121646185,4.243013863279972,0.005319148936170248,0.0,0.29602466885577944,0.49648953643658605,0.15964673913043478,0.038297872340425476,0.038297872340425476,0.22176409576663048,1.8418127501314068
CSGS6,q4_2020,4,robust_condition_cqr,combined_outage,non_ramp,4948,0.9575586095392078,0.05755860953920777,7.017356951975301,6.42545223236084,8.415292090115761,1.3971449103340656,2.558837430400795,0.0,0.05755860953920777,0.20049591291358002,0.24043691686045032,,robust_local_cqr,4948,0.9731204527081649,0.07312045270816492,7.018276947580762,6.147881031036377,7.914385911724162,1.3971449103340656,2.558837430400795,0.0,0.07312045270816492,0.20052219850230749,0.2261253117635475,,0.0,-0.015561843168957146,-0.5009061783915989,0.0009199956054608549
CSGS6,q4_2020,4,robust_condition_cqr,combined_outage,ramp,940,0.9127659574468086,0.012765957446808529,10.3869368864263,9.568825483322144,15.463824453418876,2.5668588235657266,4.0392595599804695,0.0,0.012765957446808529,0.2967696253264657,0.4418235558119679,0.15964673913043478,robust_local_cqr,940,0.9297872340425531,0.029787234042553123,11.433325774659417,10.728599071502686,15.460467596170666,2.5668588235657266,4.0392595599804695,0.0,0.029787234042553123,0.3266664507045548,0.44172764560487615,0.15964673913043478,0.0,-0.017021276595744594,-0.003356857248210332,1.0463888882331176
CSGS6,q4_2020,4,robust_condition_cqr,irradiance_outage,non_ramp,4948,0.969482619240097,0.06948261924009702,6.079491475526064,5.3433332443237305,6.888440326599874,1.1134749162520576,2.132040170161083,0.0,0.06948261924009702,0.17369975644360183,0.19681258075999641,,robust_local_cqr,4948,0.9797898140662894,0.07978981406628938,6.081908535186139,5.16898250579834,6.556078919694611,1.1134749162520576,2.132040170161083,0.0,0.07978981406628938,0.17376881529103255,0.1873165405627032,,0.0,-0.010307194826192356,-0.33236140690526295,0.002417059660075438
CSGS6,q4_2020,4,robust_condition_cqr,irradiance_outage,ramp,940,0.8861702127659574,0.013829787234042601,9.241215218379697,8.121656060218811,15.99399352022744,2.4417850866438227,4.1472570612971,0.013829787234042601,0.0,0.2640347205251342,0.4569712434350697,0.15964673913043478,robust_local_cqr,940,0.9106382978723404,0.010638297872340385,10.973415852102892,10.579689979553223,16.531205555735816,2.4417850866438227,4.1472570612971,0.0,0.010638297872340385,0.3135261672029398,0.472320158735309,0.15964673913043478,0.013829787234042601,0.0031914893617022155,0.5372120355083769,1.7322006337231954
CSGS6,q4_2020,4,robust_condition_cqr,recent_power_outage,non_ramp,4948,0.9723120452708165,0.07231204527081647,6.4074638309457885,5.65716552734375,6.981440734033523,1.1887877920907641,2.229178480218725,0.0,0.07231204527081647,0.18307039516987966,0.19946973525810066,,robust_local_cqr,4948,0.9852465642683913,0.08524656426839128,6.494713366997438,5.343644618988037,6.86675546264294,1.1887877920907641,2.229178480218725,0.0,0.08524656426839128,0.18556323905706965,0.1961930132183697,,0.0,-0.012934518997574806,-0.1146852713905826,0.0872495360516492
CSGS6,q4_2020,4,robust_condition_cqr,recent_power_outage,ramp,940,0.8829787234042553,0.017021276595744705,10.01411408188733,9.350993394851685,16.617131554093607,2.5964582530662734,4.291487570742481,0.017021276595744705,0.0,0.28611754519678084,0.4747751872598173,0.15964673913043478,robust_local_cqr,940,0.9117021276595745,0.011702127659574457,11.695825900101788,11.833329200744629,17.17733132959287,2.5964582530662734,4.291487570742481,0.0,0.011702127659574457,0.3341664542886225,0.49078089513122486,0.15964673913043478,0.017021276595744705,0.005319148936170248,0.5601997754992638,1.681711818214458
CSGS6,q4_2020,4,robust_condition_cqr,weather_outage,non_ramp,4948,0.9535165723524657,0.05351657235246565,5.6221353187513365,4.404071807861328,6.770768099287924,1.1473085364325888,2.1903956906956714,0.0,0.05351657235246565,0.1606324376786096,0.19345051712251213,,robust_local_cqr,4948,0.9650363783346807,0.06503637833468068,5.625097622807122,3.883969306945801,6.367371967411409,1.1473085364325888,2.1903956906956714,0.0,0.06503637833468068,0.16071707493734633,0.1819249133546117,,0.0,-0.011519805982215026,-0.4033961318765149,0.0029623040557851255
CSGS6,q4_2020,4,robust_condition_cqr,weather_outage,ramp,940,0.8691489361702127,0.030851063829787306,8.591736478937117,7.079485774040222,16.57462780138755,2.4245197977484305,4.218120642278111,0.030851063829787306,0.0,0.24547818511248906,0.4735607943253586,0.15964673913043478,robust_local_cqr,940,0.8978723404255319,0.0021276595744681437,10.384654169670366,9.795068979263306,16.894346723973037,2.4245197977484305,4.218120642278111,0.0021276595744681437,0.0,0.29670440484772476,0.4826956206849439,0.15964673913043478,0.028723404255319163,0.028723404255319163,0.31971892258548706,1.7929176907332494
CSGS7,q1_2020,1,robust_condition_cqr,clean,non_ramp,5240,0.958587786259542,0.058587786259541974,4.242495949287719,3.9740145206451416,4.595413959688256,0.5414994453722367,1.0733946780551518,0.0,0.058587786259541974,0.14141653164292395,0.15318046532294186,,robust_local_cqr,5240,0.9862595419847329,0.08625954198473285,4.967866565243358,4.836006760597229,5.053300824958641,0.5414994453722367,1.0733946780551518,0.0,0.08625954198473285,0.1655955521747786,0.1684433608319547,,0.0,-0.027671755725190872,0.45788686527038536,0.7253706159556392
CSGS7,q1_2020,1,robust_condition_cqr,clean,ramp,584,0.5496575342465754,0.35034246575342465,10.01895458475776,10.52945852279663,32.78100367431363,5.011882746182119,6.020938503834465,0.35034246575342465,0.0,0.3339651528252586,1.0927001224771211,0.10027472527472528,robust_local_cqr,584,0.7123287671232876,0.1876712328767124,12.485518247246334,12.860548973083496,26.031286064229192,5.011882746182119,6.020938503834465,0.1876712328767124,0.0,0.4161839415748778,0.8677095354743064,0.10027472527472528,0.16267123287671226,0.16267123287671226,-6.7497176100844385,2.466563662488575
CSGS7,q1_2020,1,robust_condition_cqr,combined_outage,non_ramp,5240,0.9206106870229007,0.020610687022900698,5.078460002796549,5.223573207855225,7.036928472058463,1.2246858544652666,2.315436021000736,0.0,0.020610687022900698,0.1692820000932183,0.23456428240194876,,robust_local_cqr,5240,0.9458015267175572,0.04580152671755722,5.6841348910516745,5.236464500427246,6.570340768179326,1.2246858544652666,2.315436021000736,0.0,0.04580152671755722,0.18947116303505582,0.21901135893931087,,0.0,-0.02519083969465652,-0.46658770387913684,0.605674888255125
CSGS7,q1_2020,1,robust_condition_cqr,combined_outage,ramp,584,0.6472602739726028,0.25273972602739725,11.071529862840903,10.910298585891724,29.651187918391333,4.771420851351426,5.851225146532296,0.25273972602739725,0.0,0.3690509954280301,0.9883729306130444,0.10027472527472528,robust_local_cqr,584,0.7808219178082192,0.11917808219178083,13.797683988107776,14.225451350212097,25.0041166859175,4.771420851351426,5.851225146532296,0.11917808219178083,0.0,0.45992279960359256,0.83347055619725,0.10027472527472528,0.13356164383561642,0.13356164383561642,-4.647071232473834,2.7261541252668735
CSGS7,q1_2020,1,robust_condition_cqr,irradiance_outage,non_ramp,5240,0.9559160305343511,0.055916030534351124,3.653535451051979,2.6498870849609375,4.075276150978449,0.5822487594428599,1.2520675396877097,0.0,0.055916030534351124,0.12178451503506597,0.1358425383659483,,robust_local_cqr,5240,0.9811068702290077,0.08110687022900764,4.412360486067009,3.442111015319824,4.557719343903491,0.5822487594428599,1.2520675396877097,0.0,0.08110687022900764,0.1470786828689003,0.15192397813011638,,0.0,-0.02519083969465652,0.4824431929250421,0.7588250350150303
CSGS7,q1_2020,1,robust_condition_cqr,irradiance_outage,ramp,584,0.577054794520548,0.32294520547945205,10.592101198353179,11.254081964492798,31.548572244301234,4.853042388717606,5.912940614898414,0.32294520547945205,0.0,0.35307003994510594,1.0516190748100411,0.10027472527472528,robust_local_cqr,584,0.7157534246575342,0.1842465753424658,12.71226337118304,13.345057368278503,26.013397477618227,4.853042388717606,5.912940614898414,0.1842465753424658,0.0,0.423742112372768,0.867113249253941,0.10027472527472528,0.13869863013698625,0.13869863013698625,-5.5351747666830065,2.120162172829861
CSGS7,q1_2020,1,robust_condition_cqr,recent_power_outage,non_ramp,5240,0.9209923664122137,0.020992366412213692,5.514424406972064,5.839349746704102,6.429666658728181,1.0778538216275435,1.747301700647447,0.0,0.020992366412213692,0.1838141468990688,0.21432222195760606,,robust_local_cqr,5240,0.9721374045801526,0.07213740458015261,6.361496867080445,6.827130198478699,6.604072531697981,1.0778538216275435,1.747301700647447,0.0,0.07213740458015261,0.21204989556934814,0.22013575105659938,,0.0,-0.05114503816793892,0.1744058729697997,0.8470724601083806
CSGS7,q1_2020,1,robust_condition_cqr,recent_power_outage,ramp,584,0.6078767123287672,0.29212328767123286,11.07340592316875,11.310070872306824,29.910980317971273,4.977153291520926,6.019396789813503,0.29212328767123286,0.0,0.36911353077229164,0.9970326772657091,0.10027472527472528,robust_local_cqr,584,0.7363013698630136,0.16369863013698638,13.384633884446261,13.49626338481903,24.423082468444353,4.977153291520926,6.019396789813503,0.16369863013698638,0.0,0.44615446281487536,0.814102748948145,0.10027472527472528,0.12842465753424648,0.12842465753424648,-5.48789784952692,2.3112279612775115
CSGS7,q1_2020,1,robust_condition_cqr,weather_outage,non_ramp,5240,0.9538167938931298,0.053816793893129766,4.277960866197151,4.07896214723587,4.709525470778302,0.6025815520256348,1.1675592880399421,0.0,0.053816793893129766,0.14259869553990503,0.15698418235927672,,robust_local_cqr,5240,0.983969465648855,0.08396946564885499,5.001427126241747,4.945944428443909,5.104470660542385,0.6025815520256348,1.1675592880399421,0.0,0.08396946564885499,0.16671423754139159,0.17014902201807952,,0.0,-0.030152671755725224,0.39494518976408344,0.7234662600445967
CSGS7,q1_2020,1,robust_condition_cqr,weather_outage,ramp,584,0.5462328767123288,0.35376712328767124,9.865888609461589,10.316718578338623,33.50720752102055,4.979092636234956,5.98334010544247,0.35376712328767124,0.0,0.32886295364871965,1.1169069173673516,0.10027472527472528,robust_local_cqr,584,0.7054794520547946,0.19452054794520546,12.461074489589832,12.930360317230225,26.14737276748231,4.979092636234956,5.98334010544247,0.19452054794520546,0.0,0.4153691496529944,0.8715790922494103,0.10027472527472528,0.15924657534246578,0.15924657534246578,-7.359834753538237,2.595185880128243
CSGS7,q1_2020,4,robust_condition_cqr,clean,non_ramp,4369,0.9347676813916228,0.034767681391622784,6.468446459214523,4.873785018920898,7.9112928127992,1.25311419464068,2.491734176760559,0.0,0.034767681391622784,0.21561488197381745,0.26370976042664,,robust_local_cqr,4369,0.9613183794918746,0.061318379491874575,6.952857779019407,6.458229064941406,7.6356034278662195,1.25311419464068,2.491734176760559,0.0,0.061318379491874575,0.23176192596731357,0.25452011426220733,,0.0,-0.02655069810025179,-0.27568938493298045,0.4844113198048836
CSGS7,q1_2020,4,robust_condition_cqr,clean,ramp,1455,0.8391752577319588,0.06082474226804124,8.54444962591381,7.1700828075408936,15.120243796418801,2.6659110589070516,4.509889215218769,0.06082474226804124,0.0,0.2848149875304603,0.5040081265472934,0.2498282967032967,robust_local_cqr,1455,0.8701030927835052,0.02989690721649485,10.052557531068592,8.48093843460083,14.670137053125584,2.6659110589070516,4.509889215218769,0.02989690721649485,0.0,0.33508525103561976,0.4890045684375195,0.2498282967032967,0.030927835051546393,0.030927835051546393,-0.4501067432932171,1.508107905154782
CSGS7,q1_2020,4,robust_condition_cqr,combined_outage,non_ramp,4369,0.9347676813916228,0.034767681391622784,6.202129933357232,4.913722991943359,8.263183585398153,1.4471791428767227,2.7833229784655855,0.0,0.034767681391622784,0.20673766444524105,0.2754394528466051,,robust_local_cqr,4369,0.9567406729228657,0.056740672922865665,6.71215364052039,5.541814804077148,7.772729237405419,1.4471791428767227,2.7833229784655855,0.0,0.056740672922865665,0.22373845468401302,0.25909097458018066,,0.0,-0.02197299153124288,-0.4904543479927339,0.5100237071631586
CSGS7,q1_2020,4,robust_condition_cqr,combined_outage,ramp,1455,0.8536082474226804,0.046391752577319645,8.727433871127076,7.160768508911133,16.928361190727486,2.744443007480174,4.472900899929806,0.046391752577319645,0.0,0.2909144623709025,0.5642787063575828,0.2498282967032967,robust_local_cqr,1455,0.8831615120274914,0.016838487972508642,10.024192141879452,8.647144764661789,15.776545267556939,2.744443007480174,4.472900899929806,0.016838487972508642,0.0,0.3341397380626484,0.5258848422518979,0.2498282967032967,0.029553264604811003,0.029553264604811003,-1.1518159231705472,1.2967582707523757
CSGS7,q1_2020,4,robust_condition_cqr,irradiance_outage,non_ramp,4369,0.9345387960631724,0.03453879606317234,6.077983453526622,4.908695220947266,7.723145911100852,1.288386069940488,2.5336362171212365,0.0,0.03453879606317234,0.2025994484508874,0.25743819703669507,,robust_local_cqr,4369,0.9585717555504693,0.05857175555046923,6.896851415366904,6.185518264770508,7.69956654773479,1.288386069940488,2.5336362171212365,0.0,0.05857175555046923,0.2298950471788968,0.2566522182578263,,0.0,-0.02403295948729689,-0.023579363366062367,0.8188679618402821
CSGS7,q1_2020,4,robust_condition_cqr,irradiance_outage,ramp,1455,0.8467353951890034,0.053264604810996596,8.530893975112882,7.270468711853027,15.30481635951261,2.6349696397019673,4.4487938218467935,0.053264604810996596,0.0,0.2843631325037627,0.510160545317087,0.2498282967032967,robust_local_cqr,1455,0.8804123711340206,0.019587628865979423,10.13143577996955,8.735541701316833,14.774338623060432,2.6349696397019673,4.4487938218467935,0.019587628865979423,0.0,0.337714525998985,0.4924779541020144,0.2498282967032967,0.033676975945017174,0.033676975945017174,-0.5304777364521787,1.6005418048566682
CSGS7,q1_2020,4,robust_condition_cqr,recent_power_outage,non_ramp,4369,0.9386587319752804,0.03865873197528036,7.2443027303547565,6.063715696334839,8.525318863498455,1.4279172229499844,2.6503784874677203,0.0,0.03865873197528036,0.2414767576784919,0.2841772954499485,,robust_local_cqr,4369,0.9707026779583429,0.07070267795834284,8.21216946184817,7.551986217498779,8.774637127585205,1.4279172229499844,2.6503784874677203,0.0,0.07070267795834284,0.2737389820616057,0.29248790425284016,,0.0,-0.03204394598306248,0.2493182640867495,0.9678667314934133
CSGS7,q1_2020,4,robust_condition_cqr,recent_power_outage,ramp,1455,0.8515463917525773,0.04845360824742273,9.34448224401799,7.9447513818740845,14.546981526746757,2.8019633922497884,4.497814133490624,0.04845360824742273,0.0,0.31148274146726634,0.4848993842248919,0.2498282967032967,robust_local_cqr,1455,0.8907216494845361,0.009278350515463885,10.887999226718891,9.698734283447266,14.046053332939609,2.8019633922497884,4.497814133490624,0.009278350515463885,0.0,0.36293330755729636,0.4682017777646536,0.2498282967032967,0.039175257731958846,0.039175257731958846,-0.5009281938071481,1.5435169827009005
CSGS7,q1_2020,4,robust_condition_cqr,weather_outage,non_ramp,4369,0.929732204165713,0.029732204165712983,6.547786616269599,5.067514896392822,8.295052882608552,1.3028304544509441,2.5581325869724916,0.0,0.029732204165712983,0.2182595538756533,0.2765017627536184,,robust_local_cqr,4369,0.9512474250400549,0.05124742504005486,6.986244073390189,6.410899639129639,7.890699437475744,1.3028304544509441,2.5581325869724916,0.0,0.05124742504005486,0.23287480244633965,0.2630233145825248,,0.0,-0.021515220874341878,-0.40435344513280747,0.4384574571205899
CSGS7,q1_2020,4,robust_condition_cqr,weather_outage,ramp,1455,0.8446735395189003,0.05532646048109968,8.42422147739,6.589698791503906,15.144258657923524,2.7528339051561512,4.595501477968836,0.05532646048109968,0.0,0.2808073825796667,0.5048086219307841,0.2498282967032967,robust_local_cqr,1455,0.8838487972508591,0.016151202749140947,9.90814181441062,8.277138710021973,14.269797760732327,2.7528339051561512,4.595501477968836,0.016151202749140947,0.0,0.3302713938136873,0.47565992535774426,0.2498282967032967,0.039175257731958735,0.039175257731958735,-0.8744608971911969,1.4839203370206189
CSGS7,q2_2020,1,robust_condition_cqr,clean,non_ramp,5020,0.951195219123506,0.051195219123506,4.025834633957059,3.262941360473633,4.391072678998316,0.6620504741323532,1.2139932201365555,0.0,0.051195219123506,0.13419448779856863,0.14636908929994386,,robust_local_cqr,5020,0.9679282868525897,0.06792828685258967,4.690569150877952,3.29244327545166,4.8657983398983955,0.6620504741323532,1.2139932201365555,0.0,0.06792828685258967,0.15635230502926506,0.16219327799661318,,0.0,-0.016733067729083673,0.47472566090007984,0.6647345169208929
CSGS7,q2_2020,1,robust_condition_cqr,clean,ramp,804,0.6181592039800995,0.28184079601990053,9.752801763106934,9.899783611297607,24.651555367444285,4.548084988346814,5.29430426966188,0.28184079601990053,0.0,0.32509339210356447,0.8217185122481429,0.13804945054945056,robust_local_cqr,804,0.7835820895522388,0.11641791044776117,12.433598014604838,12.911360740661621,20.334885728800327,4.548084988346814,5.29430426966188,0.11641791044776117,0.0,0.4144532671534946,0.6778295242933442,0.13804945054945056,0.16542288557213936,0.16542288557213936,-4.316669638643958,2.6807962514979042
CSGS7,q2_2020,1,robust_condition_cqr,combined_outage,non_ramp,5020,0.9185258964143427,0.018525896414342657,5.686289623708082,5.301793098449707,7.845777744703752,1.4103143806554146,2.5441705638837284,0.0,0.018525896414342657,0.18954298745693607,0.2615259248234584,,robust_local_cqr,5020,0.9356573705179283,0.03565737051792828,5.912842705873441,4.202104806900024,7.098710900894053,1.4103143806554146,2.5441705638837284,0.0,0.03565737051792828,0.19709475686244804,0.23662369669646843,,0.0,-0.01713147410358562,-0.7470668438096988,0.22655308216535897
CSGS7,q2_2020,1,robust_condition_cqr,combined_outage,ramp,804,0.7263681592039801,0.1736318407960199,11.124455885326869,11.397427558898926,21.45791462060546,4.094306391659216,4.9992882883060075,0.1736318407960199,0.0,0.3708151961775623,0.7152638206868487,0.13804945054945056,robust_local_cqr,804,0.8233830845771144,0.07661691542288562,13.343471485880476,14.462527513504028,19.516051975055714,4.094306391659216,4.9992882883060075,0.07661691542288562,0.0,0.44478238286268257,0.6505350658351905,0.13804945054945056,0.09701492537313428,0.09701492537313428,-1.9418626455497474,2.2190156005536075
CSGS7,q2_2020,1,robust_condition_cqr,irradiance_outage,non_ramp,5020,0.9482071713147411,0.04820717131474106,4.296312656256765,3.480149745941162,4.798242590347417,0.7475714036152589,1.3748330952431922,0.0,0.04820717131474106,0.1432104218752255,0.15994141967824724,,robust_local_cqr,5020,0.9651394422310757,0.0651394422310757,4.848615088526858,3.5164310336112976,5.103522080606545,0.7475714036152589,1.3748330952431922,0.0,0.0651394422310757,0.16162050295089528,0.17011740268688486,,0.0,-0.016932270916334646,0.30527949025912804,0.5523024322700936
CSGS7,q2_2020,1,robust_condition_cqr,irradiance_outage,ramp,804,0.6417910447761194,0.25820895522388065,10.185735193440872,10.497036337852478,22.508036516878445,4.352863744410932,5.1303489526225095,0.25820895522388065,0.0,0.33952450644802906,0.7502678838959481,0.13804945054945056,robust_local_cqr,804,0.777363184079602,0.12263681592039799,12.294618927445077,12.780935525894165,19.284040042437816,4.352863744410932,5.1303489526225095,0.12263681592039799,0.0,0.4098206309148359,0.6428013347479272,0.13804945054945056,0.13557213930348266,0.13557213930348266,-3.2239964744406286,2.1088837340042055
CSGS7,q2_2020,1,robust_condition_cqr,recent_power_outage,non_ramp,5020,0.9559760956175298,0.05597609561752981,5.7367314248548125,5.3032128512859344,6.204601138004993,0.9012952416164449,1.5752013494897983,0.0,0.05597609561752981,0.19122438082849375,0.20682003793349976,,robust_local_cqr,5020,0.9778884462151395,0.07788844621513946,6.4111642465134775,5.499751925468445,6.575994014763437,0.9012952416164449,1.5752013494897983,0.0,0.07788844621513946,0.21370547488378258,0.21919980049211457,,0.0,-0.021912350597609653,0.3713928767584447,0.674432821658665
CSGS7,q2_2020,1,robust_condition_cqr,recent_power_outage,ramp,804,0.6902985074626866,0.2097014925373134,11.061759634156576,11.274821281433105,22.28405970992956,4.474720963070735,5.288183201471548,0.2097014925373134,0.0,0.36872532113855255,0.7428019903309854,0.13804945054945056,robust_local_cqr,804,0.8171641791044776,0.08283582089552244,13.312070147259467,13.851012706756592,19.348169240433332,4.474720963070735,5.288183201471548,0.08283582089552244,0.0,0.44373567157531557,0.644938974681111,0.13804945054945056,0.12686567164179097,0.12686567164179097,-2.935890469496229,2.2503105131028907
CSGS7,q2_2020,1,robust_condition_cqr,weather_outage,non_ramp,5020,0.948804780876494,0.04880478087649398,4.0739106762331385,3.4830562472343445,4.479564397904616,0.6675354727021384,1.2124122175530831,0.0,0.04880478087649398,0.13579702254110462,0.1493188132634872,,robust_local_cqr,5020,0.9653386454183267,0.06533864541832668,4.74063031762963,3.551949381828308,4.929319692187456,0.6675354727021384,1.2124122175530831,0.0,0.06533864541832668,0.15802101058765433,0.16431065640624853,,0.0,-0.0165338645418327,0.44975529428284045,0.6667196413964911
CSGS7,q2_2020,1,robust_condition_cqr,weather_outage,ramp,804,0.6156716417910447,0.2843283582089553,9.810556645602432,9.877221941947937,24.272161289271136,4.532153475570923,5.273526423656404,0.2843283582089553,0.0,0.3270185548534144,0.8090720429757046,0.13804945054945056,robust_local_cqr,804,0.7761194029850746,0.12388059701492538,12.484431786101256,12.840198278427124,20.12113314770644,4.532153475570923,5.273526423656404,0.12388059701492538,0.0,0.4161477262033752,0.6707044382568814,0.13804945054945056,0.16044776119402993,0.16044776119402993,-4.151028141564694,2.673875140498824
CSGS7,q2_2020,4,robust_condition_cqr,clean,non_ramp,4763,0.930715935334873,0.030715935334872935,6.208146130290348,5.257379531860352,7.484168274204169,1.3616664185126666,2.3903942665036193,0.0,0.030715935334872935,0.20693820434301158,0.24947227580680564,,robust_local_cqr,4763,0.9355448246903212,0.035544824690321164,7.1228733445837955,5.547458648681641,7.9556082082528095,1.3616664185126666,2.3903942665036193,0.0,0.035544824690321164,0.23742911148612653,0.26518694027509365,,0.0,-0.004828889355448229,0.4714399340486404,0.9147272142934479
CSGS7,q2_2020,4,robust_condition_cqr,clean,ramp,1061,0.7596606974552309,0.14033930254476912,10.478954451455442,11.021786212921143,20.56386264085317,3.9757892741478496,5.40841510836994,0.14033930254476912,0.0,0.3492984817151814,0.685462088028439,0.1821771978021978,robust_local_cqr,1061,0.8661639962299718,0.03383600377002827,12.852512830035351,13.860379219055176,18.1261500862456,3.9757892741478496,5.40841510836994,0.03383600377002827,0.0,0.4284170943345117,0.6042050028748533,0.1821771978021978,0.10650329877474085,0.10650329877474085,-2.437712554607568,2.3735583785799097
CSGS7,q2_2020,4,robust_condition_cqr,combined_outage,non_ramp,4763,0.9340751627125761,0.034075162712576046,6.797497053223746,6.071971416473389,8.525820585659137,1.6664680268367598,2.7721971786958925,0.0,0.034075162712576046,0.2265832351074582,0.2841940195219712,,robust_local_cqr,4763,0.917069074112954,0.017069074112953997,7.174743018591405,6.024939883500338,8.40593171791634,1.6664680268367598,2.7721971786958925,0.0,0.017069074112953997,0.23915810061971352,0.2801977239305447,,0.0,0.01700608859962205,-0.11988886774279628,0.377245965367659
CSGS7,q2_2020,4,robust_condition_cqr,combined_outage,ramp,1061,0.7662582469368521,0.13374175306314795,10.690710499242797,11.058494091033936,19.650888075118992,3.8066393078921905,5.139241455859312,0.13374175306314795,0.0,0.3563570166414266,0.6550296025039664,0.1821771978021978,robust_local_cqr,1061,0.8463713477851084,0.05362865221489166,12.28953107311737,13.135882496833801,17.489718873416752,3.8066393078921905,5.139241455859312,0.05362865221489166,0.0,0.409651035770579,0.5829906291138918,0.1821771978021978,0.08011310084825629,0.08011310084825629,-2.16116920170224,1.5988205738745727
CSGS7,q2_2020,4,robust_condition_cqr,irradiance_outage,non_ramp,4763,0.9317656938904052,0.03176569389040518,6.3567635191093865,5.3277268409729,7.741346340668371,1.4572405554544592,2.476652134991742,0.0,0.03176569389040518,0.2118921173036462,0.25804487802227905,,robust_local_cqr,4763,0.9334453075792568,0.03344530757925679,7.329288311610537,5.887133598327637,8.15485364034878,1.4572405554544592,2.476652134991742,0.0,0.03344530757925679,0.2443096103870179,0.27182845467829264,,0.0,-0.0016796136888516111,0.41350729968040856,0.9725247925011509
CSGS7,q2_2020,4,robust_condition_cqr,irradiance_outage,ramp,1061,0.7690857681432611,0.1309142318567389,10.413282721453065,11.00455093383789,20.420348080699785,3.9907359031242344,5.373656724161926,0.1309142318567389,0.0,0.3471094240484355,0.6806782693566595,0.1821771978021978,robust_local_cqr,1061,0.8718190386427899,0.028180961357210155,12.794786043186004,13.665927648544312,18.459146546361428,3.9907359031242344,5.373656724161926,0.028180961357210155,0.0,0.42649286810620013,0.6153048848787143,0.1821771978021978,0.10273327049952874,0.10273327049952874,-1.9612015343383575,2.3815033217329393
CSGS7,q2_2020,4,robust_condition_cqr,recent_power_outage,non_ramp,4763,0.9447826999790049,0.04478269997900486,7.019164394605854,6.820913314819336,8.09110454489062,1.470465961161118,2.497831926332141,0.0,0.04478269997900486,0.2339721464868618,0.2697034848296873,,robust_local_cqr,4763,0.9399538106235565,0.03995381062355652,7.748961420131267,7.360291630029678,8.396496064665055,1.470465961161118,2.497831926332141,0.0,0.03995381062355652,0.2582987140043756,0.27988320215550183,,0.0,0.00482888935544834,0.30539151977443524,0.7297970255254134
CSGS7,q2_2020,4,robust_condition_cqr,recent_power_outage,ramp,1061,0.764373232799246,0.13562676720075406,11.085575067443452,11.646696090698242,20.009644593319326,3.885287299100924,5.2562281503915145,0.13562676720075406,0.0,0.36951916891478176,0.6669881531106442,0.1821771978021978,robust_local_cqr,1061,0.8661639962299718,0.03383600377002827,13.086908019771913,14.165597200393677,17.80686990218193,3.885287299100924,5.2562281503915145,0.03383600377002827,0.0,0.43623026732573045,0.593562330072731,0.1821771978021978,0.1017907634307258,0.1017907634307258,-2.202774691137396,2.001332952328461
CSGS7,q2_2020,4,robust_condition_cqr,weather_outage,non_ramp,4763,0.9447826999790049,0.04478269997900486,6.408118801837196,5.405818939208984,7.5617285302305195,1.3884755227206977,2.41803476551634,0.0,0.04478269997900486,0.21360396006123986,0.25205761767435064,,robust_local_cqr,4763,0.9292462733571278,0.029246273357127817,7.109664537195098,5.200100552290678,7.999140761043015,1.3884755227206977,2.41803476551634,0.0,0.029246273357127817,0.23698881790650325,0.2666380253681005,,0.0,0.015536426621877042,0.4374122308124955,0.701545735357902
CSGS7,q2_2020,4,robust_condition_cqr,weather_outage,ramp,1061,0.7596606974552309,0.14033930254476912,10.635384250240458,10.990539789199829,20.36656399673153,3.968256647841659,5.407468002767226,0.14033930254476912,0.0,0.3545128083413486,0.6788854665577176,0.1821771978021978,robust_local_cqr,1061,0.8661639962299718,0.03383600377002827,12.724478274647016,13.66669511795044,18.147879846372994,3.968256647841659,5.407468002767226,0.03383600377002827,0.0,0.4241492758215672,0.6049293282124332,0.1821771978021978,0.10650329877474085,0.10650329877474085,-2.218684150358534,2.089094024406558
CSGS7,q3_2020,1,robust_condition_cqr,clean,non_ramp,4960,0.9399193548387097,0.039919354838709675,4.363988770465787,3.4151386618614197,4.924065121674783,0.7862419937358174,1.3469340999147288,0.0,0.039919354838709675,0.14546629234885958,0.16413550405582608,,robust_local_cqr,4960,0.958266129032258,0.05826612903225803,5.096626035093282,3.605967164039612,5.354308885547641,0.7862419937358174,1.3469340999147288,0.0,0.05826612903225803,0.1698875345031094,0.17847696285158804,,0.0,-0.018346774193548354,0.43024376387285823,0.7326372646274946
CSGS7,q3_2020,1,robust_condition_cqr,clean,ramp,928,0.6056034482758621,0.2943965517241379,9.893707372553262,9.914836883544922,25.716669433252438,4.594292079660527,5.32887363523672,0.2943965517241379,0.0,0.3297902457517754,0.8572223144417479,0.15760869565217392,robust_local_cqr,928,0.7381465517241379,0.16185344827586212,11.964040885799854,12.048465251922607,21.407993818368315,4.594292079660527,5.32887363523672,0.16185344827586212,0.0,0.3988013628599951,0.7135997939456105,0.15760869565217392,0.1325431034482758,0.1325431034482758,-4.308675614884123,2.0703335132465917
CSGS7,q3_2020,1,robust_condition_cqr,combined_outage,non_ramp,4960,0.9161290322580645,0.016129032258064502,5.969773150870394,5.576453983783722,8.61015500429705,1.561781123054548,2.6620708201851135,0.0,0.016129032258064502,0.19899243836234648,0.2870051668099017,,robust_local_cqr,4960,0.927016129032258,0.02701612903225803,6.291950282671901,4.634191729128361,7.796765885410822,1.561781123054548,2.6620708201851135,0.0,0.02701612903225803,0.20973167608906337,0.25989219618036075,,0.0,-0.010887096774193528,-0.8133891188862288,0.32217713180150653
CSGS7,q3_2020,1,robust_condition_cqr,combined_outage,ramp,928,0.6842672413793104,0.21573275862068964,10.706276179271237,11.000081539154053,23.663518194891996,4.136924054272923,5.0619099573492345,0.21573275862068964,0.0,0.3568758726423746,0.7887839398297332,0.15760869565217392,robust_local_cqr,928,0.7920258620689655,0.1079741379310345,13.174451989131772,13.646417140960693,20.84676811796942,4.136924054272923,5.0619099573492345,0.1079741379310345,0.0,0.43914839963772573,0.6948922705989807,0.15760869565217392,0.10775862068965514,0.10775862068965514,-2.816750076922574,2.4681758098605346
CSGS7,q3_2020,1,robust_condition_cqr,irradiance_outage,non_ramp,4960,0.9455645161290323,0.04556451612903223,4.7347563463985525,3.8345465660095215,5.255090155701597,0.883812561370389,1.4910353611624494,0.0,0.04556451612903223,0.1578252115466184,0.17516967185671992,,robust_local_cqr,4960,0.9669354838709677,0.0669354838709677,5.413267884529394,3.9695804715156555,5.6612005597350175,0.883812561370389,1.4910353611624494,0.0,0.0669354838709677,0.18044226281764647,0.18870668532450058,,0.0,-0.021370967741935476,0.40611040403342,0.6785115381308415
CSGS7,q3_2020,1,robust_condition_cqr,irradiance_outage,ramp,928,0.6540948275862069,0.24590517241379317,10.431757857737654,10.672339916229248,24.137991666829574,4.493940327734012,5.268251092326017,0.24590517241379317,0.0,0.34772526192458847,0.8045997222276525,0.15760869565217392,robust_local_cqr,928,0.7629310344827587,0.13706896551724135,12.335759847820022,12.79573106765747,20.721641484882515,4.493940327734012,5.268251092326017,0.13706896551724135,0.0,0.41119199492733405,0.6907213828294172,0.15760869565217392,0.10883620689655182,0.10883620689655182,-3.4163501819470596,1.9040019900823673
CSGS7,q3_2020,1,robust_condition_cqr,recent_power_outage,non_ramp,4960,0.9233870967741935,0.023387096774193483,5.058461233149542,4.598392009735107,6.01014826069488,1.0696706531056113,1.8531955496822377,0.0,0.023387096774193483,0.16861537443831806,0.200338275356496,,robust_local_cqr,4960,0.9598790322580645,0.05987903225806446,5.787461986118178,4.825721502304077,6.212679516063816,1.0696706531056113,1.8531955496822377,0.0,0.05987903225806446,0.1929153995372726,0.2070893172021272,,0.0,-0.036491935483870974,0.20253125536893624,0.729000752968636
CSGS7,q3_2020,1,robust_condition_cqr,recent_power_outage,ramp,928,0.6271551724137931,0.2728448275862069,10.244528897690731,10.219402551651001,26.458854459938674,4.339741637641243,5.193547472015876,0.2728448275862069,0.0,0.34148429658969104,0.8819618153312891,0.15760869565217392,robust_local_cqr,928,0.7327586206896551,0.16724137931034488,12.231654852708994,12.343783378601074,22.051348097574223,4.339741637641243,5.193547472015876,0.16724137931034488,0.0,0.40772182842363314,0.7350449365858075,0.15760869565217392,0.10560344827586199,0.10560344827586199,-4.407506362364451,1.9871259550182625
CSGS7,q3_2020,1,robust_condition_cqr,weather_outage,non_ramp,4960,0.933266129032258,0.03326612903225801,4.4647836406064485,3.4266374111175537,5.0219059808125515,0.8114981019826788,1.3954230564032999,0.0,0.03326612903225801,0.14882612135354828,0.16739686602708506,,robust_local_cqr,4960,0.9544354838709678,0.05443548387096775,5.214636739330424,3.6375012397766113,5.477415334028813,0.8114981019826788,1.3954230564032999,0.0,0.05443548387096775,0.17382122464434746,0.18258051113429377,,0.0,-0.021169354838709742,0.45550935321626174,0.7498530987239755
CSGS7,q3_2020,1,robust_condition_cqr,weather_outage,ramp,928,0.6303879310344828,0.26961206896551726,10.088817731557606,10.260238885879517,25.237407425466667,4.488414697156384,5.250398220297277,0.26961206896551726,0.0,0.3362939243852535,0.8412469141822222,0.15760869565217392,robust_local_cqr,928,0.7424568965517241,0.15754310344827593,12.213810937198136,12.470540523529053,20.9891628318964,4.488414697156384,5.250398220297277,0.15754310344827593,0.0,0.4071270312399379,0.6996387610632133,0.15760869565217392,0.11206896551724133,0.11206896551724133,-4.248244593570266,2.1249932056405303
CSGS7,q3_2020,4,robust_condition_cqr,clean,non_ramp,4877,0.9159319253639533,0.01593192536395327,6.632140443596418,5.8988118171691895,8.260509945204774,1.6012241303015011,2.6406045634546205,0.0,0.01593192536395327,0.2210713481198806,0.2753503315068258,,robust_local_cqr,4877,0.9432027885995489,0.04320278859954885,7.742267075537481,6.40071439743042,8.39117957347959,1.6012241303015011,2.6406045634546205,0.0,0.04320278859954885,0.2580755691845827,0.279705985782653,,0.0,-0.027270863235595577,0.13066962827481632,1.1101266319410632
CSGS7,q3_2020,4,robust_condition_cqr,clean,ramp,1011,0.6904055390702275,0.20959446092977252,11.334994496578677,12.103185653686523,24.64757865244149,4.498481774778206,5.680645023227332,0.20959446092977252,0.0,0.3778331498859559,0.821585955081383,0.17170516304347827,robust_local_cqr,1011,0.8100890207715133,0.08991097922848668,13.624988810096625,15.352330207824707,20.91543175186962,4.498481774778206,5.680645023227332,0.08991097922848668,0.0,0.4541662936698875,0.6971810583956539,0.17170516304347827,0.11968348170128584,0.11968348170128584,-3.7321469005718697,2.2899943135179477
CSGS7,q3_2020,4,robust_condition_cqr,combined_outage,non_ramp,4877,0.9147016608570843,0.014701660857084242,7.203407685831318,7.415656089782715,9.477174982104273,1.9610464145065984,3.0817674154617936,0.0,0.014701660857084242,0.2401135895277106,0.3159058327368091,,robust_local_cqr,4877,0.918187410293213,0.018187410293213024,7.749472675202845,7.223968744277954,9.171499898927246,1.9610464145065984,3.0817674154617936,0.0,0.018187410293213024,0.2583157558400948,0.30571666329757485,,0.0,-0.003485749436128782,-0.30567508317702696,0.5460649893715264
CSGS7,q3_2020,4,robust_condition_cqr,combined_outage,ramp,1011,0.7408506429277942,0.1591493570722058,11.48380368653939,11.878920793533325,22.798236569896353,4.163227725630344,5.310759327939606,0.1591493570722058,0.0,0.38279345621797967,0.7599412189965451,0.17170516304347827,robust_local_cqr,1011,0.8160237388724035,0.08397626112759649,13.254587054432257,13.957343220710754,19.822704592341065,4.163227725630344,5.310759327939606,0.08397626112759649,0.0,0.44181956848107523,0.6607568197447021,0.17170516304347827,0.0751730959446093,0.0751730959446093,-2.9755319775552884,1.7707833678928662
CSGS7,q3_2020,4,robust_condition_cqr,irradiance_outage,non_ramp,4877,0.92187820381382,0.021878203813819996,6.9009622819873755,6.43773078918457,8.565767360088394,1.747022442949664,2.7883234070479914,0.0,0.021878203813819996,0.23003207606624584,0.28552557866961314,,robust_local_cqr,4877,0.9444330531064179,0.044433053106417875,7.88429286147154,6.705852270126343,8.646911103342061,1.747022442949664,2.7883234070479914,0.0,0.044433053106417875,0.2628097620490513,0.28823037011140207,,0.0,-0.02255484929259788,0.08114374325366747,0.9833305794841642
CSGS7,q3_2020,4,robust_condition_cqr,irradiance_outage,ramp,1011,0.7289812067260139,0.17101879327398617,11.603311298861842,12.30869197845459,23.5552634067979,4.400596322055121,5.5863384437215595,0.17101879327398617,0.0,0.3867770432953947,0.7851754468932632,0.17170516304347827,robust_local_cqr,1011,0.8160237388724035,0.08397626112759649,13.70789722140241,15.496597290039062,20.536008299030843,4.400596322055121,5.5863384437215595,0.08397626112759649,0.0,0.4569299073800803,0.6845336099676947,0.17170516304347827,0.08704253214638968,0.08704253214638968,-3.019255107767055,2.1045859225405685
CSGS7,q3_2020,4,robust_condition_cqr,recent_power_outage,non_ramp,4877,0.9226983801517327,0.022698380151732644,7.012164699997881,6.613631844520569,8.568185912450057,1.6834312864566465,2.7175708977425512,0.0,0.022698380151732644,0.2337388233332627,0.28560619708166857,,robust_local_cqr,4877,0.9479188025425467,0.04791880254254666,8.07013555139476,7.000882625579834,8.670955701093186,1.6834312864566465,2.7175708977425512,0.0,0.04791880254254666,0.2690045183798253,0.2890318567031062,,0.0,-0.025220422390814012,0.1027697886431298,1.0579708513968784
CSGS7,q3_2020,4,robust_condition_cqr,recent_power_outage,ramp,1011,0.731948565776459,0.16805143422354107,11.648860267686826,12.57240915298462,23.56584146778393,4.414782223874808,5.564295519677679,0.16805143422354107,0.0,0.3882953422562275,0.785528048926131,0.17170516304347827,robust_local_cqr,1011,0.8219584569732937,0.0780415430267063,13.962284585434306,16.049743175506592,19.665209217047693,4.414782223874808,5.564295519677679,0.0780415430267063,0.0,0.46540948618114353,0.6555069739015897,0.17170516304347827,0.09000989119683478,0.09000989119683478,-3.900632250736237,2.3134243177474794
CSGS7,q3_2020,4,robust_condition_cqr,weather_outage,non_ramp,4877,0.9190075866311257,0.019007586631125672,6.5995610509325955,5.951477766036987,8.270603962532483,1.665698687383518,2.7244637223693133,0.0,0.019007586631125672,0.21998536836441984,0.27568679875108276,,robust_local_cqr,4877,0.9440229649374615,0.044022964937461495,7.644710265293865,6.465131163597107,8.424454502869114,1.665698687383518,2.7244637223693133,0.0,0.044022964937461495,0.2548236755097955,0.2808151500956371,,0.0,-0.025015378306335823,0.15385054033663081,1.0451492143612695
CSGS7,q3_2020,4,robust_condition_cqr,weather_outage,ramp,1011,0.7141444114737884,0.18585558852621165,11.398826433439638,12.325570106506348,25.003830176535864,4.500501262357516,5.712441793133273,0.18585558852621165,0.0,0.3799608811146546,0.8334610058845288,0.17170516304347827,robust_local_cqr,1011,0.8130563798219584,0.08694362017804158,13.596786077467437,15.42965817451477,21.277541427413976,4.500501262357516,5.712441793133273,0.08694362017804158,0.0,0.4532262025822479,0.7092513809137991,0.17170516304347827,0.09891196834817007,0.09891196834817007,-3.7262887491218883,2.197959644027799
CSGS7,q4_2020,1,robust_condition_cqr,clean,non_ramp,5320,0.9793233082706767,0.07932330827067668,3.5052246576055834,2.267122447490692,3.730500784615047,0.46177455035120735,1.030680234649562,0.0,0.07932330827067668,0.11684082192018612,0.12435002615383489,,robust_local_cqr,5320,0.9787593984962406,0.07875939849624058,3.594506374369229,2.0252773761749268,3.7960556818662616,0.46177455035120735,1.030680234649562,0.0,0.07875939849624058,0.11981687914564096,0.12653518939554206,,0.0,0.0005639097744360999,0.06555489725121477,0.08928171676364549
CSGS7,q4_2020,1,robust_condition_cqr,clean,ramp,568,0.5633802816901409,0.33661971830985915,10.16570268909801,10.463082313537598,28.437562281633138,4.846316148277739,5.719220552857904,0.33661971830985915,0.0,0.338856756303267,0.9479187427211045,0.09646739130434782,robust_local_cqr,568,0.6778169014084507,0.22218309859154928,11.51136313893006,12.389285564422607,25.624329155494628,4.846316148277739,5.719220552857904,0.22218309859154928,0.0,0.38371210463100197,0.8541443051831543,0.09646739130434782,0.11443661971830987,0.11443661971830987,-2.8132331261385097,1.3456604498320495
CSGS7,q4_2020,1,robust_condition_cqr,combined_outage,non_ramp,5320,0.9548872180451128,0.05488721804511276,5.6914524908252835,4.3116865158081055,7.132072984781361,1.0056444428510938,2.1652763188612307,0.0,0.05488721804511276,0.18971508302750945,0.23773576615937872,,robust_local_cqr,5320,0.9543233082706767,0.05432330827067666,5.043948456992611,2.9059947729110718,6.157722363832399,1.0056444428510938,2.1652763188612307,0.0,0.05432330827067666,0.16813161523308703,0.20525741212774662,,0.0,0.0005639097744360999,-0.9743506209489627,-0.6475040338326723
CSGS7,q4_2020,1,robust_condition_cqr,combined_outage,ramp,568,0.7429577464788732,0.15704225352112677,11.913952189345162,12.34410536289215,23.447826649434536,4.378509890445521,5.368663364576056,0.15704225352112677,0.0,0.3971317396448387,0.7815942216478179,0.09646739130434782,robust_local_cqr,568,0.7676056338028169,0.13239436619718314,12.92163778249253,13.708492040634155,23.03202586375098,4.378509890445521,5.368663364576056,0.13239436619718314,0.0,0.43072125941641765,0.7677341954583661,0.09646739130434782,0.02464788732394363,0.02464788732394363,-0.4158007856835546,1.007685593147368
CSGS7,q4_2020,1,robust_condition_cqr,irradiance_outage,non_ramp,5320,0.9757518796992481,0.07575187969924813,3.8891686687228897,2.9189610481262207,4.144251721384069,0.5127590771446617,1.1002333450259096,0.0,0.07575187969924813,0.12963895562409633,0.13814172404613562,,robust_local_cqr,5320,0.9772556390977444,0.07725563909774436,4.164752444647056,2.851658344268799,4.331717483586125,0.5127590771446617,1.1002333450259096,0.0,0.07725563909774436,0.1388250814882352,0.14439058278620417,,0.0,-0.0015037593984962294,0.18746576220205657,0.2755837759241664
CSGS7,q4_2020,1,robust_condition_cqr,irradiance_outage,ramp,568,0.602112676056338,0.297887323943662,10.438164243422134,10.675762176513672,26.860403766540784,4.739065899920296,5.6223030955689435,0.297887323943662,0.0,0.34793880811407113,0.8953467922180262,0.09646739130434782,robust_local_cqr,568,0.7024647887323944,0.19753521126760565,11.933891782914223,12.46833872795105,23.893026230236988,4.739065899920296,5.6223030955689435,0.19753521126760565,0.0,0.39779639276380746,0.7964342076745663,0.09646739130434782,0.10035211267605637,0.10035211267605637,-2.967377536303797,1.4957275394920888
CSGS7,q4_2020,1,robust_condition_cqr,recent_power_outage,non_ramp,5320,0.9624060150375939,0.06240601503759391,5.415664266179845,4.708465397357941,6.137347446377582,0.7580078279218866,1.550165850380181,0.0,0.06240601503759391,0.18052214220599483,0.20457824821258608,,robust_local_cqr,5320,0.9689849624060151,0.06898496240601504,5.645890034922649,4.539363086223602,6.060788580561906,0.7580078279218866,1.550165850380181,0.0,0.06898496240601504,0.18819633449742165,0.20202628601873018,,0.0,-0.006578947368421129,-0.07655886581567639,0.23022576874280443
CSGS7,q4_2020,1,robust_condition_cqr,recent_power_outage,ramp,568,0.6338028169014085,0.2661971830985915,10.815475533217926,11.098336458206177,26.351045859623436,4.705397328965261,5.648332742629444,0.2661971830985915,0.0,0.3605158511072642,0.8783681953207813,0.09646739130434782,robust_local_cqr,568,0.7165492957746479,0.18345070422535215,12.302408749486883,13.197399139404297,23.134638675619705,4.705397328965261,5.648332742629444,0.18345070422535215,0.0,0.4100802916495628,0.7711546225206568,0.09646739130434782,0.08274647887323938,0.08274647887323938,-3.2164071840037316,1.486933216268957
CSGS7,q4_2020,1,robust_condition_cqr,weather_outage,non_ramp,5320,0.9806390977443609,0.08063909774436084,3.2032835114814247,1.7183077484369278,3.4160091972647715,0.45799976560997663,1.0090012979339167,0.0,0.08063909774436084,0.10677611704938082,0.11386697324215905,,robust_local_cqr,5320,0.9804511278195489,0.08045112781954888,3.34003205166856,1.4641389846801758,3.5162468494239025,0.45799976560997663,1.0090012979339167,0.0,0.08045112781954888,0.11133440172228533,0.11720822831413008,,0.0,0.0001879699248119593,0.10023765215913105,0.13674854018713534
CSGS7,q4_2020,1,robust_condition_cqr,weather_outage,ramp,568,0.5580985915492958,0.34190140845070427,10.104040016564475,10.606067657470703,29.17356959738257,4.930424623401232,5.808325490284626,0.34190140845070427,0.0,0.3368013338854825,0.9724523199127524,0.09646739130434782,robust_local_cqr,568,0.6654929577464789,0.23450704225352115,11.498740185576846,12.381907224655151,26.144781761448566,4.930424623401232,5.808325490284626,0.23450704225352115,0.0,0.3832913395192282,0.8714927253816189,0.09646739130434782,0.10739436619718312,0.10739436619718312,-3.028787835934004,1.3947001690123706
CSGS7,q4_2020,4,robust_condition_cqr,clean,non_ramp,4861,0.9465130631557293,0.04651306315572923,6.5288045037238165,5.0242919921875,8.11939461138793,1.222099453228385,2.5180479647644796,0.0,0.04651306315572923,0.21762681679079388,0.2706464870462643,,robust_local_cqr,4861,0.9489816910100802,0.04898169101008021,6.532646274242594,5.0843353271484375,8.021860113867298,1.222099453228385,2.5180479647644796,0.0,0.04898169101008021,0.21775487580808645,0.26739533712890995,,0.0,-0.00246862785435098,-0.09753449752063226,0.00384177051877721
CSGS7,q4_2020,4,robust_condition_cqr,clean,ramp,1027,0.8198636806231743,0.08013631937682575,9.68605330161489,8.716691017150879,17.405078908849323,3.3240238653755263,4.91629456098661,0.08013631937682575,0.0,0.32286844338716303,0.5801692969616441,0.17442255434782608,robust_local_cqr,1027,0.8276533592989289,0.07234664070107111,10.734425139592366,9.84123706817627,17.78287409060225,3.3240238653755263,4.91629456098661,0.07234664070107111,0.0,0.3578141713197455,0.5927624696867416,0.17442255434782608,0.007789678675754641,0.007789678675754641,0.37779518175292637,1.0483718379774754
CSGS7,q4_2020,4,robust_condition_cqr,combined_outage,non_ramp,4861,0.936844270726188,0.03684427072618801,7.108649099480558,7.288821220397949,9.261291782487612,1.3734687817920326,2.68319972381232,0.0,0.03684427072618801,0.23695496998268525,0.3087097260829204,,robust_local_cqr,4861,0.9386957416169512,0.03869574161695122,6.823725646723145,6.392350196838379,9.083985730036316,1.3734687817920326,2.68319972381232,0.0,0.03869574161695122,0.22745752155743817,0.3027995243345439,,0.0,-0.0018514708907632071,-0.17730605245129638,-0.28492345275741293
CSGS7,q4_2020,4,robust_condition_cqr,combined_outage,ramp,1027,0.8257059396299903,0.07429406037000974,10.538175731150119,10.105475187301636,18.272049087548616,3.377067131109122,4.890390911349508,0.07429406037000974,0.0,0.3512725243716706,0.6090683029182872,0.17442255434782608,robust_local_cqr,1027,0.8218111002921129,0.07818889970788712,11.578739179787974,11.67393684387207,19.453365197379828,3.377067131109122,4.890390911349508,0.07818889970788712,0.0,0.38595797265959914,0.6484455065793276,0.17442255434782608,-0.003894839337877376,-0.003894839337877376,1.1813161098312115,1.0405634486378545
CSGS7,q4_2020,4,robust_condition_cqr,irradiance_outage,non_ramp,4861,0.9500102859493931,0.05001028594939305,7.089805980524513,6.500621795654297,8.31530044549462,1.28757660460703,2.5629032649961556,0.0,0.05001028594939305,0.2363268660174838,0.27717668151648733,,robust_local_cqr,4861,0.9533017897551944,0.053301789755194395,6.939097491416121,6.301425933837891,8.141060920482335,1.28757660460703,2.5629032649961556,0.0,0.053301789755194395,0.2313032497138707,0.27136869734941116,,0.0,-0.0032915038058013435,-0.17423952501228435,-0.15070848910839185
CSGS7,q4_2020,4,robust_condition_cqr,irradiance_outage,ramp,1027,0.8334956183057449,0.0665043816942551,10.367546443630667,9.64790153503418,16.35326382415342,3.315797191804244,4.867568374927159,0.0665043816942551,0.0,0.34558488145435556,0.5451087941384473,0.17442255434782608,robust_local_cqr,1027,0.8305744888023369,0.06942551119766316,11.147729229011519,10.322697162628174,16.959079836953173,3.315797191804244,4.867568374927159,0.06942551119766316,0.0,0.37159097430038396,0.5653026612317724,0.17442255434782608,-0.0029211295034080598,-0.0029211295034080598,0.6058160127997532,0.7801827853808518
CSGS7,q4_2020,4,robust_condition_cqr,recent_power_outage,non_ramp,4861,0.9413700884591648,0.04137008845916479,6.79834794352738,6.490869522094727,8.516748447290752,1.3006927816718905,2.550781399971386,0.0,0.04137008845916479,0.22661159811757933,0.2838916149096917,,robust_local_cqr,4861,0.9461016251800041,0.04610162518000405,6.8482766463769025,6.061183929443359,8.489804120996238,1.3006927816718905,2.550781399971386,0.0,0.04610162518000405,0.22827588821256342,0.2829934706998746,,0.0,-0.004731536720839258,-0.026944326294513488,0.04992870284952211
CSGS7,q4_2020,4,robust_condition_cqr,recent_power_outage,ramp,1027,0.8237585199610516,0.07624148003894837,10.416154353663792,10.119384765625,18.037054992043537,3.3713578585818222,4.870860802593287,0.07624148003894837,0.0,0.3472051451221264,0.6012351664014512,0.17442255434782608,robust_local_cqr,1027,0.8334956183057449,0.0665043816942551,11.287875287960254,10.944439172744751,18.18476366254609,3.3713578585818222,4.870860802593287,0.0665043816942551,0.0,0.37626250959867513,0.6061587887515363,0.17442255434782608,0.009737098344693274,0.009737098344693274,0.14770867050255276,0.8717209342964622
CSGS7,q4_2020,4,robust_condition_cqr,weather_outage,non_ramp,4861,0.9337584859082493,0.03375848590824926,6.413766332927112,4.8075785636901855,8.504337300609118,1.2572174773265599,2.5586660048150205,0.0,0.03375848590824926,0.2137922110975704,0.2834779100203039,,robust_local_cqr,4861,0.9409586504834396,0.04095865048343961,6.568399035339078,4.808472633361816,8.407733368516242,1.2572174773265599,2.5586660048150205,0.0,0.04095865048343961,0.21894663451130258,0.2802577789505414,,0.0,-0.007200164575190349,-0.09660393209287577,0.15463270241196536
CSGS7,q4_2020,4,robust_condition_cqr,weather_outage,ramp,1027,0.8169425511197663,0.0830574488802337,9.453441800057213,8.483086109161377,17.35935036016006,3.238610793397959,4.874407049704118,0.0830574488802337,0.0,0.31511472666857376,0.5786450120053354,0.17442255434782608,robust_local_cqr,1027,0.8393378773125608,0.0606621226874392,10.68877416727076,9.782721519470215,17.55057757471696,3.238610793397959,4.874407049704118,0.0606621226874392,0.0,0.35629247224235866,0.5850192524905654,0.17442255434782608,0.022395326192794496,0.022395326192794496,0.19122721455689984,1.2353323672135463
CSGS8,q1_2020,1,robust_condition_cqr,clean,non_ramp,5688,0.8964486638537271,0.0035513361462728987,3.034914557481373,1.85925754904747,3.7971471778303356,0.9011271334327423,1.7956462394494128,0.0035513361462728987,0.0,0.10116381858271244,0.1265715725943445,,robust_local_cqr,5688,0.9085794655414908,0.008579465541490805,3.1331507603545834,1.9119365066289902,3.6932518054956143,0.9011271334327423,1.7956462394494128,0.0,0.008579465541490805,0.10443835867848611,0.12310839351652048,,0.0035513361462728987,-0.005028129395217906,-0.10389537233472135,0.09823620287321022
CSGS8,q1_2020,1,robust_condition_cqr,clean,ramp,136,0.4852941176470588,0.4147058823529412,5.952272160088315,5.071905136108398,17.40110876717988,2.6386155433514538,2.886396413289761,0.4147058823529412,0.0,0.19840907200294383,0.580036958905996,0.023351648351648352,robust_local_cqr,136,0.5220588235294118,0.3779411764705882,6.441882197471226,5.501641750335693,14.823881858411957,2.6386155433514538,2.886396413289761,0.3779411764705882,0.0,0.2147294065823742,0.49412939528039856,0.023351648351648352,0.03676470588235298,0.03676470588235298,-2.5772269087679245,0.48961003738291087
CSGS8,q1_2020,1,robust_condition_cqr,combined_outage,non_ramp,5688,0.9175457102672293,0.017545710267229286,2.8515242710730244,2.5260573029518127,3.9484619712648015,0.7057304292540334,1.3508603467538784,0.0,0.017545710267229286,0.09505080903576749,0.13161539904216005,,robust_local_cqr,5688,0.9017229254571026,0.0017229254571026198,2.762940189100843,2.169684410095215,3.7081752426333656,0.7057304292540334,1.3508603467538784,0.0,0.0017229254571026198,0.09209800630336143,0.12360584142111218,,0.0,0.015822784810126667,-0.24028672863143585,-0.08858408197218148
CSGS8,q1_2020,1,robust_condition_cqr,combined_outage,ramp,136,0.4485294117647059,0.4514705882352941,6.042722226942287,5.703754425048828,20.84346642389017,3.2585766403114094,3.625719232145237,0.4514705882352941,0.0,0.20142407423140957,0.6947822141296723,0.023351648351648352,robust_local_cqr,136,0.5,0.4,6.507490620017052,6.032170295715332,18.988435856559697,3.2585766403114094,3.625719232145237,0.4,0.0,0.21691635400056838,0.6329478618853233,0.023351648351648352,0.0514705882352941,0.0514705882352941,-1.8550305673304734,0.46476839307476503
CSGS8,q1_2020,1,robust_condition_cqr,irradiance_outage,non_ramp,5688,0.9367088607594937,0.036708860759493644,2.06446700176854,1.6798593997955322,2.521419215257698,0.43708407795665793,0.7871027123123105,0.0,0.036708860759493644,0.068815566725618,0.0840473071752566,,robust_local_cqr,5688,0.9523558368495078,0.05235583684950773,2.2069308723599104,1.6863099932670593,2.4850635943548234,0.43708407795665793,0.7871027123123105,0.0,0.05235583684950773,0.07356436241199701,0.08283545314516078,,0.0,-0.015646976090014086,-0.03635562090287481,0.14246387059137033
CSGS8,q1_2020,1,robust_condition_cqr,irradiance_outage,ramp,136,0.34558823529411764,0.5544117647058824,5.13096879159703,4.740109920501709,20.301163508611566,2.888669674887377,3.138649184825363,0.5544117647058824,0.0,0.17103229305323434,0.6767054502870522,0.023351648351648352,robust_local_cqr,136,0.45588235294117646,0.44411764705882356,5.735913473017075,5.449267387390137,16.877922759336585,2.888669674887377,3.138649184825363,0.44411764705882356,0.0,0.19119711576723583,0.5625974253112195,0.023351648351648352,0.11029411764705882,0.11029411764705882,-3.4232407492749815,0.6049446814200454
CSGS8,q1_2020,1,robust_condition_cqr,recent_power_outage,non_ramp,5688,0.8319268635724332,0.06807313642756685,3.844918786607309,2.6382713615894318,6.1209533060949575,1.2857283927153458,2.345878939623703,0.06807313642756685,0.0,0.12816395955357696,0.20403177686983193,,robust_local_cqr,5688,0.8442334739803095,0.055766526019690565,3.908549333463417,2.732226014137268,5.797523906510917,1.2857283927153458,2.345878939623703,0.055766526019690565,0.0,0.1302849777821139,0.19325079688369723,,0.012306610407876284,0.012306610407876284,-0.3234293995840405,0.06363054685610825
CSGS8,q1_2020,1,robust_condition_cqr,recent_power_outage,ramp,136,0.625,0.275,7.721324907506213,6.5115320682525635,15.649395789293681,2.7221209634752834,3.124850170386075,0.275,0.0,0.2573774969168738,0.5216465263097894,0.023351648351648352,robust_local_cqr,136,0.6617647058823529,0.2382352941176471,8.104071970371638,6.872452735900879,14.220261927036677,2.7221209634752834,3.124850170386075,0.2382352941176471,0.0,0.2701357323457213,0.4740087309012226,0.023351648351648352,0.03676470588235292,0.03676470588235292,-1.4291338622570038,0.38274706286542504
CSGS8,q1_2020,1,robust_condition_cqr,weather_outage,non_ramp,5688,0.9017229254571026,0.0017229254571026198,2.948840483074866,1.8742917776107788,3.657538188762336,0.8955276202109679,1.7826628211146989,0.0,0.0017229254571026198,0.0982946827691622,0.12191793962541121,,robust_local_cqr,5688,0.9119198312236287,0.011919831223628718,3.033829482751878,1.9360330700874329,3.5564269617099686,0.8955276202109679,1.7826628211146989,0.0,0.011919831223628718,0.1011276494250626,0.11854756539033229,,0.0,-0.010196905766526099,-0.10111122705236752,0.0849889996770119
CSGS8,q1_2020,1,robust_condition_cqr,weather_outage,ramp,136,0.49264705882352944,0.4073529411764706,5.871191893430317,4.860941410064697,17.367301540339696,2.656765361042584,2.899168900005141,0.4073529411764706,0.0,0.19570639644767723,0.5789100513446566,0.023351648351648352,robust_local_cqr,136,0.5147058823529411,0.3852941176470589,6.385528645971242,5.4092559814453125,14.557174855295349,2.656765361042584,2.899168900005141,0.3852941176470589,0.0,0.21285095486570807,0.4852391618431783,0.023351648351648352,0.022058823529411686,0.022058823529411686,-2.810126685044347,0.5143367525409248
CSGS8,q1_2020,4,robust_condition_cqr,clean,non_ramp,5593,0.9213302342213481,0.021330234221348054,3.8682995159920694,3.3333377838134766,4.7813255526757255,1.0165300766277865,1.7287951129092969,0.0,0.021330234221348054,0.12894331719973565,0.15937751842252418,,robust_local_cqr,5593,0.9182907205435366,0.01829072054353653,3.7511510452734425,3.4214519262313843,4.544240063341549,1.0165300766277865,1.7287951129092969,0.0,0.01829072054353653,0.12503836817578143,0.15147466877805163,,0.0,0.003039513677811523,-0.23708548933417628,-0.117148470718627
CSGS8,q1_2020,4,robust_condition_cqr,clean,ramp,231,0.5324675324675324,0.3675324675324676,7.595460275518688,6.916758060455322,22.57118251413365,3.7534258889429495,4.273375264810172,0.3675324675324676,0.0,0.2531820091839563,0.7523727504711216,0.039663461538461536,robust_local_cqr,231,0.5627705627705628,0.3372294372294372,7.834504744126683,7.469036102294922,20.912048186510155,3.7534258889429495,4.273375264810172,0.3372294372294372,0.0,0.2611501581375561,0.6970682728836718,0.039663461538461536,0.030303030303030387,0.030303030303030387,-1.6591343276234944,0.2390444686079949
CSGS8,q1_2020,4,robust_condition_cqr,combined_outage,non_ramp,5593,0.9291972107992134,0.029197210799213336,3.616070630391182,3.5404999256134033,4.555852938221291,0.8547362625304508,1.4272703251496766,0.0,0.029197210799213336,0.12053568767970607,0.15186176460737635,,robust_local_cqr,5593,0.9188271053102092,0.018827105310209147,3.435134209588073,3.1090803146362305,4.309850338129928,0.8547362625304508,1.4272703251496766,0.0,0.018827105310209147,0.11450447365293576,0.14366167793766424,,0.0,0.010370105489004189,-0.2460026000913631,-0.18093642080310923
CSGS8,q1_2020,4,robust_condition_cqr,combined_outage,ramp,231,0.5064935064935064,0.3935064935064936,8.316576908548157,7.841849088668823,34.59646530933195,4.661205911662155,5.290359786089379,0.3935064935064936,0.0,0.27721923028493856,1.1532155103110648,0.039663461538461536,robust_local_cqr,231,0.5541125541125541,0.3458874458874459,9.214699523366214,8.304092168807983,31.32520339921423,4.661205911662155,5.290359786089379,0.3458874458874459,0.0,0.3071566507788738,1.0441734466404744,0.039663461538461536,0.04761904761904767,0.04761904761904767,-3.2712619101177154,0.8981226148180568
CSGS8,q1_2020,4,robust_condition_cqr,irradiance_outage,non_ramp,5593,0.9288396209547649,0.02883962095476489,3.2094880937466455,2.9442391395568848,4.0405819075803375,0.7249792180922107,1.2282523916519028,0.0,0.02883962095476489,0.10698293645822152,0.13468606358601126,,robust_local_cqr,5593,0.929733595565886,0.02973359556588595,3.143788186382286,2.800077199935913,3.8265761086437315,0.7249792180922107,1.2282523916519028,0.0,0.02973359556588595,0.1047929395460762,0.12755253695479105,,0.0,-0.0008939746111210622,-0.21400579893660598,-0.0656999073643596
CSGS8,q1_2020,4,robust_condition_cqr,irradiance_outage,ramp,231,0.4935064935064935,0.4064935064935065,7.42634459747832,6.952914237976074,28.845958949667423,4.0636746745346946,4.617449966224822,0.4064935064935065,0.0,0.24754481991594401,0.9615319649889141,0.039663461538461536,robust_local_cqr,231,0.5238095238095238,0.3761904761904762,7.815702215869189,7.561283111572266,26.495417007055632,4.0636746745346946,4.617449966224822,0.3761904761904762,0.0,0.26052340719563966,0.8831805669018544,0.039663461538461536,0.03030303030303033,0.03030303030303033,-2.350541942611791,0.3893576183908687
CSGS8,q1_2020,4,robust_condition_cqr,recent_power_outage,non_ramp,5593,0.8911138923654568,0.008886107634543228,4.263680604781231,3.5933165550231934,5.52254599024824,1.1298340294635345,1.9104653379666099,0.008886107634543228,0.0,0.14212268682604104,0.184084866341608,,robust_local_cqr,5593,0.9113177185767924,0.011317718576792424,4.287562248815263,4.01001763343811,5.244424236903585,1.1298340294635345,1.9104653379666099,0.0,0.011317718576792424,0.14291874162717544,0.1748141412301195,,0.008886107634543228,-0.002431610942249196,-0.2781217533446547,0.0238816440340317
CSGS8,q1_2020,4,robust_condition_cqr,recent_power_outage,ramp,231,0.5930735930735931,0.30692640692640694,8.843355210280263,7.956182479858398,23.21521921123648,4.197339470768387,4.773266176316838,0.30692640692640694,0.0,0.2947785070093421,0.7738406403745494,0.039663461538461536,robust_local_cqr,231,0.6406926406926406,0.2593073593073594,9.392089553370878,8.539252281188965,21.251179375851052,4.197339470768387,4.773266176316838,0.2593073593073594,0.0,0.3130696517790293,0.7083726458617018,0.039663461538461536,0.04761904761904756,0.04761904761904756,-1.964039835385428,0.5487343430906151
CSGS8,q1_2020,4,robust_condition_cqr,weather_outage,non_ramp,5593,0.9198998748435544,0.019899874843554377,3.8565397347196546,3.309661865234375,4.752737926114428,1.0138436031714149,1.7196427835864607,0.0,0.019899874843554377,0.12855132449065515,0.15842459753714758,,robust_local_cqr,5593,0.9188271053102092,0.018827105310209147,3.7080441383080784,3.4404468536376953,4.508170135034991,1.0138436031714149,1.7196427835864607,0.0,0.018827105310209147,0.12360147127693595,0.1502723378344997,,0.0,0.0010727695333452303,-0.2445677910794366,-0.14849559641157617
CSGS8,q1_2020,4,robust_condition_cqr,weather_outage,ramp,231,0.5151515151515151,0.3848484848484849,7.539308898892753,6.827256202697754,24.40297524340741,3.7751073703105313,4.304230718598221,0.3848484848484849,0.0,0.25131029662975846,0.8134325081135804,0.039663461538461536,robust_local_cqr,231,0.5411255411255411,0.3588744588744589,7.795721376000286,7.405237197875977,22.56733326262339,3.7751073703105313,4.304230718598221,0.3588744588744589,0.0,0.25985737920000956,0.7522444420874463,0.039663461538461536,0.025974025974025983,0.025974025974025983,-1.8356419807840219,0.2564124771075331
CSGS8,q2_2020,1,robust_condition_cqr,clean,non_ramp,5600,0.9053571428571429,0.005357142857142838,2.472695198481171,2.22162926197052,3.0643379174911285,0.5140265343872098,0.8313458149559468,0.0,0.005357142857142838,0.0824231732827057,0.10214459724970429,,robust_local_cqr,5600,0.94625,0.04625000000000001,2.8721286685039935,2.4849040508270264,3.0869448120161893,0.5140265343872098,0.8313458149559468,0.0,0.04625000000000001,0.09573762228346645,0.10289816040053965,,0.0,-0.040892857142857175,0.022606894525060817,0.3994334700228226
CSGS8,q2_2020,1,robust_condition_cqr,clean,ramp,160,0.66875,0.23125000000000007,4.745935045182705,4.650436878204346,9.758422873914242,1.8688779190182685,2.1504865172405054,0.23125000000000007,0.0,0.15819783483942348,0.32528076246380805,0.027777777777777776,robust_local_cqr,160,0.83125,0.06874999999999998,5.765038441121578,5.660929203033447,8.090089391171933,1.8688779190182685,2.1504865172405054,0.06874999999999998,0.0,0.19216794803738593,0.26966964637239776,0.027777777777777776,0.1625000000000001,0.1625000000000001,-1.6683334827423089,1.0191033959388731
CSGS8,q2_2020,1,robust_condition_cqr,combined_outage,non_ramp,5600,0.91625,0.016249999999999987,2.9149148588270717,2.626564085483551,3.610097266368006,0.6739265331086894,1.0810933644699952,0.0,0.016249999999999987,0.09716382862756906,0.1203365755456002,,robust_local_cqr,5600,0.9442857142857143,0.04428571428571426,3.32730045106718,2.894085168838501,3.6151232140969323,0.6739265331086894,1.0810933644699952,0.0,0.04428571428571426,0.11091001503557267,0.12050410713656441,,0.0,-0.028035714285714275,0.005025947728926283,0.4123855922401085
CSGS8,q2_2020,1,robust_condition_cqr,combined_outage,ramp,160,0.70625,0.19374999999999998,5.632750856876373,5.383174419403076,10.04813848733902,1.8998158425092697,2.1937318203461156,0.19374999999999998,0.0,0.1877583618958791,0.33493794957796735,0.027777777777777776,robust_local_cqr,160,0.86875,0.03125,6.94293907135725,6.346100807189941,8.369551686942577,1.8998158425092697,2.1937318203461156,0.03125,0.0,0.23143130237857498,0.2789850562314192,0.027777777777777776,0.16249999999999998,0.16249999999999998,-1.6785868003964435,1.3101882144808767
CSGS8,q2_2020,1,robust_condition_cqr,irradiance_outage,non_ramp,5600,0.9141071428571429,0.014107142857142874,2.073356994398387,1.7148978617042303,2.617698698401634,0.4723265210988133,0.7694858378794474,0.0,0.014107142857142874,0.06911189981327957,0.08725662328005447,,robust_local_cqr,5600,0.9642857142857143,0.06428571428571428,2.5074900182953206,1.9946357011795044,2.6657366506746674,0.4723265210988133,0.7694858378794474,0.0,0.06428571428571428,0.08358300060984401,0.08885788835582224,,0.0,-0.050178571428571406,0.0480379522730332,0.4341330238969334
CSGS8,q2_2020,1,robust_condition_cqr,irradiance_outage,ramp,160,0.7,0.20000000000000007,4.806127384305,4.759610176086426,9.167662218213081,1.8811703726649285,2.110097539875346,0.20000000000000007,0.0,0.1602042461435,0.3055887406071027,0.027777777777777776,robust_local_cqr,160,0.85,0.050000000000000044,5.722661067545414,5.668565273284912,7.489720870554447,1.8811703726649285,2.110097539875346,0.050000000000000044,0.0,0.19075536891818048,0.2496573623518149,0.027777777777777776,0.15000000000000002,0.15000000000000002,-1.677941347658634,0.9165336832404138
CSGS8,q2_2020,1,robust_condition_cqr,recent_power_outage,non_ramp,5600,0.9017857142857143,0.0017857142857142794,4.155216174441596,3.623360753059387,5.0366407031079685,0.8280881771217433,1.3252284613781862,0.0,0.0017857142857142794,0.13850720581471984,0.1678880234369323,,robust_local_cqr,5600,0.9282142857142858,0.028214285714285747,4.471165994054535,4.195347845554352,4.997401645818223,0.8280881771217433,1.3252284613781862,0.0,0.028214285714285747,0.1490388664684845,0.16658005486060742,,0.0,-0.026428571428571468,-0.03923905728974564,0.3159498196129391
CSGS8,q2_2020,1,robust_condition_cqr,recent_power_outage,ramp,160,0.8,0.09999999999999998,7.2530617259442804,6.957535266876221,10.420841648429633,2.0216641813516616,2.3844261488396414,0.09999999999999998,0.0,0.2417687241981427,0.3473613882809878,0.027777777777777776,robust_local_cqr,160,0.84375,0.05625000000000002,7.949335902929306,7.800303936004639,9.603305906057358,2.0216641813516616,2.3844261488396414,0.05625000000000002,0.0,0.26497786343097685,0.3201101968685786,0.027777777777777776,0.043749999999999956,0.043749999999999956,-0.8175357423722751,0.6962741769850256
CSGS8,q2_2020,1,robust_condition_cqr,weather_outage,non_ramp,5600,0.9042857142857142,0.004285714285714226,2.4965548621440288,2.2295310497283936,3.1118088261240544,0.5161573687858929,0.8339206902072033,0.0,0.004285714285714226,0.08321849540480096,0.10372696087080181,,robust_local_cqr,5600,0.9491071428571428,0.049107142857142794,2.9045968827618696,2.5135307908058167,3.1215689854126256,0.5161573687858929,0.8339206902072033,0.0,0.049107142857142794,0.09681989609206232,0.10405229951375419,,0.0,-0.04482142857142857,0.009760159288571213,0.4080420206178408
CSGS8,q2_2020,1,robust_condition_cqr,weather_outage,ramp,160,0.64375,0.25625,4.616081890463829,4.549945831298828,10.020470854640006,1.8467368111014366,2.1259991817108186,0.25625,0.0,0.15386939634879432,0.3340156951546669,0.027777777777777776,robust_local_cqr,160,0.81875,0.08125000000000004,5.692494225502014,5.6391191482543945,8.113105130195617,1.8467368111014366,2.1259991817108186,0.08125000000000004,0.0,0.18974980751673381,0.2704368376731872,0.027777777777777776,0.17499999999999993,0.17499999999999993,-1.9073657244443893,1.0764123350381851
CSGS8,q2_2020,4,robust_condition_cqr,clean,non_ramp,5582,0.9290576854174131,0.02905768541741305,3.6928237719455774,3.5083910822868347,4.455104903781793,0.8008659032630774,1.236244178778272,0.0,0.02905768541741305,0.12309412573151925,0.14850349679272642,,robust_local_cqr,5582,0.9716947330705841,0.07169473307058405,4.424434690035389,4.229824036359787,4.661638341419863,0.8008659032630774,1.236244178778272,0.0,0.07169473307058405,0.14748115633451295,0.15538794471399545,,0.0,-0.042637047653171,0.20653343763807008,0.7316109180898112
CSGS8,q2_2020,4,robust_condition_cqr,clean,ramp,178,0.7921348314606742,0.10786516853932582,5.741027953500828,5.565439224243164,9.665896355017518,1.6511571152826374,2.2019208518414857,0.10786516853932582,0.0,0.19136759845002763,0.3221965451672506,0.03090277777777778,robust_local_cqr,178,0.898876404494382,0.0011235955056180247,7.142853280466594,7.173976898193359,8.217642949203427,1.6511571152826374,2.2019208518414857,0.0011235955056180247,0.0,0.23809510934888645,0.27392143164011423,0.03090277777777778,0.10674157303370779,0.10674157303370779,-1.448253405814091,1.4018253269657652
CSGS8,q2_2020,4,robust_condition_cqr,combined_outage,non_ramp,5582,0.932282336080258,0.03228233608025799,3.6911763096365386,3.6868693232536316,4.429805938128598,0.843090360787247,1.2928829390990226,0.0,0.03228233608025799,0.12303921032121795,0.14766019793761992,,robust_local_cqr,5582,0.9638122536725188,0.06381225367251875,4.3212406640159235,4.027212679386139,4.637784359134051,0.843090360787247,1.2928829390990226,0.0,0.06381225367251875,0.14404135546719746,0.15459281197113503,,0.0,-0.03152991759226076,0.20797842100545338,0.6300643543793849
CSGS8,q2_2020,4,robust_condition_cqr,combined_outage,ramp,178,0.8258426966292135,0.07415730337078652,6.384696851034513,6.203248023986816,9.523189788872607,1.5959207214666216,2.1982520865032633,0.07415730337078652,0.0,0.2128232283678171,0.3174396596290869,0.03090277777777778,robust_local_cqr,178,0.9831460674157303,0.08314606741573027,7.664635480789656,7.325918197631836,7.858037203215481,1.5959207214666216,2.1982520865032633,0.0,0.08314606741573027,0.2554878493596552,0.261934573440516,0.03090277777777778,0.07415730337078652,-0.008988764044943753,-1.6651525856571254,1.2799386297551427
CSGS8,q2_2020,4,robust_condition_cqr,irradiance_outage,non_ramp,5582,0.9274453600859907,0.027445360085990633,3.0622639892556216,2.918760120868683,3.8329632964446487,0.6982548014916191,1.1033856467908958,0.0,0.027445360085990633,0.10207546630852073,0.1277654432148216,,robust_local_cqr,5582,0.9750985309924758,0.07509853099247576,3.8597867223970552,3.607342541217804,4.09505985693301,0.6982548014916191,1.1033856467908958,0.0,0.07509853099247576,0.12865955741323518,0.13650199523110032,,0.0,-0.04765317090648513,0.26209656048836116,0.7975227331414336
CSGS8,q2_2020,4,robust_condition_cqr,irradiance_outage,ramp,178,0.8202247191011236,0.07977528089887642,5.529776897825552,5.519011497497559,8.975100831201907,1.4282636059803908,1.9994588731854237,0.07977528089887642,0.0,0.18432589659418505,0.29917002770673023,0.03090277777777778,robust_local_cqr,178,0.9157303370786517,0.01573033707865168,6.990802033061392,7.176254749298096,8.252654811806893,1.4282636059803908,1.9994588731854237,0.0,0.01573033707865168,0.23302673443537975,0.2750884937268964,0.03090277777777778,0.07977528089887642,0.06404494382022474,-0.7224460193950133,1.4610251352358405
CSGS8,q2_2020,4,robust_condition_cqr,recent_power_outage,non_ramp,5582,0.932103188821211,0.03210318882121099,4.725469965731143,4.605812072753906,5.450238848841689,1.0224123262902551,1.5482432288796093,0.0,0.03210318882121099,0.15751566552437143,0.18167462829472297,,robust_local_cqr,5582,0.9562880687925475,0.05628806879254744,5.287435565544781,5.127960443496704,5.701168922631222,1.0224123262902551,1.5482432288796093,0.0,0.05628806879254744,0.17624785218482603,0.1900389640877074,,0.0,-0.024184879971336448,0.250930073789533,0.5619655998136377
CSGS8,q2_2020,4,robust_condition_cqr,recent_power_outage,ramp,178,0.8314606741573034,0.06853932584269662,7.48083440565996,7.149354726076126,10.433291362159038,2.0540803808174775,2.577626073519993,0.06853932584269662,0.0,0.24936114685533198,0.3477763787386346,0.03090277777777778,robust_local_cqr,178,0.9213483146067416,0.02134831460674158,8.393658682076113,8.25458574295044,9.393648138081424,2.0540803808174775,2.577626073519993,0.0,0.02134831460674158,0.27978862273587046,0.31312160460271415,0.03090277777777778,0.06853932584269662,0.04719101123595504,-1.0396432240776132,0.9128242764161536
CSGS8,q2_2020,4,robust_condition_cqr,weather_outage,non_ramp,5582,0.9263704765317091,0.026370476531709097,3.7275920668284037,3.538255214691162,4.511166049365474,0.814081057694426,1.255024930180834,0.0,0.026370476531709097,0.12425306889428013,0.1503722016455158,,robust_local_cqr,5582,0.9707989967753493,0.07079899677534929,4.415998633376964,4.193490713834763,4.650335707449099,0.814081057694426,1.255024930180834,0.0,0.07079899677534929,0.1471999544458988,0.15501119024830332,,0.0,-0.04442852024364019,0.1391696580836257,0.6884065665485606
CSGS8,q2_2020,4,robust_condition_cqr,weather_outage,ramp,178,0.7752808988764045,0.12471910112359552,5.713950846302375,5.528097152709961,9.384393566779876,1.639913625931472,2.176004745709582,0.12471910112359552,0.0,0.19046502821007918,0.3128131188926625,0.03090277777777778,robust_local_cqr,178,0.8932584269662921,0.006741573033707926,7.074656251022655,7.151596546173096,7.9324551166945625,1.639913625931472,2.176004745709582,0.006741573033707926,0.0,0.2358218750340885,0.2644151705564854,0.03090277777777778,0.1179775280898876,0.1179775280898876,-1.4519384500853132,1.3607054047202798
CSGS8,q3_2020,1,robust_condition_cqr,clean,non_ramp,5642,0.901453385324353,0.0014533853243530181,2.2402956337940036,2.1245933771133423,2.925058785567964,0.5470313057808026,0.8653534863034399,0.0,0.0014533853243530181,0.07467652112646679,0.09750195951893213,,robust_local_cqr,5642,0.9420418291386033,0.042041829138603326,2.5815755014548705,2.2629008144140244,2.8768239931034962,0.5470313057808026,0.8653534863034399,0.0,0.042041829138603326,0.08605251671516236,0.09589413310344988,,0.0,-0.04058844381425031,-0.04823479246446771,0.3412798676608668
CSGS8,q3_2020,1,robust_condition_cqr,clean,ramp,246,0.6219512195121951,0.2780487804878049,4.0687519573583835,4.073129177093506,9.2639589329076,1.7935038727473438,2.011216630429792,0.2780487804878049,0.0,0.13562506524527945,0.30879863109692,0.041779891304347824,robust_local_cqr,246,0.8048780487804879,0.09512195121951217,5.052038287244192,5.245302200317383,7.133359794209643,1.7935038727473438,2.011216630429792,0.09512195121951217,0.0,0.16840127624147305,0.23777865980698812,0.041779891304347824,0.18292682926829273,0.18292682926829273,-2.1305991386979573,0.9832863298858081
CSGS8,q3_2020,1,robust_condition_cqr,combined_outage,non_ramp,5642,0.9143920595533499,0.014392059553349879,3.06821249059013,2.9116016030311584,4.0288177466060935,0.7594301717962726,1.2210705491308023,0.0,0.014392059553349879,0.10227374968633766,0.13429392488686978,,robust_local_cqr,5642,0.9413328606876994,0.04133286068769937,3.3562344444986643,3.1216286420822144,3.9118647693509483,0.7594301717962726,1.2210705491308023,0.0,0.04133286068769937,0.11187448148328881,0.13039549231169828,,0.0,-0.02694080113434949,-0.1169529772551452,0.28802195390853447
CSGS8,q3_2020,1,robust_condition_cqr,combined_outage,ramp,246,0.6829268292682927,0.2170731707317073,5.370169210724715,4.765102386474609,10.137783164415902,1.7309583968263331,2.0669596639781784,0.2170731707317073,0.0,0.1790056403574905,0.3379261054805301,0.041779891304347824,robust_local_cqr,246,0.8252032520325203,0.0747967479674797,6.179477004500908,5.754725456237793,8.243113241544584,1.7309583968263331,2.0669596639781784,0.0747967479674797,0.0,0.20598256681669694,0.2747704413848195,0.041779891304347824,0.14227642276422758,0.14227642276422758,-1.8946699228713175,0.8093077937761937
CSGS8,q3_2020,1,robust_condition_cqr,irradiance_outage,non_ramp,5642,0.9106699751861043,0.010669975186104241,2.2650171353955706,2.170210838317871,2.943345625111934,0.5403535753476862,0.8656375446267317,0.0,0.010669975186104241,0.07550057117985236,0.09811152083706447,,robust_local_cqr,5642,0.9471818504076569,0.04718185040765688,2.5887234953341633,2.3127238154411316,2.90667687200213,0.5403535753476862,0.8656375446267317,0.0,0.04718185040765688,0.08629078317780545,0.09688922906673766,,0.0,-0.03651187522155264,-0.036668753109804,0.32370635993859276
CSGS8,q3_2020,1,robust_condition_cqr,irradiance_outage,ramp,246,0.6056910569105691,0.2943089430894309,4.207942679645569,4.163723945617676,9.249414370311953,1.8217788954091265,2.0342378902328604,0.2943089430894309,0.0,0.14026475598818564,0.3083138123437318,0.041779891304347824,robust_local_cqr,246,0.7926829268292683,0.10731707317073169,5.107261095589738,5.2188544273376465,7.214619035643291,1.8217788954091265,2.0342378902328604,0.10731707317073169,0.0,0.17024203651965794,0.2404873011881097,0.041779891304347824,0.1869918699186992,0.1869918699186992,-2.0347953346686625,0.899318415944169
CSGS8,q3_2020,1,robust_condition_cqr,recent_power_outage,non_ramp,5642,0.9244948599787309,0.02449485997873091,3.4464306301528653,3.3818248510360718,4.064714471086484,0.7579775359290505,1.1964129470008558,0.0,0.02449485997873091,0.11488102100509551,0.13549048236954947,,robust_local_cqr,5642,0.9493087557603687,0.04930875576036864,3.6571134894290256,3.603478491306305,4.047525424098121,0.7579775359290505,1.1964129470008558,0.0,0.04930875576036864,0.12190378298096752,0.13491751413660405,,0.0,-0.02481389578163773,-0.017189046988362655,0.21068285927616026
CSGS8,q3_2020,1,robust_condition_cqr,recent_power_outage,ramp,246,0.7276422764227642,0.17235772357723578,5.812769702779568,5.315958499908447,9.6836581569377,1.7133028303704612,1.9957618625214895,0.17235772357723578,0.0,0.19375899009265227,0.32278860523125663,0.041779891304347824,robust_local_cqr,246,0.8211382113821138,0.07886178861788617,6.413903167092704,5.881668567657471,8.432313997086471,1.7133028303704612,1.9957618625214895,0.07886178861788617,0.0,0.21379677223642346,0.2810771332362157,0.041779891304347824,0.0934959349593496,0.0934959349593496,-1.2513441598512287,0.6011334643131354
CSGS8,q3_2020,1,robust_condition_cqr,weather_outage,non_ramp,5642,0.9005671747607231,0.0005671747607230992,2.262002007750126,2.1671597063541412,2.959815765604841,0.551398307013397,0.8753091051576553,0.0,0.0005671747607230992,0.0754000669250042,0.09866052552016137,,robust_local_cqr,5642,0.9384969868840837,0.03849698688408365,2.595189235773813,2.292248010635376,2.909775498287281,0.551398307013397,0.8753091051576553,0.0,0.03849698688408365,0.0865063078591271,0.09699251660957603,,0.0,-0.03792981212336055,-0.05004026731756017,0.3331872280236867
CSGS8,q3_2020,1,robust_condition_cqr,weather_outage,ramp,246,0.6422764227642277,0.2577235772357723,4.12924399608519,4.102595329284668,8.976844746892045,1.7779231023013107,2.0127518313956188,0.2577235772357723,0.0,0.137641466536173,0.2992281582297348,0.041779891304347824,robust_local_cqr,246,0.8373983739837398,0.06260162601626018,5.081133200870297,5.262228012084961,7.005190983051207,1.7779231023013107,2.0127518313956188,0.06260162601626018,0.0,0.16937110669567657,0.2335063661017069,0.041779891304347824,0.19512195121951215,0.19512195121951215,-1.9716537638408376,0.9518892047851066
CSGS8,q3_2020,4,robust_condition_cqr,clean,non_ramp,5550,0.8971171171171172,0.0028828828828828534,2.9909873383136065,3.3135305643081665,4.091923749272309,0.7654887731134606,1.1809142396188996,0.0028828828828828534,0.0,0.09969957794378688,0.13639745830907696,,robust_local_cqr,5550,0.9363963963963964,0.03639639639639636,3.405150233086425,3.6407505869865417,3.9587795652497375,0.7654887731134606,1.1809142396188996,0.0,0.03639639639639636,0.1135050077695475,0.13195931884165793,,0.0028828828828828534,-0.033513513513513504,-0.1331441840225711,0.41416289477281865
CSGS8,q3_2020,4,robust_condition_cqr,clean,ramp,338,0.8195266272189349,0.08047337278106514,4.398404119145015,4.412373065948486,7.0184474504944045,1.2324477689858724,1.609984657459469,0.08047337278106514,0.0,0.14661347063816715,0.23394824834981348,0.057404891304347824,robust_local_cqr,338,0.9053254437869822,0.005325443786982187,5.239553520174907,5.564602851867676,6.422323064200756,1.2324477689858724,1.609984657459469,0.0,0.005325443786982187,0.17465178400583023,0.21407743547335853,0.057404891304347824,0.08047337278106514,0.07514792899408296,-0.5961243862936483,0.8411494010298917
CSGS8,q3_2020,4,robust_condition_cqr,combined_outage,non_ramp,5550,0.9082882882882883,0.008288288288288315,3.5033683082327953,3.7161056995391846,4.622977498232865,0.8931042472808413,1.368482607299622,0.0,0.008288288288288315,0.11677894360775984,0.1540992499410955,,robust_local_cqr,5550,0.9367567567567567,0.036756756756756714,3.781715988973911,4.140093207359314,4.431902710779965,0.8931042472808413,1.368482607299622,0.0,0.036756756756756714,0.1260571996324637,0.14773009035933216,,0.0,-0.0284684684684684,-0.19107478745290063,0.2783476807411156
CSGS8,q3_2020,4,robust_condition_cqr,combined_outage,ramp,338,0.8313609467455622,0.06863905325443787,5.352168879653576,5.134252548217773,7.788482198436585,1.2539374944726391,1.6323852545944932,0.06863905325443787,0.0,0.17840562932178586,0.2596160732812195,0.057404891304347824,robust_local_cqr,338,0.8816568047337278,0.01834319526627226,5.883516283342119,5.693522930145264,7.309688088368382,1.2539374944726391,1.6323852545944932,0.01834319526627226,0.0,0.1961172094447373,0.2436562696122794,0.057404891304347824,0.050295857988165604,0.050295857988165604,-0.47879411006820227,0.5313474036885433
CSGS8,q3_2020,4,robust_condition_cqr,irradiance_outage,non_ramp,5550,0.9043243243243243,0.00432432432432428,3.038973890582125,3.319715142250061,4.090758518173091,0.768359565840497,1.1984523932369828,0.0,0.00432432432432428,0.10129912968607083,0.13635861727243637,,robust_local_cqr,5550,0.9443243243243243,0.044324324324324316,3.4498842579838693,3.624537467956543,3.9885128764248545,0.768359565840497,1.1984523932369828,0.0,0.044324324324324316,0.11499614193279564,0.1329504292141618,,0.0,-0.040000000000000036,-0.10224564174823669,0.41091036740174447
CSGS8,q3_2020,4,robust_condition_cqr,irradiance_outage,ramp,338,0.8047337278106509,0.09526627218934913,4.563681821300257,4.430051326751709,7.023468479051216,1.2277036482060448,1.611787780550849,0.09526627218934913,0.0,0.15212272737667523,0.23411561596837385,0.057404891304347824,robust_local_cqr,338,0.9260355029585798,0.026035502958579815,5.393905046930503,5.526986598968506,6.373989765262286,1.2277036482060448,1.611787780550849,0.0,0.026035502958579815,0.17979683489768344,0.21246632550874286,0.057404891304347824,0.09526627218934913,0.06923076923076932,-0.6494787137889295,0.8302232256302462
CSGS8,q3_2020,4,robust_condition_cqr,recent_power_outage,non_ramp,5550,0.9120720720720721,0.01207207207207206,3.7646297541601155,4.14819073677063,4.695455078462974,0.8991344469952028,1.3619777818247079,0.0,0.01207207207207206,0.12548765847200385,0.15651516928209913,,robust_local_cqr,5550,0.9371171171171171,0.03711711711711707,4.069027299510445,4.626974940299988,4.619947511658454,0.8991344469952028,1.3619777818247079,0.0,0.03711711711711707,0.13563424331701485,0.15399825038861514,,0.0,-0.02504504504504501,-0.07550756680451975,0.3043975453503296
CSGS8,q3_2020,4,robust_condition_cqr,recent_power_outage,ramp,338,0.849112426035503,0.05088757396449706,5.802911913165679,5.713231563568115,8.208559580367698,1.2674546021328876,1.6435594035643117,0.05088757396449706,0.0,0.19343039710552262,0.27361865267892327,0.057404891304347824,robust_local_cqr,338,0.8875739644970414,0.012426035502958621,6.346622464219494,6.284719944000244,7.652264056121104,1.2674546021328876,1.6435594035643117,0.012426035502958621,0.0,0.2115540821406498,0.2550754685373701,0.057404891304347824,0.038461538461538436,0.038461538461538436,-0.5562955242465941,0.5437105510538149
CSGS8,q3_2020,4,robust_condition_cqr,weather_outage,non_ramp,5550,0.8962162162162162,0.003783783783783856,3.023230772556513,3.331815242767334,4.158696315703119,0.7790792117746933,1.200823554898474,0.003783783783783856,0.0,0.10077435908521709,0.1386232105234373,,robust_local_cqr,5550,0.9372972972972973,0.03729729729729725,3.427098273795669,3.655479371547699,4.001199052349605,0.7790792117746933,1.200823554898474,0.0,0.03729729729729725,0.1142366091265223,0.13337330174498685,,0.003783783783783856,-0.03351351351351339,-0.15749726335351344,0.40386750123915593
CSGS8,q3_2020,4,robust_condition_cqr,weather_outage,ramp,338,0.8284023668639053,0.07159763313609468,4.308949768223618,4.250467777252197,6.74751325051945,1.1981248551395518,1.5838954375353074,0.07159763313609468,0.0,0.14363165894078728,0.22491710835064835,0.057404891304347824,robust_local_cqr,338,0.9201183431952663,0.020118343195266286,5.204775486130422,5.466405153274536,6.261147124185806,1.1981248551395518,1.5838954375353074,0.0,0.020118343195266286,0.17349251620434739,0.20870490413952686,0.057404891304347824,0.07159763313609468,0.0514792899408284,-0.4863661263336443,0.8958257179068037
CSGS8,q4_2020,1,robust_condition_cqr,clean,non_ramp,5451,0.9328563566318107,0.032856356631810635,1.7871349895509023,1.3448755741119385,2.2312945153444996,0.4267422423489278,0.7483740473354069,0.0,0.032856356631810635,0.059571166318363414,0.07437648384481665,,robust_local_cqr,5451,0.9513850669601908,0.05138506696019074,1.956682108626414,1.431955337524414,2.217384438070722,0.4267422423489278,0.7483740473354069,0.0,0.05138506696019074,0.0652227369542138,0.0739128146023574,,0.0,-0.018528710328380105,-0.013910077273777688,0.16954711907551157
CSGS8,q4_2020,1,robust_condition_cqr,clean,ramp,181,0.5966850828729282,0.3033149171270718,4.132308488392698,4.121135711669922,9.559872139883305,1.8331933429886622,2.0058281523537875,0.3033149171270718,0.0,0.1377436162797566,0.31866240466277684,0.03213778409090909,robust_local_cqr,181,0.6795580110497238,0.22044198895027622,4.603617810412665,4.637834548950195,7.9969379256443425,1.8331933429886622,2.0058281523537875,0.22044198895027622,0.0,0.1534539270137555,0.2665645975214781,0.03213778409090909,0.08287292817679559,0.08287292817679559,-1.5629342142389628,0.4713093220199669
CSGS8,q4_2020,1,robust_condition_cqr,combined_outage,non_ramp,5451,0.910842047330765,0.010842047330764992,2.479518779087614,2.0924923419952393,3.244097808181582,0.6134302075113828,1.0269630052110168,0.0,0.010842047330764992,0.08265062596958714,0.10813659360605274,,robust_local_cqr,5451,0.9367088607594937,0.036708860759493644,2.819591586003327,2.1978978477418423,3.2560653952262926,0.6134302075113828,1.0269630052110168,0.0,0.036708860759493644,0.0939863862001109,0.10853551317420976,,0.0,-0.025866813428728652,0.01196758704471046,0.34007280691571307
CSGS8,q4_2020,1,robust_condition_cqr,combined_outage,ramp,181,0.5966850828729282,0.3033149171270718,5.011766417250449,4.582431793212891,10.778088200158177,1.8691244296606075,2.0887039462705723,0.3033149171270718,0.0,0.16705888057501497,0.35926960667193925,0.03213778409090909,robust_local_cqr,181,0.7513812154696132,0.1486187845303868,5.956408404513617,5.238720893859863,8.89166541521062,1.8691244296606075,2.0887039462705723,0.1486187845303868,0.0,0.19854694681712057,0.2963888471736873,0.03213778409090909,0.15469613259668502,0.15469613259668502,-1.8864227849475572,0.944641987263168
CSGS8,q4_2020,1,robust_condition_cqr,irradiance_outage,non_ramp,5451,0.9257017061089708,0.025701706108970823,1.8233906313789527,1.3469691276550293,2.302808764519941,0.42724018339555914,0.7477070282416427,0.0,0.025701706108970823,0.06077968771263176,0.0767602921506647,,robust_local_cqr,5451,0.9537699504678041,0.053769950467804084,2.030995434777116,1.493211030960083,2.284221699536159,0.42724018339555914,0.7477070282416427,0.0,0.053769950467804084,0.06769984782590387,0.07614072331787196,,0.0,-0.02806824435883326,-0.018587064983782042,0.20760480339816323
CSGS8,q4_2020,1,robust_condition_cqr,irradiance_outage,ramp,181,0.6243093922651933,0.2756906077348067,4.206031699206948,4.174169540405273,9.075007886517772,1.8508355591178598,2.0202583564576586,0.2756906077348067,0.0,0.14020105664023158,0.30250026288392573,0.03213778409090909,robust_local_cqr,181,0.7182320441988951,0.18176795580110494,4.710731379893604,4.669195175170898,7.744682169750909,1.8508355591178598,2.0202583564576586,0.18176795580110494,0.0,0.1570243793297868,0.2581560723250303,0.03213778409090909,0.09392265193370175,0.09392265193370175,-1.330325716766863,0.5046996806866559
CSGS8,q4_2020,1,robust_condition_cqr,recent_power_outage,non_ramp,5451,0.9201981287837094,0.020198128783709413,2.6827463277943693,2.177214741706848,3.347713224152154,0.5818365888961772,0.9852994478105864,0.0,0.020198128783709413,0.08942487759314564,0.1115904408050718,,robust_local_cqr,5451,0.9438635112823335,0.043863511282333456,2.9924051603229933,2.2666411995887756,3.4112363406187245,0.5818365888961772,0.9852994478105864,0.0,0.043863511282333456,0.09974683867743311,0.11370787802062415,,0.0,-0.023665382498624044,0.0635231164665706,0.30965883252862403
CSGS8,q4_2020,1,robust_condition_cqr,recent_power_outage,ramp,181,0.6740331491712708,0.22596685082872925,5.620250070951261,4.986106872558594,10.373442793419349,1.8487462944747335,2.061409404974977,0.22596685082872925,0.0,0.1873416690317087,0.34578142644731164,0.03213778409090909,robust_local_cqr,181,0.7513812154696132,0.1486187845303868,6.359990141668372,5.620322227478027,9.270082585060795,1.8487462944747335,2.061409404974977,0.1486187845303868,0.0,0.21199967138894574,0.30900275283535983,0.03213778409090909,0.07734806629834245,0.07734806629834245,-1.1033602083585539,0.7397400707171107
CSGS8,q4_2020,1,robust_condition_cqr,weather_outage,non_ramp,5451,0.9306549257017062,0.030654925701706137,1.7844389080502239,1.3436875343322754,2.2535320407603354,0.4262594830380309,0.7451147596310419,0.0,0.030654925701706137,0.05948129693500746,0.07511773469201118,,robust_local_cqr,5451,0.9523023298477343,0.05230232984773431,1.9548861048209147,1.4446802139282227,2.2229720999553586,0.4262594830380309,0.7451147596310419,0.0,0.05230232984773431,0.06516287016069716,0.07409906999851196,,0.0,-0.02164740414602817,-0.030559940804976815,0.17044719677069087
CSGS8,q4_2020,1,robust_condition_cqr,weather_outage,ramp,181,0.574585635359116,0.325414364640884,4.034886310113728,4.117082595825195,9.7835718623841,1.8171043857026494,1.987055255604395,0.325414364640884,0.0,0.13449621033712425,0.32611906207947,0.03213778409090909,robust_local_cqr,181,0.6740331491712708,0.22596685082872925,4.534099373369585,4.660165786743164,8.224026953976457,1.8171043857026494,1.987055255604395,0.22596685082872925,0.0,0.15113664577898617,0.27413423179921526,0.03213778409090909,0.09944751381215478,0.09944751381215478,-1.5595449084076431,0.49921306325585757
CSGS8,q4_2020,4,robust_condition_cqr,clean,non_ramp,5269,0.9256025811349402,0.025602581134940183,2.526455121409589,2.3562384843826294,3.3202636346123224,0.6223026239212656,1.058834774226703,0.0,0.025602581134940183,0.08421517071365296,0.11067545448707741,,robust_local_cqr,5269,0.9502751945340672,0.05027519453406715,2.7732789256867,2.5570941865444183,3.2485280725023786,0.6223026239212656,1.058834774226703,0.0,0.05027519453406715,0.09244263085622334,0.10828426908341263,,0.0,-0.024672613399126964,-0.0717355621099438,0.24682380427711115
CSGS8,q4_2020,4,robust_condition_cqr,clean,ramp,363,0.8292011019283747,0.07079889807162532,4.347005025085996,4.155648231506348,6.596780798651955,1.106984213692426,1.4144743824770767,0.07079889807162532,0.0,0.14490016750286652,0.2198926932883985,0.064453125,robust_local_cqr,363,0.8925619834710744,0.007438016528925617,4.942123352783442,5.023643493652344,6.195816095333454,1.106984213692426,1.4144743824770767,0.007438016528925617,0.0,0.1647374450927814,0.20652720317778178,0.064453125,0.0633608815426997,0.0633608815426997,-0.4009647033185013,0.5951183276974463
CSGS8,q4_2020,4,robust_condition_cqr,combined_outage,non_ramp,5269,0.9297779464794078,0.02977794647940779,3.107563123061619,2.8878016471862793,3.7761338453977262,0.6971189809569518,1.1407441091704902,0.0,0.02977794647940779,0.1035854374353873,0.1258711281799242,,robust_local_cqr,5269,0.9379388878345037,0.03793888783450372,3.2626083366253598,3.1111218333244324,3.7468594370044275,0.6971189809569518,1.1407441091704902,0.0,0.03793888783450372,0.10875361122084533,0.12489531456681426,,0.0,-0.00816094135509593,-0.029274408393298756,0.1550452135637408
CSGS8,q4_2020,4,robust_condition_cqr,combined_outage,ramp,363,0.8567493112947658,0.043250688705234186,5.915925513675883,5.5041095316410065,7.87860219905117,1.4739121620648492,1.7953059377288805,0.043250688705234186,0.0,0.19719751712252942,0.26262007330170567,0.064453125,robust_local_cqr,363,0.8980716253443526,0.0019283746556474357,6.206734881749166,5.841457366943359,7.478642600134385,1.4739121620648492,1.7953059377288805,0.0019283746556474357,0.0,0.2068911627249722,0.24928808667114616,0.064453125,0.04132231404958675,0.04132231404958675,-0.39995959891678545,0.2908093680732833
CSGS8,q4_2020,4,robust_condition_cqr,irradiance_outage,non_ramp,5269,0.927690263807174,0.027690263807173987,2.5475100140805798,2.3460216522216797,3.31762510827032,0.613622981418763,1.047068540117355,0.0,0.027690263807173987,0.08491700046935266,0.11058750360901067,,robust_local_cqr,5269,0.9546403492123743,0.05464034921237426,2.827738883940102,2.5724477767944336,3.2557516208128425,0.613622981418763,1.047068540117355,0.0,0.05464034921237426,0.0942579627980034,0.10852505402709475,,0.0,-0.026950085405200275,-0.06187348745747734,0.28022886985952233
CSGS8,q4_2020,4,robust_condition_cqr,irradiance_outage,ramp,363,0.837465564738292,0.06253443526170799,4.573916094772743,4.478878021240234,6.562328476304851,1.114200647212257,1.425341687585493,0.06253443526170799,0.0,0.1524638698257581,0.218744282543495,0.064453125,robust_local_cqr,363,0.90633608815427,0.006336088154270003,5.208645198176058,5.313556790351868,6.141593396704716,1.114200647212257,1.425341687585493,0.0,0.006336088154270003,0.17362150660586861,0.2047197798901572,0.064453125,0.06253443526170799,0.056198347107437985,-0.420735079600135,0.6347291034033153
CSGS8,q4_2020,4,robust_condition_cqr,recent_power_outage,non_ramp,5269,0.9235148984627064,0.02351489846270638,3.1928424009918324,3.1852102279663086,3.7670093370677273,0.7018895800196095,1.150075952976801,0.0,0.02351489846270638,0.10642808003306108,0.12556697790225757,,robust_local_cqr,5269,0.943252989182008,0.04325298918200793,3.397565681849148,3.4634589552879333,3.7917302502425354,0.7018895800196095,1.150075952976801,0.0,0.04325298918200793,0.1132521893949716,0.12639100834141784,,0.0,-0.01973809071930155,0.024720913174808068,0.20472328085731561
CSGS8,q4_2020,4,robust_condition_cqr,recent_power_outage,ramp,363,0.8622589531680441,0.03774104683195589,5.919613650689523,5.637908935546875,7.6859039344180875,1.4452008140317008,1.7995345492868862,0.03774104683195589,0.0,0.1973204550229841,0.25619679781393623,0.064453125,robust_local_cqr,363,0.9035812672176309,0.003581267217630857,6.29662442827705,6.074783802032471,7.448334681065163,1.4452008140317008,1.7995345492868862,0.0,0.003581267217630857,0.20988748094256832,0.2482778227021721,0.064453125,0.03774104683195589,0.034159779614325037,-0.23756925335292411,0.3770107775875271
CSGS8,q4_2020,4,robust_condition_cqr,weather_outage,non_ramp,5269,0.9149743784399317,0.014974378439931657,2.511839178413503,2.402871310710907,3.38816527887698,0.6298443740517471,1.0664633658710383,0.0,0.014974378439931657,0.08372797261378342,0.11293884262923266,,robust_local_cqr,5269,0.9434427785158475,0.043442778515847436,2.7721076436425593,2.6198958307504654,3.297312962424452,0.6298443740517471,1.0664633658710383,0.0,0.043442778515847436,0.09240358812141865,0.10991043208081507,,0.0,-0.02846840007591578,-0.09085231645252811,0.26026846522905656
CSGS8,q4_2020,4,robust_condition_cqr,weather_outage,ramp,363,0.8154269972451791,0.08457300275482094,4.335622116266531,4.164865016937256,6.869668722850561,1.1395662771768806,1.4633765600122222,0.08457300275482094,0.0,0.1445207372088844,0.228988957428352,0.064453125,robust_local_cqr,363,0.8898071625344353,0.010192837465564764,4.9362520577986375,5.03169584274292,6.387888571201277,1.1395662771768806,1.4633765600122222,0.010192837465564764,0.0,0.16454173525995458,0.21292961904004257,0.064453125,0.07438016528925617,0.07438016528925617,-0.4817801516492839,0.6006299415321061
