fold,horizon_steps,method,condition,ramp_group,n,coverage,coverage_error,mean_width,median_width,interval_score,mae,rmse,undercoverage_error,overcoverage_error,normalized_width,normalized_interval_score
q1_2020,1,clean_condition_cqr,clean,non_ramp,5567,0.9558110292796839,0.055811029279683844,3.5203148556011574,3.0123616456985474,4.184961519088875,0.5999510696844182,1.2192433414153299,0.0,0.055811029279683844,0.07040629711202315,0.08369923038177751
q1_2020,1,clean_condition_cqr,clean,ramp,257,0.41245136186770426,0.48754863813229576,8.1660716450168,7.447992324829102,43.967017376005415,5.298924901606044,6.335910327324607,0.48754863813229576,0.0,0.163321432900336,0.8793403475201083
q1_2020,1,clean_condition_cqr,combined_outage,non_ramp,5567,0.8749775462547152,0.02502245374528478,34.51952775393651,34.71249008178711,45.40402008571937,12.497017206789206,14.654609993924428,0.02502245374528478,0.0,0.6903905550787302,0.9080804017143873
q1_2020,1,clean_condition_cqr,combined_outage,ramp,257,0.9494163424124513,0.0494163424124513,35.21025754876638,35.96786880493164,39.21219826486788,8.682370233164686,11.647315383649136,0.0,0.0494163424124513,0.7042051509753275,0.7842439652973576
q1_2020,1,clean_condition_cqr,irradiance_outage,non_ramp,5567,0.9473684210526315,0.047368421052631504,11.48977968914363,12.191949605941772,12.128138320205005,1.9473067113305282,2.2922021573765026,0.0,0.047368421052631504,0.2297955937828726,0.2425627664041001
q1_2020,1,clean_condition_cqr,irradiance_outage,ramp,257,0.5369649805447471,0.36303501945525296,10.146506970030789,9.465386390686035,35.858151788377576,5.297516550999207,6.3715203446813575,0.36303501945525296,0.0,0.20293013940061577,0.7171630357675515
q1_2020,1,clean_condition_cqr,recent_power_outage,non_ramp,5567,0.8828812645949344,0.017118735405065588,34.72745754878526,34.480003356933594,43.97713322482718,11.249283473414845,13.887116790450925,0.017118735405065588,0.0,0.6945491509757052,0.8795426644965435
q1_2020,1,clean_condition_cqr,recent_power_outage,ramp,257,0.9571984435797666,0.057198443579766556,35.674754762464,35.81293869018555,38.467862444629,8.505988695278242,11.612230003725584,0.0,0.057198443579766556,0.71349509524928,0.76935724889258
q1_2020,1,clean_condition_cqr,weather_outage,non_ramp,5567,0.9516795401472966,0.05167954014729659,3.582467571140213,3.0814971923828125,4.2555943483206065,0.6138129499126435,1.225778463466326,0.0,0.05167954014729659,0.07164935142280426,0.08511188696641213
q1_2020,1,clean_condition_cqr,weather_outage,ramp,257,0.3151750972762646,0.5848249027237354,8.151055254824895,7.401346206665039,46.433925332262355,5.5608717244886705,6.448599824638988,0.5848249027237354,0.0,0.1630211050964979,0.9286785066452471
q1_2020,1,lgbm_condition_cqr,clean,non_ramp,5567,0.9362313633914137,0.03623136339141364,5.678611060358119,4.58495020866394,6.281020410333733,0.5929635069414781,1.152194460539624,0.0,0.03623136339141364,0.11357222120716237,0.12562040820667467
q1_2020,1,lgbm_condition_cqr,clean,ramp,257,0.4280155642023346,0.4719844357976654,10.121187470766356,9.567867279052734,34.1836982135179,5.42777893144333,6.511034791225306,0.4719844357976654,0.0,0.20242374941532712,0.683673964270358
q1_2020,1,lgbm_condition_cqr,combined_outage,non_ramp,5567,0.8667145679899407,0.03328543201005929,32.662540355618646,32.351444244384766,42.51209324541566,12.696231408206406,14.946924202982997,0.03328543201005929,0.0,0.6532508071123729,0.8502418649083132
q1_2020,1,lgbm_condition_cqr,combined_outage,ramp,257,0.9494163424124513,0.0494163424124513,34.58865408396443,35.3723258972168,38.18768766232502,9.047230463547466,12.08239448252701,0.0,0.0494163424124513,0.6917730816792885,0.7637537532465004
q1_2020,1,lgbm_condition_cqr,irradiance_outage,non_ramp,5567,0.9227591162205856,0.022759116220585573,9.31027261775847,7.9914549589157104,9.529054262093206,2.089369537762951,2.35919334086946,0.0,0.022759116220585573,0.1862054523551694,0.19058108524186412
q1_2020,1,lgbm_condition_cqr,irradiance_outage,ramp,257,0.7392996108949417,0.16070038910505835,13.791945668973812,12.949125289916992,25.110031725367683,5.295096353798061,6.372925606649142,0.16070038910505835,0.0,0.27583891337947625,0.5022006345073536
q1_2020,1,lgbm_condition_cqr,recent_power_outage,non_ramp,5567,0.8595293694988324,0.040470630501167615,31.013504695738156,29.958133697509766,37.86537454234048,12.393391384610595,14.843968719869912,0.040470630501167615,0.0,0.6202700939147632,0.7573074908468097
q1_2020,1,lgbm_condition_cqr,recent_power_outage,ramp,257,0.9377431906614786,0.037743190661478576,33.19456144251248,33.52284240722656,36.24485898296193,9.193485715509853,12.313053188400563,0.0,0.037743190661478576,0.6638912288502496,0.7248971796592386
q1_2020,1,lgbm_condition_cqr,weather_outage,non_ramp,5567,0.9351535836177475,0.03515358361774745,5.688184605141929,4.5968098640441895,6.310539910550653,0.5996434683235428,1.155833720107779,0.0,0.03515358361774745,0.11376369210283858,0.12621079821101305
q1_2020,1,lgbm_condition_cqr,weather_outage,ramp,257,0.4085603112840467,0.49143968871595334,10.0690160507358,9.53787612915039,34.81087120080272,5.522919378391964,6.539628098976503,0.49143968871595334,0.0,0.201380321014716,0.6962174240160545
q1_2020,1,oracle_ramp_mondrian,clean,non_ramp,5567,0.9617388180348482,0.06173881803484815,4.447499525662773,3.5183067321777344,4.9839339597822825,0.678236407895992,1.4195805142116271,0.0,0.06173881803484815,0.08894999051325547,0.09967867919564564
q1_2020,1,oracle_ramp_mondrian,clean,ramp,257,0.914396887159533,0.014396887159533023,19.81927635655503,18.722408294677734,23.308069340029462,5.107852599036369,6.256628269223423,0.0,0.014396887159533023,0.3963855271311006,0.4661613868005892
q1_2020,1,oracle_ramp_mondrian,combined_outage,non_ramp,5567,0.8972516615771511,0.0027483384228489394,6.78600167840656,6.67381477355957,12.53528604228354,1.8422036654620542,3.7347967315103343,0.0027483384228489394,0.0,0.1357200335681312,0.2507057208456708
q1_2020,1,oracle_ramp_mondrian,combined_outage,ramp,257,0.9221789883268483,0.02217898832684828,21.13541830386169,20.803068161010742,26.381329349158804,5.254242462870676,6.7621746635062365,0.0,0.02217898832684828,0.42270836607723383,0.5276265869831761
q1_2020,1,oracle_ramp_mondrian,irradiance_outage,non_ramp,5567,0.9585054787138495,0.05850547871384948,5.118412608205397,4.382835388183594,5.67648213887041,0.7803590918357652,1.598096605024169,0.0,0.05850547871384948,0.10236825216410794,0.11352964277740821
q1_2020,1,oracle_ramp_mondrian,irradiance_outage,ramp,257,0.8949416342412452,0.005058365758754846,19.001533668604225,18.411275386810303,24.00206535131261,5.367470049208704,6.5039487694218465,0.005058365758754846,0.0,0.3800306733720845,0.4800413070262522
q1_2020,1,oracle_ramp_mondrian,recent_power_outage,non_ramp,5567,0.9285072750134723,0.028507275013472277,6.688716251640653,6.612615950405598,11.335308643875173,1.5766525508488094,3.5215576014557555,0.0,0.028507275013472277,0.13377432503281306,0.22670617287750347
q1_2020,1,oracle_ramp_mondrian,recent_power_outage,ramp,257,0.9182879377431906,0.018287937743190597,19.898243425631396,19.135733604431152,25.618385463583387,4.900049499036737,6.332669151575552,0.0,0.018287937743190597,0.3979648685126279,0.5123677092716677
q1_2020,1,oracle_ramp_mondrian,weather_outage,non_ramp,5567,0.963714747619903,0.06371474761990292,4.663681807831013,3.744304656982422,5.170790458353547,0.6958327055851651,1.4359712048283237,0.0,0.06371474761990292,0.09327363615662027,0.10341580916707095
q1_2020,1,oracle_ramp_mondrian,weather_outage,ramp,257,0.9105058365758755,0.010505836575875449,19.895570111576944,18.82182216644287,23.277454348784737,5.266590092432638,6.309164741446045,0.0,0.010505836575875449,0.39791140223153887,0.46554908697569475
q1_2020,1,persistence_condition_cqr,clean,non_ramp,5567,0.9491647206754087,0.04916472067540867,5.91489691488667,7.5110626220703125,6.4614507226189435,1.1817662103269908,1.7924464954224548,0.0,0.04916472067540867,0.1182979382977334,0.12922901445237886
q1_2020,1,persistence_condition_cqr,clean,ramp,257,0.0,0.9,7.4953869752846805,7.511066436767578,76.23006879494812,7.1922671335680475,7.595565753526534,0.9,0.0,0.1499077395056936,1.5246013758989625
q1_2020,1,persistence_condition_cqr,combined_outage,non_ramp,5567,0.9037183402191485,0.0037183402191485193,33.51474003668992,31.321197509765625,39.29289022959532,9.705955907360268,13.741919199566391,0.0,0.0037183402191485193,0.6702948007337984,0.7858578045919065
q1_2020,1,persistence_condition_cqr,combined_outage,ramp,257,0.8404669260700389,0.0595330739299611,35.2536636848394,35.51946544647217,44.94698898360887,15.857628037489892,18.022206096953024,0.0595330739299611,0.0,0.7050732736967881,0.8989397796721774
q1_2020,1,persistence_condition_cqr,irradiance_outage,non_ramp,5567,0.9491647206754087,0.04916472067540867,5.91489691488667,7.5110626220703125,6.4614507226189435,1.1817662103269908,1.7924464954224548,0.0,0.04916472067540867,0.1182979382977334,0.12922901445237886
q1_2020,1,persistence_condition_cqr,irradiance_outage,ramp,257,0.0,0.9,7.4953869752846805,7.511066436767578,76.23006879494812,7.1922671335680475,7.595565753526534,0.9,0.0,0.1499077395056936,1.5246013758989625
q1_2020,1,persistence_condition_cqr,recent_power_outage,non_ramp,5567,0.9037183402191485,0.0037183402191485193,33.51474003668992,31.321197509765625,39.29289022959532,9.705955907360268,13.741919199566391,0.0,0.0037183402191485193,0.6702948007337984,0.7858578045919065
q1_2020,1,persistence_condition_cqr,recent_power_outage,ramp,257,0.8404669260700389,0.0595330739299611,35.2536636848394,35.51946544647217,44.94698898360887,15.857628037489892,18.022206096953024,0.0595330739299611,0.0,0.7050732736967881,0.8989397796721774
q1_2020,1,persistence_condition_cqr,weather_outage,non_ramp,5567,0.9491647206754087,0.04916472067540867,5.91489691488667,7.5110626220703125,6.4614507226189435,1.1817662103269908,1.7924464954224548,0.0,0.04916472067540867,0.1182979382977334,0.12922901445237886
q1_2020,1,persistence_condition_cqr,weather_outage,ramp,257,0.0,0.9,7.4953869752846805,7.511066436767578,76.23006879494812,7.1922671335680475,7.595565753526534,0.9,0.0,0.1499077395056936,1.5246013758989625
q1_2020,1,robust_condition_cqr,clean,non_ramp,5567,0.9617388180348482,0.06173881803484815,4.447499525662773,3.5183067321777344,4.9839339597822825,0.678236407895992,1.4195805142116271,0.0,0.06173881803484815,0.08894999051325547,0.09967867919564564
q1_2020,1,robust_condition_cqr,clean,ramp,257,0.5525291828793775,0.34747081712062255,10.094105740929392,8.980201721191406,33.547354948659816,5.107852599036369,6.256628269223423,0.34747081712062255,0.0,0.20188211481858784,0.6709470989731963
q1_2020,1,robust_condition_cqr,combined_outage,non_ramp,5567,0.9091072390874798,0.00910723908747979,7.0483001949853135,6.998736381530762,12.48096856446194,1.8422036654620542,3.7347967315103343,0.0,0.00910723908747979,0.14096600389970626,0.24961937128923878
q1_2020,1,robust_condition_cqr,combined_outage,ramp,257,0.669260700389105,0.230739299610895,12.53116736361025,12.200400352478027,32.06500042945958,5.254242462870676,6.7621746635062365,0.230739299610895,0.0,0.250623347272205,0.6413000085891916
q1_2020,1,robust_condition_cqr,irradiance_outage,non_ramp,5567,0.9585054787138495,0.05850547871384948,5.118412608205397,4.382835388183594,5.67648213887041,0.7803590918357652,1.598096605024169,0.0,0.05850547871384948,0.10236825216410794,0.11352964277740821
q1_2020,1,robust_condition_cqr,irradiance_outage,ramp,257,0.5330739299610895,0.36692607003891053,10.752868323474543,10.131298065185547,34.6969136426421,5.367470049208704,6.5039487694218465,0.36692607003891053,0.0,0.21505736646949086,0.693938272852842
q1_2020,1,robust_condition_cqr,recent_power_outage,non_ramp,5567,0.9285072750134723,0.028507275013472277,6.688716251640653,6.612615950405598,11.335308643875173,1.5766525508488094,3.5215576014557555,0.0,0.028507275013472277,0.13377432503281306,0.22670617287750347
q1_2020,1,robust_condition_cqr,recent_power_outage,ramp,257,0.7237354085603113,0.17626459143968876,12.56558721956112,11.744510650634766,29.40845707835854,4.900049499036737,6.332669151575552,0.17626459143968876,0.0,0.2513117443912224,0.5881691415671708
q1_2020,1,robust_condition_cqr,weather_outage,non_ramp,5567,0.963714747619903,0.06371474761990292,4.663681807831013,3.744304656982422,5.170790458353547,0.6958327055851651,1.4359712048283237,0.0,0.06371474761990292,0.09327363615662027,0.10341580916707095
q1_2020,1,robust_condition_cqr,weather_outage,ramp,257,0.5680933852140078,0.33190661478599226,10.377565031849457,9.386543273925781,32.973998797542855,5.266590092432638,6.309164741446045,0.33190661478599226,0.0,0.20755130063698915,0.6594799759508571
q1_2020,1,robust_local_cqr,clean,non_ramp,5567,0.976648104903898,0.07664810490389795,4.912574169816532,3.642037272453308,5.213469158409292,0.678236407895992,1.4195805142116271,0.0,0.07664810490389795,0.09825148339633064,0.10426938316818583
q1_2020,1,robust_local_cqr,clean,ramp,257,0.6459143968871596,0.25408560311284045,11.733083660036673,10.613749980926514,30.030820907785735,5.107852599036369,6.256628269223423,0.25408560311284045,0.0,0.23466167320073347,0.6006164181557146
q1_2020,1,robust_local_cqr,combined_outage,non_ramp,5567,0.9281480150889169,0.028148015088916845,7.886546912732512,7.205574035644531,11.611166500354887,1.8422036654620542,3.7347967315103343,0.0,0.028148015088916845,0.15773093825465023,0.23222333000709774
q1_2020,1,robust_local_cqr,combined_outage,ramp,257,0.7782101167315175,0.1217898832684825,14.774828531630773,13.873522758483887,29.122637866767928,5.254242462870676,6.7621746635062365,0.1217898832684825,0.0,0.2954965706326155,0.5824527573353585
q1_2020,1,robust_local_cqr,irradiance_outage,non_ramp,5567,0.9802407041494521,0.08024070414945206,5.651019248138963,4.705583572387695,5.938735287664818,0.7803590918357652,1.598096605024169,0.0,0.08024070414945206,0.11302038496277927,0.11877470575329635
q1_2020,1,robust_local_cqr,irradiance_outage,ramp,257,0.669260700389105,0.230739299610895,12.34527972792837,11.458091735839844,31.258228956029573,5.367470049208704,6.5039487694218465,0.230739299610895,0.0,0.2469055945585674,0.6251645791205914
q1_2020,1,robust_local_cqr,recent_power_outage,non_ramp,5567,0.9383869229387461,0.038386922938746126,7.12920612745603,6.927238464355469,11.218350545762025,1.5766525508488094,3.5215576014557555,0.0,0.038386922938746126,0.1425841225491206,0.2243670109152405
q1_2020,1,robust_local_cqr,recent_power_outage,ramp,257,0.7665369649805448,0.13346303501945522,13.691341372315522,12.876895904541016,27.52274868182171,4.900049499036737,6.332669151575552,0.13346303501945522,0.0,0.27382682744631043,0.5504549736364343
q1_2020,1,robust_local_cqr,weather_outage,non_ramp,5567,0.9762888449793425,0.07628884497934252,5.124030096067958,3.8962106704711914,5.420639339128928,0.6958327055851651,1.4359712048283237,0.0,0.07628884497934252,0.10248060192135916,0.10841278678257855
q1_2020,1,robust_local_cqr,weather_outage,ramp,257,0.6614785992217899,0.23852140077821016,11.859582109673942,10.933014869689941,29.415919547878815,5.266590092432638,6.309164741446045,0.23852140077821016,0.0,0.23719164219347885,0.5883183909575763
q1_2020,1,robust_risk_mondrian,clean,non_ramp,5567,0.968025866714568,0.068025866714568,4.686410007582033,3.5706100463867188,5.0832564168227705,0.678236407895992,1.4195805142116271,0.0,0.068025866714568,0.09372820015164067,0.10166512833645541
q1_2020,1,robust_risk_mondrian,clean,ramp,257,0.6303501945525292,0.26964980544747086,11.104201561745967,10.065536499023438,31.098998359205194,5.107852599036369,6.256628269223423,0.26964980544747086,0.0,0.22208403123491935,0.6219799671841039
q1_2020,1,robust_risk_mondrian,combined_outage,non_ramp,5567,0.9125202083707562,0.01252020837075618,7.361786447121443,7.255558967590332,12.396284419058604,1.8422036654620542,3.7347967315103343,0.0,0.01252020837075618,0.14723572894242887,0.2479256883811721
q1_2020,1,robust_risk_mondrian,combined_outage,ramp,257,0.708171206225681,0.19182879377431905,13.229869460085487,12.561459064483643,30.90773148272288,5.254242462870676,6.7621746635062365,0.19182879377431905,0.0,0.2645973892017097,0.6181546296544576
q1_2020,1,robust_risk_mondrian,irradiance_outage,non_ramp,5567,0.9647925273935692,0.06479252739356922,5.3752617982365924,4.420436859130859,5.761661402798712,0.7803590918357652,1.598096605024169,0.0,0.06479252739356922,0.10750523596473185,0.11523322805597423
q1_2020,1,robust_risk_mondrian,irradiance_outage,ramp,257,0.622568093385214,0.277431906614786,11.842978781299369,11.033535957336426,32.286646200525155,5.367470049208704,6.5039487694218465,0.277431906614786,0.0,0.23685957562598736,0.6457329240105031
q1_2020,1,robust_risk_mondrian,recent_power_outage,non_ramp,5567,0.9358721034668582,0.03587210346685821,6.864231485448343,6.80645751953125,11.389609033916036,1.5766525508488094,3.5215576014557555,0.0,0.03587210346685821,0.13728462970896685,0.22779218067832072
q1_2020,1,robust_risk_mondrian,recent_power_outage,ramp,257,0.7470817120622568,0.1529182879377432,12.98604560223071,12.042466640472412,28.698971108703763,4.900049499036737,6.332669151575552,0.1529182879377432,0.0,0.2597209120446142,0.5739794221740753
q1_2020,1,robust_risk_mondrian,weather_outage,non_ramp,5567,0.9685647566014011,0.06856475660140104,4.898957442964438,3.744304656982422,5.272290828343379,0.6958327055851651,1.4359712048283237,0.0,0.06856475660140104,0.09797914885928875,0.10544581656686758
q1_2020,1,robust_risk_mondrian,weather_outage,ramp,257,0.6147859922178989,0.28521400778210115,11.452040225615297,10.45243215560913,30.200485216968254,5.266590092432638,6.309164741446045,0.28521400778210115,0.0,0.22904080451230593,0.6040097043393651
q1_2020,1,robust_rolling_cqr,clean,non_ramp,5567,0.9617388180348482,0.06173881803484815,4.44752593462175,3.5183067321777344,4.983960368741259,0.678236407895992,1.4195805142116271,0.0,0.06173881803484815,0.088950518692435,0.09967920737482518
q1_2020,1,robust_rolling_cqr,clean,ramp,257,0.5525291828793775,0.34747081712062255,10.094105740929392,8.980201721191406,33.547354948659816,5.107852599036369,6.256628269223423,0.34747081712062255,0.0,0.20188211481858784,0.6709470989731963
q1_2020,1,robust_rolling_cqr,combined_outage,non_ramp,5567,0.9234776360696965,0.02347763606969644,8.070698177116899,7.501863956451416,12.180481702514502,1.8422036654620542,3.7347967315103343,0.0,0.02347763606969644,0.16141396354233797,0.24360963405029004
q1_2020,1,robust_rolling_cqr,combined_outage,ramp,257,0.7003891050583657,0.1996108949416343,13.343652330092535,13.064702987670898,30.586900327064765,5.254242462870676,6.7621746635062365,0.1996108949416343,0.0,0.2668730466018507,0.6117380065412953
q1_2020,1,robust_rolling_cqr,irradiance_outage,non_ramp,5567,0.9590443686006825,0.05904436860068252,5.123789488282252,4.395369529724121,5.6801971350740486,0.7803590918357652,1.598096605024169,0.0,0.05904436860068252,0.10247578976564505,0.11360394270148097
q1_2020,1,robust_rolling_cqr,irradiance_outage,ramp,257,0.5330739299610895,0.36692607003891053,10.75717036408673,10.131298065185547,34.673003399418484,5.367470049208704,6.5039487694218465,0.36692607003891053,0.0,0.21514340728173462,0.6934600679883697
q1_2020,1,robust_rolling_cqr,recent_power_outage,non_ramp,5567,0.9356924735045805,0.03569247350458049,7.486132064634158,7.272228240966797,11.328511885350608,1.5766525508488094,3.5215576014557555,0.0,0.03569247350458049,0.14972264129268317,0.22657023770701215
q1_2020,1,robust_rolling_cqr,recent_power_outage,ramp,257,0.7354085603112841,0.16459143968871592,13.316732428185206,12.266719818115234,28.973379275446273,4.900049499036737,6.332669151575552,0.16459143968871592,0.0,0.26633464856370415,0.5794675855089255
q1_2020,1,robust_rolling_cqr,weather_outage,non_ramp,5567,0.963714747619903,0.06371474761990292,4.663681807831013,3.744304656982422,5.170790458353547,0.6958327055851651,1.4359712048283237,0.0,0.06371474761990292,0.09327363615662027,0.10341580916707095
q1_2020,1,robust_rolling_cqr,weather_outage,ramp,257,0.5680933852140078,0.33190661478599226,10.377565031849457,9.386543273925781,32.973998797542855,5.266590092432638,6.309164741446045,0.33190661478599226,0.0,0.20755130063698915,0.6594799759508571
q1_2020,4,clean_condition_cqr,clean,non_ramp,4593,0.9346832135858916,0.03468321358589155,6.652498525362352,4.995299339294434,9.314942611692056,1.5095077346860062,3.0014559362612907,0.0,0.03468321358589155,0.13304997050724704,0.1862988522338411
q1_2020,4,clean_condition_cqr,clean,ramp,1231,0.8489033306255077,0.05109666937449231,10.778350177165771,10.15186882019043,26.478676410323835,3.258075569772595,5.796529429353669,0.05109666937449231,0.0,0.21556700354331543,0.5295735282064767
q1_2020,4,clean_condition_cqr,combined_outage,non_ramp,4593,0.8573916829958633,0.0426083170041367,30.00540471270976,31.716840744018555,41.71774977537092,9.38905044299878,12.813569585067466,0.0426083170041367,0.0,0.6001080942541952,0.8343549955074184
q1_2020,4,clean_condition_cqr,combined_outage,ramp,1231,0.9788789601949635,0.07887896019496343,31.354590094617283,34.031761169433594,33.278178305838,6.812288027823011,8.987834157019833,0.0,0.07887896019496343,0.6270918018923457,0.6655635661167599
q1_2020,4,clean_condition_cqr,irradiance_outage,non_ramp,4593,0.9065969954278249,0.006596995427824881,13.674430111449901,16.789146900177002,17.239276581828907,2.7201858981624873,4.09002702180483,0.0,0.006596995427824881,0.273488602228998,0.34478553163657816
q1_2020,4,clean_condition_cqr,irradiance_outage,ramp,1231,0.8440292445166532,0.055970755483346846,12.694633983368076,12.535451889038086,26.468031241953085,3.888562555506199,6.1858604853884,0.055970755483346846,0.0,0.2538926796673615,0.5293606248390617
q1_2020,4,clean_condition_cqr,recent_power_outage,non_ramp,4593,0.8619638580448509,0.03803614195514915,29.001715742142036,30.064367294311523,42.115961701091116,8.032659889366961,12.347091260799168,0.03803614195514915,0.0,0.5800343148428407,0.8423192340218223
q1_2020,4,clean_condition_cqr,recent_power_outage,ramp,1231,0.9805036555645816,0.08050365556458161,32.06428673633115,33.90747833251953,34.51234868790721,5.441853684952345,7.877896232560653,0.0,0.08050365556458161,0.641285734726623,0.6902469737581443
q1_2020,4,clean_condition_cqr,weather_outage,non_ramp,4593,0.9564554757239278,0.05645547572392773,7.5525985215749,6.6190619468688965,9.360097204360786,1.5849501036343914,2.896675623601003,0.0,0.05645547572392773,0.151051970431498,0.18720194408721572
q1_2020,4,clean_condition_cqr,weather_outage,ramp,1231,0.826157595450853,0.07384240454914703,12.720146048605248,12.63113784790039,29.02061592277887,4.340598139310049,6.396611502866074,0.07384240454914703,0.0,0.25440292097210493,0.5804123184555774
q1_2020,4,lgbm_condition_cqr,clean,non_ramp,4593,0.9503592423252776,0.05035924232527755,10.677300633153731,8.836784362792969,11.805903771950588,1.4574476725496979,2.951954846776944,0.0,0.05035924232527755,0.21354601266307463,0.23611807543901175
q1_2020,4,lgbm_condition_cqr,clean,ramp,1231,0.8692120227457352,0.030787977254264853,15.259633768741026,15.904109597206116,21.579477956935396,3.287364819675312,5.84688031399965,0.030787977254264853,0.0,0.30519267537482053,0.4315895591387079
q1_2020,4,lgbm_condition_cqr,combined_outage,non_ramp,4593,0.777705203570651,0.12229479642934904,23.828793007785247,22.88593828678131,29.275893221228795,8.8428069379172,12.763001608229914,0.12229479642934904,0.0,0.47657586015570497,0.5855178644245759
q1_2020,4,lgbm_condition_cqr,combined_outage,ramp,1231,0.9691307879772543,0.06913078797725425,26.816816077253666,28.059844493865967,27.966901594647346,7.207081189492958,9.446032750199821,0.0,0.06913078797725425,0.5363363215450733,0.559338031892947
q1_2020,4,lgbm_condition_cqr,irradiance_outage,non_ramp,4593,0.8604397996951884,0.039560200304811666,18.638041315871277,16.849575638771057,20.943241055814447,3.361427537694229,5.316016280446149,0.039560200304811666,0.0,0.3727608263174255,0.4188648211162889
q1_2020,4,lgbm_condition_cqr,irradiance_outage,ramp,1231,0.9731925264012997,0.0731925264012997,23.51907791820855,24.767895221710205,24.75378090470188,3.8863507148508623,6.080129810701184,0.0,0.0731925264012997,0.47038155836417095,0.4950756180940376
q1_2020,4,lgbm_condition_cqr,recent_power_outage,non_ramp,4593,0.8214674504681037,0.07853254953189637,18.059303324020632,17.11205291748047,27.2568079560415,7.335691450710415,11.613624284525812,0.07853254953189637,0.0,0.3611860664804126,0.54513615912083
q1_2020,4,lgbm_condition_cqr,recent_power_outage,ramp,1231,0.9301380991064175,0.030138099106417515,21.73995121503491,22.348860263824463,24.76707962521932,5.793868518028572,8.147451244831478,0.0,0.030138099106417515,0.4347990243006982,0.4953415925043864
q1_2020,4,lgbm_condition_cqr,weather_outage,non_ramp,4593,0.953625081645983,0.05362508164598301,10.791363198609629,8.904335975646973,11.863950934792543,1.4968081135660671,2.8778329622492067,0.0,0.05362508164598301,0.21582726397219257,0.23727901869585086
q1_2020,4,lgbm_condition_cqr,weather_outage,ramp,1231,0.8627132412672623,0.03728675873273768,15.422639921050335,16.090615272521973,21.84147111888427,3.77259210967455,6.07017322886741,0.03728675873273768,0.0,0.3084527984210067,0.4368294223776854
q1_2020,4,oracle_ramp_mondrian,clean,non_ramp,4593,0.9076856085347268,0.007685608534726773,6.831278672601417,4.156614065170288,10.676056907946673,1.714147022238323,3.467874403261088,0.0,0.007685608534726773,0.13662557345202836,0.21352113815893348
q1_2020,4,oracle_ramp_mondrian,clean,ramp,1231,0.9374492282696995,0.03744922826969943,15.424381399486338,14.5850248336792,22.904335382275715,2.9640718612439363,5.5392071476142215,0.0,0.03744922826969943,0.30848762798972673,0.4580867076455143
q1_2020,4,oracle_ramp_mondrian,combined_outage,non_ramp,4593,0.8711082081428261,0.028891791857173943,7.9619213176583745,6.33674556016922,15.028790170122228,2.3096457406570616,4.44144905129313,0.028891791857173943,0.0,0.15923842635316748,0.30057580340244455
q1_2020,4,oracle_ramp_mondrian,combined_outage,ramp,1231,0.9358245329000813,0.03582453290008125,19.15637681336058,18.611363172531128,25.511889503652927,3.9941196879126117,5.990238832403612,0.0,0.03582453290008125,0.38312753626721163,0.5102377900730586
q1_2020,4,oracle_ramp_mondrian,irradiance_outage,non_ramp,4593,0.8974526453298498,0.0025473546701502148,7.542151766223924,5.127383708953857,11.783012145498613,1.8806203337959542,3.722242581441746,0.0025473546701502148,0.0,0.15084303532447849,0.23566024290997226
q1_2020,4,oracle_ramp_mondrian,irradiance_outage,ramp,1231,0.9285134037367994,0.028513403736799336,16.72698800636805,16.09854793548584,23.76964452448146,3.156119564967646,5.650267857031189,0.0,0.028513403736799336,0.334539760127361,0.4753928904896292
q1_2020,4,oracle_ramp_mondrian,recent_power_outage,non_ramp,4593,0.8743740474635314,0.0256259525364686,8.032438230713998,5.518054485321045,14.002026801370869,2.264265380480994,4.262405124044213,0.0256259525364686,0.0,0.16064876461427996,0.2800405360274174
q1_2020,4,oracle_ramp_mondrian,recent_power_outage,ramp,1231,0.934199837530463,0.03419983753046296,15.942380724343147,15.820038318634033,22.827982840250048,3.1841382682811434,5.442059865796942,0.0,0.03419983753046296,0.31884761448686294,0.45655965680500094
q1_2020,4,oracle_ramp_mondrian,weather_outage,non_ramp,4593,0.914435009797518,0.014435009797517995,7.048560968795864,4.454239368438721,10.185608546423277,1.7203145048145185,3.5290326694826204,0.0,0.014435009797517995,0.14097121937591728,0.20371217092846552
q1_2020,4,oracle_ramp_mondrian,weather_outage,ramp,1231,0.9293257514216084,0.029325751421608426,16.32130472009788,15.686949729919434,24.195151017435578,3.291024192938071,5.669376962687181,0.0,0.029325751421608426,0.32642609440195763,0.4839030203487116
q1_2020,4,persistence_condition_cqr,clean,non_ramp,4593,1.0,0.09999999999999998,18.592570182822534,15.264932632446289,18.592570182822534,2.5949191955630333,4.002999457558116,0.0,0.09999999999999998,0.3718514036564507,0.3718514036564507
q1_2020,4,persistence_condition_cqr,clean,ramp,1231,0.5767668562144598,0.32323314378554024,24.35636095041303,26.836665078997612,46.76692146349322,13.553333056689286,13.82151992834731,0.32323314378554024,0.0,0.4871272190082606,0.9353384292698643
q1_2020,4,persistence_condition_cqr,combined_outage,non_ramp,4593,0.9344654909645113,0.034465490964511236,38.537175264338266,36.67873573303223,42.532722895561264,10.065267212850049,14.602379984663155,0.0,0.034465490964511236,0.7707435052867653,0.8506544579112253
q1_2020,4,persistence_condition_cqr,combined_outage,ramp,1231,0.7514216084484159,0.14857839155158414,37.47627285933901,36.64980220794678,52.871705194726395,23.028191250225394,24.675822073883193,0.14857839155158414,0.0,0.7495254571867802,1.0574341038945279
q1_2020,4,persistence_condition_cqr,irradiance_outage,non_ramp,4593,1.0,0.09999999999999998,18.592570182822534,15.264932632446289,18.592570182822534,2.5949191955630333,4.002999457558116,0.0,0.09999999999999998,0.3718514036564507,0.3718514036564507
q1_2020,4,persistence_condition_cqr,irradiance_outage,ramp,1231,0.5767668562144598,0.32323314378554024,24.35636095041303,26.836665078997612,46.76692146349322,13.553333056689286,13.82151992834731,0.32323314378554024,0.0,0.4871272190082606,0.9353384292698643
q1_2020,4,persistence_condition_cqr,recent_power_outage,non_ramp,4593,0.9344654909645113,0.034465490964511236,38.537175264338266,36.67873573303223,42.532722895561264,10.065267212850049,14.602379984663155,0.0,0.034465490964511236,0.7707435052867653,0.8506544579112253
q1_2020,4,persistence_condition_cqr,recent_power_outage,ramp,1231,0.7514216084484159,0.14857839155158414,37.47627285933901,36.64980220794678,52.871705194726395,23.028191250225394,24.675822073883193,0.14857839155158414,0.0,0.7495254571867802,1.0574341038945279
q1_2020,4,persistence_condition_cqr,weather_outage,non_ramp,4593,1.0,0.09999999999999998,18.592570182822534,15.264932632446289,18.592570182822534,2.5949191955630333,4.002999457558116,0.0,0.09999999999999998,0.3718514036564507,0.3718514036564507
q1_2020,4,persistence_condition_cqr,weather_outage,ramp,1231,0.5767668562144598,0.32323314378554024,24.35636095041303,26.836665078997612,46.76692146349322,13.553333056689286,13.82151992834731,0.32323314378554024,0.0,0.4871272190082606,0.9353384292698643
q1_2020,4,robust_condition_cqr,clean,non_ramp,4593,0.9261920313520575,0.0261920313520575,7.305304332404784,4.747216701507568,10.64396645367372,1.714147022238323,3.467874403261088,0.0,0.0261920313520575,0.14610608664809568,0.2128793290734744
q1_2020,4,robust_condition_cqr,clean,ramp,1231,0.8659626320064988,0.03403736799350121,10.386486466483392,9.389242172241211,22.9181684181968,2.9640718612439363,5.5392071476142215,0.03403736799350121,0.0,0.20772972932966785,0.458363368363936
q1_2020,4,robust_condition_cqr,combined_outage,non_ramp,4593,0.9266274765948183,0.026627476594818233,9.803822553280035,8.193297386169434,14.492881913307869,2.3096457406570616,4.44144905129313,0.0,0.026627476594818233,0.1960764510656007,0.2898576382661574
q1_2020,4,robust_condition_cqr,combined_outage,ramp,1231,0.8505280259951259,0.04947197400487413,14.322355884883876,13.586194515228271,26.241745635955635,3.9941196879126117,5.990238832403612,0.04947197400487413,0.0,0.2864471176976775,0.5248349127191126
q1_2020,4,robust_condition_cqr,irradiance_outage,non_ramp,4593,0.9290224254300021,0.029022425430002108,8.412009873462935,6.18024155497551,11.697789648093158,1.8806203337959542,3.722242581441746,0.0,0.029022425430002108,0.1682401974692587,0.23395579296186317
q1_2020,4,robust_condition_cqr,irradiance_outage,ramp,1231,0.875710804224208,0.024289195775792027,12.080462559959287,11.340816497802734,23.74106647134596,3.156119564967646,5.650267857031189,0.024289195775792027,0.0,0.24160925119918575,0.4748213294269192
q1_2020,4,robust_condition_cqr,recent_power_outage,non_ramp,4593,0.8937513607663836,0.006248639233616404,8.403401747991138,5.901415824890137,13.82162472905602,2.264265380480994,4.262405124044213,0.006248639233616404,0.0,0.16806803495982275,0.2764324945811204
q1_2020,4,robust_condition_cqr,recent_power_outage,ramp,1231,0.8846466287571081,0.015353371242891933,12.075497966928515,11.726557731628418,22.725754578607678,3.1841382682811434,5.442059865796942,0.015353371242891933,0.0,0.24150995933857028,0.45451509157215353
q1_2020,4,robust_condition_cqr,weather_outage,non_ramp,4593,0.943392118441106,0.04339211844110602,7.7678686386441065,5.308915615081787,10.273411078669735,1.7203145048145185,3.5290326694826204,0.0,0.04339211844110602,0.15535737277288214,0.2054682215733947
q1_2020,4,robust_condition_cqr,weather_outage,ramp,1231,0.859463850528026,0.04053614947197404,11.432722824929051,10.621338367462158,24.559554860115377,3.291024192938071,5.669376962687181,0.04053614947197404,0.0,0.22865445649858102,0.4911910972023075
q1_2020,4,robust_local_cqr,clean,non_ramp,4593,0.952971913781842,0.05297191378184196,8.246907010204387,4.996923983097076,10.19147837044192,1.714147022238323,3.467874403261088,0.0,0.05297191378184196,0.16493814020408773,0.20382956740883842
q1_2020,4,robust_local_cqr,clean,ramp,1231,0.9106417546709992,0.010641754670999148,12.595922552018708,11.374671936035156,22.549846122986853,2.9640718612439363,5.5392071476142215,0.0,0.010641754670999148,0.25191845104037414,0.45099692245973705
q1_2020,4,robust_local_cqr,combined_outage,non_ramp,4593,0.9270629218375789,0.027062921837578857,9.509643292358545,7.088025867938995,13.532047407282956,2.3096457406570616,4.44144905129313,0.0,0.027062921837578857,0.1901928658471709,0.27064094814565914
q1_2020,4,robust_local_cqr,combined_outage,ramp,1231,0.8895207148659626,0.010479285134037397,15.23154904106768,14.695428133010864,25.30845168779947,3.9941196879126117,5.990238832403612,0.010479285134037397,0.0,0.3046309808213536,0.5061690337559894
q1_2020,4,robust_local_cqr,irradiance_outage,non_ramp,4593,0.9518833006749401,0.05188330067494007,9.050346923227849,6.106517791748047,11.196986308316363,1.8806203337959542,3.722242581441746,0.0,0.05188330067494007,0.18100693846455698,0.22393972616632726
q1_2020,4,robust_local_cqr,irradiance_outage,ramp,1231,0.9106417546709992,0.010641754670999148,13.84346802020786,13.0068359375,22.829574268346065,3.156119564967646,5.650267857031189,0.0,0.010641754670999148,0.2768693604041572,0.4565914853669213
q1_2020,4,robust_local_cqr,recent_power_outage,non_ramp,4593,0.9279338123231003,0.027933812323100327,9.42601823385974,6.486880302429199,12.937962841945094,2.264265380480994,4.262405124044213,0.0,0.027933812323100327,0.1885203646771948,0.2587592568389019
q1_2020,4,robust_local_cqr,recent_power_outage,ramp,1231,0.9187652315190902,0.018765231519090153,14.286049118110038,13.076638221740723,23.085106103921234,3.1841382682811434,5.442059865796942,0.0,0.018765231519090153,0.2857209823622007,0.4617021220784247
q1_2020,4,robust_local_cqr,weather_outage,non_ramp,4593,0.9595035924232528,0.05950359242325276,8.448569214967508,5.426299571990967,10.00735157168206,1.7203145048145185,3.5290326694826204,0.0,0.05950359242325276,0.16897138429935016,0.2001470314336412
q1_2020,4,robust_local_cqr,weather_outage,ramp,1231,0.9017059301380991,0.0017059301380990544,13.442013823312736,12.280471682548523,24.026253428234217,3.291024192938071,5.669376962687181,0.0,0.0017059301380990544,0.26884027646625475,0.48052506856468435
q1_2020,4,robust_risk_mondrian,clean,non_ramp,4593,0.9534073590246026,0.053407359024602585,8.578881233098496,4.722926735877991,10.462792683153165,1.714147022238323,3.467874403261088,0.0,0.053407359024602585,0.1715776246619699,0.2092558536630633
q1_2020,4,robust_risk_mondrian,clean,ramp,1231,0.917140536149472,0.017140536149471974,13.769670564383208,12.859704971313477,22.65403673696921,2.9640718612439363,5.5392071476142215,0.0,0.017140536149471974,0.27539341128766415,0.4530807347393842
q1_2020,4,robust_risk_mondrian,combined_outage,non_ramp,4593,0.9089919442630089,0.008991944263008866,9.114355335752593,7.868904113769531,14.12629846483023,2.3096457406570616,4.44144905129313,0.0,0.008991944263008866,0.18228710671505188,0.2825259692966046
q1_2020,4,robust_risk_mondrian,combined_outage,ramp,1231,0.9017059301380991,0.0017059301380990544,16.327885333403255,17.47150993347168,27.357632958191765,3.9941196879126117,5.990238832403612,0.0,0.0017059301380990544,0.3265577066680651,0.5471526591638353
q1_2020,4,robust_risk_mondrian,irradiance_outage,non_ramp,4593,0.9497060744611365,0.04970607446113651,8.749671551625022,5.9079742431640625,10.909856110445842,1.8806203337959542,3.722242581441746,0.0,0.04970607446113651,0.17499343103250045,0.21819712220891685
q1_2020,4,robust_risk_mondrian,irradiance_outage,ramp,1231,0.909017059301381,0.00901705930138097,15.027706896658506,14.55708122253418,25.00811464558972,3.156119564967646,5.650267857031189,0.0,0.00901705930138097,0.3005541379331701,0.5001622929117944
q1_2020,4,robust_risk_mondrian,recent_power_outage,non_ramp,4593,0.9037666013498803,0.003766601349880272,8.653264678521033,7.377982139587402,13.471791195237588,2.264265380480994,4.262405124044213,0.0,0.003766601349880272,0.17306529357042066,0.26943582390475174
q1_2020,4,robust_risk_mondrian,recent_power_outage,ramp,1231,0.9073923639317628,0.007392363931762791,14.26443119109612,14.45909309387207,24.252261229964756,3.1841382682811434,5.442059865796942,0.0,0.007392363931762791,0.2852886238219224,0.4850452245992951
q1_2020,4,robust_risk_mondrian,weather_outage,non_ramp,4593,0.9612453733942957,0.0612453733942957,8.847542555240626,5.0891711711883545,10.335165525396956,1.7203145048145185,3.5290326694826204,0.0,0.0612453733942957,0.1769508511048125,0.2067033105079391
q1_2020,4,robust_risk_mondrian,weather_outage,ramp,1231,0.9065800162469537,0.006580016246953702,14.416494462109503,13.640430450439453,24.011145179998962,3.291024192938071,5.669376962687181,0.0,0.006580016246953702,0.28832988924219005,0.48022290359997927
q1_2020,4,robust_rolling_cqr,clean,non_ramp,4593,0.9285869801872415,0.028586980187241484,7.4565153635322226,4.694969177246094,10.626326661391317,1.714147022238323,3.467874403261088,0.0,0.028586980187241484,0.14913030727064444,0.21252653322782636
q1_2020,4,robust_rolling_cqr,clean,ramp,1231,0.8610885458976442,0.03891145410235586,10.475800959795912,9.495572090148926,22.795498527453347,2.9640718612439363,5.5392071476142215,0.03891145410235586,0.0,0.20951601919591822,0.45590997054906696
q1_2020,4,robust_rolling_cqr,combined_outage,non_ramp,4593,0.919878075332027,0.019878075332027012,10.002990186992818,8.131455421447754,14.180671089079356,2.3096457406570616,4.44144905129313,0.0,0.019878075332027012,0.20005980373985635,0.2836134217815871
q1_2020,4,robust_rolling_cqr,combined_outage,ramp,1231,0.8302193338748984,0.06978066612510159,14.189559641097855,13.36307144165039,26.57699818383323,3.9941196879126117,5.990238832403612,0.06978066612510159,0.0,0.2837911928219571,0.5315399636766646
q1_2020,4,robust_rolling_cqr,irradiance_outage,non_ramp,4593,0.922273024167211,0.022273024167210997,8.286522511139642,5.745841979980469,11.674579729155464,1.8806203337959542,3.722242581441746,0.0,0.022273024167210997,0.16573045022279284,0.23349159458310928
q1_2020,4,robust_rolling_cqr,irradiance_outage,ramp,1231,0.8708367181153533,0.029163281884646675,11.794818656381668,11.072864532470703,23.638538163480685,3.156119564967646,5.650267857031189,0.029163281884646675,0.0,0.23589637312763337,0.4727707632696137
q1_2020,4,robust_rolling_cqr,recent_power_outage,non_ramp,4593,0.9142172871761376,0.014217287176137572,9.468428455139875,7.287347793579102,13.395843341200804,2.264265380480994,4.262405124044213,0.0,0.014217287176137572,0.1893685691027975,0.26791686682401605
q1_2020,4,robust_rolling_cqr,recent_power_outage,ramp,1231,0.8903330625507717,0.009666937449228308,13.167825242241362,12.482179641723633,22.396955189339916,3.1841382682811434,5.442059865796942,0.009666937449228308,0.0,0.26335650484482725,0.44793910378679835
q1_2020,4,robust_rolling_cqr,weather_outage,non_ramp,4593,0.9351186588286523,0.03511865882865228,7.58720874330931,5.065731525421143,10.204357370548491,1.7203145048145185,3.5290326694826204,0.0,0.03511865882865228,0.1517441748661862,0.20408714741096984
q1_2020,4,robust_rolling_cqr,weather_outage,ramp,1231,0.8277822908204712,0.07221770917952886,11.080499425624815,10.266195297241211,24.672442644725386,3.291024192938071,5.669376962687181,0.07221770917952886,0.0,0.2216099885124963,0.49344885289450774
q2_2020,1,clean_condition_cqr,clean,non_ramp,5488,0.9389577259475219,0.03895772594752189,4.460650449627968,3.845308303833008,5.299831897410402,0.8261114347088019,1.4679063781771975,0.0,0.03895772594752189,0.08921300899255936,0.10599663794820804
q2_2020,1,clean_condition_cqr,clean,ramp,336,0.2857142857142857,0.6142857142857143,9.62079025379249,9.406190872192383,56.74590179537024,6.996528532178629,7.7953239239778105,0.6142857142857143,0.0,0.19241580507584982,1.1349180359074047
q2_2020,1,clean_condition_cqr,combined_outage,non_ramp,5488,0.910167638483965,0.010167638483964958,35.782793712685475,36.085289001464844,40.93744589114676,11.26024409307698,14.302735948911998,0.0,0.010167638483964958,0.7156558742537095,0.8187489178229351
q2_2020,1,clean_condition_cqr,combined_outage,ramp,336,0.9642857142857143,0.06428571428571428,36.179704087121145,38.30269241333008,38.473289228620985,13.235334052571229,15.51473034691515,0.0,0.06428571428571428,0.7235940817424229,0.7694657845724197
q2_2020,1,clean_condition_cqr,irradiance_outage,non_ramp,5488,0.9205539358600583,0.02055393586005827,9.971445772093972,7.964578151702881,11.31128950482674,1.4473312350997232,2.162079930046845,0.0,0.02055393586005827,0.19942891544187943,0.22622579009653482
q2_2020,1,clean_condition_cqr,irradiance_outage,ramp,336,0.49702380952380953,0.4029761904761905,13.263094970335564,13.099716186523438,47.05481986080607,6.787200704571747,7.7833491660436795,0.4029761904761905,0.0,0.2652618994067113,0.9410963972161214
q2_2020,1,clean_condition_cqr,recent_power_outage,non_ramp,5488,0.9149052478134111,0.014905247813411071,36.808114254439886,36.64989471435547,42.370180062927936,10.344876725760713,13.79228406964374,0.0,0.014905247813411071,0.7361622850887977,0.8474036012585587
q2_2020,1,clean_condition_cqr,recent_power_outage,ramp,336,0.9702380952380952,0.07023809523809521,38.43736161504473,38.739797592163086,40.14806192261832,12.789957845140071,15.266014616796806,0.0,0.07023809523809521,0.7687472323008946,0.8029612384523663
q2_2020,1,clean_condition_cqr,weather_outage,non_ramp,5488,0.9407798833819242,0.040779883381924176,4.455095303576122,3.8648881912231445,5.273036159127225,0.832571538426232,1.4584961097386078,0.0,0.040779883381924176,0.08910190607152244,0.10546072318254449
q2_2020,1,clean_condition_cqr,weather_outage,ramp,336,0.28869047619047616,0.6113095238095239,9.584203466773033,9.441050052642822,58.059700441502386,7.044137690393698,7.839860358411157,0.6113095238095239,0.0,0.19168406933546067,1.1611940088300476
q2_2020,1,lgbm_condition_cqr,clean,non_ramp,5488,0.905430029154519,0.005430029154518956,5.991334156155248,5.749841690063477,7.060712343939957,0.7947623403326594,1.3869364913955262,0.0,0.005430029154518956,0.11982668312310496,0.14121424687879913
q2_2020,1,lgbm_condition_cqr,clean,ramp,336,0.44345238095238093,0.4565476190476191,11.241238689848355,11.127327919006348,45.200940311664624,7.31689571234442,8.156549099000438,0.4565476190476191,0.0,0.2248247737969671,0.9040188062332924
q2_2020,1,lgbm_condition_cqr,combined_outage,non_ramp,5488,0.9081632653061225,0.008163265306122436,34.979292389950324,34.91343116760254,39.93061151448909,11.324022182007376,14.152348170106912,0.0,0.008163265306122436,0.6995858477990065,0.7986122302897818
q2_2020,1,lgbm_condition_cqr,combined_outage,ramp,336,0.9553571428571429,0.05535714285714288,36.19103589512053,36.905364990234375,38.36545965785072,12.677394538763023,15.006263975401778,0.0,0.05535714285714288,0.7238207179024105,0.7673091931570144
q2_2020,1,lgbm_condition_cqr,irradiance_outage,non_ramp,5488,0.8354591836734694,0.06454081632653064,8.651210306858191,8.367222785949707,11.07401152502144,2.086749528159182,2.622590897348417,0.06454081632653064,0.0,0.17302420613716382,0.2214802305004288
q2_2020,1,lgbm_condition_cqr,irradiance_outage,ramp,336,0.5535714285714286,0.3464285714285714,13.504043662831897,13.649645328521729,40.92881643488293,6.913095449762685,8.037415201273989,0.3464285714285714,0.0,0.27008087325663793,0.8185763286976586
q2_2020,1,lgbm_condition_cqr,recent_power_outage,non_ramp,5488,0.9302113702623906,0.030211370262390624,32.7527817383452,31.963086128234863,35.621902383451214,10.75512436115027,13.894600231118545,0.0,0.030211370262390624,0.655055634766904,0.7124380476690243
q2_2020,1,lgbm_condition_cqr,recent_power_outage,ramp,336,0.9761904761904762,0.07619047619047614,35.332867900530495,36.07136154174805,36.410575736136664,12.549125893839769,15.029285550438516,0.0,0.07619047619047614,0.7066573580106099,0.7282115147227333
q2_2020,1,lgbm_condition_cqr,weather_outage,non_ramp,5488,0.9110787172011662,0.011078717201166155,6.027633034704126,5.798528075218201,7.063171693903516,0.7980089345685657,1.3918164139269869,0.0,0.011078717201166155,0.1205526606940825,0.1412634338780703
q2_2020,1,lgbm_condition_cqr,weather_outage,ramp,336,0.4494047619047619,0.4505952380952381,11.26151565284956,11.13288402557373,45.29384933766865,7.311138877911227,8.155222814073666,0.4505952380952381,0.0,0.2252303130569912,0.9058769867533729
q2_2020,1,oracle_ramp_mondrian,clean,non_ramp,5488,0.9526239067055393,0.05262390670553929,5.828968852453156,4.492166638374329,6.487796923374408,0.9831039178153176,1.7365668179576148,0.0,0.05262390670553929,0.11657937704906311,0.12975593846748817
q2_2020,1,oracle_ramp_mondrian,clean,ramp,336,0.9017857142857143,0.0017857142857142794,21.330166534298943,21.724010944366455,27.334041301693237,6.680002219265416,7.634602837168875,0.0,0.0017857142857142794,0.4266033306859789,0.5466808260338647
q2_2020,1,oracle_ramp_mondrian,combined_outage,non_ramp,5488,0.8456632653061225,0.054336734693877564,8.092894245914067,8.267849206924438,15.687972955524716,2.44810253916156,4.160180100630533,0.054336734693877564,0.0,0.16185788491828135,0.3137594591104943
q2_2020,1,oracle_ramp_mondrian,combined_outage,ramp,336,0.8958333333333334,0.004166666666666652,23.103727850763658,23.21406151074916,28.23949759547776,5.9878730571695735,7.42859360414345,0.004166666666666652,0.0,0.46207455701527317,0.5647899519095553
q2_2020,1,oracle_ramp_mondrian,irradiance_outage,non_ramp,5488,0.9480685131195336,0.04806851311953353,6.310117056160686,5.22070574760437,7.090651291707384,1.034761771587191,1.8157481136249285,0.0,0.04806851311953353,0.1262023411232137,0.14181302583414768
q2_2020,1,oracle_ramp_mondrian,irradiance_outage,ramp,336,0.8928571428571429,0.0071428571428571175,21.48544744207036,21.744537353515625,28.064721125754573,6.841918455348129,7.800465101246798,0.0071428571428571175,0.0,0.4297089488414072,0.5612944225150914
q2_2020,1,oracle_ramp_mondrian,recent_power_outage,non_ramp,5488,0.8655247813411079,0.03447521865889214,8.077469147813575,7.801118850708008,15.093662769010924,2.2648163460679602,4.076891802403764,0.03447521865889214,0.0,0.1615493829562715,0.3018732553802185
q2_2020,1,oracle_ramp_mondrian,recent_power_outage,ramp,336,0.8869047619047619,0.01309523809523816,20.35630272433073,20.598111629486084,26.496188181119837,5.600619894762834,7.030670869769149,0.01309523809523816,0.0,0.40712605448661465,0.5299237636223968
q2_2020,1,oracle_ramp_mondrian,weather_outage,non_ramp,5488,0.9511661807580175,0.05116618075801749,5.98650015450969,4.905137240886688,6.647934408871488,1.0032933540362194,1.7476387795246113,0.0,0.05116618075801749,0.1197300030901938,0.13295868817742976
q2_2020,1,oracle_ramp_mondrian,weather_outage,ramp,336,0.9047619047619048,0.004761904761904745,21.383279793053156,21.799787998199463,27.134702010967192,6.682118631189778,7.63356719546575,0.0,0.004761904761904745,0.4276655958610631,0.5426940402193439
q2_2020,1,persistence_condition_cqr,clean,non_ramp,5488,0.9590014577259475,0.05900145772594745,6.3978735327014,7.281866014003754,6.860726868653325,1.2731825124839613,1.7331628227539368,0.0,0.05900145772594745,0.127957470654028,0.1372145373730665
q2_2020,1,persistence_condition_cqr,clean,ramp,336,0.0,0.9,7.275669810761299,7.281866073608398,102.91772527540368,8.4230358887996,9.060594406798785,0.9,0.0,0.14551339621522597,2.0583545055080736
q2_2020,1,persistence_condition_cqr,combined_outage,non_ramp,5488,0.9856049562682215,0.08560495626822151,34.96819351095932,34.46109962463379,35.62076280093833,9.1072341215791,11.968679243891165,0.0,0.08560495626822151,0.6993638702191863,0.7124152560187667
q2_2020,1,persistence_condition_cqr,combined_outage,ramp,336,0.9494047619047619,0.04940476190476184,39.070228722168224,38.81790065765381,42.323775760519005,12.084459945204712,14.265649535974337,0.0,0.04940476190476184,0.7814045744433645,0.8464755152103801
q2_2020,1,persistence_condition_cqr,irradiance_outage,non_ramp,5488,0.9590014577259475,0.05900145772594745,6.3978735327014,7.281866014003754,6.860726868653325,1.2731825124839613,1.7331628227539368,0.0,0.05900145772594745,0.127957470654028,0.1372145373730665
q2_2020,1,persistence_condition_cqr,irradiance_outage,ramp,336,0.0,0.9,7.275669810761299,7.281866073608398,102.91772527540368,8.4230358887996,9.060594406798785,0.9,0.0,0.14551339621522597,2.0583545055080736
q2_2020,1,persistence_condition_cqr,recent_power_outage,non_ramp,5488,0.9856049562682215,0.08560495626822151,34.96819351095932,34.46109962463379,35.62076280093833,9.1072341215791,11.968679243891165,0.0,0.08560495626822151,0.6993638702191863,0.7124152560187667
q2_2020,1,persistence_condition_cqr,recent_power_outage,ramp,336,0.9494047619047619,0.04940476190476184,39.070228722168224,38.81790065765381,42.323775760519005,12.084459945204712,14.265649535974337,0.0,0.04940476190476184,0.7814045744433645,0.8464755152103801
q2_2020,1,persistence_condition_cqr,weather_outage,non_ramp,5488,0.9590014577259475,0.05900145772594745,6.3978735327014,7.281866014003754,6.860726868653325,1.2731825124839613,1.7331628227539368,0.0,0.05900145772594745,0.127957470654028,0.1372145373730665
q2_2020,1,persistence_condition_cqr,weather_outage,ramp,336,0.0,0.9,7.275669810761299,7.281866073608398,102.91772527540368,8.4230358887996,9.060594406798785,0.9,0.0,0.14551339621522597,2.0583545055080736
q2_2020,1,robust_condition_cqr,clean,non_ramp,5488,0.9526239067055393,0.05262390670553929,5.828968852453156,4.492166638374329,6.487796923374408,0.9831039178153176,1.7365668179576148,0.0,0.05262390670553929,0.11657937704906311,0.12975593846748817
q2_2020,1,robust_condition_cqr,clean,ramp,336,0.49107142857142855,0.4089285714285715,12.270190630995092,12.668638706207275,42.004519169174486,6.680002219265416,7.634602837168875,0.4089285714285715,0.0,0.24540381261990185,0.8400903833834897
q2_2020,1,robust_condition_cqr,combined_outage,non_ramp,5488,0.8606049562682215,0.03939504373177849,8.3636301964219,8.567580461502075,15.520876983998095,2.44810253916156,4.160180100630533,0.03939504373177849,0.0,0.16727260392843799,0.3104175396799619
q2_2020,1,robust_condition_cqr,combined_outage,ramp,336,0.6369047619047619,0.26309523809523816,13.877599975182896,13.97210168838501,38.73524129177843,5.9878730571695735,7.42859360414345,0.26309523809523816,0.0,0.27755199950365794,0.7747048258355685
q2_2020,1,robust_condition_cqr,irradiance_outage,non_ramp,5488,0.9480685131195336,0.04806851311953353,6.310117056160686,5.22070574760437,7.090651291707384,1.034761771587191,1.8157481136249285,0.0,0.04806851311953353,0.1262023411232137,0.14181302583414768
q2_2020,1,robust_condition_cqr,irradiance_outage,ramp,336,0.5029761904761905,0.39702380952380956,12.559917672404222,12.788440704345703,43.51691031420515,6.841918455348129,7.800465101246798,0.39702380952380956,0.0,0.25119835344808444,0.870338206284103
q2_2020,1,robust_condition_cqr,recent_power_outage,non_ramp,5488,0.8675291545189504,0.032470845481049615,8.087877633547071,7.812370300292969,15.08905612030528,2.2648163460679602,4.076891802403764,0.032470845481049615,0.0,0.16175755267094144,0.3017811224061056
q2_2020,1,robust_condition_cqr,recent_power_outage,ramp,336,0.6785714285714286,0.22142857142857142,13.839574363969621,14.076765060424805,32.14902276084537,5.600619894762834,7.030670869769149,0.22142857142857142,0.0,0.2767914872793924,0.6429804552169074
q2_2020,1,robust_condition_cqr,weather_outage,non_ramp,5488,0.9511661807580175,0.05116618075801749,5.98650015450969,4.905137240886688,6.647934408871488,1.0032933540362194,1.7476387795246113,0.0,0.05116618075801749,0.1197300030901938,0.13295868817742976
q2_2020,1,robust_condition_cqr,weather_outage,ramp,336,0.49702380952380953,0.4029761904761905,12.284906416067056,12.721224784851074,42.51669707929804,6.682118631189778,7.63356719546575,0.4029761904761905,0.0,0.2456981283213411,0.8503339415859608
q2_2020,1,robust_local_cqr,clean,non_ramp,5488,0.9639212827988338,0.0639212827988338,6.2691049242817325,4.596920967102051,6.757377532621571,0.9831039178153176,1.7365668179576148,0.0,0.0639212827988338,0.12538209848563464,0.13514755065243142
q2_2020,1,robust_local_cqr,clean,ramp,336,0.5625,0.3375,13.234891652351333,13.879869937896729,38.942892503880316,6.680002219265416,7.634602837168875,0.3375,0.0,0.26469783304702665,0.7788578500776063
q2_2020,1,robust_local_cqr,combined_outage,non_ramp,5488,0.918002915451895,0.01800291545189503,10.907370652557516,9.02349042892456,14.036959064738591,2.44810253916156,4.160180100630533,0.0,0.01800291545189503,0.21814741305115032,0.2807391812947718
q2_2020,1,robust_local_cqr,combined_outage,ramp,336,0.7916666666666666,0.10833333333333339,20.362884871351223,18.294545650482178,32.614607300831096,5.9878730571695735,7.42859360414345,0.10833333333333339,0.0,0.40725769742702445,0.6522921460166219
q2_2020,1,robust_local_cqr,irradiance_outage,non_ramp,5488,0.9600947521865889,0.060094752186588885,6.735052695346087,5.441189765930176,7.324135995294329,1.034761771587191,1.8157481136249285,0.0,0.060094752186588885,0.13470105390692175,0.14648271990588657
q2_2020,1,robust_local_cqr,irradiance_outage,ramp,336,0.5535714285714286,0.3464285714285714,13.59353138009707,14.116780281066895,40.051145760785964,6.841918455348129,7.800465101246798,0.3464285714285714,0.0,0.2718706276019414,0.8010229152157193
q2_2020,1,robust_local_cqr,recent_power_outage,non_ramp,5488,0.9395043731778425,0.0395043731778425,10.901427384946992,8.02156114578247,13.024995805393964,2.2648163460679602,4.076891802403764,0.0,0.0395043731778425,0.21802854769893984,0.26049991610787926
q2_2020,1,robust_local_cqr,recent_power_outage,ramp,336,0.8363095238095238,0.06369047619047619,20.303519711341885,18.379311561584473,28.978249298408628,5.600619894762834,7.030670869769149,0.06369047619047619,0.0,0.4060703942268377,0.5795649859681725
q2_2020,1,robust_local_cqr,weather_outage,non_ramp,5488,0.9655612244897959,0.06556122448979584,6.434025168310896,5.007700443267822,6.932257428075571,1.0032933540362194,1.7476387795246113,0.0,0.06556122448979584,0.12868050336621792,0.13864514856151142
q2_2020,1,robust_local_cqr,weather_outage,ramp,336,0.5595238095238095,0.3404761904761905,13.243319892102765,13.777652263641357,39.506321091382276,6.682118631189778,7.63356719546575,0.3404761904761905,0.0,0.2648663978420553,0.7901264218276455
q2_2020,1,robust_risk_mondrian,clean,non_ramp,5488,0.9555393586005831,0.05553935860058312,5.924953126263237,4.505306601524353,6.509179632791042,0.9831039178153176,1.7365668179576148,0.0,0.05553935860058312,0.11849906252526474,0.13018359265582086
q2_2020,1,robust_risk_mondrian,clean,ramp,336,0.5327380952380952,0.3672619047619048,12.653512373921417,13.056999206542969,40.581460291076276,6.680002219265416,7.634602837168875,0.3672619047619048,0.0,0.2530702474784283,0.8116292058215255
q2_2020,1,robust_risk_mondrian,combined_outage,non_ramp,5488,0.8735422740524781,0.026457725947521937,8.951504149872122,9.708894491195679,15.073349959698424,2.44810253916156,4.160180100630533,0.026457725947521937,0.0,0.17903008299744244,0.30146699919396847
q2_2020,1,robust_risk_mondrian,combined_outage,ramp,336,0.6636904761904762,0.23630952380952386,14.847965566175324,14.80807089805603,35.811358568923815,5.9878730571695735,7.42859360414345,0.23630952380952386,0.0,0.2969593113235065,0.7162271713784762
q2_2020,1,robust_risk_mondrian,irradiance_outage,non_ramp,5488,0.951530612244898,0.051530612244897966,6.402475712274235,5.231806755065918,7.101553559943816,1.034761771587191,1.8157481136249285,0.0,0.051530612244897966,0.1280495142454847,0.1420310711988763
q2_2020,1,robust_risk_mondrian,irradiance_outage,ramp,336,0.5208333333333334,0.37916666666666665,12.957276541917096,13.245625853538513,42.14059038140944,6.841918455348129,7.800465101246798,0.37916666666666665,0.0,0.2591455308383419,0.8428118076281887
q2_2020,1,robust_risk_mondrian,recent_power_outage,non_ramp,5488,0.8708090379008746,0.029190962099125417,8.216339343205766,8.089144229888916,14.981433042465211,2.2648163460679602,4.076891802403764,0.029190962099125417,0.0,0.1643267868641153,0.29962866084930423
q2_2020,1,robust_risk_mondrian,recent_power_outage,ramp,336,0.6934523809523809,0.2065476190476191,14.053453900984355,14.33548355102539,31.558317405836924,5.600619894762834,7.030670869769149,0.2065476190476191,0.0,0.2810690780196871,0.6311663481167384
q2_2020,1,robust_risk_mondrian,weather_outage,non_ramp,5488,0.9557215743440233,0.05572157434402325,6.1055649537562555,4.952263236045837,6.675011396328833,1.0032933540362194,1.7476387795246113,0.0,0.05572157434402325,0.12211129907512511,0.13350022792657668
q2_2020,1,robust_risk_mondrian,weather_outage,ramp,336,0.5267857142857143,0.3732142857142857,12.71632435314712,13.068562984466553,40.98425960505293,6.682118631189778,7.63356719546575,0.3732142857142857,0.0,0.2543264870629424,0.8196851921010585
q2_2020,1,robust_rolling_cqr,clean,non_ramp,5488,0.9555393586005831,0.05553935860058312,5.8698358063902525,4.526587963104248,6.5104294374648,0.9831039178153176,1.7365668179576148,0.0,0.05553935860058312,0.11739671612780506,0.130208588749296
q2_2020,1,robust_rolling_cqr,clean,ramp,336,0.5,0.4,12.357527914146582,12.755701541900635,41.66669071678604,6.680002219265416,7.634602837168875,0.4,0.0,0.24715055828293164,0.8333338143357208
q2_2020,1,robust_rolling_cqr,combined_outage,non_ramp,5488,0.9076166180758017,0.007616618075801718,10.331060330949366,10.042795658111572,14.502700970493665,2.44810253916156,4.160180100630533,0.0,0.007616618075801718,0.20662120661898734,0.2900540194098733
q2_2020,1,robust_rolling_cqr,combined_outage,ramp,336,0.7202380952380952,0.1797619047619048,16.423575050330587,15.905508041381836,33.3446643844779,5.9878730571695735,7.42859360414345,0.1797619047619048,0.0,0.32847150100661177,0.666893287689558
q2_2020,1,robust_rolling_cqr,irradiance_outage,non_ramp,5488,0.9493440233236151,0.049344023323615094,6.359950787150226,5.278092861175537,7.117392416676186,1.034761771587191,1.8157481136249285,0.0,0.049344023323615094,0.12719901574300452,0.1423478483335237
q2_2020,1,robust_rolling_cqr,irradiance_outage,ramp,336,0.5059523809523809,0.3940476190476191,12.646622620168186,12.943015098571777,43.22969239169643,6.841918455348129,7.800465101246798,0.3940476190476191,0.0,0.2529324524033637,0.8645938478339287
q2_2020,1,robust_rolling_cqr,recent_power_outage,non_ramp,5488,0.9154518950437318,0.01545189504373179,10.025731632873402,9.239986419677734,14.012307035503047,2.2648163460679602,4.076891802403764,0.0,0.01545189504373179,0.20051463265746805,0.28024614071006093
q2_2020,1,robust_rolling_cqr,recent_power_outage,ramp,336,0.7946428571428571,0.10535714285714293,16.243302632788463,15.591341018676758,28.60594641111259,5.600619894762834,7.030670869769149,0.10535714285714293,0.0,0.3248660526557693,0.5721189282222519
q2_2020,1,robust_rolling_cqr,weather_outage,non_ramp,5488,0.9537172011661808,0.05371720116618073,6.030953183084919,4.930229663848877,6.671171567303521,1.0032933540362194,1.7476387795246113,0.0,0.05371720116618073,0.12061906366169838,0.1334234313460704
q2_2020,1,robust_rolling_cqr,weather_outage,ramp,336,0.5059523809523809,0.3940476190476191,12.373540275863238,12.768413066864014,42.203736172545526,6.682118631189778,7.63356719546575,0.3940476190476191,0.0,0.24747080551726477,0.8440747234509105
q2_2020,4,clean_condition_cqr,clean,non_ramp,4966,0.900523560209424,0.0005235602094240122,7.795933820351233,7.355972766876221,11.943660248445003,2.0203321240686964,3.452243410848641,0.0,0.0005235602094240122,0.15591867640702467,0.23887320496890005
q2_2020,4,clean_condition_cqr,clean,ramp,858,0.7132867132867133,0.18671328671328669,9.562258351329358,8.098473072052002,37.928498861625236,4.53522466960209,7.380640150854537,0.18671328671328669,0.0,0.19124516702658717,0.7585699772325047
q2_2020,4,clean_condition_cqr,combined_outage,non_ramp,4966,0.9228755537656061,0.022875553765606127,32.40462627441615,34.15250015258789,37.853406411046905,9.288945301691152,13.13399127938151,0.0,0.022875553765606127,0.6480925254883231,0.757068128220938
q2_2020,4,clean_condition_cqr,combined_outage,ramp,858,0.9662004662004662,0.06620046620046616,32.68917661057763,35.07956314086914,35.35621589047092,8.121631081426615,10.81095160563097,0.0,0.06620046620046616,0.6537835322115526,0.7071243178094184
q2_2020,4,clean_condition_cqr,irradiance_outage,non_ramp,4966,0.8838099073701168,0.016190092629883246,12.963180028576824,14.880192756652832,18.068949661143293,2.742653878273123,4.253510642867834,0.016190092629883246,0.0,0.25926360057153647,0.3613789932228659
q2_2020,4,clean_condition_cqr,irradiance_outage,ramp,858,0.7925407925407926,0.10745920745920745,12.220549046549303,11.033472061157227,31.244658539595957,4.485359357231425,7.100192669973202,0.10745920745920745,0.0,0.24441098093098607,0.6248931707919191
q2_2020,4,clean_condition_cqr,recent_power_outage,non_ramp,4966,0.9095851792186871,0.009585179218687068,30.859877305091075,32.9217414855957,36.76511234058832,7.855169980222832,12.245724449206353,0.0,0.009585179218687068,0.6171975461018215,0.7353022468117664
q2_2020,4,clean_condition_cqr,recent_power_outage,ramp,858,0.9533799533799534,0.05337995337995338,32.48491625475647,33.6729850769043,36.418019767251465,6.372644503494521,9.409768226658512,0.0,0.05337995337995338,0.6496983250951294,0.7283603953450293
q2_2020,4,clean_condition_cqr,weather_outage,non_ramp,4966,0.8979057591623036,0.0020942408376963817,8.083448647686565,7.480741858482361,12.55849167854811,2.1318549681083403,3.619469087123913,0.0020942408376963817,0.0,0.16166897295373128,0.25116983357096223
q2_2020,4,clean_condition_cqr,weather_outage,ramp,858,0.7342657342657343,0.16573426573426575,9.768336952192326,8.05367660522461,36.50745446508422,4.5344848445940125,7.296143661145782,0.16573426573426575,0.0,0.19536673904384652,0.7301490893016844
q2_2020,4,lgbm_condition_cqr,clean,non_ramp,4966,0.8916633105114781,0.008336689488521953,11.382034755664778,11.220538973808289,14.145551780223489,1.8899936418374794,3.3356311646125576,0.008336689488521953,0.0,0.22764069511329554,0.2829110356044698
q2_2020,4,lgbm_condition_cqr,clean,ramp,858,0.8053613053613053,0.09463869463869468,13.776558305929244,14.164807081222534,25.976033212517176,4.686952449225045,7.721858888826156,0.09463869463869468,0.0,0.27553116611858486,0.5195206642503435
q2_2020,4,lgbm_condition_cqr,combined_outage,non_ramp,4966,0.9679822795006041,0.06798227950060409,27.126147561808438,26.592541694641113,27.907110215089517,8.852608721319795,12.86650429873402,0.0,0.06798227950060409,0.5425229512361688,0.5581422043017903
q2_2020,4,lgbm_condition_cqr,combined_outage,ramp,858,0.9825174825174825,0.08251748251748248,28.793461249491617,29.528486594557762,29.0372810486703,8.415339235381369,10.983310926670358,0.0,0.08251748251748248,0.5758692249898324,0.580745620973406
q2_2020,4,lgbm_condition_cqr,irradiance_outage,non_ramp,4966,0.9214659685863874,0.021465968586387385,15.337397630037076,15.081167221069336,17.074532131367956,2.8272024986448403,4.229785483761058,0.0,0.021465968586387385,0.3067479526007415,0.3414906426273591
q2_2020,4,lgbm_condition_cqr,irradiance_outage,ramp,858,0.8601398601398601,0.03986013986013992,16.475301842965045,16.171313047409058,23.036899311934754,4.67345566418899,7.441000469064893,0.03986013986013992,0.0,0.3295060368593009,0.46073798623869505
q2_2020,4,lgbm_condition_cqr,recent_power_outage,non_ramp,4966,0.9329440193314539,0.032944019331453855,21.09074325148077,22.54867660999298,22.512818608737387,7.935536502407602,12.203110678045585,0.0,0.032944019331453855,0.4218148650296154,0.45025637217474773
q2_2020,4,lgbm_condition_cqr,recent_power_outage,ramp,858,0.9557109557109557,0.055710955710955634,23.892581374799107,23.50042462348938,24.824235479063017,7.18093593776365,10.042911369601619,0.0,0.055710955710955634,0.47785162749598215,0.49648470958126034
q2_2020,4,lgbm_condition_cqr,weather_outage,non_ramp,4966,0.8973016512283528,0.0026983487716472077,11.526752434318906,11.22921085357666,14.298222060497242,1.9243452353286492,3.3558829020317558,0.0026983487716472077,0.0,0.2305350486863781,0.28596444120994485
q2_2020,4,lgbm_condition_cqr,weather_outage,ramp,858,0.8088578088578089,0.09114219114219113,13.940819783179666,14.52811050415039,25.663986654083804,4.7009432442260515,7.710247788684152,0.09114219114219113,0.0,0.27881639566359334,0.5132797330816761
q2_2020,4,oracle_ramp_mondrian,clean,non_ramp,4966,0.8616592831252518,0.03834071687474827,8.563346317707085,7.362586736679077,13.533371217446433,2.4242844093405025,4.125977600805449,0.03834071687474827,0.0,0.1712669263541417,0.27066742434892865
q2_2020,4,oracle_ramp_mondrian,clean,ramp,858,0.8496503496503497,0.05034965034965033,12.566581301158838,10.181500911712646,26.682915357679633,4.016150854128502,6.789431347357229,0.05034965034965033,0.0,0.25133162602317677,0.5336583071535926
q2_2020,4,oracle_ramp_mondrian,combined_outage,non_ramp,4966,0.86045106725735,0.039548932742650034,10.113665760407093,9.618822008371353,19.439490801428303,3.1954729748714468,5.267078949751189,0.039548932742650034,0.0,0.20227331520814185,0.38878981602856605
q2_2020,4,oracle_ramp_mondrian,combined_outage,ramp,858,0.8764568764568764,0.0235431235431236,13.831442163976035,11.921555042266846,26.796876208922914,4.269382504733293,6.6420241359267225,0.0235431235431236,0.0,0.2766288432795207,0.5359375241784583
q2_2020,4,oracle_ramp_mondrian,irradiance_outage,non_ramp,4966,0.864881192106323,0.03511880789367705,8.985332049057535,8.028778076171875,14.817427034659778,2.569522203060188,4.319973063407851,0.03511880789367705,0.0,0.1797066409811507,0.29634854069319555
q2_2020,4,oracle_ramp_mondrian,irradiance_outage,ramp,858,0.8368298368298368,0.06317016317016322,12.559932391202654,10.421680450439453,27.460863277704686,4.180582429562415,6.931325507020532,0.06317016317016322,0.0,0.2511986478240531,0.5492172655540937
q2_2020,4,oracle_ramp_mondrian,recent_power_outage,non_ramp,4966,0.864679822795006,0.03532017720499403,9.805286128395833,9.971397161483765,17.288356102630278,3.0960240547598916,5.149617121440088,0.03532017720499403,0.0,0.19610572256791667,0.34576712205260557
q2_2020,4,oracle_ramp_mondrian,recent_power_outage,ramp,858,0.8589743589743589,0.0410256410256411,12.873655925098666,11.030462741851807,24.895019893158675,4.018714280117364,6.347572208657227,0.0410256410256411,0.0,0.2574731185019733,0.4979003978631735
q2_2020,4,oracle_ramp_mondrian,weather_outage,non_ramp,4966,0.8640757148610552,0.035924285138944856,8.915392596445285,7.729927062988281,13.950722493492785,2.5197696847566484,4.242616791302007,0.035924285138944856,0.0,0.1783078519289057,0.2790144498698557
q2_2020,4,oracle_ramp_mondrian,weather_outage,ramp,858,0.8717948717948718,0.028205128205128216,13.321384080878886,10.682546615600586,25.37140203018549,4.005351291391955,6.736999556421591,0.028205128205128216,0.0,0.26642768161757774,0.5074280406037098
q2_2020,4,persistence_condition_cqr,clean,non_ramp,4966,1.0,0.09999999999999998,20.485627131833454,21.222031593322754,20.485627131833454,3.5182654879033786,4.608166207415484,0.0,0.09999999999999998,0.40971254263666906,0.40971254263666906
q2_2020,4,persistence_condition_cqr,clean,ramp,858,0.752913752913753,0.14708624708624707,24.261277538965214,26.289196968078613,44.94540571893776,12.72288419372274,13.190277433821931,0.14708624708624707,0.0,0.4852255507793043,0.8989081143787552
q2_2020,4,persistence_condition_cqr,combined_outage,non_ramp,4966,0.9893274265002013,0.08932742650020131,40.27379804326497,40.451499938964844,40.4773488454524,10.557139701164648,13.745524127086107,0.0,0.08932742650020131,0.8054759608652994,0.809546976909048
q2_2020,4,persistence_condition_cqr,combined_outage,ramp,858,0.9440559440559441,0.04405594405594404,39.233169655005135,39.38430118560791,40.72076627910832,19.523766702986055,21.10873078607331,0.0,0.04405594405594404,0.7846633931001027,0.8144153255821663
q2_2020,4,persistence_condition_cqr,irradiance_outage,non_ramp,4966,1.0,0.09999999999999998,20.485627131833454,21.222031593322754,20.485627131833454,3.5182654879033786,4.608166207415484,0.0,0.09999999999999998,0.40971254263666906,0.40971254263666906
q2_2020,4,persistence_condition_cqr,irradiance_outage,ramp,858,0.752913752913753,0.14708624708624707,24.261277538965214,26.289196968078613,44.94540571893776,12.72288419372274,13.190277433821931,0.14708624708624707,0.0,0.4852255507793043,0.8989081143787552
q2_2020,4,persistence_condition_cqr,recent_power_outage,non_ramp,4966,0.9893274265002013,0.08932742650020131,40.27379804326497,40.451499938964844,40.4773488454524,10.557139701164648,13.745524127086107,0.0,0.08932742650020131,0.8054759608652994,0.809546976909048
q2_2020,4,persistence_condition_cqr,recent_power_outage,ramp,858,0.9440559440559441,0.04405594405594404,39.233169655005135,39.38430118560791,40.72076627910832,19.523766702986055,21.10873078607331,0.0,0.04405594405594404,0.7846633931001027,0.8144153255821663
q2_2020,4,persistence_condition_cqr,weather_outage,non_ramp,4966,1.0,0.09999999999999998,20.485627131833454,21.222031593322754,20.485627131833454,3.5182654879033786,4.608166207415484,0.0,0.09999999999999998,0.40971254263666906,0.40971254263666906
q2_2020,4,persistence_condition_cqr,weather_outage,ramp,858,0.752913752913753,0.14708624708624707,24.261277538965214,26.289196968078613,44.94540571893776,12.72288419372274,13.190277433821931,0.14708624708624707,0.0,0.4852255507793043,0.8989081143787552
q2_2020,4,robust_condition_cqr,clean,non_ramp,4966,0.8741441804269029,0.025855819573097127,8.660978746085489,7.47142219543457,13.488324821179143,2.4242844093405025,4.125977600805449,0.025855819573097127,0.0,0.17321957492170978,0.26976649642358286
q2_2020,4,robust_condition_cqr,clean,ramp,858,0.782051282051282,0.11794871794871797,9.699294332332371,7.300597190856934,28.915033097342004,4.016150854128502,6.789431347357229,0.11794871794871797,0.0,0.19398588664664743,0.57830066194684
q2_2020,4,robust_condition_cqr,combined_outage,non_ramp,4966,0.8701167942005639,0.029883205799436152,10.465695192575199,10.02751436829567,19.232815587846524,3.1954729748714468,5.267078949751189,0.029883205799436152,0.0,0.20931390385150397,0.3846563117569305
q2_2020,4,robust_condition_cqr,combined_outage,ramp,858,0.837995337995338,0.06200466200466204,12.026471890639383,10.089659869670868,27.62953569464785,4.269382504733293,6.6420241359267225,0.06200466200466204,0.0,0.24052943781278768,0.552590713892957
q2_2020,4,robust_condition_cqr,irradiance_outage,non_ramp,4966,0.8815948449456303,0.018405155054369682,9.244896836704298,8.318962097167969,14.710567822549525,2.569522203060188,4.319973063407851,0.018405155054369682,0.0,0.18489793673408594,0.2942113564509905
q2_2020,4,robust_condition_cqr,irradiance_outage,ramp,858,0.7902097902097902,0.10979020979020981,10.554819685908464,8.405328273773193,29.151115993554498,4.180582429562415,6.931325507020532,0.10979020979020981,0.0,0.2110963937181693,0.58302231987109
q2_2020,4,robust_condition_cqr,recent_power_outage,non_ramp,4966,0.8709222714458317,0.029077728554168347,9.969521835135417,10.16028606891632,17.20331591895346,3.0960240547598916,5.149617121440088,0.029077728554168347,0.0,0.19939043670270834,0.3440663183790692
q2_2020,4,robust_condition_cqr,recent_power_outage,ramp,858,0.817016317016317,0.08298368298368297,11.489016384079548,9.635448694229126,25.714530694302788,4.018714280117364,6.347572208657227,0.08298368298368297,0.0,0.22978032768159096,0.5142906138860558
q2_2020,4,robust_condition_cqr,weather_outage,non_ramp,4966,0.86508256141764,0.03491743858236007,8.916807302602347,7.73147988319397,13.950037012596566,2.5197696847566484,4.242616791302007,0.03491743858236007,0.0,0.17833614605204695,0.27900074025193133
q2_2020,4,robust_condition_cqr,weather_outage,ramp,858,0.7797202797202797,0.12027972027972034,9.89114917158247,7.234393119812012,27.429861332430985,4.005351291391955,6.736999556421591,0.12027972027972034,0.0,0.1978229834316494,0.5485972266486197
q2_2020,4,robust_local_cqr,clean,non_ramp,4966,0.9128070881997583,0.012807088199758287,11.460102739062597,8.678433656692505,13.948072033487247,2.4242844093405025,4.125977600805449,0.0,0.012807088199758287,0.22920205478125194,0.27896144066974493
q2_2020,4,robust_local_cqr,clean,ramp,858,0.8508158508158508,0.04918414918414926,11.586213274626605,7.86201286315918,24.76886941438719,4.016150854128502,6.789431347357229,0.04918414918414926,0.0,0.2317242654925321,0.4953773882877438
q2_2020,4,robust_local_cqr,combined_outage,non_ramp,4966,0.8882400322190898,0.011759967780910263,12.859075699048901,11.20111733675003,17.460131030722643,3.1954729748714468,5.267078949751189,0.011759967780910263,0.0,0.25718151398097805,0.34920262061445284
q2_2020,4,robust_local_cqr,combined_outage,ramp,858,0.8694638694638694,0.03053613053613058,13.599298102663948,10.834126234054565,24.45394679334336,4.269382504733293,6.6420241359267225,0.03053613053613058,0.0,0.27198596205327896,0.4890789358668672
q2_2020,4,robust_local_cqr,irradiance_outage,non_ramp,4966,0.9172372130487314,0.01723721304873138,12.002729456287966,9.699429512023926,14.958329773495802,2.569522203060188,4.319973063407851,0.0,0.01723721304873138,0.24005458912575933,0.29916659546991603
q2_2020,4,robust_local_cqr,irradiance_outage,ramp,858,0.8484848484848485,0.051515151515151514,12.27915782799254,8.837965250015259,25.02139209638109,4.180582429562415,6.931325507020532,0.051515151515151514,0.0,0.2455831565598508,0.5004278419276218
q2_2020,4,robust_local_cqr,recent_power_outage,non_ramp,4966,0.900523560209424,0.0005235602094240122,12.767615514711606,10.918269157409668,16.435389857889756,3.0960240547598916,5.149617121440088,0.0,0.0005235602094240122,0.2553523102942321,0.32870779715779513
q2_2020,4,robust_local_cqr,recent_power_outage,ramp,858,0.8927738927738927,0.007226107226107281,13.709030652336239,11.008142471313477,22.755994289027992,4.018714280117364,6.347572208657227,0.007226107226107281,0.0,0.27418061304672475,0.45511988578055984
q2_2020,4,robust_local_cqr,weather_outage,non_ramp,4966,0.9156262585581957,0.01562625855819566,11.827279353355273,8.926977157592773,14.550391971034019,2.5197696847566484,4.242616791302007,0.0,0.01562625855819566,0.23654558706710546,0.29100783942068037
q2_2020,4,robust_local_cqr,weather_outage,ramp,858,0.8613053613053613,0.03869463869463874,11.855184181812621,7.8890061378479,23.47154117986942,4.005351291391955,6.736999556421591,0.03869463869463874,0.0,0.23710368363625242,0.46943082359738836
q2_2020,4,robust_risk_mondrian,clean,non_ramp,4966,0.9083769633507853,0.008376963350785305,9.8051343091062,8.899413108825684,13.216503106214638,2.4242844093405025,4.125977600805449,0.0,0.008376963350785305,0.196102686182124,0.2643300621242928
q2_2020,4,robust_risk_mondrian,clean,ramp,858,0.8391608391608392,0.060839160839160855,11.265055203156889,8.673833429813385,26.539971334614414,4.016150854128502,6.789431347357229,0.060839160839160855,0.0,0.22530110406313777,0.5307994266922883
q2_2020,4,robust_risk_mondrian,combined_outage,non_ramp,4966,0.8729359645590012,0.02706403544099878,10.70193259190368,10.15817677974701,18.97473578412301,3.1954729748714468,5.267078949751189,0.02706403544099878,0.0,0.21403865183807358,0.3794947156824602
q2_2020,4,robust_risk_mondrian,combined_outage,ramp,858,0.844988344988345,0.05501165501165506,12.390915505737848,10.67879581451416,27.626777934785366,4.269382504733293,6.6420241359267225,0.05501165501165506,0.0,0.24781831011475697,0.5525355586957074
q2_2020,4,robust_risk_mondrian,irradiance_outage,non_ramp,4966,0.9015304067660088,0.001530406766008796,10.167678717344444,10.048500835895538,14.240003362869363,2.569522203060188,4.319973063407851,0.0,0.001530406766008796,0.2033535743468889,0.28480006725738727
q2_2020,4,robust_risk_mondrian,irradiance_outage,ramp,858,0.831002331002331,0.06899766899766901,12.46918267096091,10.44570255279541,27.887314736576087,4.180582429562415,6.931325507020532,0.06899766899766901,0.0,0.2493836534192182,0.5577462947315217
q2_2020,4,robust_risk_mondrian,recent_power_outage,non_ramp,4966,0.8868304470398711,0.013169552960128894,10.43392680531762,10.656537055969238,17.054883046465925,3.0960240547598916,5.149617121440088,0.013169552960128894,0.0,0.2086785361063524,0.3410976609293185
q2_2020,4,robust_risk_mondrian,recent_power_outage,ramp,858,0.844988344988345,0.05501165501165506,12.106941744945683,10.429404258728027,24.88402502903919,4.018714280117364,6.347572208657227,0.05501165501165506,0.0,0.24213883489891366,0.4976805005807838
q2_2020,4,robust_risk_mondrian,weather_outage,non_ramp,4966,0.9079742247281515,0.007974224728151458,10.001622700833359,9.136234283447266,13.49804702956885,2.5197696847566484,4.242616791302007,0.0,0.007974224728151458,0.20003245401666717,0.269960940591377
q2_2020,4,robust_risk_mondrian,weather_outage,ramp,858,0.8508158508158508,0.04918414918414926,11.5495238560393,8.75556993484497,25.889056791575292,4.005351291391955,6.736999556421591,0.04918414918414926,0.0,0.23099047712078602,0.5177811358315059
q2_2020,4,robust_rolling_cqr,clean,non_ramp,4966,0.9178413209826822,0.017841320982682207,9.885686509928298,8.577279090881348,13.149225373064613,2.4242844093405025,4.125977600805449,0.0,0.017841320982682207,0.19771373019856597,0.26298450746129226
q2_2020,4,robust_rolling_cqr,clean,ramp,858,0.8076923076923077,0.09230769230769231,10.82865952431183,8.469960689544678,27.252039051695025,4.016150854128502,6.789431347357229,0.09230769230769231,0.0,0.21657319048623658,0.5450407810339005
q2_2020,4,robust_rolling_cqr,combined_outage,non_ramp,4966,0.900724929520741,0.0007249295207409912,12.406292076023666,11.19660472869873,17.945989968828144,3.1954729748714468,5.267078949751189,0.0,0.0007249295207409912,0.24812584152047332,0.3589197993765629
q2_2020,4,robust_rolling_cqr,combined_outage,ramp,858,0.8589743589743589,0.0410256410256411,13.636834922383946,11.894694328308105,25.15386432841353,4.269382504733293,6.6420241359267225,0.0410256410256411,0.0,0.2727366984476789,0.5030772865682706
q2_2020,4,robust_rolling_cqr,irradiance_outage,non_ramp,4966,0.9210632299637536,0.021063229963753538,10.524935201588349,9.48706340789795,14.327889182797641,2.569522203060188,4.319973063407851,0.0,0.021063229963753538,0.210498704031767,0.2865577836559528
q2_2020,4,robust_rolling_cqr,irradiance_outage,ramp,858,0.8146853146853147,0.08531468531468533,11.676512403795735,9.809409260749817,27.291666447295697,4.180582429562415,6.931325507020532,0.08531468531468533,0.0,0.23353024807591471,0.545833328945914
q2_2020,4,robust_rolling_cqr,recent_power_outage,non_ramp,4966,0.9105920257752719,0.010592025775271852,11.898152970162148,11.559422492980957,15.706349729169693,3.0960240547598916,5.149617121440088,0.0,0.010592025775271852,0.23796305940324294,0.3141269945833939
q2_2020,4,robust_rolling_cqr,recent_power_outage,ramp,858,0.8461538461538461,0.05384615384615388,13.120991837736957,11.210201740264893,24.016765513073107,4.018714280117364,6.347572208657227,0.05384615384615388,0.0,0.2624198367547391,0.48033531026146215
q2_2020,4,robust_rolling_cqr,weather_outage,non_ramp,4966,0.9164317358034636,0.016431735803463576,10.134744460091953,8.750042915344238,13.588959037196338,2.5197696847566484,4.242616791302007,0.0,0.016431735803463576,0.20269488920183906,0.27177918074392676
q2_2020,4,robust_rolling_cqr,weather_outage,ramp,858,0.8193473193473193,0.08065268065268072,11.038918061998167,8.726800918579102,26.03909393877121,4.005351291391955,6.736999556421591,0.08065268065268072,0.0,0.22077836123996333,0.5207818787754241
q3_2020,1,clean_condition_cqr,clean,non_ramp,5434,0.9298859035701141,0.029885903570114114,4.173672646815665,3.715097427368164,5.047906036543171,0.7486507679260339,1.3758067977333592,0.0,0.029885903570114114,0.0834734529363133,0.10095812073086342
q3_2020,1,clean_condition_cqr,clean,ramp,454,0.33480176211453744,0.5651982378854625,10.329353281579879,10.440829277038574,53.30862051327323,7.050621072626324,7.794997749787182,0.5651982378854625,0.0,0.20658706563159757,1.0661724102654646
q3_2020,1,clean_condition_cqr,combined_outage,non_ramp,5434,0.9057784320942216,0.005778432094221575,35.535410258363704,36.26615524291992,39.861509826808984,12.135198393802703,14.735345813150898,0.0,0.005778432094221575,0.7107082051672741,0.7972301965361797
q3_2020,1,clean_condition_cqr,combined_outage,ramp,454,0.9559471365638766,0.05594713656387662,36.70663377787048,37.469608306884766,38.16972780857842,13.293721977309508,15.362103480193152,0.0,0.05594713656387662,0.7341326755574096,0.7633945561715685
q3_2020,1,clean_condition_cqr,irradiance_outage,non_ramp,5434,0.9252852410747148,0.025285241074714748,10.859269916847955,11.51711368560791,11.836779544471078,1.4697790707804184,1.9722609075328517,0.0,0.025285241074714748,0.2171853983369591,0.23673559088942156
q3_2020,1,clean_condition_cqr,irradiance_outage,ramp,454,0.5066079295154186,0.39339207048458147,12.8925937760769,13.058095932006836,43.01133848549511,6.727584692875194,7.573233270365489,0.39339207048458147,0.0,0.257851875521538,0.8602267697099022
q3_2020,1,clean_condition_cqr,recent_power_outage,non_ramp,5434,0.902465955097534,0.0024659550975340006,37.901568075116174,38.396942138671875,42.710337469671686,11.207434373992776,14.298289397517904,0.0,0.0024659550975340006,0.7580313615023235,0.8542067493934337
q3_2020,1,clean_condition_cqr,recent_power_outage,ramp,454,0.9515418502202643,0.05154185022026425,38.14677899314444,38.54439163208008,39.94127375648935,13.18882243013592,15.38939219459649,0.0,0.05154185022026425,0.7629355798628887,0.7988254751297871
q3_2020,1,clean_condition_cqr,weather_outage,non_ramp,5434,0.9319101950680898,0.031910195068089786,4.203227708489535,3.8364620208740234,5.080233098366231,0.7673679397460486,1.3897131457363445,0.0,0.031910195068089786,0.0840645541697907,0.10160466196732462
q3_2020,1,clean_condition_cqr,weather_outage,ramp,454,0.33480176211453744,0.5651982378854625,10.234576306154024,10.126794338226318,53.995132367516405,7.0563814062379,7.817416524285361,0.5651982378854625,0.0,0.20469152612308048,1.0799026473503281
q3_2020,1,lgbm_condition_cqr,clean,non_ramp,5434,0.9348546190651453,0.03485461906514531,5.989985077343775,5.5202317237854,6.560748544159829,0.7422024104274887,1.3144289683731025,0.0,0.03485461906514531,0.1197997015468755,0.13121497088319659
q3_2020,1,lgbm_condition_cqr,clean,ramp,454,0.4933920704845815,0.4066079295154185,13.148867909603707,12.82939100265503,38.72206879502351,7.391396331366988,8.120170188363382,0.4066079295154185,0.0,0.26297735819207413,0.7744413759004702
q3_2020,1,lgbm_condition_cqr,combined_outage,non_ramp,5434,0.8997055576002945,0.0002944423997055523,34.12643172383791,34.039289474487305,38.42430962277196,12.640639791637064,15.476636424150557,0.0002944423997055523,0.0,0.6825286344767583,0.7684861924554391
q3_2020,1,lgbm_condition_cqr,combined_outage,ramp,454,0.947136563876652,0.04713656387665199,36.271370623080216,37.07722282409668,38.05904716121993,14.446218207019015,16.55607876558046,0.0,0.04713656387665199,0.7254274124616044,0.7611809432243986
q3_2020,1,lgbm_condition_cqr,irradiance_outage,non_ramp,5434,0.9046742730953258,0.004674273095325754,7.819803274747511,7.307365655899048,8.841454404858526,1.6712112698452621,2.042785203262104,0.0,0.004674273095325754,0.15639606549495022,0.17682908809717052
q3_2020,1,lgbm_condition_cqr,irradiance_outage,ramp,454,0.566079295154185,0.33392070484581504,14.168167424622085,14.007800579071045,37.534341376783566,7.227308157782198,8.082427434924345,0.33392070484581504,0.0,0.2833633484924417,0.7506868275356713
q3_2020,1,lgbm_condition_cqr,recent_power_outage,non_ramp,5434,0.9011777695988222,0.0011777695988222092,32.91145817690313,32.790876388549805,37.06911781494961,11.454440018546405,14.57273843732614,0.0,0.0011777695988222092,0.6582291635380626,0.7413823562989922
q3_2020,1,lgbm_condition_cqr,recent_power_outage,ramp,454,0.960352422907489,0.06035242290748899,35.96146204188007,36.549177169799805,37.43841300241748,13.63191299711555,15.801003344781522,0.0,0.06035242290748899,0.7192292408376013,0.7487682600483495
q3_2020,1,lgbm_condition_cqr,weather_outage,non_ramp,5434,0.937246963562753,0.03724696356275303,6.004990679902073,5.505160331726074,6.579370174957397,0.7541812537184925,1.3287777150209308,0.0,0.03724696356275303,0.12009981359804145,0.13158740349914794
q3_2020,1,lgbm_condition_cqr,weather_outage,ramp,454,0.4911894273127753,0.4088105726872247,13.130876574222212,12.784157752990723,38.854632847634704,7.382097058359221,8.12058778951878,0.4088105726872247,0.0,0.2626175314844442,0.7770926569526941
q3_2020,1,oracle_ramp_mondrian,clean,non_ramp,5434,0.9525211630474788,0.05252116304747878,5.2872542686844834,4.255568504333496,5.858692247799524,0.8438706476369949,1.5559285637901545,0.0,0.05252116304747878,0.10574508537368967,0.11717384495599047
q3_2020,1,oracle_ramp_mondrian,clean,ramp,454,0.9295154185022027,0.02951541850220263,22.505954521786144,22.809142589569092,25.517753254392467,6.641049989519665,7.492879175238516,0.0,0.02951541850220263,0.4501190904357229,0.5103550650878493
q3_2020,1,oracle_ramp_mondrian,combined_outage,non_ramp,5434,0.9343025395656974,0.0343025395656974,9.688806821247063,10.16803365945816,12.166491498508503,2.247109009047655,3.6724692077056735,0.0,0.0343025395656974,0.19377613642494126,0.24332982997017005
q3_2020,1,oracle_ramp_mondrian,combined_outage,ramp,454,0.9074889867841409,0.007488986784140894,23.55674939726516,23.491329193115234,27.592439259554254,6.081980268729415,7.392674375858869,0.0,0.007488986784140894,0.47113498794530323,0.551848785191085
q3_2020,1,oracle_ramp_mondrian,irradiance_outage,non_ramp,5434,0.9556496135443504,0.055649613544350385,5.967694209848922,5.3626344203948975,6.634877663449865,0.9507061432836131,1.6845960730070895,0.0,0.055649613544350385,0.11935388419697844,0.1326975532689973
q3_2020,1,oracle_ramp_mondrian,irradiance_outage,ramp,454,0.9118942731277533,0.011894273127753263,22.30962921040633,22.389429986476898,25.598292914896152,6.668354532792179,7.518191189234047,0.0,0.011894273127753263,0.44619258420812663,0.5119658582979231
q3_2020,1,oracle_ramp_mondrian,recent_power_outage,non_ramp,5434,0.9534412955465587,0.05344129554655863,8.499825901222824,8.715521216392517,9.90438070223727,1.6654795299190779,2.917877501869922,0.0,0.05344129554655863,0.16999651802445648,0.19808761404474542
q3_2020,1,oracle_ramp_mondrian,recent_power_outage,ramp,454,0.9118942731277533,0.011894273127753263,22.239692615386147,22.51066827774048,26.50161185965664,5.868141722574108,7.230445988188591,0.0,0.011894273127753263,0.44479385230772295,0.5300322371931329
q3_2020,1,oracle_ramp_mondrian,weather_outage,non_ramp,5434,0.9519690835480309,0.05196908354803087,5.408405720393091,4.430450797080994,6.033260359213075,0.8816502171760366,1.6071666077479536,0.0,0.05196908354803087,0.10816811440786182,0.12066520718426149
q3_2020,1,oracle_ramp_mondrian,weather_outage,ramp,454,0.9295154185022027,0.02951541850220263,22.64514926835763,22.970011949539185,25.865322688192393,6.619671843650583,7.489367431165781,0.0,0.02951541850220263,0.4529029853671526,0.5173064537638479
q3_2020,1,persistence_condition_cqr,clean,non_ramp,5434,0.9573058520426941,0.057305852042694116,6.099174631279295,7.110664367675781,6.676438304542862,1.2973673088591062,1.7682983721577736,0.0,0.057305852042694116,0.1219834926255859,0.13352876609085723
q3_2020,1,persistence_condition_cqr,clean,ramp,454,0.0,0.9,7.109933005293035,7.110666275024414,103.4893710610625,8.374304803457553,8.929168533899627,0.9,0.0,0.1421986601058607,2.06978742122125
q3_2020,1,persistence_condition_cqr,combined_outage,non_ramp,5434,0.8838792786161207,0.016120721383879322,30.794891871636107,31.3302640914917,36.74245830535257,9.59222449756524,12.514077700032432,0.016120721383879322,0.0,0.6158978374327222,0.7348491661070514
q3_2020,1,persistence_condition_cqr,combined_outage,ramp,454,0.8656387665198237,0.03436123348017628,34.82999316448682,35.550296783447266,43.909539714783826,12.01753163040669,14.07808593468595,0.03436123348017628,0.0,0.6965998632897364,0.8781907942956765
q3_2020,1,persistence_condition_cqr,irradiance_outage,non_ramp,5434,0.9573058520426941,0.057305852042694116,6.099174631279295,7.110664367675781,6.676438304542862,1.2973673088591062,1.7682983721577736,0.0,0.057305852042694116,0.1219834926255859,0.13352876609085723
q3_2020,1,persistence_condition_cqr,irradiance_outage,ramp,454,0.0,0.9,7.109933005293035,7.110666275024414,103.4893710610625,8.374304803457553,8.929168533899627,0.9,0.0,0.1421986601058607,2.06978742122125
q3_2020,1,persistence_condition_cqr,recent_power_outage,non_ramp,5434,0.8838792786161207,0.016120721383879322,30.794891871636107,31.3302640914917,36.74245830535257,9.59222449756524,12.514077700032432,0.016120721383879322,0.0,0.6158978374327222,0.7348491661070514
q3_2020,1,persistence_condition_cqr,recent_power_outage,ramp,454,0.8656387665198237,0.03436123348017628,34.82999316448682,35.550296783447266,43.909539714783826,12.01753163040669,14.07808593468595,0.03436123348017628,0.0,0.6965998632897364,0.8781907942956765
q3_2020,1,persistence_condition_cqr,weather_outage,non_ramp,5434,0.9573058520426941,0.057305852042694116,6.099174631279295,7.110664367675781,6.676438304542862,1.2973673088591062,1.7682983721577736,0.0,0.057305852042694116,0.1219834926255859,0.13352876609085723
q3_2020,1,persistence_condition_cqr,weather_outage,ramp,454,0.0,0.9,7.109933005293035,7.110666275024414,103.4893710610625,8.374304803457553,8.929168533899627,0.9,0.0,0.1421986601058607,2.06978742122125
q3_2020,1,robust_condition_cqr,clean,non_ramp,5434,0.9525211630474788,0.05252116304747878,5.2872542686844834,4.255568504333496,5.858692247799524,0.8438706476369949,1.5559285637901545,0.0,0.05252116304747878,0.10574508537368967,0.11717384495599047
q3_2020,1,robust_condition_cqr,clean,ramp,454,0.5286343612334802,0.37136563876651985,12.77687426357805,13.042555332183838,38.640351176458836,6.641049989519665,7.492879175238516,0.37136563876651985,0.0,0.255537485271561,0.7728070235291767
q3_2020,1,robust_condition_cqr,combined_outage,non_ramp,5434,0.9440559440559441,0.04405594405594404,10.2219836458704,10.796845853328705,12.314284782395498,2.247109009047655,3.6724692077056735,0.0,0.04405594405594404,0.204439672917408,0.24628569564790997
q3_2020,1,robust_condition_cqr,combined_outage,ramp,454,0.7312775330396476,0.16872246696035242,16.313806259947203,16.207038640975952,33.00107927285627,6.081980268729415,7.392674375858869,0.16872246696035242,0.0,0.32627612519894406,0.6600215854571254
q3_2020,1,robust_condition_cqr,irradiance_outage,non_ramp,5434,0.9556496135443504,0.055649613544350385,5.967694209848922,5.3626344203948975,6.634877663449865,0.9507061432836131,1.6845960730070895,0.0,0.055649613544350385,0.11935388419697844,0.1326975532689973
q3_2020,1,robust_condition_cqr,irradiance_outage,ramp,454,0.473568281938326,0.426431718061674,12.427303356705192,12.50069260597229,41.68609025873375,6.668354532792179,7.518191189234047,0.426431718061674,0.0,0.24854606713410385,0.833721805174675
q3_2020,1,robust_condition_cqr,recent_power_outage,non_ramp,5434,0.9646669120353331,0.06466691203533304,8.937690286025951,9.212567448616028,10.140435458860367,1.6654795299190779,2.917877501869922,0.0,0.06466691203533304,0.17875380572051902,0.20280870917720734
q3_2020,1,robust_condition_cqr,recent_power_outage,ramp,454,0.751101321585903,0.14889867841409699,16.142031548503738,16.390448570251465,30.62572841805771,5.868141722574108,7.230445988188591,0.14889867841409699,0.0,0.32284063097007476,0.6125145683611543
q3_2020,1,robust_condition_cqr,weather_outage,non_ramp,5434,0.9519690835480309,0.05196908354803087,5.408405720393091,4.430450797080994,6.033260359213075,0.8816502171760366,1.6071666077479536,0.0,0.05196908354803087,0.10816811440786182,0.12066520718426149
q3_2020,1,robust_condition_cqr,weather_outage,ramp,454,0.5572687224669604,0.34273127753303967,12.912400048800501,13.196477890014648,38.18949860787339,6.619671843650583,7.489367431165781,0.34273127753303967,0.0,0.25824800097601003,0.7637899721574678
q3_2020,1,robust_local_cqr,clean,non_ramp,5434,0.9626426205373574,0.06264262053735736,5.733621509172417,4.342015743255615,6.15769381682849,0.8438706476369949,1.5559285637901545,0.0,0.06264262053735736,0.11467243018344835,0.12315387633656981
q3_2020,1,robust_local_cqr,clean,ramp,454,0.6189427312775331,0.28105726872246695,14.405035789251853,15.541243314743042,33.81912708853572,6.641049989519665,7.492879175238516,0.28105726872246695,0.0,0.28810071578503704,0.6763825417707144
q3_2020,1,robust_local_cqr,combined_outage,non_ramp,5434,0.9346705925653294,0.03467059256532934,10.084066956408773,8.751072883605957,11.571429929811996,2.247109009047655,3.6724692077056735,0.0,0.03467059256532934,0.20168133912817546,0.23142859859623993
q3_2020,1,robust_local_cqr,combined_outage,ramp,454,0.7951541850220264,0.10484581497797363,18.92483381447813,19.899435997009277,29.498969928283522,6.081980268729415,7.392674375858869,0.10484581497797363,0.0,0.37849667628956263,0.5899793985656704
q3_2020,1,robust_local_cqr,irradiance_outage,non_ramp,5434,0.9674273095325727,0.0674273095325727,6.446840201765975,5.502027750015259,6.88760602526362,0.9507061432836131,1.6845960730070895,0.0,0.0674273095325727,0.1289368040353195,0.1377521205052724
q3_2020,1,robust_local_cqr,irradiance_outage,ramp,454,0.5594713656387665,0.3405286343612335,14.050664526775545,14.857239723205566,35.86280577298303,6.668354532792179,7.518191189234047,0.3405286343612335,0.0,0.2810132905355109,0.7172561154596606
q3_2020,1,robust_local_cqr,recent_power_outage,non_ramp,5434,0.9615384615384616,0.06153846153846154,10.031358540386135,8.789583802223206,10.659417501149232,1.6654795299190779,2.917877501869922,0.0,0.06153846153846154,0.2006271708077227,0.21318835002298464
q3_2020,1,robust_local_cqr,recent_power_outage,ramp,454,0.8502202643171806,0.04977973568281946,19.54490997783413,20.61159896850586,27.383528927480597,5.868141722574108,7.230445988188591,0.04977973568281946,0.0,0.3908981995566826,0.547670578549612
q3_2020,1,robust_local_cqr,weather_outage,non_ramp,5434,0.9613544350386456,0.06135443503864557,5.826816191743046,4.5428619384765625,6.2800233371305945,0.8816502171760366,1.6071666077479536,0.0,0.06135443503864557,0.11653632383486093,0.12560046674261188
q3_2020,1,robust_local_cqr,weather_outage,ramp,454,0.6255506607929515,0.2744493392070485,14.479092110227382,15.805383205413818,33.966405305174476,6.619671843650583,7.489367431165781,0.2744493392070485,0.0,0.28958184220454763,0.6793281061034895
q3_2020,1,robust_risk_mondrian,clean,non_ramp,5434,0.9606183290393817,0.06061832903938169,5.572244356115716,4.272223711013794,6.009399562346605,0.8438706476369949,1.5559285637901545,0.0,0.06061832903938169,0.11144488712231432,0.1201879912469321
q3_2020,1,robust_risk_mondrian,clean,ramp,454,0.5859030837004405,0.3140969162995595,13.860332764914908,14.218465805053711,35.3474511330217,6.641049989519665,7.492879175238516,0.3140969162995595,0.0,0.27720665529829813,0.706949022660434
q3_2020,1,robust_risk_mondrian,combined_outage,non_ramp,5434,0.9527051895472948,0.05270518954729475,11.107738613486662,12.812701225280762,12.586443095277128,2.247109009047655,3.6724692077056735,0.0,0.05270518954729475,0.22215477226973324,0.25172886190554256
q3_2020,1,robust_risk_mondrian,combined_outage,ramp,454,0.8105726872246696,0.08942731277533045,19.057022895975784,19.06701135635376,28.853386657222252,6.081980268729415,7.392674375858869,0.08942731277533045,0.0,0.3811404579195157,0.577067733144445
q3_2020,1,robust_risk_mondrian,irradiance_outage,non_ramp,5434,0.9659550975340448,0.06595509753404483,6.420517759209892,5.397454738616943,6.854674192144773,0.9507061432836131,1.6845960730070895,0.0,0.06595509753404483,0.12841035518419783,0.13709348384289546
q3_2020,1,robust_risk_mondrian,irradiance_outage,ramp,454,0.5704845814977973,0.3295154185022027,13.96793466854824,14.289239406585693,36.155943051530336,6.668354532792179,7.518191189234047,0.3295154185022027,0.0,0.2793586933709648,0.7231188610306067
q3_2020,1,robust_risk_mondrian,recent_power_outage,non_ramp,5434,0.9659550975340448,0.06595509753404483,9.718012540075016,10.453993797302246,10.450196029238313,1.6654795299190779,2.917877501869922,0.0,0.06595509753404483,0.19436025080150032,0.20900392058476627
q3_2020,1,robust_risk_mondrian,recent_power_outage,ramp,454,0.7995594713656388,0.10044052863436126,18.19543450486555,18.373448848724365,27.894823691065092,5.868141722574108,7.230445988188591,0.10044052863436126,0.0,0.36390869009731097,0.5578964738213018
q3_2020,1,robust_risk_mondrian,weather_outage,non_ramp,5434,0.95841001104159,0.05841001104158994,5.677450522737283,4.46873414516449,6.167049671583117,0.8816502171760366,1.6071666077479536,0.0,0.05841001104158994,0.11354901045474566,0.12334099343166233
q3_2020,1,robust_risk_mondrian,weather_outage,ramp,454,0.6123348017621145,0.2876651982378855,13.939568931376357,14.247078895568848,35.346403613555275,6.619671843650583,7.489367431165781,0.2876651982378855,0.0,0.2787913786275271,0.7069280722711055
q3_2020,1,robust_rolling_cqr,clean,non_ramp,5434,0.9527051895472948,0.05270518954729475,5.3011106855678705,4.272223711013794,5.869522057400795,0.8438706476369949,1.5559285637901545,0.0,0.05270518954729475,0.10602221371135741,0.1173904411480159
q3_2020,1,robust_rolling_cqr,clean,ramp,454,0.5286343612334802,0.37136563876651985,12.785994367649376,13.042555332183838,38.60269238947509,6.641049989519665,7.492879175238516,0.37136563876651985,0.0,0.2557198873529875,0.7720538477895018
q3_2020,1,robust_rolling_cqr,combined_outage,non_ramp,5434,0.9205005520794994,0.020500552079499412,9.154069269458212,9.596265316009521,12.107911669346196,2.247109009047655,3.6724692077056735,0.0,0.020500552079499412,0.18308138538916424,0.2421582333869239
q3_2020,1,robust_rolling_cqr,combined_outage,ramp,454,0.6740088105726872,0.22599118942731278,15.030354719198748,14.859481811523438,35.53915204547575,6.081980268729415,7.392674375858869,0.22599118942731278,0.0,0.3006070943839749,0.710783040909515
q3_2020,1,robust_rolling_cqr,irradiance_outage,non_ramp,5434,0.9565697460434303,0.056569746043430236,5.991177356567113,5.38160514831543,6.651732976628155,0.9507061432836131,1.6845960730070895,0.0,0.056569746043430236,0.11982354713134226,0.1330346595325631
q3_2020,1,robust_rolling_cqr,irradiance_outage,ramp,454,0.473568281938326,0.426431718061674,12.443176599285085,12.52011251449585,41.6334040542646,6.668354532792179,7.518191189234047,0.426431718061674,0.0,0.24886353198570169,0.832668081085292
q3_2020,1,robust_rolling_cqr,recent_power_outage,non_ramp,5434,0.9379830695620169,0.03798306956201691,8.236467935358197,8.414542198181152,9.793975712639218,1.6654795299190779,2.917877501869922,0.0,0.03798306956201691,0.16472935870716396,0.19587951425278438
q3_2020,1,robust_rolling_cqr,recent_power_outage,ramp,454,0.7224669603524229,0.17753303964757716,15.35225419266896,15.572951316833496,31.945270439536035,5.868141722574108,7.230445988188591,0.17753303964757716,0.0,0.3070450838533792,0.6389054087907207
q3_2020,1,robust_rolling_cqr,weather_outage,non_ramp,5434,0.9525211630474788,0.05252116304747878,5.414427662970566,4.437371253967285,6.037321498371546,0.8816502171760366,1.6071666077479536,0.0,0.05252116304747878,0.10828855325941132,0.12074642996743093
q3_2020,1,robust_rolling_cqr,weather_outage,ramp,454,0.5572687224669604,0.34273127753303967,12.918964297826594,13.196477890014648,38.17263456594839,6.619671843650583,7.489367431165781,0.34273127753303967,0.0,0.25837928595653187,0.7634526913189679
q3_2020,4,clean_condition_cqr,clean,non_ramp,4887,0.929609167178228,0.029609167178227924,7.781682890920296,7.53547477722168,10.127692105456484,1.8035099254392168,3.0488018531644485,0.0,0.029609167178227924,0.1556336578184059,0.2025538421091297
q3_2020,4,clean_condition_cqr,clean,ramp,1001,0.7452547452547452,0.1547452547452548,10.681640713007658,9.3357572555542,30.740764052360564,4.399906905291679,6.693695448093242,0.1547452547452548,0.0,0.21363281426015315,0.6148152810472113
q3_2020,4,clean_condition_cqr,combined_outage,non_ramp,4887,0.8956414978514426,0.004358502148557375,32.98650211445852,36.15243148803711,38.667668071533726,10.044756126038774,13.92838295298114,0.004358502148557375,0.0,0.6597300422891703,0.7733533614306745
q3_2020,4,clean_condition_cqr,combined_outage,ramp,1001,0.961038961038961,0.061038961038961004,33.35178990702291,36.990997314453125,34.92177502139584,8.054483978332696,10.541853232956186,0.0,0.061038961038961004,0.6670357981404582,0.6984355004279168
q3_2020,4,clean_condition_cqr,irradiance_outage,non_ramp,4887,0.9273582975240434,0.027358297524043396,13.70402939745107,14.36300277709961,16.013086709470596,2.7236051679051108,3.982078548047691,0.0,0.027358297524043396,0.2740805879490214,0.3202617341894119
q3_2020,4,clean_condition_cqr,irradiance_outage,ramp,1001,0.8351648351648352,0.06483516483516483,14.009456805573622,13.835912704467773,25.845924714267102,4.33960832371102,6.339133472280264,0.06483516483516483,0.0,0.28018913611147245,0.5169184942853421
q3_2020,4,clean_condition_cqr,recent_power_outage,non_ramp,4887,0.8829547779824023,0.017045222017597728,30.567766042045466,33.266441345214844,36.46199146682118,8.302155652849386,12.645666324724957,0.017045222017597728,0.0,0.6113553208409094,0.7292398293364236
q3_2020,4,clean_condition_cqr,recent_power_outage,ramp,1001,0.955044955044955,0.05504495504495499,33.075085061651606,34.913551330566406,34.80420501701363,6.364015754673269,9.461094650801801,0.0,0.05504495504495499,0.6615017012330321,0.6960841003402726
q3_2020,4,clean_condition_cqr,weather_outage,non_ramp,4887,0.9320646613464293,0.03206466134642927,8.268062355738564,8.179061889648438,10.60301613314371,1.9049600916374834,3.1794759126514123,0.0,0.03206466134642927,0.1653612471147713,0.2120603226628742
q3_2020,4,clean_condition_cqr,weather_outage,ramp,1001,0.7882117882117882,0.11178821178821186,11.378469491100216,9.83642578125,29.290849214667208,4.33401663799386,6.693506988293444,0.11178821178821186,0.0,0.2275693898220043,0.5858169842933442
q3_2020,4,lgbm_condition_cqr,clean,non_ramp,4887,0.9308369142623286,0.030836914262328596,11.192795998289098,10.247903823852539,12.34311776983296,1.7475779424856825,3.0373546426725193,0.0,0.030836914262328596,0.22385591996578197,0.24686235539665918
q3_2020,4,lgbm_condition_cqr,clean,ramp,1001,0.8121878121878122,0.0878121878121878,14.233531688982909,13.321771144866943,20.564872422090897,4.4600699131603125,6.996066298224303,0.0878121878121878,0.0,0.2846706337796582,0.4112974484418179
q3_2020,4,lgbm_condition_cqr,combined_outage,non_ramp,4887,0.8647431962349089,0.035256803765091105,24.761755215680044,24.10735321044922,27.465377213100837,10.5272006039842,14.629955948626417,0.035256803765091105,0.0,0.49523510431360085,0.5493075442620168
q3_2020,4,lgbm_condition_cqr,combined_outage,ramp,1001,0.977022977022977,0.077022977022977,25.524282884459335,25.75831699371338,25.921589016132838,9.092091720242362,11.720765645858407,0.0,0.077022977022977,0.5104856576891867,0.5184317803226568
q3_2020,4,lgbm_condition_cqr,irradiance_outage,non_ramp,4887,0.9089420912625332,0.008942091262533203,14.725992367202066,13.172369480133057,16.8345800175308,3.0658923433471736,4.3419322963565214,0.0,0.008942091262533203,0.2945198473440413,0.336691600350616
q3_2020,4,lgbm_condition_cqr,irradiance_outage,ramp,1001,0.8861138861138861,0.013886113886113938,16.38784826472104,15.730868339538574,19.533542854478814,4.535070029142258,6.737676488881709,0.013886113886113938,0.0,0.3277569652944208,0.3906708570895763
q3_2020,4,lgbm_condition_cqr,recent_power_outage,non_ramp,4887,0.8882750153468385,0.011724984653161519,19.45503708238726,20.08877730369568,22.074951127159107,9.295170382009426,14.019721381922002,0.011724984653161519,0.0,0.3891007416477452,0.44149902254318213
q3_2020,4,lgbm_condition_cqr,recent_power_outage,ramp,1001,0.952047952047952,0.052047952047951984,21.444787366704627,20.958632946014404,22.681868252280232,7.919807057310413,11.057169128159337,0.0,0.052047952047951984,0.4288957473340925,0.45363736504560465
q3_2020,4,lgbm_condition_cqr,weather_outage,non_ramp,4887,0.9486392469817884,0.04863924698178834,11.542883777048479,10.709834098815918,12.499800977132104,1.8659938447041533,3.1749263470495532,0.0,0.04863924698178834,0.2308576755409696,0.24999601954264208
q3_2020,4,lgbm_condition_cqr,weather_outage,ramp,1001,0.8421578421578422,0.05784215784215785,14.662762309630196,13.779770374298096,20.342034381095107,4.401121491467679,6.940894921475776,0.05784215784215785,0.0,0.2932552461926039,0.4068406876219022
q3_2020,4,oracle_ramp_mondrian,clean,non_ramp,4887,0.9204010640474729,0.020401064047472883,8.66055286221355,8.125257968902588,10.992898547442051,2.014391310161215,3.4052932128970395,0.0,0.020401064047472883,0.173211057244271,0.21985797094884102
q3_2020,4,oracle_ramp_mondrian,clean,ramp,1001,0.9280719280719281,0.028071928071928043,16.04134399486756,14.064783096313477,20.897890484495484,3.745588200581776,6.040695379419884,0.0,0.028071928071928043,0.3208268798973512,0.4179578096899097
q3_2020,4,oracle_ramp_mondrian,combined_outage,non_ramp,4887,0.9441375076734193,0.044137507673419285,11.978747520248758,12.011432647705078,14.337391085905757,2.739456258039606,4.341085972357917,0.0,0.044137507673419285,0.23957495040497517,0.28674782171811514
q3_2020,4,oracle_ramp_mondrian,combined_outage,ramp,1001,0.926073926073926,0.026073926073926,16.429903126411983,14.819040298461914,22.005513181487522,3.6494709300351786,5.641421360833912,0.0,0.026073926073926,0.32859806252823964,0.4401102636297505
q3_2020,4,oracle_ramp_mondrian,irradiance_outage,non_ramp,4887,0.9171270718232044,0.017127071823204387,9.256784003592468,9.254366397857666,12.195087362129744,2.335355948378954,3.794917798176347,0.0,0.017127071823204387,0.18513568007184936,0.2439017472425949
q3_2020,4,oracle_ramp_mondrian,irradiance_outage,ramp,1001,0.9340659340659341,0.034065934065934056,16.673050376514976,15.584326267242432,20.64801119145687,3.623117758350058,5.774487169224381,0.0,0.034065934065934056,0.3334610075302995,0.4129602238291374
q3_2020,4,oracle_ramp_mondrian,recent_power_outage,non_ramp,4887,0.9486392469817884,0.04863924698178834,10.73580059733191,11.215988159179688,12.358808173685796,2.3869186991115026,3.8223323680349064,0.0,0.04863924698178834,0.2147160119466382,0.24717616347371593
q3_2020,4,oracle_ramp_mondrian,recent_power_outage,ramp,1001,0.9210789210789211,0.021078921078921065,16.36220762108129,14.578230857849121,21.414519124885103,3.829896973831194,5.9486273262271405,0.0,0.021078921078921065,0.3272441524216258,0.42829038249770207
q3_2020,4,oracle_ramp_mondrian,weather_outage,non_ramp,4887,0.9240843052997749,0.0240843052997749,8.958679886109145,8.598968505859375,11.517890686882456,2.109076859930637,3.547655631280523,0.0,0.0240843052997749,0.17917359772218291,0.23035781373764913
q3_2020,4,oracle_ramp_mondrian,weather_outage,ramp,1001,0.9340659340659341,0.034065934065934056,16.057179667126317,13.758758544921875,20.51120821875962,3.640691562995806,5.973892195591818,0.0,0.034065934065934056,0.32114359334252635,0.4102241643751924
q3_2020,4,persistence_condition_cqr,clean,non_ramp,4887,1.0,0.09999999999999998,17.36346232557154,20.260597229003906,17.36346232557154,3.564451276444845,4.714551785682032,0.0,0.09999999999999998,0.3472692465114308,0.3472692465114308
q3_2020,4,persistence_condition_cqr,clean,ramp,1001,0.2857142857142857,0.6142857142857143,20.539392058829684,21.779329299926758,57.94178582909522,12.624837238896083,12.985962605738422,0.6142857142857143,0.0,0.41078784117659367,1.1588357165819043
q3_2020,4,persistence_condition_cqr,combined_outage,non_ramp,4887,0.9136484550849192,0.013648455084919187,36.27960798020281,36.48599910736084,40.84159266733405,11.041495714989365,14.27522524968243,0.0,0.013648455084919187,0.7255921596040562,0.816831853346681
q3_2020,4,persistence_condition_cqr,combined_outage,ramp,1001,0.7312687312687313,0.16873126873126876,35.75963155918575,37.37246608734131,52.2454842875426,19.91241585915642,21.438880358915327,0.16873126873126876,0.0,0.715192631183715,1.044909685750852
q3_2020,4,persistence_condition_cqr,irradiance_outage,non_ramp,4887,1.0,0.09999999999999998,17.36346232557154,20.260597229003906,17.36346232557154,3.564451276444845,4.714551785682032,0.0,0.09999999999999998,0.3472692465114308,0.3472692465114308
q3_2020,4,persistence_condition_cqr,irradiance_outage,ramp,1001,0.2857142857142857,0.6142857142857143,20.539392058829684,21.779329299926758,57.94178582909522,12.624837238896083,12.985962605738422,0.6142857142857143,0.0,0.41078784117659367,1.1588357165819043
q3_2020,4,persistence_condition_cqr,recent_power_outage,non_ramp,4887,0.9136484550849192,0.013648455084919187,36.27960798020281,36.48599910736084,40.84159266733405,11.041495714989365,14.27522524968243,0.0,0.013648455084919187,0.7255921596040562,0.816831853346681
q3_2020,4,persistence_condition_cqr,recent_power_outage,ramp,1001,0.7312687312687313,0.16873126873126876,35.75963155918575,37.37246608734131,52.2454842875426,19.91241585915642,21.438880358915327,0.16873126873126876,0.0,0.715192631183715,1.044909685750852
q3_2020,4,persistence_condition_cqr,weather_outage,non_ramp,4887,1.0,0.09999999999999998,17.36346232557154,20.260597229003906,17.36346232557154,3.564451276444845,4.714551785682032,0.0,0.09999999999999998,0.3472692465114308,0.3472692465114308
q3_2020,4,persistence_condition_cqr,weather_outage,ramp,1001,0.2857142857142857,0.6142857142857143,20.539392058829684,21.779329299926758,57.94178582909522,12.624837238896083,12.985962605738422,0.6142857142857143,0.0,0.41078784117659367,1.1588357165819043
q3_2020,4,robust_condition_cqr,clean,non_ramp,4887,0.9310415387763454,0.031041538776345412,8.965235164414361,8.477425038814545,11.035746763320459,2.014391310161215,3.4052932128970395,0.0,0.031041538776345412,0.1793047032882872,0.22071493526640917
q3_2020,4,robust_condition_cqr,clean,ramp,1001,0.8201798201798202,0.07982017982017986,11.223523543416322,9.165119647979736,21.69426174714908,3.745588200581776,6.040695379419884,0.07982017982017986,0.0,0.22447047086832644,0.43388523494298165
q3_2020,4,robust_condition_cqr,combined_outage,non_ramp,4887,0.948025373439738,0.048025373439738006,12.184019958599354,12.262569427490234,14.406994836125637,2.739456258039606,4.341085972357917,0.0,0.048025373439738006,0.24368039917198708,0.2881398967225127
q3_2020,4,robust_condition_cqr,combined_outage,ramp,1001,0.913086913086913,0.01308691308691301,15.045916970078643,13.402585983276367,21.814679358984446,3.6494709300351786,5.641421360833912,0.0,0.01308691308691301,0.30091833940157287,0.4362935871796889
q3_2020,4,robust_condition_cqr,irradiance_outage,non_ramp,4887,0.9285860446081441,0.028586044608144068,9.62241933741177,9.680617094039917,12.231536121223696,2.335355948378954,3.794917798176347,0.0,0.028586044608144068,0.19244838674823542,0.24463072242447392
q3_2020,4,robust_condition_cqr,irradiance_outage,ramp,1001,0.8521478521478522,0.047852147852147864,12.051862171063057,10.844222068786621,20.576640841546475,3.623117758350058,5.774487169224381,0.047852147852147864,0.0,0.24103724342126115,0.4115328168309295
q3_2020,4,robust_condition_cqr,recent_power_outage,non_ramp,4887,0.9558011049723757,0.05580110497237567,10.999188869683035,11.531316757202148,12.472037311865854,2.3869186991115026,3.8223323680349064,0.0,0.05580110497237567,0.2199837773936607,0.24944074623731707
q3_2020,4,robust_condition_cqr,recent_power_outage,ramp,1001,0.8811188811188811,0.018881118881118875,13.69193378301127,11.902320861816406,21.468396819543678,3.829896973831194,5.9486273262271405,0.018881118881118875,0.0,0.2738386756602254,0.42936793639087356
q3_2020,4,robust_condition_cqr,weather_outage,non_ramp,4887,0.931450787804379,0.03145078780437893,9.211014259811893,8.89189100265503,11.558599783371246,2.109076859930637,3.547655631280523,0.0,0.03145078780437893,0.18422028519623787,0.2311719956674249
q3_2020,4,robust_condition_cqr,weather_outage,ramp,1001,0.8481518481518482,0.051848151848151836,11.53503180722,9.140607833862305,20.501363996549376,3.640691562995806,5.973892195591818,0.051848151848151836,0.0,0.23070063614439998,0.41002727993098753
q3_2020,4,robust_local_cqr,clean,non_ramp,4887,0.9377941477388991,0.03779414773889911,10.111317326784029,8.980077028274536,11.269219747362214,2.014391310161215,3.4052932128970395,0.0,0.03779414773889911,0.20222634653568058,0.2253843949472443
q3_2020,4,robust_local_cqr,clean,ramp,1001,0.8861138861138861,0.013886113886113938,13.59972078956805,11.156496047973633,20.94907717506488,3.745588200581776,6.040695379419884,0.013886113886113938,0.0,0.27199441579136097,0.41898154350129757
q3_2020,4,robust_local_cqr,combined_outage,non_ramp,4887,0.9291999181501944,0.029199918150194404,12.120242500721162,10.81376838684082,13.7967543430822,2.739456258039606,4.341085972357917,0.0,0.029199918150194404,0.24240485001442325,0.27593508686164403
q3_2020,4,robust_local_cqr,combined_outage,ramp,1001,0.9300699300699301,0.030069930069930084,15.521234741983502,12.024740219116211,20.770164924116546,3.6494709300351786,5.641421360833912,0.0,0.030069930069930084,0.31042469483967006,0.41540329848233093
q3_2020,4,robust_local_cqr,irradiance_outage,non_ramp,4887,0.9390218948229998,0.03902189482299978,10.739195346630229,10.571049690246582,12.124301230158302,2.335355948378954,3.794917798176347,0.0,0.03902189482299978,0.21478390693260457,0.24248602460316604
q3_2020,4,robust_local_cqr,irradiance_outage,ramp,1001,0.9070929070929071,0.007092907092907108,14.53879711870011,12.47816276550293,20.19820962039443,3.623117758350058,5.774487169224381,0.0,0.007092907092907108,0.29077594237400217,0.4039641924078886
q3_2020,4,robust_local_cqr,recent_power_outage,non_ramp,4887,0.9410681399631676,0.041068139963167605,11.840386703962889,10.938693046569824,12.969172570984973,2.3869186991115026,3.8223323680349064,0.0,0.041068139963167605,0.23680773407925776,0.2593834514196995
q3_2020,4,robust_local_cqr,recent_power_outage,ramp,1001,0.9170829170829171,0.017082917082917093,15.92453483102162,13.531265258789062,21.206002209220664,3.829896973831194,5.9486273262271405,0.0,0.017082917082917093,0.3184906966204324,0.4241200441844133
q3_2020,4,robust_local_cqr,weather_outage,non_ramp,4887,0.9429097605893186,0.04290976058931861,10.480710136428385,9.277387619018555,11.716627373782828,2.109076859930637,3.547655631280523,0.0,0.04290976058931861,0.2096142027285677,0.23433254747565654
q3_2020,4,robust_local_cqr,weather_outage,ramp,1001,0.9100899100899101,0.010089910089910115,13.94018665938587,11.105345845222473,20.162285859738436,3.640691562995806,5.973892195591818,0.0,0.010089910089910115,0.2788037331877174,0.4032457171947687
q3_2020,4,robust_risk_mondrian,clean,non_ramp,4887,0.9324739103744628,0.03247391037446279,9.489376520201702,9.192806243896484,11.10939523826711,2.014391310161215,3.4052932128970395,0.0,0.03247391037446279,0.18978753040403404,0.2221879047653422
q3_2020,4,robust_risk_mondrian,clean,ramp,1001,0.8811188811188811,0.018881118881118875,13.11356022101748,11.116454124450684,21.23283990669054,3.745588200581776,6.040695379419884,0.018881118881118875,0.0,0.26227120442034957,0.4246567981338108
q3_2020,4,robust_risk_mondrian,combined_outage,non_ramp,4887,0.9613259668508287,0.061325966850828695,12.787240097404794,13.314991474151611,14.140797893904532,2.739456258039606,4.341085972357917,0.0,0.061325966850828695,0.2557448019480959,0.28281595787809066
q3_2020,4,robust_risk_mondrian,combined_outage,ramp,1001,0.922077922077922,0.02207792207792203,17.639329872845416,17.98374652862549,24.372092223390837,3.6494709300351786,5.641421360833912,0.0,0.02207792207792203,0.3527865974569083,0.48744184446781674
q3_2020,4,robust_risk_mondrian,irradiance_outage,non_ramp,4887,0.9359525271127481,0.0359525271127481,10.258246211456088,10.777366638183594,12.086928237646378,2.335355948378954,3.794917798176347,0.0,0.0359525271127481,0.20516492422912175,0.24173856475292754
q3_2020,4,robust_risk_mondrian,irradiance_outage,ramp,1001,0.9080919080919081,0.008091908091908073,14.471434916351939,13.279802799224854,20.76494315114769,3.623117758350058,5.774487169224381,0.0,0.008091908091908073,0.28942869832703877,0.4152988630229538
q3_2020,4,robust_risk_mondrian,recent_power_outage,non_ramp,4887,0.9641907100470637,0.06419071004706367,11.48942043831116,12.398727893829346,12.629673386423386,2.3869186991115026,3.8223323680349064,0.0,0.06419071004706367,0.22978840876622322,0.25259346772846775
q3_2020,4,robust_risk_mondrian,recent_power_outage,ramp,1001,0.9020979020979021,0.00209790209790206,15.707866025636426,14.385213375091553,22.327632351020178,3.829896973831194,5.9486273262271405,0.0,0.00209790209790206,0.3141573205127285,0.44655264702040354
q3_2020,4,robust_risk_mondrian,weather_outage,non_ramp,4887,0.9386126457949663,0.03861264579496626,9.792747310844907,9.690969467163086,11.566870568735714,2.109076859930637,3.547655631280523,0.0,0.03861264579496626,0.19585494621689814,0.23133741137471428
q3_2020,4,robust_risk_mondrian,weather_outage,ramp,1001,0.9000999000999002,9.990009990012982e-05,13.371271296325219,10.981828689575195,20.451197102578444,3.640691562995806,5.973892195591818,0.0,9.990009990012982e-05,0.26742542592650437,0.4090239420515689
q3_2020,4,robust_rolling_cqr,clean,non_ramp,4887,0.9191733169633722,0.01917331696337221,8.827702303269797,8.297403335571289,11.076546260496203,2.014391310161215,3.4052932128970395,0.0,0.01917331696337221,0.17655404606539593,0.22153092520992407
q3_2020,4,robust_rolling_cqr,clean,ramp,1001,0.8131868131868132,0.08681318681318684,11.025063267277254,8.976595878601074,21.925089144720125,3.745588200581776,6.040695379419884,0.08681318681318684,0.0,0.22050126534554507,0.4385017828944025
q3_2020,4,robust_rolling_cqr,combined_outage,non_ramp,4887,0.9030079803560467,0.003007980356046658,10.16563130786774,9.847057342529297,14.248216553299992,2.739456258039606,4.341085972357917,0.0,0.003007980356046658,0.2033126261573548,0.28496433106599983
q3_2020,4,robust_rolling_cqr,combined_outage,ramp,1001,0.8841158841158842,0.015884115884115868,12.621947843226028,11.12882399559021,22.069270223280512,3.6494709300351786,5.641421360833912,0.015884115884115868,0.0,0.25243895686452056,0.44138540446561025
q3_2020,4,robust_rolling_cqr,irradiance_outage,non_ramp,4887,0.9152854511970534,0.015285451197053379,9.346096434689796,9.42964506149292,12.2579096428358,2.335355948378954,3.794917798176347,0.0,0.015285451197053379,0.18692192869379592,0.245158192856716
q3_2020,4,robust_rolling_cqr,irradiance_outage,ramp,1001,0.8451548451548452,0.05484515484515484,11.710390358348262,10.409587144851685,20.802337322726505,3.623117758350058,5.774487169224381,0.05484515484515484,0.0,0.23420780716696524,0.4160467464545301
q3_2020,4,robust_rolling_cqr,recent_power_outage,non_ramp,4887,0.9177409453652547,0.017740945365254723,9.620830038483899,9.7982816696167,12.092513912284387,2.3869186991115026,3.8223323680349064,0.0,0.017740945365254723,0.19241660076967798,0.24185027824568775
q3_2020,4,robust_rolling_cqr,recent_power_outage,ramp,1001,0.8391608391608392,0.060839160839160855,12.09808701050566,10.321697235107422,22.141942650467353,3.829896973831194,5.9486273262271405,0.060839160839160855,0.0,0.24196174021011319,0.44283885300934706
q3_2020,4,robust_rolling_cqr,weather_outage,non_ramp,4887,0.9204010640474729,0.020401064047472883,9.01470763533198,8.589353084564209,11.572033446885962,2.109076859930637,3.547655631280523,0.0,0.020401064047472883,0.18029415270663962,0.23144066893771925
q3_2020,4,robust_rolling_cqr,weather_outage,ramp,1001,0.8381618381618382,0.06183816183816182,11.258304160173896,8.877164840698242,20.70766524058747,3.640691562995806,5.973892195591818,0.06183816183816182,0.0,0.22516608320347792,0.4141533048117494
q4_2020,1,clean_condition_cqr,clean,non_ramp,5540,0.9613718411552347,0.06137184115523464,3.2316389071494545,2.5942134857177734,3.7458989105397493,0.4972539522817601,1.0766238598829891,0.0,0.06137184115523464,0.0646327781429891,0.07491797821079499
q4_2020,1,clean_condition_cqr,clean,ramp,348,0.3936781609195402,0.5063218390804598,8.190919177970667,7.921015739440918,39.9283198001741,5.21909655373672,6.159067629753993,0.5063218390804598,0.0,0.16381838355941333,0.798566396003482
q4_2020,1,clean_condition_cqr,combined_outage,non_ramp,5540,0.8969314079422382,0.0030685920577617765,34.80104886960467,35.446014404296875,40.5942479887594,12.1220793059375,14.521784783859966,0.0030685920577617765,0.0,0.6960209773920935,0.8118849597751879
q4_2020,1,clean_condition_cqr,combined_outage,ramp,348,0.9770114942528736,0.07701149425287357,35.74420809471744,36.714481353759766,36.816611574984144,9.844666694087543,12.432369503726228,0.0,0.07701149425287357,0.7148841618943489,0.7363322314996829
q4_2020,1,clean_condition_cqr,irradiance_outage,non_ramp,5540,0.9628158844765343,0.0628158844765343,10.076396639950637,7.880024433135986,10.4904294122013,1.1116712902726593,1.445158192759295,0.0,0.0628158844765343,0.20152793279901274,0.20980858824402598
q4_2020,1,clean_condition_cqr,irradiance_outage,ramp,348,0.6206896551724138,0.2793103448275862,11.07703676991079,10.119832992553711,27.94817928062088,4.883435313043924,5.856372203888837,0.2793103448275862,0.0,0.2215407353982158,0.5589635856124177
q4_2020,1,clean_condition_cqr,recent_power_outage,non_ramp,5540,0.8935018050541517,0.006498194945848357,37.13120427148867,37.296173095703125,43.57929845699765,11.203310111176163,14.115990155152863,0.006498194945848357,0.0,0.7426240854297734,0.871585969139953
q4_2020,1,clean_condition_cqr,recent_power_outage,ramp,348,0.9770114942528736,0.07701149425287357,37.830589875407604,37.56987380981445,39.05765017147722,9.706439872582754,12.487781552664694,0.0,0.07701149425287357,0.7566117975081521,0.7811530034295444
q4_2020,1,clean_condition_cqr,weather_outage,non_ramp,5540,0.9592057761732852,0.05920577617328515,3.2541610108533394,2.615159898996353,3.7512486577914466,0.5105760895911197,1.0898132022542735,0.0,0.05920577617328515,0.06508322021706679,0.07502497315582893
q4_2020,1,clean_condition_cqr,weather_outage,ramp,348,0.3218390804597701,0.57816091954023,8.295301869682882,7.920454502105713,42.19875964556617,5.423659739138066,6.25910424047587,0.57816091954023,0.0,0.16590603739365764,0.8439751929113234
q4_2020,1,lgbm_condition_cqr,clean,non_ramp,5540,0.9326714801444044,0.03267148014440435,5.154170506666579,4.31044864654541,5.732413549354827,0.5000036764808915,1.0283761634144786,0.0,0.03267148014440435,0.10308341013333157,0.11464827098709654
q4_2020,1,lgbm_condition_cqr,clean,ramp,348,0.40229885057471265,0.49770114942528737,10.290300545336185,9.82663106918335,33.834911064854985,5.302706723925711,6.237302958503074,0.49770114942528737,0.0,0.2058060109067237,0.6766982212970997
q4_2020,1,lgbm_condition_cqr,combined_outage,non_ramp,5540,0.9012635379061372,0.001263537906137202,34.08329738107399,34.510009765625,38.90883373026383,12.053492690919036,14.586732914001573,0.0,0.001263537906137202,0.6816659476214798,0.7781766746052766
q4_2020,1,lgbm_condition_cqr,combined_outage,ramp,348,0.9798850574712644,0.0798850574712644,36.33312188071766,36.53659629821777,37.177624603797646,10.091416576127896,12.692315001217256,0.0,0.0798850574712644,0.7266624376143532,0.743552492075953
q4_2020,1,lgbm_condition_cqr,irradiance_outage,non_ramp,5540,0.9644404332129964,0.06444043321299642,8.013229084039017,6.051910877227783,8.360459746718188,1.4019283866197323,1.730383441578599,0.0,0.06444043321299642,0.16026458168078034,0.16720919493436376
q4_2020,1,lgbm_condition_cqr,irradiance_outage,ramp,348,0.6810344827586207,0.21896551724137936,13.095547105731635,12.541543006896973,23.625946546080467,4.904809047435892,5.849884589061439,0.21896551724137936,0.0,0.26191094211463267,0.47251893092160935
q4_2020,1,lgbm_condition_cqr,recent_power_outage,non_ramp,5540,0.8942238267148015,0.005776173285198527,31.598952754051677,30.928546905517578,36.41065417403348,11.823502210740505,14.555526280184374,0.005776173285198527,0.0,0.6319790550810336,0.7282130834806696
q4_2020,1,lgbm_condition_cqr,recent_power_outage,ramp,348,0.9770114942528736,0.07701149425287357,34.27466353602793,34.4560432434082,35.24997705152665,10.075813442126087,12.761294684001475,0.0,0.07701149425287357,0.6854932707205585,0.704999541030533
q4_2020,1,lgbm_condition_cqr,weather_outage,non_ramp,5540,0.9283393501805054,0.028339350180505374,5.139716343050143,4.296627998352051,5.751543119719378,0.5071524071313482,1.0324781467733464,0.0,0.028339350180505374,0.10279432686100286,0.11503086239438756
q4_2020,1,lgbm_condition_cqr,weather_outage,ramp,348,0.3764367816091954,0.5235632183908046,10.22678725541323,9.724085569381714,34.31233171279403,5.385194509193815,6.2744950132410855,0.5235632183908046,0.0,0.2045357451082646,0.6862466342558805
q4_2020,1,oracle_ramp_mondrian,clean,non_ramp,5540,0.9555956678700361,0.055595667870036114,4.0805041698839695,2.6450634002685547,4.498096723150639,0.5716520190239855,1.2483373708717278,0.0,0.055595667870036114,0.08161008339767939,0.08996193446301279
q4_2020,1,oracle_ramp_mondrian,clean,ramp,348,0.9310344827586207,0.03103448275862064,19.09960733077906,18.399187088012695,22.25992830335323,4.953610649054077,6.034322257038052,0.0,0.03103448275862064,0.38199214661558123,0.4451985660670646
q4_2020,1,oracle_ramp_mondrian,combined_outage,non_ramp,5540,0.9333935018050542,0.03339350180505418,6.63525603403613,5.524838089942932,10.127362494703066,1.5860947983005365,3.3006943639130486,0.0,0.03339350180505418,0.1327051206807226,0.2025472498940613
q4_2020,1,oracle_ramp_mondrian,combined_outage,ramp,348,0.9166666666666666,0.016666666666666607,20.844861767319,21.03922748565674,25.674665993218706,5.626191857217372,6.890816174653363,0.0,0.016666666666666607,0.41689723534638,0.5134933198643741
q4_2020,1,oracle_ramp_mondrian,irradiance_outage,non_ramp,5540,0.9638989169675091,0.06389891696750905,4.5765534677647866,3.231427550315857,4.968475399883335,0.6139450831724776,1.3258222780626627,0.0,0.06389891696750905,0.09153106935529573,0.0993695079976667
q4_2020,1,oracle_ramp_mondrian,irradiance_outage,ramp,348,0.9540229885057471,0.05402298850574705,20.484060855603765,20.025976300239563,23.001057688703483,4.883764546493004,5.945485122502012,0.0,0.05402298850574705,0.4096812171120753,0.46002115377406966
q4_2020,1,oracle_ramp_mondrian,recent_power_outage,non_ramp,5540,0.9185920577617328,0.018592057761732783,6.724821128629727,5.518656253814697,9.951610826210342,1.5585063034715267,3.2810447644132483,0.0,0.018592057761732783,0.13449642257259453,0.19903221652420683
q4_2020,1,oracle_ramp_mondrian,recent_power_outage,ramp,348,0.8908045977011494,0.00919540229885063,19.003546539223056,18.869433164596558,25.102072241491285,5.3423742350490615,6.582238360386646,0.00919540229885063,0.0,0.38007093078446114,0.5020414448298257
q4_2020,1,oracle_ramp_mondrian,weather_outage,non_ramp,5540,0.9597472924187725,0.059747292418772524,4.199686298172741,2.886256217956543,4.627372184203577,0.5928271719317666,1.2778485645302382,0.0,0.059747292418772524,0.08399372596345483,0.09254744368407154
q4_2020,1,oracle_ramp_mondrian,weather_outage,ramp,348,0.9166666666666666,0.016666666666666607,18.431937888906948,18.04254448413849,22.78306580390567,5.120972530595187,6.1114696693562305,0.0,0.016666666666666607,0.3686387577781389,0.45566131607811344
q4_2020,1,persistence_condition_cqr,clean,non_ramp,5540,0.976173285198556,0.07617328519855593,6.2429720054668065,7.459330797195435,6.455596029864866,1.0426378761172725,1.6647818990619156,0.0,0.07617328519855593,0.12485944010933613,0.1291119205972973
q4_2020,1,persistence_condition_cqr,clean,ramp,348,0.0,0.9,8.1694230973378,8.179996490478516,69.43216874904331,7.153135339076492,7.487815922956265,0.9,0.0,0.163388461946756,1.3886433749808662
q4_2020,1,persistence_condition_cqr,combined_outage,non_ramp,5540,0.8388086642599278,0.061191335740072184,29.304758982490313,26.70053195953369,46.33520757757658,9.249822996273327,13.582722409859391,0.061191335740072184,0.0,0.5860951796498063,0.9267041515515316
q4_2020,1,persistence_condition_cqr,combined_outage,ramp,348,0.6925287356321839,0.20747126436781615,31.63294897016523,33.14023399353027,58.361531270154074,16.22764463696479,18.320379353599467,0.20747126436781615,0.0,0.6326589794033046,1.1672306254030815
q4_2020,1,persistence_condition_cqr,irradiance_outage,non_ramp,5540,0.976173285198556,0.07617328519855593,6.2429720054668065,7.459330797195435,6.455596029864866,1.0426378761172725,1.6647818990619156,0.0,0.07617328519855593,0.12485944010933613,0.1291119205972973
q4_2020,1,persistence_condition_cqr,irradiance_outage,ramp,348,0.0,0.9,8.1694230973378,8.179996490478516,69.43216874904331,7.153135339076492,7.487815922956265,0.9,0.0,0.163388461946756,1.3886433749808662
q4_2020,1,persistence_condition_cqr,recent_power_outage,non_ramp,5540,0.8388086642599278,0.061191335740072184,29.304758982490313,26.70053195953369,46.33520757757658,9.249822996273327,13.582722409859391,0.061191335740072184,0.0,0.5860951796498063,0.9267041515515316
q4_2020,1,persistence_condition_cqr,recent_power_outage,ramp,348,0.6925287356321839,0.20747126436781615,31.63294897016523,33.14023399353027,58.361531270154074,16.22764463696479,18.320379353599467,0.20747126436781615,0.0,0.6326589794033046,1.1672306254030815
q4_2020,1,persistence_condition_cqr,weather_outage,non_ramp,5540,0.976173285198556,0.07617328519855593,6.2429720054668065,7.459330797195435,6.455596029864866,1.0426378761172725,1.6647818990619156,0.0,0.07617328519855593,0.12485944010933613,0.1291119205972973
q4_2020,1,persistence_condition_cqr,weather_outage,ramp,348,0.0,0.9,8.1694230973378,8.179996490478516,69.43216874904331,7.153135339076492,7.487815922956265,0.9,0.0,0.163388461946756,1.3886433749808662
q4_2020,1,robust_condition_cqr,clean,non_ramp,5540,0.9555956678700361,0.055595667870036114,4.0805041698839695,2.6450634002685547,4.498096723150639,0.5716520190239855,1.2483373708717278,0.0,0.055595667870036114,0.08161008339767939,0.08996193446301279
q4_2020,1,robust_condition_cqr,clean,ramp,348,0.5804597701149425,0.3195402298850575,9.827216463698738,9.10787296295166,30.653814019999285,4.953610649054077,6.034322257038052,0.3195402298850575,0.0,0.19654432927397475,0.6130762803999857
q4_2020,1,robust_condition_cqr,combined_outage,non_ramp,5540,0.9445848375451263,0.04458483754512632,7.156000144534327,6.162254333496094,10.243358748507793,1.5860947983005365,3.3006943639130486,0.0,0.04458483754512632,0.14312000289068655,0.20486717497015586
q4_2020,1,robust_condition_cqr,combined_outage,ramp,348,0.6235632183908046,0.2764367816091954,13.489812108120699,13.636624336242676,32.34431128649191,5.626191857217372,6.890816174653363,0.2764367816091954,0.0,0.269796242162414,0.6468862257298382
q4_2020,1,robust_condition_cqr,irradiance_outage,non_ramp,5540,0.9638989169675091,0.06389891696750905,4.5765534677647866,3.231427550315857,4.968475399883335,0.6139450831724776,1.3258222780626627,0.0,0.06389891696750905,0.09153106935529573,0.0993695079976667
q4_2020,1,robust_condition_cqr,irradiance_outage,ramp,348,0.6149425287356322,0.28505747126436787,10.55263124012399,10.087342739105225,29.739844998066452,4.883764546493004,5.945485122502012,0.28505747126436787,0.0,0.2110526248024798,0.594796899961329
q4_2020,1,robust_condition_cqr,recent_power_outage,non_ramp,5540,0.9185920577617328,0.018592057761732783,6.724821128629727,5.518656253814697,9.951610826210342,1.5585063034715267,3.2810447644132483,0.0,0.018592057761732783,0.13449642257259453,0.19903221652420683
q4_2020,1,robust_condition_cqr,recent_power_outage,ramp,348,0.6925287356321839,0.20747126436781615,13.21842668248319,13.07981252670288,30.34735336248902,5.3423742350490615,6.582238360386646,0.20747126436781615,0.0,0.26436853364966384,0.6069470672497804
q4_2020,1,robust_condition_cqr,weather_outage,non_ramp,5540,0.9597472924187725,0.059747292418772524,4.199686298172741,2.886256217956543,4.627372184203577,0.5928271719317666,1.2778485645302382,0.0,0.059747292418772524,0.08399372596345483,0.09254744368407154
q4_2020,1,robust_condition_cqr,weather_outage,ramp,348,0.5632183908045977,0.33678160919540234,9.938494615856259,9.534581422805786,31.44599562883377,5.120972530595187,6.1114696693562305,0.33678160919540234,0.0,0.19876989231712516,0.6289199125766755
q4_2020,1,robust_local_cqr,clean,non_ramp,5540,0.9671480144404332,0.06714801444043317,4.389286618729695,2.707253724336624,4.674899645950562,0.5716520190239855,1.2483373708717278,0.0,0.06714801444043317,0.0877857323745939,0.09349799291901124
q4_2020,1,robust_local_cqr,clean,ramp,348,0.6925287356321839,0.20747126436781615,11.418501406394203,10.394180297851562,27.95154872348254,4.953610649054077,6.034322257038052,0.20747126436781615,0.0,0.22837002812788407,0.5590309744696508
q4_2020,1,robust_local_cqr,combined_outage,non_ramp,5540,0.9572202166064981,0.05722021660649812,7.465303455897866,6.008152276277542,9.552408241668367,1.5860947983005365,3.3006943639130486,0.0,0.05722021660649812,0.14930606911795732,0.19104816483336734
q4_2020,1,robust_local_cqr,combined_outage,ramp,348,0.7097701149425287,0.1902298850574713,15.391154230625807,16.358608961105347,29.633574797118875,5.626191857217372,6.890816174653363,0.1902298850574713,0.0,0.3078230846125161,0.5926714959423776
q4_2020,1,robust_local_cqr,irradiance_outage,non_ramp,5540,0.9741877256317689,0.0741877256317689,5.0194703091991775,3.4489088654518127,5.251127933858676,0.6139450831724776,1.3258222780626627,0.0,0.0741877256317689,0.10038940618398355,0.10502255867717353
q4_2020,1,robust_local_cqr,irradiance_outage,ramp,348,0.7298850574712644,0.1701149425287356,12.429705962367441,11.52542781829834,26.790233612060547,4.883764546493004,5.945485122502012,0.1701149425287356,0.0,0.2485941192473488,0.535804672241211
q4_2020,1,robust_local_cqr,recent_power_outage,non_ramp,5540,0.9388086642599278,0.038808664259927794,7.235974247047704,6.198044180870056,9.892196750214717,1.5585063034715267,3.2810447644132483,0.0,0.038808664259927794,0.14471948494095407,0.19784393500429434
q4_2020,1,robust_local_cqr,recent_power_outage,ramp,348,0.7586206896551724,0.14137931034482765,14.660173146889127,14.029450416564941,28.44466750580689,5.3423742350490615,6.582238360386646,0.14137931034482765,0.0,0.29320346293778254,0.5688933501161378
q4_2020,1,robust_local_cqr,weather_outage,non_ramp,5540,0.9685920577617328,0.06859205776173283,4.501307837512833,2.906005859375,4.802968988280346,0.5928271719317666,1.2778485645302382,0.0,0.06859205776173283,0.09002615675025666,0.09605937976560693
q4_2020,1,robust_local_cqr,weather_outage,ramp,348,0.6609195402298851,0.23908045977011494,11.429313965569968,10.37541389465332,28.6110784229876,5.120972530595187,6.1114696693562305,0.23908045977011494,0.0,0.22858627931139935,0.572221568459752
q4_2020,1,robust_risk_mondrian,clean,non_ramp,5540,0.9606498194945848,0.06064981949458481,4.400773993829786,2.6450634002685547,4.69698376578195,0.5716520190239855,1.2483373708717278,0.0,0.06064981949458481,0.0880154798765957,0.093939675315639
q4_2020,1,robust_risk_mondrian,clean,ramp,348,0.6925287356321839,0.20747126436781615,11.668562689218028,10.718259811401367,28.058387581130553,4.953610649054077,6.034322257038052,0.20747126436781615,0.0,0.23337125378436055,0.561167751622611
q4_2020,1,robust_risk_mondrian,combined_outage,non_ramp,5540,0.9402527075812275,0.040252707581227454,7.374783568898706,7.039131164550781,10.195345033963344,1.5860947983005365,3.3006943639130486,0.0,0.040252707581227454,0.14749567137797412,0.20390690067926687
q4_2020,1,robust_risk_mondrian,combined_outage,ramp,348,0.6839080459770115,0.21609195402298853,14.368103576117548,13.791651725769043,29.961864014466602,5.626191857217372,6.890816174653363,0.21609195402298853,0.0,0.28736207152235094,0.5992372802893321
q4_2020,1,robust_risk_mondrian,irradiance_outage,non_ramp,5540,0.9705776173285199,0.07057761732851986,5.035003212641758,3.231427550315857,5.266923223020488,0.6139450831724776,1.3258222780626627,0.0,0.07057761732851986,0.10070006425283516,0.10533846446040976
q4_2020,1,robust_risk_mondrian,irradiance_outage,ramp,348,0.7327586206896551,0.16724137931034488,12.754908525053112,12.119481086730957,26.53823948351816,4.883764546493004,5.945485122502012,0.16724137931034488,0.0,0.25509817050106226,0.5307647896703632
q4_2020,1,robust_risk_mondrian,recent_power_outage,non_ramp,5540,0.9268953068592057,0.026895306859205714,6.997583831294393,6.329961121082306,10.0867455134198,1.5585063034715267,3.2810447644132483,0.0,0.026895306859205714,0.13995167662588787,0.201734910268396
q4_2020,1,robust_risk_mondrian,recent_power_outage,ramp,348,0.7413793103448276,0.1586206896551724,14.050505562674726,13.786535263061523,29.293965475226955,5.3423742350490615,6.582238360386646,0.1586206896551724,0.0,0.2810101112534945,0.5858793095045391
q4_2020,1,robust_risk_mondrian,weather_outage,non_ramp,5540,0.9640794223826715,0.0640794223826715,4.449947435406486,2.886256217956543,4.775646806474784,0.5928271719317666,1.2778485645302382,0.0,0.0640794223826715,0.08899894870812972,0.09551293612949568
q4_2020,1,robust_risk_mondrian,weather_outage,ramp,348,0.6666666666666666,0.2333333333333334,11.388878659955386,10.756627559661865,28.741945030360387,5.120972530595187,6.1114696693562305,0.2333333333333334,0.0,0.22777757319910774,0.5748389006072078
q4_2020,1,robust_rolling_cqr,clean,non_ramp,5540,0.955956678700361,0.05595667870036103,4.081014118910279,2.6450634002685547,4.4983114751438835,0.5716520190239855,1.2483373708717278,0.0,0.05595667870036103,0.08162028237820557,0.08996622950287766
q4_2020,1,robust_rolling_cqr,clean,ramp,348,0.5804597701149425,0.3195402298850575,9.827218508069542,9.10787296295166,30.65381606437009,4.953610649054077,6.034322257038052,0.3195402298850575,0.0,0.19654437016139084,0.6130763212874019
q4_2020,1,robust_rolling_cqr,combined_outage,non_ramp,5540,0.9294223826714801,0.02942238267148012,7.043876055292621,5.63775634765625,9.707266384691723,1.5860947983005365,3.3006943639130486,0.0,0.02942238267148012,0.14087752110585242,0.19414532769383444
q4_2020,1,robust_rolling_cqr,combined_outage,ramp,348,0.6091954022988506,0.2908045977011494,13.227432231365265,13.414433002471924,33.936335250820925,5.626191857217372,6.890816174653363,0.2908045977011494,0.0,0.2645486446273053,0.6787267050164185
q4_2020,1,robust_rolling_cqr,irradiance_outage,non_ramp,5540,0.9638989169675091,0.06389891696750905,4.5765534677647866,3.231427550315857,4.968475399883335,0.6139450831724776,1.3258222780626627,0.0,0.06389891696750905,0.09153106935529573,0.0993695079976667
q4_2020,1,robust_rolling_cqr,irradiance_outage,ramp,348,0.6149425287356322,0.28505747126436787,10.55263124012399,10.087342739105225,29.739844998066452,4.883764546493004,5.945485122502012,0.28505747126436787,0.0,0.2110526248024798,0.594796899961329
q4_2020,1,robust_rolling_cqr,recent_power_outage,non_ramp,5540,0.9379061371841155,0.03790613718411551,7.344605168436927,5.884514331817627,9.774007473076068,1.5585063034715267,3.2810447644132483,0.0,0.03790613718411551,0.14689210336873854,0.19548014946152137
q4_2020,1,robust_rolling_cqr,recent_power_outage,ramp,348,0.7155172413793104,0.18448275862068964,13.818465937999473,13.666036605834961,29.310761677293943,5.3423742350490615,6.582238360386646,0.18448275862068964,0.0,0.2763693187599895,0.5862152335458789
q4_2020,1,robust_rolling_cqr,weather_outage,non_ramp,5540,0.959927797833935,0.05992779783393498,4.2016316390095785,2.886256217956543,4.628411231134627,0.5928271719317666,1.2778485645302382,0.0,0.05992779783393498,0.08403263278019157,0.09256822462269254
q4_2020,1,robust_rolling_cqr,weather_outage,ramp,348,0.5632183908045977,0.33678160919540234,9.938572685608918,9.534581422805786,31.445704177193257,5.120972530595187,6.1114696693562305,0.33678160919540234,0.0,0.19877145371217836,0.6289140835438651
q4_2020,4,clean_condition_cqr,clean,non_ramp,4725,0.9511111111111111,0.05111111111111111,6.282542070916129,3.3170876502990723,8.360389157227146,1.2558949072767946,2.7358095124484345,0.0,0.05111111111111111,0.12565084141832258,0.16720778314454293
q4_2020,4,clean_condition_cqr,clean,ramp,1163,0.7781599312123818,0.12184006878761822,10.838962519685927,10.220566272735596,29.104249023575726,3.9484220295443793,6.231847889863676,0.12184006878761822,0.0,0.21677925039371854,0.5820849804715145
q4_2020,4,clean_condition_cqr,combined_outage,non_ramp,4725,0.9083597883597884,0.008359788359788345,31.03842930465779,34.40422821044922,35.24563085566122,8.954345718942626,12.029546261128264,0.0,0.008359788359788345,0.6207685860931558,0.7049126171132244
q4_2020,4,clean_condition_cqr,combined_outage,ramp,1163,0.9879621668099742,0.08796216680997415,32.771902237692885,35.986385345458984,33.19947968201707,5.786857218530849,7.675500568519597,0.0,0.08796216680997415,0.6554380447538577,0.6639895936403414
q4_2020,4,clean_condition_cqr,irradiance_outage,non_ramp,4725,0.9707936507936508,0.07079365079365074,13.02428885728988,15.80285930633545,14.138551922788222,2.4259994079652807,3.6233047230258,0.0,0.07079365079365074,0.2604857771457976,0.28277103845576446
q4_2020,4,clean_condition_cqr,irradiance_outage,ramp,1163,0.8546861564918314,0.04531384350816858,13.88371035423905,13.967717409133911,25.07703465300749,3.746030611262728,5.944843178941882,0.04531384350816858,0.0,0.27767420708478097,0.5015406930601498
q4_2020,4,clean_condition_cqr,recent_power_outage,non_ramp,4725,0.9445502645502646,0.04455026455026456,30.48166296883235,33.90610885620117,33.117866117083835,7.2299730366402395,11.862334121790303,0.0,0.04455026455026456,0.609633259376647,0.6623573223416767
q4_2020,4,clean_condition_cqr,recent_power_outage,ramp,1163,0.9896818572656921,0.08968185726569211,34.29837279676469,36.147857666015625,34.80340643904892,5.154804843150781,7.2896983905981605,0.0,0.08968185726569211,0.6859674559352937,0.6960681287809785
q4_2020,4,clean_condition_cqr,weather_outage,non_ramp,4725,0.9515343915343916,0.051534391534391544,6.554951180073398,4.908661365509033,8.364914550278632,1.2810868986643895,2.6839593780238156,0.0,0.051534391534391544,0.13109902360146797,0.16729829100557264
q4_2020,4,clean_condition_cqr,weather_outage,ramp,1163,0.710232158211522,0.18976784178847805,12.35479148236117,12.042891502380371,34.465473505683555,4.841758445873039,6.775143116435556,0.18976784178847805,0.0,0.2470958296472234,0.689309470113671
q4_2020,4,lgbm_condition_cqr,clean,non_ramp,4725,0.9534391534391534,0.0534391534391534,9.989880665801268,6.450436115264893,10.645767328724187,1.2552029809187484,2.7103032430143656,0.0,0.0534391534391534,0.19979761331602536,0.21291534657448374
q4_2020,4,lgbm_condition_cqr,clean,ramp,1163,0.6655202063628547,0.23447979363714533,15.866025386182775,14.962920188903809,26.463373670272805,4.128209599330204,6.502216453659364,0.23447979363714533,0.0,0.3173205077236555,0.5292674734054561
q4_2020,4,lgbm_condition_cqr,combined_outage,non_ramp,4725,0.8982010582010582,0.0017989417989418,23.60308227288384,21.515846252441406,26.22590167367545,9.141867872702386,13.785146504015659,0.0017989417989418,0.0,0.47206164545767676,0.524518033473509
q4_2020,4,lgbm_condition_cqr,combined_outage,ramp,1163,0.9905417024935511,0.09054170249355109,28.501112145883443,28.163793072104454,28.68242565813288,7.188118850151261,9.600970497748667,0.0,0.09054170249355109,0.5700222429176689,0.5736485131626575
q4_2020,4,lgbm_condition_cqr,irradiance_outage,non_ramp,4725,0.9726984126984127,0.0726984126984127,13.420666309854498,12.739526748657227,13.736685239411694,2.0524440433131654,3.2946264679194264,0.0,0.0726984126984127,0.26841332619708996,0.2747337047882339
q4_2020,4,lgbm_condition_cqr,irradiance_outage,ramp,1163,0.8710232158211522,0.02897678417884786,17.849641616864016,17.423162937164307,21.439312290863324,3.8704057204207167,6.043813818001669,0.02897678417884786,0.0,0.3569928323372803,0.4287862458172665
q4_2020,4,lgbm_condition_cqr,recent_power_outage,non_ramp,4725,0.9136507936507936,0.01365079365079358,19.567397614380482,14.207562446594238,21.67841990504675,8.592340122195646,13.614598288703814,0.0,0.01365079365079358,0.39134795228760966,0.43356839810093495
q4_2020,4,lgbm_condition_cqr,recent_power_outage,ramp,1163,0.9905417024935511,0.09054170249355109,25.953674111303876,25.467870831489563,26.140179285489708,6.234151225643167,8.787305350573293,0.0,0.09054170249355109,0.5190734822260775,0.5228035857097941
q4_2020,4,lgbm_condition_cqr,weather_outage,non_ramp,4725,0.8704761904761905,0.029523809523809508,9.99528925476689,6.4494218826293945,10.754164381368504,1.2797213372511287,2.663153539281725,0.029523809523809508,0.0,0.1999057850953378,0.21508328762737008
q4_2020,4,lgbm_condition_cqr,weather_outage,ramp,1163,0.6208082545141874,0.2791917454858126,15.859041945746242,14.803524494171143,27.79051810137854,4.472778877575329,6.690616837366533,0.2791917454858126,0.0,0.3171808389149248,0.5558103620275708
q4_2020,4,oracle_ramp_mondrian,clean,non_ramp,4725,0.939047619047619,0.039047619047619,6.71889827014271,2.69864559173584,9.326916798234526,1.4801406848116065,3.1877821613940576,0.0,0.039047619047619,0.1343779654028542,0.18653833596469052
q4_2020,4,oracle_ramp_mondrian,clean,ramp,1163,0.9054170249355116,0.00541702493551155,13.839296107041879,12.549450397491455,21.77177472804174,3.5510919482506464,5.974104694055621,0.0,0.00541702493551155,0.2767859221408376,0.4354354945608348
q4_2020,4,oracle_ramp_mondrian,combined_outage,non_ramp,4725,0.9307936507936508,0.030793650793650817,8.489547477530108,7.226850986480713,12.712244423437056,2.057495031662485,4.163300803406897,0.0,0.030793650793650817,0.16979094955060214,0.2542448884687411
q4_2020,4,oracle_ramp_mondrian,combined_outage,ramp,1163,0.8650042992261393,0.034995700773860716,15.092902371086808,14.438495874404907,24.696601782985788,3.951107407586532,5.9604900540696155,0.034995700773860716,0.0,0.30185804742173616,0.4939320356597158
q4_2020,4,oracle_ramp_mondrian,irradiance_outage,non_ramp,4725,0.9496296296296296,0.04962962962962958,6.94815426433122,3.565456449985504,9.522224231866026,1.6055673268156472,3.3971098190114097,0.0,0.04962962962962958,0.1389630852866244,0.19044448463732053
q4_2020,4,oracle_ramp_mondrian,irradiance_outage,ramp,1163,0.8968185726569218,0.003181427343078247,14.633762890114554,14.187768638134003,24.127705134456495,3.3902834937339192,5.725437007163826,0.003181427343078247,0.0,0.2926752578022911,0.4825541026891299
q4_2020,4,oracle_ramp_mondrian,recent_power_outage,non_ramp,4725,0.9238095238095239,0.023809523809523836,8.086491024526238,3.800753355026245,11.92178988583025,1.9865859733730993,4.134176437150694,0.0,0.023809523809523836,0.16172982049052476,0.238435797716605
q4_2020,4,oracle_ramp_mondrian,recent_power_outage,ramp,1163,0.8933791917454859,0.0066208082545141655,14.495858333943218,13.653972007334232,22.63322141968588,3.786217015944918,6.045276796888067,0.0066208082545141655,0.0,0.28991716667886436,0.4526644283937176
q4_2020,4,oracle_ramp_mondrian,weather_outage,non_ramp,4725,0.9373544973544974,0.03735449735449736,6.720993196956947,3.1593334078788757,8.948086461881879,1.464450696069059,3.1501997530989114,0.0,0.03735449735449736,0.13441986393913893,0.17896172923763756
q4_2020,4,oracle_ramp_mondrian,weather_outage,ramp,1163,0.8684436801375752,0.0315563198624248,13.61890558416051,12.39260482788086,23.479543274375814,3.8765757297932852,6.138144903817643,0.0315563198624248,0.0,0.2723781116832102,0.4695908654875163
q4_2020,4,persistence_condition_cqr,clean,non_ramp,4725,1.0,0.09999999999999998,15.850126994847068,11.551534652709961,15.850126994847068,2.3963152824735476,3.854088382520393,0.0,0.09999999999999998,0.3170025398969414,0.3170025398969414
q4_2020,4,persistence_condition_cqr,clean,ramp,1163,0.16852966466036112,0.7314703353396389,20.40609717636224,22.528669357299805,84.57104364544256,14.360842815945878,14.736531835447602,0.7314703353396389,0.0,0.40812194352724485,1.6914208729088511
q4_2020,4,persistence_condition_cqr,combined_outage,non_ramp,4725,0.8764021164021164,0.023597883597883618,34.504120575192744,31.699132919311523,47.47557403938657,9.771967044269873,14.673094158831827,0.023597883597883618,0.0,0.6900824115038549,0.9495114807877314
q4_2020,4,persistence_condition_cqr,combined_outage,ramp,1163,0.6199484092863284,0.2800515907136716,34.11432408994369,33.83280372619629,72.13776281047436,22.63967820719887,24.32718470959403,0.2800515907136716,0.0,0.6822864817988739,1.4427552562094872
q4_2020,4,persistence_condition_cqr,irradiance_outage,non_ramp,4725,1.0,0.09999999999999998,15.850126994847068,11.551534652709961,15.850126994847068,2.3963152824735476,3.854088382520393,0.0,0.09999999999999998,0.3170025398969414,0.3170025398969414
q4_2020,4,persistence_condition_cqr,irradiance_outage,ramp,1163,0.16852966466036112,0.7314703353396389,20.40609717636224,22.528669357299805,84.57104364544256,14.360842815945878,14.736531835447602,0.7314703353396389,0.0,0.40812194352724485,1.6914208729088511
q4_2020,4,persistence_condition_cqr,recent_power_outage,non_ramp,4725,0.8764021164021164,0.023597883597883618,34.504120575192744,31.699132919311523,47.47557403938657,9.771967044269873,14.673094158831827,0.023597883597883618,0.0,0.6900824115038549,0.9495114807877314
q4_2020,4,persistence_condition_cqr,recent_power_outage,ramp,1163,0.6199484092863284,0.2800515907136716,34.11432408994369,33.83280372619629,72.13776281047436,22.63967820719887,24.32718470959403,0.2800515907136716,0.0,0.6822864817988739,1.4427552562094872
q4_2020,4,persistence_condition_cqr,weather_outage,non_ramp,4725,1.0,0.09999999999999998,15.850126994847068,11.551534652709961,15.850126994847068,2.3963152824735476,3.854088382520393,0.0,0.09999999999999998,0.3170025398969414,0.3170025398969414
q4_2020,4,persistence_condition_cqr,weather_outage,ramp,1163,0.16852966466036112,0.7314703353396389,20.40609717636224,22.528669357299805,84.57104364544256,14.360842815945878,14.736531835447602,0.7314703353396389,0.0,0.40812194352724485,1.6914208729088511
q4_2020,4,robust_condition_cqr,clean,non_ramp,4725,0.9481481481481482,0.04814814814814816,6.947310946580776,2.955418586730957,9.385309065183186,1.4801406848116065,3.1877821613940576,0.0,0.04814814814814816,0.13894621893161552,0.18770618130366373
q4_2020,4,robust_condition_cqr,clean,ramp,1163,0.7790197764402408,0.12098022355975924,10.002605477900518,8.577056169509888,23.8056080241272,3.5510919482506464,5.974104694055621,0.12098022355975924,0.0,0.20005210955801037,0.476112160482544
q4_2020,4,robust_condition_cqr,combined_outage,non_ramp,4725,0.9362962962962963,0.03629629629629627,8.783335086428734,7.469732761383057,12.734309537347466,2.057495031662485,4.163300803406897,0.0,0.03629629629629627,0.17566670172857468,0.2546861907469493
q4_2020,4,robust_condition_cqr,combined_outage,ramp,1163,0.8323301805674979,0.06766981943250217,13.542401417866445,12.877192497253418,25.715122338055263,3.951107407586532,5.9604900540696155,0.06766981943250217,0.0,0.2708480283573289,0.5143024467611053
q4_2020,4,robust_condition_cqr,irradiance_outage,non_ramp,4725,0.9538624338624339,0.053862433862433834,7.264451026977606,3.784391164779663,9.632357373059033,1.6055673268156472,3.3971098190114097,0.0,0.053862433862433834,0.14528902053955212,0.19264714746118067
q4_2020,4,robust_condition_cqr,irradiance_outage,ramp,1163,0.8323301805674979,0.06766981943250217,11.917812143165781,11.347536087036133,25.212078563209946,3.3902834937339192,5.725437007163826,0.06766981943250217,0.0,0.2383562428633156,0.5042415712641989
q4_2020,4,robust_condition_cqr,recent_power_outage,non_ramp,4725,0.9293121693121693,0.02931216931216929,8.28705752534703,4.045270286500454,11.925811777813607,1.9865859733730993,4.134176437150694,0.0,0.02931216931216929,0.1657411505069406,0.23851623555627213
q4_2020,4,robust_condition_cqr,recent_power_outage,ramp,1163,0.8099742046431643,0.09002579535683575,11.989114964125708,11.026010513305664,23.93574244347659,3.786217015944918,6.045276796888067,0.09002579535683575,0.0,0.23978229928251416,0.47871484886953186
q4_2020,4,robust_condition_cqr,weather_outage,non_ramp,4725,0.9445502645502646,0.04455026455026456,6.792484507241567,3.248030364513397,8.964367052014849,1.464450696069059,3.1501997530989114,0.0,0.04455026455026456,0.13584969014483134,0.17928734104029698
q4_2020,4,robust_condition_cqr,weather_outage,ramp,1163,0.7463456577815993,0.15365434221840069,10.659591132928702,9.330179452896118,26.045898380308945,3.8765757297932852,6.138144903817643,0.15365434221840069,0.0,0.21319182265857403,0.5209179676061789
q4_2020,4,robust_local_cqr,clean,non_ramp,4725,0.9693121693121693,0.06931216931216932,7.623519398950548,3.9341816902160645,9.319631280115825,1.4801406848116065,3.1877821613940576,0.0,0.06931216931216932,0.15247038797901097,0.1863926256023165
q4_2020,4,robust_local_cqr,clean,ramp,1163,0.8469475494411006,0.0530524505588994,11.37177115821008,9.948188781738281,22.312553743145532,3.5510919482506464,5.974104694055621,0.0530524505588994,0.0,0.22743542316420162,0.44625107486291066
q4_2020,4,robust_local_cqr,combined_outage,non_ramp,4725,0.9559788359788359,0.055978835978835906,9.061849292992804,6.938823223114014,11.909055355228965,2.057495031662485,4.163300803406897,0.0,0.055978835978835906,0.18123698585985606,0.2381811071045793
q4_2020,4,robust_local_cqr,combined_outage,ramp,1163,0.882201203783319,0.017798796216681012,15.379720777177884,15.239701271057129,24.870076755083367,3.951107407586532,5.9604900540696155,0.017798796216681012,0.0,0.30759441554355765,0.49740153510166735
q4_2020,4,robust_local_cqr,irradiance_outage,non_ramp,4725,0.9716402116402116,0.07164021164021162,7.931096071571287,4.433585166931152,9.620821514487915,1.6055673268156472,3.3971098190114097,0.0,0.07164021164021162,0.15862192143142573,0.1924164302897583
q4_2020,4,robust_local_cqr,irradiance_outage,ramp,1163,0.8718830610490111,0.02811693895098888,13.150258536832142,12.591031551361084,23.906339295783024,3.3902834937339192,5.725437007163826,0.02811693895098888,0.0,0.26300517073664287,0.4781267859156605
q4_2020,4,robust_local_cqr,recent_power_outage,non_ramp,4725,0.9576719576719577,0.05767195767195765,9.139452374337571,5.0684356689453125,11.743859137170258,1.9865859733730993,4.134176437150694,0.0,0.05767195767195765,0.18278904748675143,0.23487718274340516
q4_2020,4,robust_local_cqr,recent_power_outage,ramp,1163,0.8796216680997421,0.02037833190025795,14.369201966712726,13.567843437194824,22.866637331805965,3.786217015944918,6.045276796888067,0.02037833190025795,0.0,0.28738403933425455,0.4573327466361193
q4_2020,4,robust_local_cqr,weather_outage,non_ramp,4725,0.9697354497354498,0.06973544973544976,7.602362104393985,4.297911643981934,8.909069032717802,1.464450696069059,3.1501997530989114,0.0,0.06973544973544976,0.1520472420878797,0.17818138065435604
q4_2020,4,robust_local_cqr,weather_outage,ramp,1163,0.8306104901117799,0.06938950988822012,12.451587475724166,11.288802146911621,23.903254580271597,3.8765757297932852,6.138144903817643,0.06938950988822012,0.0,0.2490317495144833,0.4780650916054319
q4_2020,4,robust_risk_mondrian,clean,non_ramp,4725,0.9481481481481482,0.04814814814814816,7.084060827986382,2.7481164932250977,9.330552691411198,1.4801406848116065,3.1877821613940576,0.0,0.04814814814814816,0.14168121655972762,0.18661105382822396
q4_2020,4,robust_risk_mondrian,clean,ramp,1163,0.823731728288908,0.07626827171109207,10.839793463923863,9.42992115020752,23.15912063363443,3.5510919482506464,5.974104694055621,0.07626827171109207,0.0,0.21679586927847727,0.4631824126726886
q4_2020,4,robust_risk_mondrian,combined_outage,non_ramp,4725,0.936931216931217,0.036931216931216926,8.949170663445848,7.587406635284424,12.801076500580557,2.057495031662485,4.163300803406897,0.0,0.036931216931216926,0.17898341326891695,0.25602153001161115
q4_2020,4,robust_risk_mondrian,combined_outage,ramp,1163,0.8288907996560619,0.07110920034393808,13.660529756890922,12.959207534790039,25.591095705738056,3.951107407586532,5.9604900540696155,0.07110920034393808,0.0,0.2732105951378184,0.5118219141147611
q4_2020,4,robust_risk_mondrian,irradiance_outage,non_ramp,4725,0.9623280423280424,0.06232804232804234,7.545254175933521,3.949897289276123,9.499678097319292,1.6055673268156472,3.3971098190114097,0.0,0.06232804232804234,0.1509050835186704,0.18999356194638584
q4_2020,4,robust_risk_mondrian,irradiance_outage,ramp,1163,0.8701633705932932,0.02983662940670684,13.319552411928273,12.852269172668457,24.791259184229865,3.3902834937339192,5.725437007163826,0.02983662940670684,0.0,0.26639104823856546,0.4958251836845973
q4_2020,4,robust_risk_mondrian,recent_power_outage,non_ramp,4725,0.9382010582010581,0.038201058201058125,8.530302250117504,4.593530654907227,11.787860574151756,1.9865859733730993,4.134176437150694,0.0,0.038201058201058125,0.17060604500235008,0.2357572114830351
q4_2020,4,robust_risk_mondrian,recent_power_outage,ramp,1163,0.8564058469475494,0.043594153052450624,13.075671715020448,12.237209856510162,23.427438944418814,3.786217015944918,6.045276796888067,0.043594153052450624,0.0,0.26151343430040896,0.46854877888837626
q4_2020,4,robust_risk_mondrian,weather_outage,non_ramp,4725,0.9462433862433862,0.0462433862433862,6.980578860323516,3.1921658515930176,8.931892646868702,1.464450696069059,3.1501997530989114,0.0,0.0462433862433862,0.13961157720647033,0.17863785293737405
q4_2020,4,robust_risk_mondrian,weather_outage,ramp,1163,0.7996560619088564,0.10034393809114361,11.547370254315968,10.304458618164062,25.151885152402834,3.8765757297932852,6.138144903817643,0.10034393809114361,0.0,0.23094740508631936,0.5030377030480566
q4_2020,4,robust_rolling_cqr,clean,non_ramp,4725,0.9437037037037037,0.04370370370370369,6.9867718409709605,2.8713974952697754,9.44720496030733,1.4801406848116065,3.1877821613940576,0.0,0.04370370370370369,0.13973543681941922,0.1889440992061466
q4_2020,4,robust_rolling_cqr,clean,ramp,1163,0.7790197764402408,0.12098022355975924,9.999050557414076,8.482054710388184,23.76848294434363,3.5510919482506464,5.974104694055621,0.12098022355975924,0.0,0.1999810111482815,0.4753696588868726
q4_2020,4,robust_rolling_cqr,combined_outage,non_ramp,4725,0.9274074074074075,0.027407407407407436,8.689402090295602,6.590537071228027,12.190902194289327,2.057495031662485,4.163300803406897,0.0,0.027407407407407436,0.17378804180591204,0.24381804388578654
q4_2020,4,robust_rolling_cqr,combined_outage,ramp,1163,0.7790197764402408,0.12098022355975924,13.344284789618714,12.829506874084473,26.376512330591996,3.951107407586532,5.9604900540696155,0.12098022355975924,0.0,0.26688569579237426,0.5275302466118399
q4_2020,4,robust_rolling_cqr,irradiance_outage,non_ramp,4725,0.9468783068783069,0.04687830687830685,6.983211439225657,3.6089718341827393,9.51251238129545,1.6055673268156472,3.3971098190114097,0.0,0.04687830687830685,0.13966422878451312,0.190250247625909
q4_2020,4,robust_rolling_cqr,irradiance_outage,ramp,1163,0.7944969905417025,0.10550300945829749,11.514148658134486,10.853184938430786,25.58047809359587,3.3902834937339192,5.725437007163826,0.10550300945829749,0.0,0.23028297316268972,0.5116095618719174
q4_2020,4,robust_rolling_cqr,recent_power_outage,non_ramp,4725,0.9354497354497354,0.0354497354497354,8.693843737242306,4.079422295093536,11.717800867803623,1.9865859733730993,4.134176437150694,0.0,0.0354497354497354,0.17387687474484612,0.23435601735607248
q4_2020,4,robust_rolling_cqr,recent_power_outage,ramp,1163,0.8056749785038693,0.09432502149613076,12.48537704547241,11.473763465881348,23.76220920568481,3.786217015944918,6.045276796888067,0.09432502149613076,0.0,0.2497075409094482,0.47524418411369623
q4_2020,4,robust_rolling_cqr,weather_outage,non_ramp,4725,0.9473015873015873,0.04730158730158729,7.031154791652108,3.372237980365753,9.074289671406476,1.464450696069059,3.1501997530989114,0.0,0.04730158730158729,0.14062309583304217,0.1814857934281295
q4_2020,4,robust_rolling_cqr,weather_outage,ramp,1163,0.7532244196044712,0.14677558039552885,10.909442822958765,9.602547645568848,25.644374383488294,3.8765757297932852,6.138144903817643,0.14677558039552885,0.0,0.2181888564591753,0.5128874876697659
